ISO-10303-21;
HEADER;
/* Generated by software containing ST-Developer
 * from STEP Tools, Inc. (www.steptools.com) 
 */
/* OPTION: strings as raw bytes, not using required /X/ escapes */

FILE_DESCRIPTION(
/* description */ ('Unknown'),
/* implementation_level */ '2;1');

FILE_NAME(
/* name */ 'KF2-M4-ET',
/* time_stamp */ '2023-06-19T14:11:39+02:00',
/* author */ ('Unknown'),
/* organization */ ('Unknown'),
/* preprocessor_version */ 'ST-DEVELOPER v18.102',
/* originating_system */ 'Solid Edge',
/* authorisation */ 'Unknown');

FILE_SCHEMA (('AUTOMOTIVE_DESIGN {1 0 10303 214 3 1 1}'));
ENDSEC;

DATA;
#10=PROPERTY_DEFINITION_REPRESENTATION(#14,#12);
#11=PROPERTY_DEFINITION_REPRESENTATION(#15,#13);
#12=REPRESENTATION('',(#16),#10167);
#13=REPRESENTATION('',(#17),#10167);
#14=PROPERTY_DEFINITION('pmi validation property','',#10172);
#15=PROPERTY_DEFINITION('pmi validation property','',#10172);
#16=VALUE_REPRESENTATION_ITEM('number of annotations',COUNT_MEASURE(0.));
#17=VALUE_REPRESENTATION_ITEM('number of views',COUNT_MEASURE(0.));
#18=SHAPE_REPRESENTATION_RELATIONSHIP('','',#4659,#19);
#19=ADVANCED_BREP_SHAPE_REPRESENTATION('',(#4657),#10167);
#20=(
BOUNDED_CURVE()
B_SPLINE_CURVE(2,(#7893,#7894,#7895,#7896,#7897,#7898,#7899,#7900,#7901,
#7902,#7903,#7904,#7905,#7906,#7907,#7908,#7909,#7910,#7911,#7912,#7913,
#7914,#7915,#7916,#7917,#7918,#7919,#7920,#7921,#7922,#7923,#7924,#7925,
#7926,#7927,#7928,#7929,#7930,#7931,#7932,#7933,#7934,#7935,#7936,#7937,
#7938,#7939,#7940,#7941,#7942,#7943,#7944,#7945,#7946,#7947,#7948,#7949,
#7950,#7951,#7952,#7953,#7954,#7955,#7956,#7957,#7958,#7959,#7960,#7961,
#7962,#7963,#7964,#7965,#7966,#7967,#7968,#7969,#7970,#7971,#7972,#7973,
#7974,#7975,#7976,#7977,#7978,#7979,#7980,#7981,#7982,#7983,#7984,#7985,
#7986,#7987,#7988,#7989,#7990,#7991,#7992,#7993,#7994,#7995,#7996,#7997,
#7998,#7999,#8000,#8001,#8002,#8003,#8004,#8005,#8006,#8007,#8008,#8009,
#8010,#8011,#8012,#8013,#8014,#8015,#8016,#8017,#8018,#8019,#8020,#8021,
#8022,#8023,#8024,#8025,#8026,#8027,#8028,#8029,#8030,#8031,#8032,#8033,
#8034,#8035,#8036,#8037,#8038,#8039,#8040,#8041,#8042,#8043,#8044,#8045,
#8046,#8047,#8048,#8049,#8050,#8051,#8052,#8053,#8054,#8055,#8056,#8057,
#8058,#8059,#8060,#8061,#8062,#8063,#8064,#8065,#8066,#8067,#8068,#8069,
#8070,#8071,#8072,#8073,#8074,#8075,#8076,#8077,#8078,#8079,#8080,#8081,
#8082,#8083,#8084,#8085,#8086,#8087,#8088,#8089,#8090,#8091,#8092,#8093,
#8094,#8095,#8096,#8097,#8098,#8099,#8100,#8101,#8102,#8103,#8104,#8105,
#8106,#8107,#8108,#8109,#8110,#8111,#8112,#8113,#8114,#8115,#8116,#8117,
#8118,#8119,#8120,#8121,#8122,#8123,#8124,#8125,#8126,#8127,#8128,#8129,
#8130,#8131,#8132,#8133,#8134,#8135,#8136,#8137,#8138,#8139,#8140,#8141,
#8142,#8143,#8144,#8145,#8146,#8147,#8148,#8149,#8150,#8151,#8152,#8153,
#8154,#8155,#8156,#8157,#8158,#8159,#8160,#8161,#8162,#8163,#8164,#8165,
#8166,#8167,#8168,#8169,#8170,#8171,#8172,#8173,#8174,#8175,#8176,#8177,
#8178,#8179,#8180,#8181,#8182,#8183,#8184,#8185,#8186,#8187,#8188,#8189,
#8190,#8191,#8192,#8193,#8194,#8195,#8196,#8197,#8198,#8199,#8200,#8201,
#8202,#8203,#8204,#8205,#8206,#8207,#8208,#8209,#8210,#8211,#8212,#8213,
#8214,#8215,#8216,#8217,#8218,#8219,#8220,#8221,#8222,#8223,#8224,#8225,
#8226,#8227,#8228,#8229),.UNSPECIFIED.,.F.,.F.)
B_SPLINE_CURVE_WITH_KNOTS((3,2,2,2,2,2,2,2,2,2,2,2,2,2,2,2,2,2,2,2,2,2,
2,2,2,2,2,2,2,2,2,2,2,2,2,2,2,2,2,2,2,2,2,2,2,2,2,2,2,2,2,2,2,2,2,2,2,2,
2,2,2,2,2,2,2,2,2,2,2,2,2,2,2,2,2,2,2,2,2,2,2,2,2,2,2,2,2,2,2,2,2,2,2,2,
2,2,2,2,2,2,2,2,2,2,2,2,2,2,2,2,2,2,2,2,2,2,2,2,2,2,2,2,2,2,2,2,2,2,2,2,
2,2,2,2,2,2,2,2,2,2,2,2,2,2,2,2,2,2,2,2,2,2,2,2,2,2,2,2,2,2,2,2,2,2,2,2,
2,2,3),(0.,0.00595238095238095,0.0119047619047619,0.0178571428571429,0.0238095238095238,
0.0297619047619048,0.0357142857142857,0.0416666666666667,0.0476190476190476,
0.0535714285714286,0.0595238095238095,0.0654761904761905,0.0714285714285714,
0.0773809523809524,0.0833333333333333,0.0892857142857143,0.0952380952380952,
0.101190476190476,0.107142857142857,0.113095238095238,0.119047619047619,
0.125,0.130952380952381,0.136904761904762,0.142857142857143,0.148809523809524,
0.154761904761905,0.160714285714286,0.166666666666667,0.172619047619048,
0.178571428571429,0.18452380952381,0.19047619047619,0.196428571428571,0.202380952380952,
0.208333333333333,0.214285714285714,0.220238095238095,0.226190476190476,
0.232142857142857,0.238095238095238,0.244047619047619,0.25,0.255952380952381,
0.261904761904762,0.267857142857143,0.273809523809524,0.279761904761905,
0.285714285714286,0.291666666666667,0.297619047619048,0.303571428571429,
0.30952380952381,0.31547619047619,0.321428571428571,0.327380952380952,0.333333333333333,
0.339285714285714,0.345238095238095,0.351190476190476,0.357142857142857,
0.363095238095238,0.369047619047619,0.375,0.380952380952381,0.386904761904762,
0.392857142857143,0.398809523809524,0.404761904761905,0.410714285714286,
0.416666666666667,0.422619047619048,0.428571428571429,0.43452380952381,
0.44047619047619,0.446428571428571,0.452380952380952,0.458333333333333,
0.464285714285714,0.470238095238095,0.476190476190476,0.482142857142857,
0.488095238095238,0.494047619047619,0.5,0.505952380952381,0.511904761904762,
0.517857142857143,0.523809523809524,0.529761904761905,0.535714285714286,
0.541666666666667,0.547619047619048,0.553571428571429,0.55952380952381,
0.56547619047619,0.571428571428571,0.577380952380952,0.583333333333333,
0.589285714285714,0.595238095238095,0.601190476190476,0.607142857142857,
0.613095238095238,0.619047619047619,0.625,0.630952380952381,0.636904761904762,
0.642857142857143,0.648809523809524,0.654761904761905,0.660714285714286,
0.666666666666667,0.672619047619048,0.678571428571429,0.68452380952381,
0.69047619047619,0.696428571428571,0.702380952380952,0.708333333333333,
0.714285714285714,0.720238095238095,0.726190476190476,0.732142857142857,
0.738095238095238,0.744047619047619,0.75,0.755952380952381,0.761904761904762,
0.767857142857143,0.773809523809524,0.779761904761905,0.785714285714286,
0.791666666666667,0.797619047619048,0.803571428571429,0.80952380952381,
0.81547619047619,0.821428571428571,0.827380952380952,0.833333333333333,
0.839285714285714,0.845238095238095,0.851190476190476,0.857142857142857,
0.863095238095238,0.869047619047619,0.875,0.880952380952381,0.886904761904762,
0.892857142857143,0.898809523809524,0.904761904761905,0.910714285714286,
0.916666666666667,0.922619047619048,0.928571428571429,0.93452380952381,
0.94047619047619,0.946428571428571,0.952380952380952,0.958333333333333,
0.964285714285714,0.970238095238095,0.976190476190476,0.982142857142857,
0.988095238095238,0.994047619047619,1.),.PIECEWISE_BEZIER_KNOTS.)
CURVE()
GEOMETRIC_REPRESENTATION_ITEM()
RATIONAL_B_SPLINE_CURVE((1.,0.923879532511287,1.,0.923879532511287,1.,0.923879532511287,
1.,0.923879532511287,1.,0.923879532511287,1.,0.923879532511287,1.,0.923879532511287,
1.,0.923879532511287,1.,0.923879532511287,1.,0.923879532511287,1.,0.923879532511287,
1.,0.923879532511287,1.,0.923879532511287,1.,0.923879532511287,1.,0.923879532511287,
1.,0.923879532511287,1.,0.923879532511287,1.,0.923879532511287,1.,0.923879532511287,
1.,0.923879532511287,1.,0.923879532511287,1.,0.923879532511287,1.,0.923879532511287,
1.,0.923879532511287,1.,0.923879532511287,1.,0.923879532511287,1.,0.923879532511287,
1.,0.923879532511287,1.,0.923879532511287,1.,0.923879532511287,1.,0.923879532511287,
1.,0.923879532511287,1.,0.923879532511287,1.,0.923879532511287,1.,0.923879532511287,
1.,0.923879532511287,1.,0.923879532511287,1.,0.923879532511287,1.,0.923879532511287,
1.,0.923879532511287,1.,0.923879532511287,1.,0.923879532511287,1.,0.923879532511287,
1.,0.923879532511287,1.,0.923879532511287,1.,0.923879532511287,1.,0.923879532511287,
1.,0.923879532511287,1.,0.923879532511287,1.,0.923879532511287,1.,0.923879532511287,
1.,0.923879532511287,1.,0.923879532511287,1.,0.923879532511287,1.,0.923879532511287,
1.,0.923879532511287,1.,0.923879532511287,1.,0.923879532511287,1.,0.923879532511287,
1.,0.923879532511287,1.,0.923879532511287,1.,0.923879532511287,1.,0.923879532511287,
1.,0.923879532511287,1.,0.923879532511287,1.,0.923879532511287,1.,0.923879532511287,
1.,0.923879532511287,1.,0.923879532511287,1.,0.923879532511287,1.,0.923879532511287,
1.,0.923879532511287,1.,0.923879532511287,1.,0.923879532511287,1.,0.923879532511287,
1.,0.923879532511287,1.,0.923879532511287,1.,0.923879532511287,1.,0.923879532511287,
1.,0.923879532511287,1.,0.923879532511287,1.,0.923879532511287,1.,0.923879532511287,
1.,0.923879532511287,1.,0.923879532511287,1.,0.923879532511287,1.,0.923879532511287,
1.,0.923879532511287,1.,0.923879532511287,1.,0.923879532511287,1.,0.923879532511287,
1.,0.923879532511287,1.,0.923879532511287,1.,0.923879532511287,1.,0.923879532511287,
1.,0.923879532511287,1.,0.923879532511287,1.,0.923879532511287,1.,0.923879532511287,
1.,0.923879532511287,1.,0.923879532511287,1.,0.923879532511287,1.,0.923879532511287,
1.,0.923879532511287,1.,0.923879532511287,1.,0.923879532511287,1.,0.923879532511287,
1.,0.923879532511287,1.,0.923879532511287,1.,0.923879532511287,1.,0.923879532511287,
1.,0.923879532511287,1.,0.923879532511287,1.,0.923879532511287,1.,0.923879532511287,
1.,0.923879532511287,1.,0.923879532511287,1.,0.923879532511287,1.,0.923879532511287,
1.,0.923879532511287,1.,0.923879532511287,1.,0.923879532511287,1.,0.923879532511287,
1.,0.923879532511287,1.,0.923879532511287,1.,0.923879532511287,1.,0.923879532511287,
1.,0.923879532511287,1.,0.923879532511287,1.,0.923879532511287,1.,0.923879532511287,
1.,0.923879532511287,1.,0.923879532511287,1.,0.923879532511287,1.,0.923879532511287,
1.,0.923879532511287,1.,0.923879532511287,1.,0.923879532511287,1.,0.923879532511287,
1.,0.923879532511287,1.,0.923879532511287,1.,0.923879532511287,1.,0.923879532511287,
1.,0.923879532511287,1.,0.923879532511287,1.,0.923879532511287,1.,0.923879532511287,
1.,0.923879532511287,1.,0.923879532511287,1.,0.923879532511287,1.,0.923879532511287,
1.,0.923879532511287,1.,0.923879532511287,1.,0.923879532511287,1.,0.923879532511287,
1.,0.923879532511287,1.,0.923879532511287,1.,0.923879532511287,1.,0.923879532511287,
1.,0.923879532511287,1.,0.923879532511287,1.,0.923879532511287,1.,0.923879532511287,
1.,0.923879532511287,1.,0.923879532511287,1.,0.923879532511287,1.,0.923879532511287,
1.,0.923879532511287,1.))
REPRESENTATION_ITEM('')
);
#21=(
BOUNDED_CURVE()
B_SPLINE_CURVE(2,(#8243,#8244,#8245,#8246,#8247,#8248,#8249,#8250,#8251,
#8252,#8253,#8254,#8255,#8256,#8257,#8258,#8259,#8260,#8261,#8262,#8263,
#8264,#8265,#8266,#8267,#8268,#8269,#8270,#8271,#8272,#8273,#8274,#8275,
#8276,#8277,#8278,#8279,#8280,#8281,#8282,#8283,#8284,#8285,#8286,#8287,
#8288,#8289,#8290,#8291,#8292,#8293,#8294,#8295,#8296,#8297,#8298,#8299,
#8300,#8301,#8302,#8303,#8304,#8305,#8306,#8307,#8308,#8309,#8310,#8311,
#8312,#8313,#8314,#8315,#8316,#8317,#8318,#8319,#8320,#8321,#8322,#8323,
#8324,#8325,#8326,#8327,#8328,#8329,#8330,#8331,#8332,#8333,#8334,#8335,
#8336,#8337,#8338,#8339,#8340,#8341,#8342,#8343,#8344,#8345,#8346,#8347,
#8348,#8349,#8350,#8351,#8352,#8353,#8354,#8355,#8356,#8357,#8358,#8359,
#8360,#8361,#8362,#8363,#8364,#8365,#8366,#8367,#8368,#8369,#8370,#8371,
#8372,#8373,#8374,#8375,#8376,#8377,#8378,#8379,#8380,#8381,#8382,#8383,
#8384,#8385,#8386,#8387,#8388,#8389,#8390,#8391,#8392,#8393,#8394,#8395,
#8396,#8397,#8398,#8399,#8400,#8401,#8402,#8403,#8404,#8405,#8406,#8407,
#8408,#8409,#8410,#8411,#8412,#8413,#8414,#8415,#8416,#8417,#8418,#8419,
#8420,#8421,#8422,#8423,#8424,#8425,#8426,#8427,#8428,#8429,#8430,#8431,
#8432,#8433,#8434,#8435,#8436,#8437,#8438,#8439,#8440,#8441,#8442,#8443,
#8444,#8445,#8446,#8447,#8448,#8449,#8450,#8451,#8452,#8453,#8454,#8455,
#8456,#8457,#8458,#8459,#8460,#8461,#8462,#8463,#8464,#8465,#8466,#8467,
#8468,#8469,#8470,#8471,#8472,#8473,#8474,#8475,#8476,#8477,#8478,#8479,
#8480,#8481,#8482,#8483,#8484,#8485,#8486,#8487,#8488,#8489,#8490,#8491,
#8492,#8493,#8494,#8495,#8496,#8497,#8498,#8499,#8500,#8501,#8502,#8503,
#8504,#8505,#8506,#8507,#8508,#8509,#8510,#8511,#8512,#8513,#8514,#8515,
#8516,#8517,#8518,#8519,#8520,#8521,#8522,#8523,#8524,#8525,#8526,#8527,
#8528,#8529,#8530,#8531,#8532,#8533,#8534,#8535,#8536,#8537,#8538,#8539,
#8540,#8541,#8542,#8543,#8544,#8545,#8546,#8547,#8548,#8549,#8550,#8551,
#8552,#8553,#8554,#8555,#8556,#8557,#8558,#8559,#8560,#8561,#8562,#8563,
#8564,#8565,#8566,#8567,#8568,#8569,#8570,#8571,#8572,#8573,#8574,#8575,
#8576,#8577,#8578,#8579),.UNSPECIFIED.,.F.,.F.)
B_SPLINE_CURVE_WITH_KNOTS((3,2,2,2,2,2,2,2,2,2,2,2,2,2,2,2,2,2,2,2,2,2,
2,2,2,2,2,2,2,2,2,2,2,2,2,2,2,2,2,2,2,2,2,2,2,2,2,2,2,2,2,2,2,2,2,2,2,2,
2,2,2,2,2,2,2,2,2,2,2,2,2,2,2,2,2,2,2,2,2,2,2,2,2,2,2,2,2,2,2,2,2,2,2,2,
2,2,2,2,2,2,2,2,2,2,2,2,2,2,2,2,2,2,2,2,2,2,2,2,2,2,2,2,2,2,2,2,2,2,2,2,
2,2,2,2,2,2,2,2,2,2,2,2,2,2,2,2,2,2,2,2,2,2,2,2,2,2,2,2,2,2,2,2,2,2,2,2,
2,2,3),(0.,0.00595238095238095,0.0119047619047619,0.0178571428571429,0.0238095238095238,
0.0297619047619048,0.0357142857142857,0.0416666666666667,0.0476190476190476,
0.0535714285714286,0.0595238095238095,0.0654761904761905,0.0714285714285714,
0.0773809523809524,0.0833333333333333,0.0892857142857143,0.0952380952380952,
0.101190476190476,0.107142857142857,0.113095238095238,0.119047619047619,
0.125,0.130952380952381,0.136904761904762,0.142857142857143,0.148809523809524,
0.154761904761905,0.160714285714286,0.166666666666667,0.172619047619048,
0.178571428571429,0.18452380952381,0.19047619047619,0.196428571428571,0.202380952380952,
0.208333333333333,0.214285714285714,0.220238095238095,0.226190476190476,
0.232142857142857,0.238095238095238,0.244047619047619,0.25,0.255952380952381,
0.261904761904762,0.267857142857143,0.273809523809524,0.279761904761905,
0.285714285714286,0.291666666666667,0.297619047619048,0.303571428571429,
0.30952380952381,0.31547619047619,0.321428571428571,0.327380952380952,0.333333333333333,
0.339285714285714,0.345238095238095,0.351190476190476,0.357142857142857,
0.363095238095238,0.369047619047619,0.375,0.380952380952381,0.386904761904762,
0.392857142857143,0.398809523809524,0.404761904761905,0.410714285714286,
0.416666666666667,0.422619047619048,0.428571428571429,0.43452380952381,
0.44047619047619,0.446428571428571,0.452380952380952,0.458333333333333,
0.464285714285714,0.470238095238095,0.476190476190476,0.482142857142857,
0.488095238095238,0.494047619047619,0.5,0.505952380952381,0.511904761904762,
0.517857142857143,0.523809523809524,0.529761904761905,0.535714285714286,
0.541666666666667,0.547619047619048,0.553571428571429,0.55952380952381,
0.56547619047619,0.571428571428571,0.577380952380952,0.583333333333333,
0.589285714285714,0.595238095238095,0.601190476190476,0.607142857142857,
0.613095238095238,0.619047619047619,0.625,0.630952380952381,0.636904761904762,
0.642857142857143,0.648809523809524,0.654761904761905,0.660714285714286,
0.666666666666667,0.672619047619048,0.678571428571429,0.68452380952381,
0.69047619047619,0.696428571428571,0.702380952380952,0.708333333333333,
0.714285714285714,0.720238095238095,0.726190476190476,0.732142857142857,
0.738095238095238,0.744047619047619,0.75,0.755952380952381,0.761904761904762,
0.767857142857143,0.773809523809524,0.779761904761905,0.785714285714286,
0.791666666666667,0.797619047619048,0.803571428571429,0.80952380952381,
0.81547619047619,0.821428571428571,0.827380952380952,0.833333333333333,
0.839285714285714,0.845238095238095,0.851190476190476,0.857142857142857,
0.863095238095238,0.869047619047619,0.875,0.880952380952381,0.886904761904762,
0.892857142857143,0.898809523809524,0.904761904761905,0.910714285714286,
0.916666666666667,0.922619047619048,0.928571428571429,0.93452380952381,
0.94047619047619,0.946428571428571,0.952380952380952,0.958333333333333,
0.964285714285714,0.970238095238095,0.976190476190476,0.982142857142857,
0.988095238095238,0.994047619047619,1.),.UNSPECIFIED.)
CURVE()
GEOMETRIC_REPRESENTATION_ITEM()
RATIONAL_B_SPLINE_CURVE((1.,0.923879532511287,1.,0.923879532511287,1.,0.923879532511287,
1.,0.923879532511287,1.,0.923879532511287,1.,0.923879532511287,1.,0.923879532511287,
1.,0.923879532511287,1.,0.923879532511287,1.,0.923879532511287,1.,0.923879532511287,
1.,0.923879532511287,1.,0.923879532511287,1.,0.923879532511287,1.,0.923879532511287,
1.,0.923879532511287,1.,0.923879532511287,1.,0.923879532511287,1.,0.923879532511287,
1.,0.923879532511287,1.,0.923879532511287,1.,0.923879532511287,1.,0.923879532511287,
1.,0.923879532511287,1.,0.923879532511287,1.,0.923879532511287,1.,0.923879532511287,
1.,0.923879532511287,1.,0.923879532511287,1.,0.923879532511287,1.,0.923879532511287,
1.,0.923879532511287,1.,0.923879532511287,1.,0.923879532511287,1.,0.923879532511287,
1.,0.923879532511287,1.,0.923879532511287,1.,0.923879532511287,1.,0.923879532511287,
1.,0.923879532511287,1.,0.923879532511287,1.,0.923879532511287,1.,0.923879532511287,
1.,0.923879532511287,1.,0.923879532511287,1.,0.923879532511287,1.,0.923879532511287,
1.,0.923879532511287,1.,0.923879532511287,1.,0.923879532511287,1.,0.923879532511287,
1.,0.923879532511287,1.,0.923879532511287,1.,0.923879532511287,1.,0.923879532511287,
1.,0.923879532511287,1.,0.923879532511287,1.,0.923879532511287,1.,0.923879532511287,
1.,0.923879532511287,1.,0.923879532511287,1.,0.923879532511287,1.,0.923879532511287,
1.,0.923879532511287,1.,0.923879532511287,1.,0.923879532511287,1.,0.923879532511287,
1.,0.923879532511287,1.,0.923879532511287,1.,0.923879532511287,1.,0.923879532511287,
1.,0.923879532511287,1.,0.923879532511287,1.,0.923879532511287,1.,0.923879532511287,
1.,0.923879532511287,1.,0.923879532511287,1.,0.923879532511287,1.,0.923879532511287,
1.,0.923879532511287,1.,0.923879532511287,1.,0.923879532511287,1.,0.923879532511287,
1.,0.923879532511287,1.,0.923879532511287,1.,0.923879532511287,1.,0.923879532511287,
1.,0.923879532511287,1.,0.923879532511287,1.,0.923879532511287,1.,0.923879532511287,
1.,0.923879532511287,1.,0.923879532511287,1.,0.923879532511287,1.,0.923879532511287,
1.,0.923879532511287,1.,0.923879532511287,1.,0.923879532511287,1.,0.923879532511287,
1.,0.923879532511287,1.,0.923879532511287,1.,0.923879532511287,1.,0.923879532511287,
1.,0.923879532511287,1.,0.923879532511287,1.,0.923879532511287,1.,0.923879532511287,
1.,0.923879532511287,1.,0.923879532511287,1.,0.923879532511287,1.,0.923879532511287,
1.,0.923879532511287,1.,0.923879532511287,1.,0.923879532511287,1.,0.923879532511287,
1.,0.923879532511287,1.,0.923879532511287,1.,0.923879532511287,1.,0.923879532511287,
1.,0.923879532511287,1.,0.923879532511287,1.,0.923879532511287,1.,0.923879532511287,
1.,0.923879532511287,1.,0.923879532511287,1.,0.923879532511287,1.,0.923879532511287,
1.,0.923879532511287,1.,0.923879532511287,1.,0.923879532511287,1.,0.923879532511287,
1.,0.923879532511287,1.,0.923879532511287,1.,0.923879532511287,1.,0.923879532511287,
1.,0.923879532511287,1.,0.923879532511287,1.,0.923879532511287,1.,0.923879532511287,
1.,0.923879532511287,1.,0.923879532511287,1.,0.923879532511287,1.,0.923879532511287,
1.,0.923879532511287,1.,0.923879532511287,1.,0.923879532511287,1.,0.923879532511287,
1.,0.923879532511287,1.,0.923879532511287,1.,0.923879532511287,1.,0.923879532511287,
1.,0.923879532511287,1.,0.923879532511287,1.,0.923879532511287,1.,0.923879532511287,
1.,0.923879532511287,1.,0.923879532511287,1.,0.923879532511287,1.,0.923879532511287,
1.,0.923879532511287,1.,0.923879532511287,1.,0.923879532511287,1.,0.923879532511287,
1.,0.923879532511287,1.,0.923879532511287,1.,0.923879532511287,1.,0.923879532511287,
1.,0.923879532511287,1.))
REPRESENTATION_ITEM('')
);
#22=(
BOUNDED_CURVE()
B_SPLINE_CURVE(2,(#9011,#9012,#9013,#9014,#9015,#9016,#9017,#9018,#9019,
#9020,#9021,#9022,#9023,#9024,#9025,#9026,#9027,#9028,#9029,#9030,#9031,
#9032,#9033,#9034,#9035,#9036,#9037,#9038,#9039,#9040,#9041,#9042,#9043,
#9044,#9045,#9046,#9047,#9048,#9049,#9050,#9051,#9052,#9053,#9054,#9055,
#9056,#9057,#9058,#9059,#9060,#9061,#9062,#9063,#9064,#9065,#9066,#9067,
#9068,#9069,#9070,#9071,#9072,#9073,#9074,#9075,#9076,#9077,#9078,#9079,
#9080,#9081,#9082,#9083,#9084,#9085,#9086,#9087,#9088,#9089,#9090,#9091,
#9092,#9093,#9094,#9095,#9096,#9097,#9098,#9099,#9100,#9101,#9102,#9103,
#9104,#9105,#9106,#9107,#9108,#9109,#9110,#9111,#9112,#9113,#9114,#9115,
#9116,#9117,#9118,#9119,#9120,#9121,#9122,#9123,#9124,#9125,#9126,#9127,
#9128,#9129,#9130,#9131,#9132,#9133,#9134,#9135,#9136,#9137,#9138,#9139,
#9140,#9141,#9142,#9143,#9144,#9145,#9146,#9147,#9148,#9149,#9150,#9151,
#9152,#9153,#9154,#9155,#9156,#9157,#9158,#9159,#9160,#9161,#9162,#9163,
#9164,#9165,#9166,#9167,#9168,#9169,#9170,#9171,#9172,#9173,#9174,#9175,
#9176,#9177,#9178,#9179,#9180,#9181,#9182,#9183,#9184,#9185,#9186,#9187,
#9188,#9189,#9190,#9191,#9192,#9193,#9194,#9195,#9196,#9197,#9198,#9199,
#9200,#9201,#9202,#9203,#9204,#9205,#9206,#9207,#9208,#9209,#9210,#9211,
#9212,#9213,#9214,#9215,#9216,#9217,#9218,#9219,#9220,#9221,#9222,#9223,
#9224,#9225,#9226,#9227,#9228,#9229,#9230,#9231,#9232,#9233,#9234,#9235,
#9236,#9237,#9238,#9239,#9240,#9241,#9242,#9243,#9244,#9245,#9246,#9247,
#9248,#9249,#9250,#9251,#9252,#9253,#9254,#9255,#9256,#9257,#9258,#9259,
#9260,#9261,#9262,#9263,#9264,#9265,#9266,#9267,#9268,#9269,#9270,#9271,
#9272,#9273,#9274,#9275,#9276,#9277,#9278,#9279,#9280,#9281,#9282,#9283,
#9284,#9285,#9286,#9287,#9288,#9289,#9290,#9291,#9292,#9293,#9294,#9295,
#9296,#9297,#9298,#9299,#9300,#9301,#9302,#9303,#9304,#9305,#9306,#9307,
#9308,#9309,#9310,#9311,#9312,#9313,#9314,#9315,#9316,#9317,#9318,#9319,
#9320,#9321,#9322,#9323,#9324,#9325,#9326,#9327,#9328,#9329,#9330,#9331,
#9332,#9333,#9334,#9335,#9336,#9337,#9338,#9339,#9340,#9341,#9342,#9343,
#9344,#9345,#9346,#9347),.UNSPECIFIED.,.F.,.F.)
B_SPLINE_CURVE_WITH_KNOTS((3,2,2,2,2,2,2,2,2,2,2,2,2,2,2,2,2,2,2,2,2,2,
2,2,2,2,2,2,2,2,2,2,2,2,2,2,2,2,2,2,2,2,2,2,2,2,2,2,2,2,2,2,2,2,2,2,2,2,
2,2,2,2,2,2,2,2,2,2,2,2,2,2,2,2,2,2,2,2,2,2,2,2,2,2,2,2,2,2,2,2,2,2,2,2,
2,2,2,2,2,2,2,2,2,2,2,2,2,2,2,2,2,2,2,2,2,2,2,2,2,2,2,2,2,2,2,2,2,2,2,2,
2,2,2,2,2,2,2,2,2,2,2,2,2,2,2,2,2,2,2,2,2,2,2,2,2,2,2,2,2,2,2,2,2,2,2,2,
2,2,3),(0.,0.00595238095238095,0.0119047619047619,0.0178571428571429,0.0238095238095238,
0.0297619047619048,0.0357142857142857,0.0416666666666667,0.0476190476190476,
0.0535714285714286,0.0595238095238095,0.0654761904761905,0.0714285714285714,
0.0773809523809524,0.0833333333333333,0.0892857142857143,0.0952380952380952,
0.101190476190476,0.107142857142857,0.113095238095238,0.119047619047619,
0.125,0.130952380952381,0.136904761904762,0.142857142857143,0.148809523809524,
0.154761904761905,0.160714285714286,0.166666666666667,0.172619047619048,
0.178571428571429,0.18452380952381,0.19047619047619,0.196428571428571,0.202380952380952,
0.208333333333333,0.214285714285714,0.220238095238095,0.226190476190476,
0.232142857142857,0.238095238095238,0.244047619047619,0.25,0.255952380952381,
0.261904761904762,0.267857142857143,0.273809523809524,0.279761904761905,
0.285714285714286,0.291666666666667,0.297619047619048,0.303571428571429,
0.30952380952381,0.31547619047619,0.321428571428571,0.327380952380952,0.333333333333333,
0.339285714285714,0.345238095238095,0.351190476190476,0.357142857142857,
0.363095238095238,0.369047619047619,0.375,0.380952380952381,0.386904761904762,
0.392857142857143,0.398809523809524,0.404761904761905,0.410714285714286,
0.416666666666667,0.422619047619048,0.428571428571429,0.43452380952381,
0.44047619047619,0.446428571428571,0.452380952380952,0.458333333333333,
0.464285714285714,0.470238095238095,0.476190476190476,0.482142857142857,
0.488095238095238,0.494047619047619,0.5,0.505952380952381,0.511904761904762,
0.517857142857143,0.523809523809524,0.529761904761905,0.535714285714286,
0.541666666666667,0.547619047619048,0.553571428571429,0.55952380952381,
0.56547619047619,0.571428571428571,0.577380952380952,0.583333333333333,
0.589285714285714,0.595238095238095,0.601190476190476,0.607142857142857,
0.613095238095238,0.619047619047619,0.625,0.630952380952381,0.636904761904762,
0.642857142857143,0.648809523809524,0.654761904761905,0.660714285714286,
0.666666666666667,0.672619047619048,0.678571428571429,0.68452380952381,
0.69047619047619,0.696428571428571,0.702380952380952,0.708333333333333,
0.714285714285714,0.720238095238095,0.726190476190476,0.732142857142857,
0.738095238095238,0.744047619047619,0.75,0.755952380952381,0.761904761904762,
0.767857142857143,0.773809523809524,0.779761904761905,0.785714285714286,
0.791666666666667,0.797619047619048,0.803571428571429,0.80952380952381,
0.81547619047619,0.821428571428571,0.827380952380952,0.833333333333333,
0.839285714285714,0.845238095238095,0.851190476190476,0.857142857142857,
0.863095238095238,0.869047619047619,0.875,0.880952380952381,0.886904761904762,
0.892857142857143,0.898809523809524,0.904761904761905,0.910714285714286,
0.916666666666667,0.922619047619048,0.928571428571429,0.93452380952381,
0.94047619047619,0.946428571428571,0.952380952380952,0.958333333333333,
0.964285714285714,0.970238095238095,0.976190476190476,0.982142857142857,
0.988095238095238,0.994047619047619,1.),.PIECEWISE_BEZIER_KNOTS.)
CURVE()
GEOMETRIC_REPRESENTATION_ITEM()
RATIONAL_B_SPLINE_CURVE((1.,0.923879532511287,1.,0.923879532511287,1.,0.923879532511287,
1.,0.923879532511287,1.,0.923879532511287,1.,0.923879532511287,1.,0.923879532511287,
1.,0.923879532511287,1.,0.923879532511287,1.,0.923879532511287,1.,0.923879532511287,
1.,0.923879532511287,1.,0.923879532511287,1.,0.923879532511287,1.,0.923879532511287,
1.,0.923879532511287,1.,0.923879532511287,1.,0.923879532511287,1.,0.923879532511287,
1.,0.923879532511287,1.,0.923879532511287,1.,0.923879532511287,1.,0.923879532511287,
1.,0.923879532511287,1.,0.923879532511287,1.,0.923879532511287,1.,0.923879532511287,
1.,0.923879532511287,1.,0.923879532511287,1.,0.923879532511287,1.,0.923879532511287,
1.,0.923879532511287,1.,0.923879532511287,1.,0.923879532511287,1.,0.923879532511287,
1.,0.923879532511287,1.,0.923879532511287,1.,0.923879532511287,1.,0.923879532511287,
1.,0.923879532511287,1.,0.923879532511287,1.,0.923879532511287,1.,0.923879532511287,
1.,0.923879532511287,1.,0.923879532511287,1.,0.923879532511287,1.,0.923879532511287,
1.,0.923879532511287,1.,0.923879532511287,1.,0.923879532511287,1.,0.923879532511287,
1.,0.923879532511287,1.,0.923879532511287,1.,0.923879532511287,1.,0.923879532511287,
1.,0.923879532511287,1.,0.923879532511287,1.,0.923879532511287,1.,0.923879532511287,
1.,0.923879532511287,1.,0.923879532511287,1.,0.923879532511287,1.,0.923879532511287,
1.,0.923879532511287,1.,0.923879532511287,1.,0.923879532511287,1.,0.923879532511287,
1.,0.923879532511287,1.,0.923879532511287,1.,0.923879532511287,1.,0.923879532511287,
1.,0.923879532511287,1.,0.923879532511287,1.,0.923879532511287,1.,0.923879532511287,
1.,0.923879532511287,1.,0.923879532511287,1.,0.923879532511287,1.,0.923879532511287,
1.,0.923879532511287,1.,0.923879532511287,1.,0.923879532511287,1.,0.923879532511287,
1.,0.923879532511287,1.,0.923879532511287,1.,0.923879532511287,1.,0.923879532511287,
1.,0.923879532511287,1.,0.923879532511287,1.,0.923879532511287,1.,0.923879532511287,
1.,0.923879532511287,1.,0.923879532511287,1.,0.923879532511287,1.,0.923879532511287,
1.,0.923879532511287,1.,0.923879532511287,1.,0.923879532511287,1.,0.923879532511287,
1.,0.923879532511287,1.,0.923879532511287,1.,0.923879532511287,1.,0.923879532511287,
1.,0.923879532511287,1.,0.923879532511287,1.,0.923879532511287,1.,0.923879532511287,
1.,0.923879532511287,1.,0.923879532511287,1.,0.923879532511287,1.,0.923879532511287,
1.,0.923879532511287,1.,0.923879532511287,1.,0.923879532511287,1.,0.923879532511287,
1.,0.923879532511287,1.,0.923879532511287,1.,0.923879532511287,1.,0.923879532511287,
1.,0.923879532511287,1.,0.923879532511287,1.,0.923879532511287,1.,0.923879532511287,
1.,0.923879532511287,1.,0.923879532511287,1.,0.923879532511287,1.,0.923879532511287,
1.,0.923879532511287,1.,0.923879532511287,1.,0.923879532511287,1.,0.923879532511287,
1.,0.923879532511287,1.,0.923879532511287,1.,0.923879532511287,1.,0.923879532511287,
1.,0.923879532511287,1.,0.923879532511287,1.,0.923879532511287,1.,0.923879532511287,
1.,0.923879532511287,1.,0.923879532511287,1.,0.923879532511287,1.,0.923879532511287,
1.,0.923879532511287,1.,0.923879532511287,1.,0.923879532511287,1.,0.923879532511287,
1.,0.923879532511287,1.,0.923879532511287,1.,0.923879532511287,1.,0.923879532511287,
1.,0.923879532511287,1.,0.923879532511287,1.,0.923879532511287,1.,0.923879532511287,
1.,0.923879532511287,1.,0.923879532511287,1.,0.923879532511287,1.,0.923879532511287,
1.,0.923879532511287,1.,0.923879532511287,1.,0.923879532511287,1.,0.923879532511287,
1.,0.923879532511287,1.,0.923879532511287,1.,0.923879532511287,1.,0.923879532511287,
1.,0.923879532511287,1.))
REPRESENTATION_ITEM('')
);
#23=(
BOUNDED_SURFACE()
B_SPLINE_SURFACE(1,2,((#7467,#7468,#7469,#7470,#7471,#7472,#7473,#7474,
#7475,#7476,#7477,#7478,#7479,#7480,#7481,#7482,#7483,#7484,#7485,#7486,
#7487,#7488,#7489,#7490,#7491,#7492,#7493,#7494,#7495,#7496,#7497,#7498,
#7499,#7500,#7501,#7502,#7503,#7504,#7505,#7506,#7507,#7508,#7509,#7510,
#7511,#7512,#7513,#7514,#7515,#7516,#7517,#7518,#7519,#7520,#7521,#7522,
#7523,#7524,#7525,#7526,#7527,#7528,#7529,#7530,#7531,#7532,#7533,#7534,
#7535,#7536,#7537,#7538,#7539,#7540,#7541,#7542,#7543,#7544,#7545,#7546,
#7547,#7548,#7549,#7550,#7551,#7552,#7553,#7554,#7555,#7556,#7557,#7558,
#7559,#7560,#7561,#7562,#7563,#7564,#7565,#7566,#7567,#7568,#7569,#7570,
#7571,#7572,#7573,#7574,#7575,#7576,#7577,#7578,#7579,#7580,#7581,#7582,
#7583,#7584,#7585,#7586,#7587,#7588,#7589,#7590,#7591,#7592,#7593,#7594,
#7595,#7596,#7597,#7598,#7599,#7600,#7601,#7602,#7603,#7604,#7605,#7606,
#7607,#7608,#7609,#7610,#7611,#7612,#7613,#7614,#7615,#7616,#7617,#7618,
#7619,#7620,#7621,#7622,#7623,#7624,#7625,#7626,#7627,#7628,#7629,#7630,
#7631,#7632,#7633,#7634,#7635,#7636,#7637,#7638,#7639,#7640,#7641,#7642,
#7643,#7644,#7645,#7646,#7647,#7648,#7649,#7650,#7651,#7652,#7653,#7654,
#7655,#7656,#7657,#7658,#7659,#7660,#7661,#7662,#7663,#7664,#7665,#7666,
#7667,#7668,#7669,#7670,#7671,#7672,#7673,#7674,#7675,#7676,#7677,#7678,
#7679),(#7680,#7681,#7682,#7683,#7684,#7685,#7686,#7687,#7688,#7689,#7690,
#7691,#7692,#7693,#7694,#7695,#7696,#7697,#7698,#7699,#7700,#7701,#7702,
#7703,#7704,#7705,#7706,#7707,#7708,#7709,#7710,#7711,#7712,#7713,#7714,
#7715,#7716,#7717,#7718,#7719,#7720,#7721,#7722,#7723,#7724,#7725,#7726,
#7727,#7728,#7729,#7730,#7731,#7732,#7733,#7734,#7735,#7736,#7737,#7738,
#7739,#7740,#7741,#7742,#7743,#7744,#7745,#7746,#7747,#7748,#7749,#7750,
#7751,#7752,#7753,#7754,#7755,#7756,#7757,#7758,#7759,#7760,#7761,#7762,
#7763,#7764,#7765,#7766,#7767,#7768,#7769,#7770,#7771,#7772,#7773,#7774,
#7775,#7776,#7777,#7778,#7779,#7780,#7781,#7782,#7783,#7784,#7785,#7786,
#7787,#7788,#7789,#7790,#7791,#7792,#7793,#7794,#7795,#7796,#7797,#7798,
#7799,#7800,#7801,#7802,#7803,#7804,#7805,#7806,#7807,#7808,#7809,#7810,
#7811,#7812,#7813,#7814,#7815,#7816,#7817,#7818,#7819,#7820,#7821,#7822,
#7823,#7824,#7825,#7826,#7827,#7828,#7829,#7830,#7831,#7832,#7833,#7834,
#7835,#7836,#7837,#7838,#7839,#7840,#7841,#7842,#7843,#7844,#7845,#7846,
#7847,#7848,#7849,#7850,#7851,#7852,#7853,#7854,#7855,#7856,#7857,#7858,
#7859,#7860,#7861,#7862,#7863,#7864,#7865,#7866,#7867,#7868,#7869,#7870,
#7871,#7872,#7873,#7874,#7875,#7876,#7877,#7878,#7879,#7880,#7881,#7882,
#7883,#7884,#7885,#7886,#7887,#7888,#7889,#7890,#7891,#7892)),
 .UNSPECIFIED.,.F.,.F.,.F.)
B_SPLINE_SURFACE_WITH_KNOTS((2,2),(3,2,2,2,2,2,2,2,2,2,2,2,2,2,2,2,2,2,
2,2,2,2,2,2,2,2,2,2,2,2,2,2,2,2,2,2,2,2,2,2,2,2,2,2,2,2,2,2,2,2,2,2,2,2,
2,2,2,2,2,2,2,2,2,2,2,2,2,2,2,2,2,2,2,2,2,2,2,2,2,2,2,2,2,2,2,2,2,2,2,2,
2,2,2,2,2,2,2,2,2,2,2,2,2,2,2,2,3),(0.,0.862727528888212),(0.0319990931225629,
0.0357142857142857,0.0416666666666667,0.0476190476190476,0.0535714285714286,
0.0595238095238095,0.0654761904761905,0.0714285714285714,0.0773809523809524,
0.0833333333333333,0.0892857142857143,0.0952380952380952,0.101190476190476,
0.107142857142857,0.113095238095238,0.119047619047619,0.125,0.130952380952381,
0.136904761904762,0.142857142857143,0.148809523809524,0.154761904761905,
0.160714285714286,0.166666666666667,0.172619047619048,0.178571428571429,
0.18452380952381,0.19047619047619,0.196428571428571,0.202380952380952,0.208333333333333,
0.214285714285714,0.220238095238095,0.226190476190476,0.232142857142857,
0.238095238095238,0.244047619047619,0.25,0.255952380952381,0.261904761904762,
0.267857142857143,0.273809523809524,0.279761904761905,0.285714285714286,
0.291666666666667,0.297619047619048,0.303571428571429,0.30952380952381,
0.31547619047619,0.321428571428571,0.327380952380952,0.333333333333333,
0.339285714285714,0.345238095238095,0.351190476190476,0.357142857142857,
0.363095238095238,0.369047619047619,0.375,0.380952380952381,0.386904761904762,
0.392857142857143,0.398809523809524,0.404761904761905,0.410714285714286,
0.416666666666667,0.422619047619048,0.428571428571429,0.43452380952381,
0.44047619047619,0.446428571428571,0.452380952380952,0.458333333333333,
0.464285714285714,0.470238095238095,0.476190476190476,0.482142857142857,
0.488095238095238,0.494047619047619,0.5,0.505952380952381,0.511904761904762,
0.517857142857143,0.523809523809524,0.529761904761905,0.535714285714286,
0.541666666666667,0.547619047619048,0.553571428571429,0.55952380952381,
0.56547619047619,0.571428571428571,0.577380952380952,0.583333333333333,
0.589285714285714,0.595238095238095,0.601190476190476,0.607142857142857,
0.613095238095238,0.619047619047619,0.625,0.630952380952381,0.636904761904762,
0.642857142857143,0.648809523809524,0.654761904761905,0.656956046622971),
 .PIECEWISE_BEZIER_KNOTS.)
GEOMETRIC_REPRESENTATION_ITEM()
RATIONAL_B_SPLINE_SURFACE(((0.964286378698734,0.952489230922053,1.,0.923879532511287,
1.,0.923879532511287,1.,0.923879532511287,1.,0.923879532511287,1.,0.923879532511287,
1.,0.923879532511287,1.,0.923879532511287,1.,0.923879532511287,1.,0.923879532511287,
1.,0.923879532511287,1.,0.923879532511287,1.,0.923879532511287,1.,0.923879532511287,
1.,0.923879532511287,1.,0.923879532511287,1.,0.923879532511287,1.,0.923879532511287,
1.,0.923879532511287,1.,0.923879532511287,1.,0.923879532511287,1.,0.923879532511287,
1.,0.923879532511287,1.,0.923879532511287,1.,0.923879532511287,1.,0.923879532511287,
1.,0.923879532511287,1.,0.923879532511287,1.,0.923879532511287,1.,0.923879532511287,
1.,0.923879532511287,1.,0.923879532511287,1.,0.923879532511287,1.,0.923879532511287,
1.,0.923879532511287,1.,0.923879532511287,1.,0.923879532511287,1.,0.923879532511287,
1.,0.923879532511287,1.,0.923879532511287,1.,0.923879532511287,1.,0.923879532511287,
1.,0.923879532511287,1.,0.923879532511287,1.,0.923879532511287,1.,0.923879532511287,
1.,0.923879532511287,1.,0.923879532511287,1.,0.923879532511287,1.,0.923879532511287,
1.,0.923879532511287,1.,0.923879532511287,1.,0.923879532511287,1.,0.923879532511287,
1.,0.923879532511287,1.,0.923879532511287,1.,0.923879532511287,1.,0.923879532511287,
1.,0.923879532511287,1.,0.923879532511287,1.,0.923879532511287,1.,0.923879532511287,
1.,0.923879532511287,1.,0.923879532511287,1.,0.923879532511287,1.,0.923879532511287,
1.,0.923879532511287,1.,0.923879532511287,1.,0.923879532511287,1.,0.923879532511287,
1.,0.923879532511287,1.,0.923879532511287,1.,0.923879532511287,1.,0.923879532511287,
1.,0.923879532511287,1.,0.923879532511287,1.,0.923879532511287,1.,0.923879532511287,
1.,0.923879532511287,1.,0.923879532511287,1.,0.923879532511287,1.,0.923879532511287,
1.,0.923879532511287,1.,0.923879532511287,1.,0.923879532511287,1.,0.923879532511287,
1.,0.923879532511287,1.,0.923879532511287,1.,0.923879532511287,1.,0.923879532511287,
1.,0.923879532511287,1.,0.923879532511287,1.,0.923879532511287,1.,0.923879532511287,
1.,0.923879532511287,1.,0.923879532511287,1.,0.923879532511287,1.,0.923879532511287,
1.,0.923879532511287,1.,0.923879532511287,1.,0.923879532511287,1.,0.923879532511287,
1.,0.923879532511287,1.,0.923879532511287,1.,0.923879532511287,1.,0.97194079049425,
0.964567718739935),(0.964286378698734,0.952489230922053,1.,0.923879532511287,
1.,0.923879532511287,1.,0.923879532511287,1.,0.923879532511287,1.,0.923879532511287,
1.,0.923879532511287,1.,0.923879532511287,1.,0.923879532511287,1.,0.923879532511287,
1.,0.923879532511287,1.,0.923879532511287,1.,0.923879532511287,1.,0.923879532511287,
1.,0.923879532511287,1.,0.923879532511287,1.,0.923879532511287,1.,0.923879532511287,
1.,0.923879532511287,1.,0.923879532511287,1.,0.923879532511287,1.,0.923879532511287,
1.,0.923879532511287,1.,0.923879532511287,1.,0.923879532511287,1.,0.923879532511287,
1.,0.923879532511287,1.,0.923879532511287,1.,0.923879532511287,1.,0.923879532511287,
1.,0.923879532511287,1.,0.923879532511287,1.,0.923879532511287,1.,0.923879532511287,
1.,0.923879532511287,1.,0.923879532511287,1.,0.923879532511287,1.,0.923879532511287,
1.,0.923879532511287,1.,0.923879532511287,1.,0.923879532511287,1.,0.923879532511287,
1.,0.923879532511287,1.,0.923879532511287,1.,0.923879532511287,1.,0.923879532511287,
1.,0.923879532511287,1.,0.923879532511287,1.,0.923879532511287,1.,0.923879532511287,
1.,0.923879532511287,1.,0.923879532511287,1.,0.923879532511287,1.,0.923879532511287,
1.,0.923879532511287,1.,0.923879532511287,1.,0.923879532511287,1.,0.923879532511287,
1.,0.923879532511287,1.,0.923879532511287,1.,0.923879532511287,1.,0.923879532511287,
1.,0.923879532511287,1.,0.923879532511287,1.,0.923879532511287,1.,0.923879532511287,
1.,0.923879532511287,1.,0.923879532511287,1.,0.923879532511287,1.,0.923879532511287,
1.,0.923879532511287,1.,0.923879532511287,1.,0.923879532511287,1.,0.923879532511287,
1.,0.923879532511287,1.,0.923879532511287,1.,0.923879532511287,1.,0.923879532511287,
1.,0.923879532511287,1.,0.923879532511287,1.,0.923879532511287,1.,0.923879532511287,
1.,0.923879532511287,1.,0.923879532511287,1.,0.923879532511287,1.,0.923879532511287,
1.,0.923879532511287,1.,0.923879532511287,1.,0.923879532511287,1.,0.923879532511287,
1.,0.923879532511287,1.,0.923879532511287,1.,0.923879532511287,1.,0.923879532511287,
1.,0.923879532511287,1.,0.923879532511287,1.,0.923879532511287,1.,0.923879532511287,
1.,0.923879532511287,1.,0.923879532511287,1.,0.923879532511287,1.,0.923879532511287,
1.,0.923879532511287,1.,0.923879532511287,1.,0.923879532511287,1.,0.97194079049425,
0.964567718739935)))
REPRESENTATION_ITEM('')
SURFACE()
);
#24=(
BOUNDED_SURFACE()
B_SPLINE_SURFACE(1,2,((#8580,#8581,#8582,#8583,#8584,#8585,#8586,#8587,
#8588,#8589,#8590,#8591,#8592,#8593,#8594,#8595,#8596,#8597,#8598,#8599,
#8600,#8601,#8602,#8603,#8604,#8605,#8606,#8607,#8608,#8609,#8610,#8611,
#8612,#8613,#8614,#8615,#8616,#8617,#8618,#8619,#8620,#8621,#8622,#8623,
#8624,#8625,#8626,#8627,#8628,#8629,#8630,#8631,#8632,#8633,#8634,#8635,
#8636,#8637,#8638,#8639,#8640,#8641,#8642,#8643,#8644,#8645,#8646,#8647,
#8648,#8649,#8650,#8651,#8652,#8653,#8654,#8655,#8656,#8657,#8658,#8659,
#8660,#8661,#8662,#8663,#8664,#8665,#8666,#8667,#8668,#8669,#8670,#8671,
#8672,#8673,#8674,#8675,#8676,#8677,#8678,#8679,#8680,#8681,#8682,#8683,
#8684,#8685,#8686,#8687,#8688,#8689,#8690,#8691,#8692,#8693,#8694,#8695,
#8696,#8697,#8698,#8699,#8700,#8701,#8702,#8703,#8704,#8705,#8706,#8707,
#8708,#8709,#8710,#8711,#8712,#8713,#8714,#8715,#8716,#8717,#8718,#8719,
#8720,#8721,#8722,#8723,#8724,#8725,#8726,#8727,#8728,#8729,#8730,#8731,
#8732,#8733,#8734,#8735,#8736,#8737,#8738,#8739,#8740,#8741,#8742,#8743,
#8744,#8745,#8746,#8747,#8748,#8749,#8750,#8751,#8752,#8753,#8754,#8755,
#8756,#8757,#8758,#8759,#8760,#8761,#8762,#8763,#8764,#8765,#8766,#8767,
#8768,#8769,#8770,#8771,#8772,#8773,#8774,#8775,#8776,#8777,#8778,#8779,
#8780,#8781,#8782,#8783,#8784,#8785,#8786,#8787,#8788,#8789,#8790,#8791,
#8792),(#8793,#8794,#8795,#8796,#8797,#8798,#8799,#8800,#8801,#8802,#8803,
#8804,#8805,#8806,#8807,#8808,#8809,#8810,#8811,#8812,#8813,#8814,#8815,
#8816,#8817,#8818,#8819,#8820,#8821,#8822,#8823,#8824,#8825,#8826,#8827,
#8828,#8829,#8830,#8831,#8832,#8833,#8834,#8835,#8836,#8837,#8838,#8839,
#8840,#8841,#8842,#8843,#8844,#8845,#8846,#8847,#8848,#8849,#8850,#8851,
#8852,#8853,#8854,#8855,#8856,#8857,#8858,#8859,#8860,#8861,#8862,#8863,
#8864,#8865,#8866,#8867,#8868,#8869,#8870,#8871,#8872,#8873,#8874,#8875,
#8876,#8877,#8878,#8879,#8880,#8881,#8882,#8883,#8884,#8885,#8886,#8887,
#8888,#8889,#8890,#8891,#8892,#8893,#8894,#8895,#8896,#8897,#8898,#8899,
#8900,#8901,#8902,#8903,#8904,#8905,#8906,#8907,#8908,#8909,#8910,#8911,
#8912,#8913,#8914,#8915,#8916,#8917,#8918,#8919,#8920,#8921,#8922,#8923,
#8924,#8925,#8926,#8927,#8928,#8929,#8930,#8931,#8932,#8933,#8934,#8935,
#8936,#8937,#8938,#8939,#8940,#8941,#8942,#8943,#8944,#8945,#8946,#8947,
#8948,#8949,#8950,#8951,#8952,#8953,#8954,#8955,#8956,#8957,#8958,#8959,
#8960,#8961,#8962,#8963,#8964,#8965,#8966,#8967,#8968,#8969,#8970,#8971,
#8972,#8973,#8974,#8975,#8976,#8977,#8978,#8979,#8980,#8981,#8982,#8983,
#8984,#8985,#8986,#8987,#8988,#8989,#8990,#8991,#8992,#8993,#8994,#8995,
#8996,#8997,#8998,#8999,#9000,#9001,#9002,#9003,#9004,#9005)),
 .UNSPECIFIED.,.F.,.F.,.F.)
B_SPLINE_SURFACE_WITH_KNOTS((2,2),(3,2,2,2,2,2,2,2,2,2,2,2,2,2,2,2,2,2,
2,2,2,2,2,2,2,2,2,2,2,2,2,2,2,2,2,2,2,2,2,2,2,2,2,2,2,2,2,2,2,2,2,2,2,2,
2,2,2,2,2,2,2,2,2,2,2,2,2,2,2,2,2,2,2,2,2,2,2,2,2,2,2,2,2,2,2,2,2,2,2,2,
2,2,2,2,2,2,2,2,2,2,2,2,2,2,2,2,3),(0.137272471111785,1.),(0.0319990931225629,
0.0357142857142857,0.0416666666666667,0.0476190476190476,0.0535714285714286,
0.0595238095238095,0.0654761904761905,0.0714285714285714,0.0773809523809524,
0.0833333333333333,0.0892857142857143,0.0952380952380952,0.101190476190476,
0.107142857142857,0.113095238095238,0.119047619047619,0.125,0.130952380952381,
0.136904761904762,0.142857142857143,0.148809523809524,0.154761904761905,
0.160714285714286,0.166666666666667,0.172619047619048,0.178571428571429,
0.18452380952381,0.19047619047619,0.196428571428571,0.202380952380952,0.208333333333333,
0.214285714285714,0.220238095238095,0.226190476190476,0.232142857142857,
0.238095238095238,0.244047619047619,0.25,0.255952380952381,0.261904761904762,
0.267857142857143,0.273809523809524,0.279761904761905,0.285714285714286,
0.291666666666667,0.297619047619048,0.303571428571429,0.30952380952381,
0.31547619047619,0.321428571428571,0.327380952380952,0.333333333333333,
0.339285714285714,0.345238095238095,0.351190476190476,0.357142857142857,
0.363095238095238,0.369047619047619,0.375,0.380952380952381,0.386904761904762,
0.392857142857143,0.398809523809524,0.404761904761905,0.410714285714286,
0.416666666666667,0.422619047619048,0.428571428571429,0.43452380952381,
0.44047619047619,0.446428571428571,0.452380952380952,0.458333333333333,
0.464285714285714,0.470238095238095,0.476190476190476,0.482142857142857,
0.488095238095238,0.494047619047619,0.5,0.505952380952381,0.511904761904762,
0.517857142857143,0.523809523809524,0.529761904761905,0.535714285714286,
0.541666666666667,0.547619047619048,0.553571428571429,0.55952380952381,
0.56547619047619,0.571428571428571,0.577380952380952,0.583333333333333,
0.589285714285714,0.595238095238095,0.601190476190476,0.607142857142857,
0.613095238095238,0.619047619047619,0.625,0.630952380952381,0.636904761904762,
0.642857142857143,0.648809523809524,0.654761904761905,0.656956046622971),
 .PIECEWISE_BEZIER_KNOTS.)
GEOMETRIC_REPRESENTATION_ITEM()
RATIONAL_B_SPLINE_SURFACE(((0.964286378698734,0.952489230922053,1.,0.923879532511287,
1.,0.923879532511287,1.,0.923879532511287,1.,0.923879532511287,1.,0.923879532511287,
1.,0.923879532511287,1.,0.923879532511287,1.,0.923879532511287,1.,0.923879532511287,
1.,0.923879532511287,1.,0.923879532511287,1.,0.923879532511287,1.,0.923879532511287,
1.,0.923879532511287,1.,0.923879532511287,1.,0.923879532511287,1.,0.923879532511287,
1.,0.923879532511287,1.,0.923879532511287,1.,0.923879532511287,1.,0.923879532511287,
1.,0.923879532511287,1.,0.923879532511287,1.,0.923879532511287,1.,0.923879532511287,
1.,0.923879532511287,1.,0.923879532511287,1.,0.923879532511287,1.,0.923879532511287,
1.,0.923879532511287,1.,0.923879532511287,1.,0.923879532511287,1.,0.923879532511287,
1.,0.923879532511287,1.,0.923879532511287,1.,0.923879532511287,1.,0.923879532511287,
1.,0.923879532511287,1.,0.923879532511287,1.,0.923879532511287,1.,0.923879532511287,
1.,0.923879532511287,1.,0.923879532511287,1.,0.923879532511287,1.,0.923879532511287,
1.,0.923879532511287,1.,0.923879532511287,1.,0.923879532511287,1.,0.923879532511287,
1.,0.923879532511287,1.,0.923879532511287,1.,0.923879532511287,1.,0.923879532511287,
1.,0.923879532511287,1.,0.923879532511287,1.,0.923879532511287,1.,0.923879532511287,
1.,0.923879532511287,1.,0.923879532511287,1.,0.923879532511287,1.,0.923879532511287,
1.,0.923879532511287,1.,0.923879532511287,1.,0.923879532511287,1.,0.923879532511287,
1.,0.923879532511287,1.,0.923879532511287,1.,0.923879532511287,1.,0.923879532511287,
1.,0.923879532511287,1.,0.923879532511287,1.,0.923879532511287,1.,0.923879532511287,
1.,0.923879532511287,1.,0.923879532511287,1.,0.923879532511287,1.,0.923879532511287,
1.,0.923879532511287,1.,0.923879532511287,1.,0.923879532511287,1.,0.923879532511287,
1.,0.923879532511287,1.,0.923879532511287,1.,0.923879532511287,1.,0.923879532511287,
1.,0.923879532511287,1.,0.923879532511287,1.,0.923879532511287,1.,0.923879532511287,
1.,0.923879532511287,1.,0.923879532511287,1.,0.923879532511287,1.,0.923879532511287,
1.,0.923879532511287,1.,0.923879532511287,1.,0.923879532511287,1.,0.923879532511287,
1.,0.923879532511287,1.,0.923879532511287,1.,0.923879532511287,1.,0.923879532511287,
1.,0.923879532511287,1.,0.923879532511287,1.,0.923879532511287,1.,0.97194079049425,
0.964567718739935),(0.964286378698734,0.952489230922053,1.,0.923879532511287,
1.,0.923879532511287,1.,0.923879532511287,1.,0.923879532511287,1.,0.923879532511287,
1.,0.923879532511287,1.,0.923879532511287,1.,0.923879532511287,1.,0.923879532511287,
1.,0.923879532511287,1.,0.923879532511287,1.,0.923879532511287,1.,0.923879532511287,
1.,0.923879532511287,1.,0.923879532511287,1.,0.923879532511287,1.,0.923879532511287,
1.,0.923879532511287,1.,0.923879532511287,1.,0.923879532511287,1.,0.923879532511287,
1.,0.923879532511287,1.,0.923879532511287,1.,0.923879532511287,1.,0.923879532511287,
1.,0.923879532511287,1.,0.923879532511287,1.,0.923879532511287,1.,0.923879532511287,
1.,0.923879532511287,1.,0.923879532511287,1.,0.923879532511287,1.,0.923879532511287,
1.,0.923879532511287,1.,0.923879532511287,1.,0.923879532511287,1.,0.923879532511287,
1.,0.923879532511287,1.,0.923879532511287,1.,0.923879532511287,1.,0.923879532511287,
1.,0.923879532511287,1.,0.923879532511287,1.,0.923879532511287,1.,0.923879532511287,
1.,0.923879532511287,1.,0.923879532511287,1.,0.923879532511287,1.,0.923879532511287,
1.,0.923879532511287,1.,0.923879532511287,1.,0.923879532511287,1.,0.923879532511287,
1.,0.923879532511287,1.,0.923879532511287,1.,0.923879532511287,1.,0.923879532511287,
1.,0.923879532511287,1.,0.923879532511287,1.,0.923879532511287,1.,0.923879532511287,
1.,0.923879532511287,1.,0.923879532511287,1.,0.923879532511287,1.,0.923879532511287,
1.,0.923879532511287,1.,0.923879532511287,1.,0.923879532511287,1.,0.923879532511287,
1.,0.923879532511287,1.,0.923879532511287,1.,0.923879532511287,1.,0.923879532511287,
1.,0.923879532511287,1.,0.923879532511287,1.,0.923879532511287,1.,0.923879532511287,
1.,0.923879532511287,1.,0.923879532511287,1.,0.923879532511287,1.,0.923879532511287,
1.,0.923879532511287,1.,0.923879532511287,1.,0.923879532511287,1.,0.923879532511287,
1.,0.923879532511287,1.,0.923879532511287,1.,0.923879532511287,1.,0.923879532511287,
1.,0.923879532511287,1.,0.923879532511287,1.,0.923879532511287,1.,0.923879532511287,
1.,0.923879532511287,1.,0.923879532511287,1.,0.923879532511287,1.,0.923879532511287,
1.,0.923879532511287,1.,0.923879532511287,1.,0.923879532511287,1.,0.923879532511287,
1.,0.923879532511287,1.,0.923879532511287,1.,0.923879532511287,1.,0.97194079049425,
0.964567718739935)))
REPRESENTATION_ITEM('')
SURFACE()
);
#25=CONICAL_SURFACE('',#4668,3.10594256655563,0.858811135767577);
#26=CONICAL_SURFACE('',#4681,3.10594256655563,0.858811135767577);
#27=CONICAL_SURFACE('',#4694,3.10594256655563,0.858811135767577);
#28=CONICAL_SURFACE('',#4707,3.10594256655563,0.858811135767577);
#29=CONICAL_SURFACE('',#4720,3.10594256655563,0.858811135767577);
#30=CONICAL_SURFACE('',#4733,3.10594256655563,0.858811135767577);
#31=CONICAL_SURFACE('',#4746,3.10594256655563,0.858811135767577);
#32=CONICAL_SURFACE('',#4759,3.10594256655563,0.858811135767577);
#33=CONICAL_SURFACE('',#4772,3.10594256655563,0.858811135767577);
#34=CONICAL_SURFACE('',#4785,3.10594256655563,0.858811135767577);
#35=CONICAL_SURFACE('',#4798,3.10594256655563,0.858811135767577);
#36=CONICAL_SURFACE('',#4811,3.10594256655563,0.858811135767577);
#37=CONICAL_SURFACE('',#4824,3.10594256655563,0.858811135767577);
#38=CONICAL_SURFACE('',#4837,3.10594256655563,0.858811135767577);
#39=CONICAL_SURFACE('',#4860,4.37,0.781088329030274);
#40=CONICAL_SURFACE('',#4868,2.146025,0.785398163397448);
#41=CONICAL_SURFACE('',#4874,4.27563970832163,0.694564990005015);
#42=CONICAL_SURFACE('',#4876,2.,0.785398163397449);
#43=CONICAL_SURFACE('',#4977,3.10594256655563,0.858811135767577);
#44=CONICAL_SURFACE('',#4979,3.10594256655563,0.858811135767577);
#45=CONICAL_SURFACE('',#4981,3.10594256655563,0.858811135767577);
#46=CONICAL_SURFACE('',#4983,3.10594256655563,0.858811135767577);
#47=CONICAL_SURFACE('',#4985,3.10594256655563,0.858811135767577);
#48=CONICAL_SURFACE('',#4987,3.10594256655563,0.858811135767577);
#49=CONICAL_SURFACE('',#4989,3.10594256655563,0.858811135767577);
#50=CONICAL_SURFACE('',#4991,3.10594256655563,0.858811135767577);
#51=CONICAL_SURFACE('',#4993,3.10594256655563,0.858811135767577);
#52=CONICAL_SURFACE('',#4995,3.10594256655563,0.858811135767577);
#53=CONICAL_SURFACE('',#4997,3.10594256655563,0.858811135767577);
#54=CONICAL_SURFACE('',#4999,3.10594256655563,0.858811135767577);
#55=CONICAL_SURFACE('',#5001,3.10594256655563,0.858811135767577);
#56=CONICAL_SURFACE('',#5003,3.10594256655563,0.858811135767577);
#57=CONICAL_SURFACE('',#5005,3.10594256655563,0.858811135767577);
#58=CONICAL_SURFACE('',#5007,3.10594256655563,0.858811135767577);
#59=CONICAL_SURFACE('',#5009,3.10594256655563,0.858811135767577);
#60=CONICAL_SURFACE('',#5011,3.10594256655563,0.858811135767577);
#61=CONICAL_SURFACE('',#5013,3.10594256655563,0.858811135767577);
#62=CONICAL_SURFACE('',#5153,3.10594256655563,0.858811135767577);
#63=CONICAL_SURFACE('',#5154,3.10594256655563,0.858811135767577);
#64=CYLINDRICAL_SURFACE('',#4666,3.405);
#65=CYLINDRICAL_SURFACE('',#4679,3.405);
#66=CYLINDRICAL_SURFACE('',#4692,3.405);
#67=CYLINDRICAL_SURFACE('',#4705,3.405);
#68=CYLINDRICAL_SURFACE('',#4718,3.405);
#69=CYLINDRICAL_SURFACE('',#4731,3.405);
#70=CYLINDRICAL_SURFACE('',#4744,3.405);
#71=CYLINDRICAL_SURFACE('',#4757,3.405);
#72=CYLINDRICAL_SURFACE('',#4770,3.405);
#73=CYLINDRICAL_SURFACE('',#4783,3.405);
#74=CYLINDRICAL_SURFACE('',#4796,3.405);
#75=CYLINDRICAL_SURFACE('',#4809,3.405);
#76=CYLINDRICAL_SURFACE('',#4822,3.405);
#77=CYLINDRICAL_SURFACE('',#4835,3.405);
#78=CYLINDRICAL_SURFACE('',#4847,4.20578640375609);
#79=CYLINDRICAL_SURFACE('',#4854,4.37);
#80=CYLINDRICAL_SURFACE('',#4856,4.37);
#81=CYLINDRICAL_SURFACE('',#4862,4.20578640375609);
#82=CYLINDRICAL_SURFACE('',#4870,4.37);
#83=CYLINDRICAL_SURFACE('',#4872,2.);
#84=CYLINDRICAL_SURFACE('',#4883,3.405);
#85=CYLINDRICAL_SURFACE('',#4888,3.405);
#86=CYLINDRICAL_SURFACE('',#4893,3.405);
#87=CYLINDRICAL_SURFACE('',#4898,3.405);
#88=CYLINDRICAL_SURFACE('',#4903,3.405);
#89=CYLINDRICAL_SURFACE('',#4908,3.405);
#90=CYLINDRICAL_SURFACE('',#4913,3.405);
#91=CYLINDRICAL_SURFACE('',#4918,3.405);
#92=CYLINDRICAL_SURFACE('',#4923,3.405);
#93=CYLINDRICAL_SURFACE('',#4928,3.405);
#94=CYLINDRICAL_SURFACE('',#4933,3.405);
#95=CYLINDRICAL_SURFACE('',#4938,3.405);
#96=CYLINDRICAL_SURFACE('',#4943,3.405);
#97=CYLINDRICAL_SURFACE('',#4948,3.405);
#98=CYLINDRICAL_SURFACE('',#4953,3.405);
#99=CYLINDRICAL_SURFACE('',#4958,3.405);
#100=CYLINDRICAL_SURFACE('',#4963,3.405);
#101=CYLINDRICAL_SURFACE('',#4968,3.405);
#102=CYLINDRICAL_SURFACE('',#4973,3.405);
#103=CYLINDRICAL_SURFACE('',#5015,3.405);
#104=CYLINDRICAL_SURFACE('',#5144,3.13961947837076);
#105=CYLINDRICAL_SURFACE('',#5145,3.405);
#106=CYLINDRICAL_SURFACE('',#5150,3.10594256655563);
#107=LINE('',#6480,#422);
#108=LINE('',#6481,#423);
#109=LINE('',#6486,#424);
#110=LINE('',#6487,#425);
#111=LINE('',#6501,#426);
#112=LINE('',#6503,#427);
#113=LINE('',#6505,#428);
#114=LINE('',#6512,#429);
#115=LINE('',#6514,#430);
#116=LINE('',#6521,#431);
#117=LINE('',#6523,#432);
#118=LINE('',#6545,#433);
#119=LINE('',#6546,#434);
#120=LINE('',#6551,#435);
#121=LINE('',#6552,#436);
#122=LINE('',#6566,#437);
#123=LINE('',#6568,#438);
#124=LINE('',#6570,#439);
#125=LINE('',#6577,#440);
#126=LINE('',#6579,#441);
#127=LINE('',#6586,#442);
#128=LINE('',#6588,#443);
#129=LINE('',#6610,#444);
#130=LINE('',#6611,#445);
#131=LINE('',#6616,#446);
#132=LINE('',#6617,#447);
#133=LINE('',#6631,#448);
#134=LINE('',#6633,#449);
#135=LINE('',#6635,#450);
#136=LINE('',#6642,#451);
#137=LINE('',#6644,#452);
#138=LINE('',#6651,#453);
#139=LINE('',#6653,#454);
#140=LINE('',#6675,#455);
#141=LINE('',#6676,#456);
#142=LINE('',#6681,#457);
#143=LINE('',#6682,#458);
#144=LINE('',#6696,#459);
#145=LINE('',#6698,#460);
#146=LINE('',#6700,#461);
#147=LINE('',#6707,#462);
#148=LINE('',#6709,#463);
#149=LINE('',#6716,#464);
#150=LINE('',#6718,#465);
#151=LINE('',#6740,#466);
#152=LINE('',#6741,#467);
#153=LINE('',#6746,#468);
#154=LINE('',#6747,#469);
#155=LINE('',#6761,#470);
#156=LINE('',#6763,#471);
#157=LINE('',#6765,#472);
#158=LINE('',#6772,#473);
#159=LINE('',#6774,#474);
#160=LINE('',#6781,#475);
#161=LINE('',#6783,#476);
#162=LINE('',#6805,#477);
#163=LINE('',#6806,#478);
#164=LINE('',#6811,#479);
#165=LINE('',#6812,#480);
#166=LINE('',#6826,#481);
#167=LINE('',#6828,#482);
#168=LINE('',#6830,#483);
#169=LINE('',#6837,#484);
#170=LINE('',#6839,#485);
#171=LINE('',#6846,#486);
#172=LINE('',#6848,#487);
#173=LINE('',#6870,#488);
#174=LINE('',#6871,#489);
#175=LINE('',#6876,#490);
#176=LINE('',#6877,#491);
#177=LINE('',#6891,#492);
#178=LINE('',#6893,#493);
#179=LINE('',#6895,#494);
#180=LINE('',#6902,#495);
#181=LINE('',#6904,#496);
#182=LINE('',#6911,#497);
#183=LINE('',#6913,#498);
#184=LINE('',#6935,#499);
#185=LINE('',#6936,#500);
#186=LINE('',#6941,#501);
#187=LINE('',#6942,#502);
#188=LINE('',#6956,#503);
#189=LINE('',#6958,#504);
#190=LINE('',#6960,#505);
#191=LINE('',#6967,#506);
#192=LINE('',#6969,#507);
#193=LINE('',#6976,#508);
#194=LINE('',#6978,#509);
#195=LINE('',#7000,#510);
#196=LINE('',#7001,#511);
#197=LINE('',#7006,#512);
#198=LINE('',#7007,#513);
#199=LINE('',#7021,#514);
#200=LINE('',#7023,#515);
#201=LINE('',#7025,#516);
#202=LINE('',#7032,#517);
#203=LINE('',#7034,#518);
#204=LINE('',#7041,#519);
#205=LINE('',#7043,#520);
#206=LINE('',#7065,#521);
#207=LINE('',#7066,#522);
#208=LINE('',#7071,#523);
#209=LINE('',#7072,#524);
#210=LINE('',#7086,#525);
#211=LINE('',#7088,#526);
#212=LINE('',#7090,#527);
#213=LINE('',#7097,#528);
#214=LINE('',#7099,#529);
#215=LINE('',#7106,#530);
#216=LINE('',#7108,#531);
#217=LINE('',#7130,#532);
#218=LINE('',#7131,#533);
#219=LINE('',#7136,#534);
#220=LINE('',#7137,#535);
#221=LINE('',#7151,#536);
#222=LINE('',#7153,#537);
#223=LINE('',#7155,#538);
#224=LINE('',#7162,#539);
#225=LINE('',#7164,#540);
#226=LINE('',#7171,#541);
#227=LINE('',#7173,#542);
#228=LINE('',#7195,#543);
#229=LINE('',#7196,#544);
#230=LINE('',#7201,#545);
#231=LINE('',#7202,#546);
#232=LINE('',#7216,#547);
#233=LINE('',#7218,#548);
#234=LINE('',#7220,#549);
#235=LINE('',#7227,#550);
#236=LINE('',#7229,#551);
#237=LINE('',#7236,#552);
#238=LINE('',#7238,#553);
#239=LINE('',#7260,#554);
#240=LINE('',#7261,#555);
#241=LINE('',#7266,#556);
#242=LINE('',#7267,#557);
#243=LINE('',#7281,#558);
#244=LINE('',#7283,#559);
#245=LINE('',#7285,#560);
#246=LINE('',#7292,#561);
#247=LINE('',#7294,#562);
#248=LINE('',#7301,#563);
#249=LINE('',#7303,#564);
#250=LINE('',#7325,#565);
#251=LINE('',#7326,#566);
#252=LINE('',#7331,#567);
#253=LINE('',#7332,#568);
#254=LINE('',#7346,#569);
#255=LINE('',#7348,#570);
#256=LINE('',#7350,#571);
#257=LINE('',#7357,#572);
#258=LINE('',#7359,#573);
#259=LINE('',#7366,#574);
#260=LINE('',#7368,#575);
#261=LINE('',#7378,#576);
#262=LINE('',#7380,#577);
#263=LINE('',#7382,#578);
#264=LINE('',#7389,#579);
#265=LINE('',#7391,#580);
#266=LINE('',#7398,#581);
#267=LINE('',#7400,#582);
#268=LINE('',#7407,#583);
#269=LINE('',#7409,#584);
#270=LINE('',#9362,#585);
#271=LINE('',#9368,#586);
#272=LINE('',#9372,#587);
#273=LINE('',#9378,#588);
#274=LINE('',#9382,#589);
#275=LINE('',#9388,#590);
#276=LINE('',#9392,#591);
#277=LINE('',#9398,#592);
#278=LINE('',#9402,#593);
#279=LINE('',#9408,#594);
#280=LINE('',#9412,#595);
#281=LINE('',#9418,#596);
#282=LINE('',#9422,#597);
#283=LINE('',#9428,#598);
#284=LINE('',#9432,#599);
#285=LINE('',#9438,#600);
#286=LINE('',#9442,#601);
#287=LINE('',#9448,#602);
#288=LINE('',#9452,#603);
#289=LINE('',#9458,#604);
#290=LINE('',#9462,#605);
#291=LINE('',#9468,#606);
#292=LINE('',#9472,#607);
#293=LINE('',#9478,#608);
#294=LINE('',#9482,#609);
#295=LINE('',#9488,#610);
#296=LINE('',#9492,#611);
#297=LINE('',#9498,#612);
#298=LINE('',#9503,#613);
#299=LINE('',#9507,#614);
#300=LINE('',#9512,#615);
#301=LINE('',#9513,#616);
#302=LINE('',#9518,#617);
#303=LINE('',#9522,#618);
#304=LINE('',#9527,#619);
#305=LINE('',#9528,#620);
#306=LINE('',#9533,#621);
#307=LINE('',#9537,#622);
#308=LINE('',#9542,#623);
#309=LINE('',#9543,#624);
#310=LINE('',#9548,#625);
#311=LINE('',#9552,#626);
#312=LINE('',#9557,#627);
#313=LINE('',#9558,#628);
#314=LINE('',#9563,#629);
#315=LINE('',#9567,#630);
#316=LINE('',#9572,#631);
#317=LINE('',#9573,#632);
#318=LINE('',#9720,#633);
#319=LINE('',#9740,#634);
#320=LINE('',#9741,#635);
#321=LINE('',#9743,#636);
#322=LINE('',#9745,#637);
#323=LINE('',#9747,#638);
#324=LINE('',#9751,#639);
#325=LINE('',#9760,#640);
#326=LINE('',#9762,#641);
#327=LINE('',#9764,#642);
#328=LINE('',#9766,#643);
#329=LINE('',#9770,#644);
#330=LINE('',#9779,#645);
#331=LINE('',#9781,#646);
#332=LINE('',#9783,#647);
#333=LINE('',#9785,#648);
#334=LINE('',#9789,#649);
#335=LINE('',#9798,#650);
#336=LINE('',#9800,#651);
#337=LINE('',#9802,#652);
#338=LINE('',#9804,#653);
#339=LINE('',#9808,#654);
#340=LINE('',#9817,#655);
#341=LINE('',#9819,#656);
#342=LINE('',#9821,#657);
#343=LINE('',#9823,#658);
#344=LINE('',#9827,#659);
#345=LINE('',#9836,#660);
#346=LINE('',#9838,#661);
#347=LINE('',#9840,#662);
#348=LINE('',#9842,#663);
#349=LINE('',#9846,#664);
#350=LINE('',#9855,#665);
#351=LINE('',#9857,#666);
#352=LINE('',#9859,#667);
#353=LINE('',#9861,#668);
#354=LINE('',#9865,#669);
#355=LINE('',#9874,#670);
#356=LINE('',#9876,#671);
#357=LINE('',#9878,#672);
#358=LINE('',#9880,#673);
#359=LINE('',#9884,#674);
#360=LINE('',#9893,#675);
#361=LINE('',#9895,#676);
#362=LINE('',#9897,#677);
#363=LINE('',#9899,#678);
#364=LINE('',#9903,#679);
#365=LINE('',#9912,#680);
#366=LINE('',#9914,#681);
#367=LINE('',#9916,#682);
#368=LINE('',#9918,#683);
#369=LINE('',#9922,#684);
#370=LINE('',#9931,#685);
#371=LINE('',#9933,#686);
#372=LINE('',#9935,#687);
#373=LINE('',#9937,#688);
#374=LINE('',#9941,#689);
#375=LINE('',#9950,#690);
#376=LINE('',#9952,#691);
#377=LINE('',#9954,#692);
#378=LINE('',#9956,#693);
#379=LINE('',#9960,#694);
#380=LINE('',#9969,#695);
#381=LINE('',#9971,#696);
#382=LINE('',#9973,#697);
#383=LINE('',#9975,#698);
#384=LINE('',#9979,#699);
#385=LINE('',#9988,#700);
#386=LINE('',#9990,#701);
#387=LINE('',#9992,#702);
#388=LINE('',#9994,#703);
#389=LINE('',#9998,#704);
#390=LINE('',#10007,#705);
#391=LINE('',#10009,#706);
#392=LINE('',#10011,#707);
#393=LINE('',#10013,#708);
#394=LINE('',#10017,#709);
#395=LINE('',#10031,#710);
#396=LINE('',#10033,#711);
#397=LINE('',#10035,#712);
#398=LINE('',#10037,#713);
#399=LINE('',#10041,#714);
#400=LINE('',#10055,#715);
#401=LINE('',#10057,#716);
#402=LINE('',#10059,#717);
#403=LINE('',#10061,#718);
#404=LINE('',#10065,#719);
#405=LINE('',#10079,#720);
#406=LINE('',#10081,#721);
#407=LINE('',#10083,#722);
#408=LINE('',#10085,#723);
#409=LINE('',#10089,#724);
#410=LINE('',#10103,#725);
#411=LINE('',#10105,#726);
#412=LINE('',#10107,#727);
#413=LINE('',#10109,#728);
#414=LINE('',#10113,#729);
#415=LINE('',#10127,#730);
#416=LINE('',#10129,#731);
#417=LINE('',#10131,#732);
#418=LINE('',#10133,#733);
#419=LINE('',#10142,#734);
#420=LINE('',#10149,#735);
#421=LINE('',#10151,#736);
#422=VECTOR('',#5167,1000.);
#423=VECTOR('',#5168,1000.);
#424=VECTOR('',#5173,1000.);
#425=VECTOR('',#5174,1000.);
#426=VECTOR('',#5181,1000.);
#427=VECTOR('',#5182,1000.);
#428=VECTOR('',#5183,1000.);
#429=VECTOR('',#5186,1000.);
#430=VECTOR('',#5187,1000.);
#431=VECTOR('',#5188,1000.);
#432=VECTOR('',#5189,1000.);
#433=VECTOR('',#5204,1000.);
#434=VECTOR('',#5205,1000.);
#435=VECTOR('',#5210,1000.);
#436=VECTOR('',#5211,1000.);
#437=VECTOR('',#5218,1000.);
#438=VECTOR('',#5219,1000.);
#439=VECTOR('',#5220,1000.);
#440=VECTOR('',#5223,1000.);
#441=VECTOR('',#5224,1000.);
#442=VECTOR('',#5225,1000.);
#443=VECTOR('',#5226,1000.);
#444=VECTOR('',#5241,1000.);
#445=VECTOR('',#5242,1000.);
#446=VECTOR('',#5247,1000.);
#447=VECTOR('',#5248,1000.);
#448=VECTOR('',#5255,1000.);
#449=VECTOR('',#5256,1000.);
#450=VECTOR('',#5257,1000.);
#451=VECTOR('',#5260,1000.);
#452=VECTOR('',#5261,1000.);
#453=VECTOR('',#5262,1000.);
#454=VECTOR('',#5263,1000.);
#455=VECTOR('',#5278,1000.);
#456=VECTOR('',#5279,1000.);
#457=VECTOR('',#5284,1000.);
#458=VECTOR('',#5285,1000.);
#459=VECTOR('',#5292,1000.);
#460=VECTOR('',#5293,1000.);
#461=VECTOR('',#5294,1000.);
#462=VECTOR('',#5297,1000.);
#463=VECTOR('',#5298,1000.);
#464=VECTOR('',#5299,1000.);
#465=VECTOR('',#5300,1000.);
#466=VECTOR('',#5315,1000.);
#467=VECTOR('',#5316,1000.);
#468=VECTOR('',#5321,1000.);
#469=VECTOR('',#5322,1000.);
#470=VECTOR('',#5329,1000.);
#471=VECTOR('',#5330,1000.);
#472=VECTOR('',#5331,1000.);
#473=VECTOR('',#5334,1000.);
#474=VECTOR('',#5335,1000.);
#475=VECTOR('',#5336,1000.);
#476=VECTOR('',#5337,1000.);
#477=VECTOR('',#5352,1000.);
#478=VECTOR('',#5353,1000.);
#479=VECTOR('',#5358,1000.);
#480=VECTOR('',#5359,1000.);
#481=VECTOR('',#5366,1000.);
#482=VECTOR('',#5367,1000.);
#483=VECTOR('',#5368,1000.);
#484=VECTOR('',#5371,1000.);
#485=VECTOR('',#5372,1000.);
#486=VECTOR('',#5373,1000.);
#487=VECTOR('',#5374,1000.);
#488=VECTOR('',#5389,1000.);
#489=VECTOR('',#5390,1000.);
#490=VECTOR('',#5395,1000.);
#491=VECTOR('',#5396,1000.);
#492=VECTOR('',#5403,1000.);
#493=VECTOR('',#5404,1000.);
#494=VECTOR('',#5405,1000.);
#495=VECTOR('',#5408,1000.);
#496=VECTOR('',#5409,1000.);
#497=VECTOR('',#5410,1000.);
#498=VECTOR('',#5411,1000.);
#499=VECTOR('',#5426,1000.);
#500=VECTOR('',#5427,1000.);
#501=VECTOR('',#5432,1000.);
#502=VECTOR('',#5433,1000.);
#503=VECTOR('',#5440,1000.);
#504=VECTOR('',#5441,1000.);
#505=VECTOR('',#5442,1000.);
#506=VECTOR('',#5445,1000.);
#507=VECTOR('',#5446,1000.);
#508=VECTOR('',#5447,1000.);
#509=VECTOR('',#5448,1000.);
#510=VECTOR('',#5463,1000.);
#511=VECTOR('',#5464,1000.);
#512=VECTOR('',#5469,1000.);
#513=VECTOR('',#5470,1000.);
#514=VECTOR('',#5477,1000.);
#515=VECTOR('',#5478,1000.);
#516=VECTOR('',#5479,1000.);
#517=VECTOR('',#5482,1000.);
#518=VECTOR('',#5483,1000.);
#519=VECTOR('',#5484,1000.);
#520=VECTOR('',#5485,1000.);
#521=VECTOR('',#5500,1000.);
#522=VECTOR('',#5501,1000.);
#523=VECTOR('',#5506,1000.);
#524=VECTOR('',#5507,1000.);
#525=VECTOR('',#5514,1000.);
#526=VECTOR('',#5515,1000.);
#527=VECTOR('',#5516,1000.);
#528=VECTOR('',#5519,1000.);
#529=VECTOR('',#5520,1000.);
#530=VECTOR('',#5521,1000.);
#531=VECTOR('',#5522,1000.);
#532=VECTOR('',#5537,1000.);
#533=VECTOR('',#5538,1000.);
#534=VECTOR('',#5543,1000.);
#535=VECTOR('',#5544,1000.);
#536=VECTOR('',#5551,1000.);
#537=VECTOR('',#5552,1000.);
#538=VECTOR('',#5553,1000.);
#539=VECTOR('',#5556,1000.);
#540=VECTOR('',#5557,1000.);
#541=VECTOR('',#5558,1000.);
#542=VECTOR('',#5559,1000.);
#543=VECTOR('',#5574,1000.);
#544=VECTOR('',#5575,1000.);
#545=VECTOR('',#5580,1000.);
#546=VECTOR('',#5581,1000.);
#547=VECTOR('',#5588,1000.);
#548=VECTOR('',#5589,1000.);
#549=VECTOR('',#5590,1000.);
#550=VECTOR('',#5593,1000.);
#551=VECTOR('',#5594,1000.);
#552=VECTOR('',#5595,1000.);
#553=VECTOR('',#5596,1000.);
#554=VECTOR('',#5611,1000.);
#555=VECTOR('',#5612,1000.);
#556=VECTOR('',#5617,1000.);
#557=VECTOR('',#5618,1000.);
#558=VECTOR('',#5625,1000.);
#559=VECTOR('',#5626,1000.);
#560=VECTOR('',#5627,1000.);
#561=VECTOR('',#5630,1000.);
#562=VECTOR('',#5631,1000.);
#563=VECTOR('',#5632,1000.);
#564=VECTOR('',#5633,1000.);
#565=VECTOR('',#5648,1000.);
#566=VECTOR('',#5649,1000.);
#567=VECTOR('',#5654,1000.);
#568=VECTOR('',#5655,1000.);
#569=VECTOR('',#5662,1000.);
#570=VECTOR('',#5663,1000.);
#571=VECTOR('',#5664,1000.);
#572=VECTOR('',#5667,1000.);
#573=VECTOR('',#5668,1000.);
#574=VECTOR('',#5669,1000.);
#575=VECTOR('',#5670,1000.);
#576=VECTOR('',#5677,1000.);
#577=VECTOR('',#5678,1000.);
#578=VECTOR('',#5679,1000.);
#579=VECTOR('',#5680,1000.);
#580=VECTOR('',#5681,1000.);
#581=VECTOR('',#5684,1000.);
#582=VECTOR('',#5685,1000.);
#583=VECTOR('',#5686,1000.);
#584=VECTOR('',#5687,1000.);
#585=VECTOR('',#5762,1000.);
#586=VECTOR('',#5769,1000.);
#587=VECTOR('',#5774,1000.);
#588=VECTOR('',#5781,1000.);
#589=VECTOR('',#5786,1000.);
#590=VECTOR('',#5793,1000.);
#591=VECTOR('',#5798,1000.);
#592=VECTOR('',#5805,1000.);
#593=VECTOR('',#5810,1000.);
#594=VECTOR('',#5817,1000.);
#595=VECTOR('',#5822,1000.);
#596=VECTOR('',#5829,1000.);
#597=VECTOR('',#5834,1000.);
#598=VECTOR('',#5841,1000.);
#599=VECTOR('',#5846,1000.);
#600=VECTOR('',#5853,1000.);
#601=VECTOR('',#5858,1000.);
#602=VECTOR('',#5865,1000.);
#603=VECTOR('',#5870,1000.);
#604=VECTOR('',#5877,1000.);
#605=VECTOR('',#5882,1000.);
#606=VECTOR('',#5889,1000.);
#607=VECTOR('',#5894,1000.);
#608=VECTOR('',#5901,1000.);
#609=VECTOR('',#5906,1000.);
#610=VECTOR('',#5913,1000.);
#611=VECTOR('',#5918,1000.);
#612=VECTOR('',#5925,1000.);
#613=VECTOR('',#5930,1000.);
#614=VECTOR('',#5933,1000.);
#615=VECTOR('',#5938,1000.);
#616=VECTOR('',#5939,1000.);
#617=VECTOR('',#5944,1000.);
#618=VECTOR('',#5947,1000.);
#619=VECTOR('',#5952,1000.);
#620=VECTOR('',#5953,1000.);
#621=VECTOR('',#5958,1000.);
#622=VECTOR('',#5961,1000.);
#623=VECTOR('',#5966,1000.);
#624=VECTOR('',#5967,1000.);
#625=VECTOR('',#5972,1000.);
#626=VECTOR('',#5975,1000.);
#627=VECTOR('',#5980,1000.);
#628=VECTOR('',#5981,1000.);
#629=VECTOR('',#5986,1000.);
#630=VECTOR('',#5989,1000.);
#631=VECTOR('',#5994,1000.);
#632=VECTOR('',#5995,1000.);
#633=VECTOR('',#6080,1000.);
#634=VECTOR('',#6095,1000.);
#635=VECTOR('',#6096,1000.);
#636=VECTOR('',#6097,1000.);
#637=VECTOR('',#6098,1000.);
#638=VECTOR('',#6101,1000.);
#639=VECTOR('',#6106,1000.);
#640=VECTOR('',#6113,1000.);
#641=VECTOR('',#6114,1000.);
#642=VECTOR('',#6115,1000.);
#643=VECTOR('',#6118,1000.);
#644=VECTOR('',#6123,1000.);
#645=VECTOR('',#6130,1000.);
#646=VECTOR('',#6131,1000.);
#647=VECTOR('',#6132,1000.);
#648=VECTOR('',#6135,1000.);
#649=VECTOR('',#6140,1000.);
#650=VECTOR('',#6147,1000.);
#651=VECTOR('',#6148,1000.);
#652=VECTOR('',#6149,1000.);
#653=VECTOR('',#6152,1000.);
#654=VECTOR('',#6157,1000.);
#655=VECTOR('',#6164,1000.);
#656=VECTOR('',#6165,1000.);
#657=VECTOR('',#6166,1000.);
#658=VECTOR('',#6169,1000.);
#659=VECTOR('',#6174,1000.);
#660=VECTOR('',#6181,1000.);
#661=VECTOR('',#6182,1000.);
#662=VECTOR('',#6183,1000.);
#663=VECTOR('',#6186,1000.);
#664=VECTOR('',#6191,1000.);
#665=VECTOR('',#6198,1000.);
#666=VECTOR('',#6199,1000.);
#667=VECTOR('',#6200,1000.);
#668=VECTOR('',#6203,1000.);
#669=VECTOR('',#6208,1000.);
#670=VECTOR('',#6215,1000.);
#671=VECTOR('',#6216,1000.);
#672=VECTOR('',#6217,1000.);
#673=VECTOR('',#6220,1000.);
#674=VECTOR('',#6225,1000.);
#675=VECTOR('',#6232,1000.);
#676=VECTOR('',#6233,1000.);
#677=VECTOR('',#6234,1000.);
#678=VECTOR('',#6237,1000.);
#679=VECTOR('',#6242,1000.);
#680=VECTOR('',#6249,1000.);
#681=VECTOR('',#6250,1000.);
#682=VECTOR('',#6251,1000.);
#683=VECTOR('',#6254,1000.);
#684=VECTOR('',#6259,1000.);
#685=VECTOR('',#6266,1000.);
#686=VECTOR('',#6267,1000.);
#687=VECTOR('',#6268,1000.);
#688=VECTOR('',#6271,1000.);
#689=VECTOR('',#6276,1000.);
#690=VECTOR('',#6283,1000.);
#691=VECTOR('',#6284,1000.);
#692=VECTOR('',#6285,1000.);
#693=VECTOR('',#6288,1000.);
#694=VECTOR('',#6293,1000.);
#695=VECTOR('',#6300,1000.);
#696=VECTOR('',#6301,1000.);
#697=VECTOR('',#6302,1000.);
#698=VECTOR('',#6305,1000.);
#699=VECTOR('',#6310,1000.);
#700=VECTOR('',#6317,1000.);
#701=VECTOR('',#6318,1000.);
#702=VECTOR('',#6319,1000.);
#703=VECTOR('',#6322,1000.);
#704=VECTOR('',#6327,1000.);
#705=VECTOR('',#6334,1000.);
#706=VECTOR('',#6335,1000.);
#707=VECTOR('',#6336,1000.);
#708=VECTOR('',#6339,1000.);
#709=VECTOR('',#6344,1000.);
#710=VECTOR('',#6351,1000.);
#711=VECTOR('',#6352,1000.);
#712=VECTOR('',#6353,1000.);
#713=VECTOR('',#6356,1000.);
#714=VECTOR('',#6361,1000.);
#715=VECTOR('',#6368,1000.);
#716=VECTOR('',#6369,1000.);
#717=VECTOR('',#6370,1000.);
#718=VECTOR('',#6373,1000.);
#719=VECTOR('',#6378,1000.);
#720=VECTOR('',#6385,1000.);
#721=VECTOR('',#6386,1000.);
#722=VECTOR('',#6387,1000.);
#723=VECTOR('',#6390,1000.);
#724=VECTOR('',#6395,1000.);
#725=VECTOR('',#6402,1000.);
#726=VECTOR('',#6403,1000.);
#727=VECTOR('',#6404,1000.);
#728=VECTOR('',#6407,1000.);
#729=VECTOR('',#6412,1000.);
#730=VECTOR('',#6419,1000.);
#731=VECTOR('',#6420,1000.);
#732=VECTOR('',#6421,1000.);
#733=VECTOR('',#6424,1000.);
#734=VECTOR('',#6429,1000.);
#735=VECTOR('',#6430,1000.);
#736=VECTOR('',#6431,1000.);
#737=PLANE('',#4664);
#738=PLANE('',#4670);
#739=PLANE('',#4671);
#740=PLANE('',#4672);
#741=PLANE('',#4677);
#742=PLANE('',#4683);
#743=PLANE('',#4684);
#744=PLANE('',#4685);
#745=PLANE('',#4690);
#746=PLANE('',#4696);
#747=PLANE('',#4697);
#748=PLANE('',#4698);
#749=PLANE('',#4703);
#750=PLANE('',#4709);
#751=PLANE('',#4710);
#752=PLANE('',#4711);
#753=PLANE('',#4716);
#754=PLANE('',#4722);
#755=PLANE('',#4723);
#756=PLANE('',#4724);
#757=PLANE('',#4729);
#758=PLANE('',#4735);
#759=PLANE('',#4736);
#760=PLANE('',#4737);
#761=PLANE('',#4742);
#762=PLANE('',#4748);
#763=PLANE('',#4749);
#764=PLANE('',#4750);
#765=PLANE('',#4755);
#766=PLANE('',#4761);
#767=PLANE('',#4762);
#768=PLANE('',#4763);
#769=PLANE('',#4768);
#770=PLANE('',#4774);
#771=PLANE('',#4775);
#772=PLANE('',#4776);
#773=PLANE('',#4781);
#774=PLANE('',#4787);
#775=PLANE('',#4788);
#776=PLANE('',#4789);
#777=PLANE('',#4794);
#778=PLANE('',#4800);
#779=PLANE('',#4801);
#780=PLANE('',#4802);
#781=PLANE('',#4807);
#782=PLANE('',#4813);
#783=PLANE('',#4814);
#784=PLANE('',#4815);
#785=PLANE('',#4820);
#786=PLANE('',#4826);
#787=PLANE('',#4827);
#788=PLANE('',#4828);
#789=PLANE('',#4833);
#790=PLANE('',#4839);
#791=PLANE('',#4840);
#792=PLANE('',#4841);
#793=PLANE('',#4843);
#794=PLANE('',#4844);
#795=PLANE('',#4845);
#796=PLANE('',#4850);
#797=PLANE('',#4852);
#798=PLANE('',#4858);
#799=PLANE('',#4864);
#800=PLANE('',#4866);
#801=PLANE('',#4878);
#802=PLANE('',#4880);
#803=PLANE('',#4885);
#804=PLANE('',#4890);
#805=PLANE('',#4895);
#806=PLANE('',#4900);
#807=PLANE('',#4905);
#808=PLANE('',#4910);
#809=PLANE('',#4915);
#810=PLANE('',#4920);
#811=PLANE('',#4925);
#812=PLANE('',#4930);
#813=PLANE('',#4935);
#814=PLANE('',#4940);
#815=PLANE('',#4945);
#816=PLANE('',#4950);
#817=PLANE('',#4955);
#818=PLANE('',#4960);
#819=PLANE('',#4965);
#820=PLANE('',#4970);
#821=PLANE('',#4975);
#822=PLANE('',#5023);
#823=PLANE('',#5024);
#824=PLANE('',#5026);
#825=PLANE('',#5029);
#826=PLANE('',#5030);
#827=PLANE('',#5032);
#828=PLANE('',#5035);
#829=PLANE('',#5036);
#830=PLANE('',#5038);
#831=PLANE('',#5041);
#832=PLANE('',#5042);
#833=PLANE('',#5044);
#834=PLANE('',#5047);
#835=PLANE('',#5048);
#836=PLANE('',#5050);
#837=PLANE('',#5053);
#838=PLANE('',#5054);
#839=PLANE('',#5056);
#840=PLANE('',#5059);
#841=PLANE('',#5060);
#842=PLANE('',#5062);
#843=PLANE('',#5065);
#844=PLANE('',#5066);
#845=PLANE('',#5068);
#846=PLANE('',#5071);
#847=PLANE('',#5072);
#848=PLANE('',#5074);
#849=PLANE('',#5077);
#850=PLANE('',#5078);
#851=PLANE('',#5080);
#852=PLANE('',#5083);
#853=PLANE('',#5084);
#854=PLANE('',#5086);
#855=PLANE('',#5089);
#856=PLANE('',#5090);
#857=PLANE('',#5092);
#858=PLANE('',#5095);
#859=PLANE('',#5096);
#860=PLANE('',#5098);
#861=PLANE('',#5101);
#862=PLANE('',#5102);
#863=PLANE('',#5104);
#864=PLANE('',#5107);
#865=PLANE('',#5108);
#866=PLANE('',#5110);
#867=PLANE('',#5113);
#868=PLANE('',#5114);
#869=PLANE('',#5116);
#870=PLANE('',#5119);
#871=PLANE('',#5120);
#872=PLANE('',#5122);
#873=PLANE('',#5125);
#874=PLANE('',#5126);
#875=PLANE('',#5128);
#876=PLANE('',#5131);
#877=PLANE('',#5132);
#878=PLANE('',#5134);
#879=PLANE('',#5137);
#880=PLANE('',#5138);
#881=PLANE('',#5140);
#882=PLANE('',#5148);
#883=PLANE('',#5149);
#884=B_SPLINE_CURVE_WITH_KNOTS('',3,(#6465,#6466,#6467,#6468),
 .UNSPECIFIED.,.F.,.F.,(4,4),(7.27851462697477E-6,0.000124699254881806),
 .UNSPECIFIED.);
#885=B_SPLINE_CURVE_WITH_KNOTS('',3,(#6472,#6473,#6474,#6475),
 .UNSPECIFIED.,.F.,.F.,(4,4),(4.14015862771244E-5,0.000165251125901553),
 .UNSPECIFIED.);
#886=B_SPLINE_CURVE_WITH_KNOTS('',3,(#6489,#6490,#6491,#6492),
 .UNSPECIFIED.,.F.,.F.,(4,4),(2.85427945652668E-7,0.000501457047299864),
 .UNSPECIFIED.);
#887=B_SPLINE_CURVE_WITH_KNOTS('',3,(#6496,#6497,#6498,#6499),
 .UNSPECIFIED.,.F.,.F.,(4,4),(3.57142453168833E-7,0.000471581482893585),
 .UNSPECIFIED.);
#888=B_SPLINE_CURVE_WITH_KNOTS('',3,(#6507,#6508,#6509,#6510),
 .UNSPECIFIED.,.F.,.F.,(4,4),(2.85427945652974E-7,0.000501457047299865),
 .UNSPECIFIED.);
#889=B_SPLINE_CURVE_WITH_KNOTS('',3,(#6516,#6517,#6518,#6519),
 .UNSPECIFIED.,.F.,.F.,(4,4),(0.000130365119478968,0.000255052524637462),
 .UNSPECIFIED.);
#890=B_SPLINE_CURVE_WITH_KNOTS('',3,(#6530,#6531,#6532,#6533),
 .UNSPECIFIED.,.F.,.F.,(4,4),(7.27851462697477E-6,0.000124699254881806),
 .UNSPECIFIED.);
#891=B_SPLINE_CURVE_WITH_KNOTS('',3,(#6537,#6538,#6539,#6540),
 .UNSPECIFIED.,.F.,.F.,(4,4),(4.14015862771247E-5,0.000165251125901553),
 .UNSPECIFIED.);
#892=B_SPLINE_CURVE_WITH_KNOTS('',3,(#6554,#6555,#6556,#6557),
 .UNSPECIFIED.,.F.,.F.,(4,4),(2.85427945653048E-7,0.000501457047299864),
 .UNSPECIFIED.);
#893=B_SPLINE_CURVE_WITH_KNOTS('',3,(#6561,#6562,#6563,#6564),
 .UNSPECIFIED.,.F.,.F.,(4,4),(3.57142453169134E-7,0.000471581482893585),
 .UNSPECIFIED.);
#894=B_SPLINE_CURVE_WITH_KNOTS('',3,(#6572,#6573,#6574,#6575),
 .UNSPECIFIED.,.F.,.F.,(4,4),(2.85427945652765E-7,0.000501457047299864),
 .UNSPECIFIED.);
#895=B_SPLINE_CURVE_WITH_KNOTS('',3,(#6581,#6582,#6583,#6584),
 .UNSPECIFIED.,.F.,.F.,(4,4),(0.000130365119478968,0.000255052524637462),
 .UNSPECIFIED.);
#896=B_SPLINE_CURVE_WITH_KNOTS('',3,(#6595,#6596,#6597,#6598),
 .UNSPECIFIED.,.F.,.F.,(4,4),(7.27851462697499E-6,0.000124699254881806),
 .UNSPECIFIED.);
#897=B_SPLINE_CURVE_WITH_KNOTS('',3,(#6602,#6603,#6604,#6605),
 .UNSPECIFIED.,.F.,.F.,(4,4),(4.14015862771243E-5,0.000165251125901553),
 .UNSPECIFIED.);
#898=B_SPLINE_CURVE_WITH_KNOTS('',3,(#6619,#6620,#6621,#6622),
 .UNSPECIFIED.,.F.,.F.,(4,4),(2.85427945652643E-7,0.000501457047299864),
 .UNSPECIFIED.);
#899=B_SPLINE_CURVE_WITH_KNOTS('',3,(#6626,#6627,#6628,#6629),
 .UNSPECIFIED.,.F.,.F.,(4,4),(3.57142453169105E-7,0.000471581482893586),
 .UNSPECIFIED.);
#900=B_SPLINE_CURVE_WITH_KNOTS('',3,(#6637,#6638,#6639,#6640),
 .UNSPECIFIED.,.F.,.F.,(4,4),(2.85427945652929E-7,0.000501457047299864),
 .UNSPECIFIED.);
#901=B_SPLINE_CURVE_WITH_KNOTS('',3,(#6646,#6647,#6648,#6649),
 .UNSPECIFIED.,.F.,.F.,(4,4),(0.000130365119478967,0.000255052524637462),
 .UNSPECIFIED.);
#902=B_SPLINE_CURVE_WITH_KNOTS('',3,(#6660,#6661,#6662,#6663),
 .UNSPECIFIED.,.F.,.F.,(4,4),(7.27851462697477E-6,0.000124699254881806),
 .UNSPECIFIED.);
#903=B_SPLINE_CURVE_WITH_KNOTS('',3,(#6667,#6668,#6669,#6670),
 .UNSPECIFIED.,.F.,.F.,(4,4),(4.14015862771252E-5,0.000165251125901553),
 .UNSPECIFIED.);
#904=B_SPLINE_CURVE_WITH_KNOTS('',3,(#6684,#6685,#6686,#6687),
 .UNSPECIFIED.,.F.,.F.,(4,4),(2.85427945652669E-7,0.000501457047299864),
 .UNSPECIFIED.);
#905=B_SPLINE_CURVE_WITH_KNOTS('',3,(#6691,#6692,#6693,#6694),
 .UNSPECIFIED.,.F.,.F.,(4,4),(3.57142453169143E-7,0.000471581482893585),
 .UNSPECIFIED.);
#906=B_SPLINE_CURVE_WITH_KNOTS('',3,(#6702,#6703,#6704,#6705),
 .UNSPECIFIED.,.F.,.F.,(4,4),(2.85427945652939E-7,0.000501457047299865),
 .UNSPECIFIED.);
#907=B_SPLINE_CURVE_WITH_KNOTS('',3,(#6711,#6712,#6713,#6714),
 .UNSPECIFIED.,.F.,.F.,(4,4),(0.000130365119478968,0.000255052524637462),
 .UNSPECIFIED.);
#908=B_SPLINE_CURVE_WITH_KNOTS('',3,(#6725,#6726,#6727,#6728),
 .UNSPECIFIED.,.F.,.F.,(4,4),(7.27851462697477E-6,0.000124699254881806),
 .UNSPECIFIED.);
#909=B_SPLINE_CURVE_WITH_KNOTS('',3,(#6732,#6733,#6734,#6735),
 .UNSPECIFIED.,.F.,.F.,(4,4),(4.14015862771247E-5,0.000165251125901553),
 .UNSPECIFIED.);
#910=B_SPLINE_CURVE_WITH_KNOTS('',3,(#6749,#6750,#6751,#6752),
 .UNSPECIFIED.,.F.,.F.,(4,4),(2.85427945652717E-7,0.000501457047299864),
 .UNSPECIFIED.);
#911=B_SPLINE_CURVE_WITH_KNOTS('',3,(#6756,#6757,#6758,#6759),
 .UNSPECIFIED.,.F.,.F.,(4,4),(3.5714245316898E-7,0.000471581482893585),
 .UNSPECIFIED.);
#912=B_SPLINE_CURVE_WITH_KNOTS('',3,(#6767,#6768,#6769,#6770),
 .UNSPECIFIED.,.F.,.F.,(4,4),(2.85427945652838E-7,0.000501457047299865),
 .UNSPECIFIED.);
#913=B_SPLINE_CURVE_WITH_KNOTS('',3,(#6776,#6777,#6778,#6779),
 .UNSPECIFIED.,.F.,.F.,(4,4),(0.000130365119478968,0.000255052524637462),
 .UNSPECIFIED.);
#914=B_SPLINE_CURVE_WITH_KNOTS('',3,(#6790,#6791,#6792,#6793),
 .UNSPECIFIED.,.F.,.F.,(4,4),(7.27851462697477E-6,0.000124699254881806),
 .UNSPECIFIED.);
#915=B_SPLINE_CURVE_WITH_KNOTS('',3,(#6797,#6798,#6799,#6800),
 .UNSPECIFIED.,.F.,.F.,(4,4),(4.14015862771251E-5,0.000165251125901553),
 .UNSPECIFIED.);
#916=B_SPLINE_CURVE_WITH_KNOTS('',3,(#6814,#6815,#6816,#6817),
 .UNSPECIFIED.,.F.,.F.,(4,4),(2.85427945652809E-7,0.000501457047299864),
 .UNSPECIFIED.);
#917=B_SPLINE_CURVE_WITH_KNOTS('',3,(#6821,#6822,#6823,#6824),
 .UNSPECIFIED.,.F.,.F.,(4,4),(3.57142453169303E-7,0.000471581482893585),
 .UNSPECIFIED.);
#918=B_SPLINE_CURVE_WITH_KNOTS('',3,(#6832,#6833,#6834,#6835),
 .UNSPECIFIED.,.F.,.F.,(4,4),(2.85427945652678E-7,0.000501457047299865),
 .UNSPECIFIED.);
#919=B_SPLINE_CURVE_WITH_KNOTS('',3,(#6841,#6842,#6843,#6844),
 .UNSPECIFIED.,.F.,.F.,(4,4),(0.000130365119478968,0.000255052524637462),
 .UNSPECIFIED.);
#920=B_SPLINE_CURVE_WITH_KNOTS('',3,(#6855,#6856,#6857,#6858),
 .UNSPECIFIED.,.F.,.F.,(4,4),(7.27851462697477E-6,0.000124699254881806),
 .UNSPECIFIED.);
#921=B_SPLINE_CURVE_WITH_KNOTS('',3,(#6862,#6863,#6864,#6865),
 .UNSPECIFIED.,.F.,.F.,(4,4),(4.14015862771248E-5,0.000165251125901553),
 .UNSPECIFIED.);
#922=B_SPLINE_CURVE_WITH_KNOTS('',3,(#6879,#6880,#6881,#6882),
 .UNSPECIFIED.,.F.,.F.,(4,4),(2.85427945652737E-7,0.000501457047299864),
 .UNSPECIFIED.);
#923=B_SPLINE_CURVE_WITH_KNOTS('',3,(#6886,#6887,#6888,#6889),
 .UNSPECIFIED.,.F.,.F.,(4,4),(3.57142453169296E-7,0.000471581482893585),
 .UNSPECIFIED.);
#924=B_SPLINE_CURVE_WITH_KNOTS('',3,(#6897,#6898,#6899,#6900),
 .UNSPECIFIED.,.F.,.F.,(4,4),(2.85427945653E-7,0.000501457047299865),
 .UNSPECIFIED.);
#925=B_SPLINE_CURVE_WITH_KNOTS('',3,(#6906,#6907,#6908,#6909),
 .UNSPECIFIED.,.F.,.F.,(4,4),(0.000130365119478968,0.000255052524637462),
 .UNSPECIFIED.);
#926=B_SPLINE_CURVE_WITH_KNOTS('',3,(#6920,#6921,#6922,#6923),
 .UNSPECIFIED.,.F.,.F.,(4,4),(7.27851462697477E-6,0.000124699254881806),
 .UNSPECIFIED.);
#927=B_SPLINE_CURVE_WITH_KNOTS('',3,(#6927,#6928,#6929,#6930),
 .UNSPECIFIED.,.F.,.F.,(4,4),(4.14015862771243E-5,0.000165251125901553),
 .UNSPECIFIED.);
#928=B_SPLINE_CURVE_WITH_KNOTS('',3,(#6944,#6945,#6946,#6947),
 .UNSPECIFIED.,.F.,.F.,(4,4),(2.85427945652762E-7,0.000501457047299864),
 .UNSPECIFIED.);
#929=B_SPLINE_CURVE_WITH_KNOTS('',3,(#6951,#6952,#6953,#6954),
 .UNSPECIFIED.,.F.,.F.,(4,4),(3.57142453169185E-7,0.000471581482893585),
 .UNSPECIFIED.);
#930=B_SPLINE_CURVE_WITH_KNOTS('',3,(#6962,#6963,#6964,#6965),
 .UNSPECIFIED.,.F.,.F.,(4,4),(2.85427945652937E-7,0.000501457047299864),
 .UNSPECIFIED.);
#931=B_SPLINE_CURVE_WITH_KNOTS('',3,(#6971,#6972,#6973,#6974),
 .UNSPECIFIED.,.F.,.F.,(4,4),(0.000130365119478968,0.000255052524637462),
 .UNSPECIFIED.);
#932=B_SPLINE_CURVE_WITH_KNOTS('',3,(#6985,#6986,#6987,#6988),
 .UNSPECIFIED.,.F.,.F.,(4,4),(7.27851462697476E-6,0.000124699254881807),
 .UNSPECIFIED.);
#933=B_SPLINE_CURVE_WITH_KNOTS('',3,(#6992,#6993,#6994,#6995),
 .UNSPECIFIED.,.F.,.F.,(4,4),(4.14015862771245E-5,0.000165251125901553),
 .UNSPECIFIED.);
#934=B_SPLINE_CURVE_WITH_KNOTS('',3,(#7009,#7010,#7011,#7012),
 .UNSPECIFIED.,.F.,.F.,(4,4),(2.85427945652644E-7,0.000501457047299865),
 .UNSPECIFIED.);
#935=B_SPLINE_CURVE_WITH_KNOTS('',3,(#7016,#7017,#7018,#7019),
 .UNSPECIFIED.,.F.,.F.,(4,4),(3.57142453169466E-7,0.000471581482893585),
 .UNSPECIFIED.);
#936=B_SPLINE_CURVE_WITH_KNOTS('',3,(#7027,#7028,#7029,#7030),
 .UNSPECIFIED.,.F.,.F.,(4,4),(2.85427945652888E-7,0.000501457047299864),
 .UNSPECIFIED.);
#937=B_SPLINE_CURVE_WITH_KNOTS('',3,(#7036,#7037,#7038,#7039),
 .UNSPECIFIED.,.F.,.F.,(4,4),(0.000130365119478968,0.000255052524637462),
 .UNSPECIFIED.);
#938=B_SPLINE_CURVE_WITH_KNOTS('',3,(#7050,#7051,#7052,#7053),
 .UNSPECIFIED.,.F.,.F.,(4,4),(7.27851462697476E-6,0.000124699254881806),
 .UNSPECIFIED.);
#939=B_SPLINE_CURVE_WITH_KNOTS('',3,(#7057,#7058,#7059,#7060),
 .UNSPECIFIED.,.F.,.F.,(4,4),(4.14015862771248E-5,0.000165251125901553),
 .UNSPECIFIED.);
#940=B_SPLINE_CURVE_WITH_KNOTS('',3,(#7074,#7075,#7076,#7077),
 .UNSPECIFIED.,.F.,.F.,(4,4),(2.85427945652833E-7,0.000501457047299864),
 .UNSPECIFIED.);
#941=B_SPLINE_CURVE_WITH_KNOTS('',3,(#7081,#7082,#7083,#7084),
 .UNSPECIFIED.,.F.,.F.,(4,4),(3.57142453169343E-7,0.000471581482893585),
 .UNSPECIFIED.);
#942=B_SPLINE_CURVE_WITH_KNOTS('',3,(#7092,#7093,#7094,#7095),
 .UNSPECIFIED.,.F.,.F.,(4,4),(2.8542794565295E-7,0.000501457047299864),
 .UNSPECIFIED.);
#943=B_SPLINE_CURVE_WITH_KNOTS('',3,(#7101,#7102,#7103,#7104),
 .UNSPECIFIED.,.F.,.F.,(4,4),(0.000130365119478968,0.000255052524637462),
 .UNSPECIFIED.);
#944=B_SPLINE_CURVE_WITH_KNOTS('',3,(#7115,#7116,#7117,#7118),
 .UNSPECIFIED.,.F.,.F.,(4,4),(7.27851462697477E-6,0.000124699254881806),
 .UNSPECIFIED.);
#945=B_SPLINE_CURVE_WITH_KNOTS('',3,(#7122,#7123,#7124,#7125),
 .UNSPECIFIED.,.F.,.F.,(4,4),(4.14015862771248E-5,0.000165251125901553),
 .UNSPECIFIED.);
#946=B_SPLINE_CURVE_WITH_KNOTS('',3,(#7139,#7140,#7141,#7142),
 .UNSPECIFIED.,.F.,.F.,(4,4),(2.85427945652728E-7,0.000501457047299865),
 .UNSPECIFIED.);
#947=B_SPLINE_CURVE_WITH_KNOTS('',3,(#7146,#7147,#7148,#7149),
 .UNSPECIFIED.,.F.,.F.,(4,4),(3.5714245316944E-7,0.000471581482893585),
 .UNSPECIFIED.);
#948=B_SPLINE_CURVE_WITH_KNOTS('',3,(#7157,#7158,#7159,#7160),
 .UNSPECIFIED.,.F.,.F.,(4,4),(2.85427945652944E-7,0.000501457047299865),
 .UNSPECIFIED.);
#949=B_SPLINE_CURVE_WITH_KNOTS('',3,(#7166,#7167,#7168,#7169),
 .UNSPECIFIED.,.F.,.F.,(4,4),(0.000130365119478968,0.000255052524637462),
 .UNSPECIFIED.);
#950=B_SPLINE_CURVE_WITH_KNOTS('',3,(#7180,#7181,#7182,#7183),
 .UNSPECIFIED.,.F.,.F.,(4,4),(7.27851462697477E-6,0.000124699254881806),
 .UNSPECIFIED.);
#951=B_SPLINE_CURVE_WITH_KNOTS('',3,(#7187,#7188,#7189,#7190),
 .UNSPECIFIED.,.F.,.F.,(4,4),(4.14015862771246E-5,0.000165251125901553),
 .UNSPECIFIED.);
#952=B_SPLINE_CURVE_WITH_KNOTS('',3,(#7204,#7205,#7206,#7207),
 .UNSPECIFIED.,.F.,.F.,(4,4),(2.85427945652933E-7,0.000501457047299864),
 .UNSPECIFIED.);
#953=B_SPLINE_CURVE_WITH_KNOTS('',3,(#7211,#7212,#7213,#7214),
 .UNSPECIFIED.,.F.,.F.,(4,4),(3.57142453168986E-7,0.000471581482893585),
 .UNSPECIFIED.);
#954=B_SPLINE_CURVE_WITH_KNOTS('',3,(#7222,#7223,#7224,#7225),
 .UNSPECIFIED.,.F.,.F.,(4,4),(2.85427945652951E-7,0.000501457047299865),
 .UNSPECIFIED.);
#955=B_SPLINE_CURVE_WITH_KNOTS('',3,(#7231,#7232,#7233,#7234),
 .UNSPECIFIED.,.F.,.F.,(4,4),(0.000130365119478968,0.000255052524637462),
 .UNSPECIFIED.);
#956=B_SPLINE_CURVE_WITH_KNOTS('',3,(#7245,#7246,#7247,#7248),
 .UNSPECIFIED.,.F.,.F.,(4,4),(7.27851462697477E-6,0.000124699254881806),
 .UNSPECIFIED.);
#957=B_SPLINE_CURVE_WITH_KNOTS('',3,(#7252,#7253,#7254,#7255),
 .UNSPECIFIED.,.F.,.F.,(4,4),(4.14015862771246E-5,0.000165251125901553),
 .UNSPECIFIED.);
#958=B_SPLINE_CURVE_WITH_KNOTS('',3,(#7269,#7270,#7271,#7272),
 .UNSPECIFIED.,.F.,.F.,(4,4),(2.85427945652793E-7,0.000501457047299864),
 .UNSPECIFIED.);
#959=B_SPLINE_CURVE_WITH_KNOTS('',3,(#7276,#7277,#7278,#7279),
 .UNSPECIFIED.,.F.,.F.,(4,4),(3.57142453169555E-7,0.000471581482893585),
 .UNSPECIFIED.);
#960=B_SPLINE_CURVE_WITH_KNOTS('',3,(#7287,#7288,#7289,#7290),
 .UNSPECIFIED.,.F.,.F.,(4,4),(2.85427945652579E-7,0.000501457047299865),
 .UNSPECIFIED.);
#961=B_SPLINE_CURVE_WITH_KNOTS('',3,(#7296,#7297,#7298,#7299),
 .UNSPECIFIED.,.F.,.F.,(4,4),(0.000130365119478968,0.000255052524637462),
 .UNSPECIFIED.);
#962=B_SPLINE_CURVE_WITH_KNOTS('',3,(#7310,#7311,#7312,#7313),
 .UNSPECIFIED.,.F.,.F.,(4,4),(7.27851462697476E-6,0.000124699254881806),
 .UNSPECIFIED.);
#963=B_SPLINE_CURVE_WITH_KNOTS('',3,(#7317,#7318,#7319,#7320),
 .UNSPECIFIED.,.F.,.F.,(4,4),(4.14015862771249E-5,0.000165251125901553),
 .UNSPECIFIED.);
#964=B_SPLINE_CURVE_WITH_KNOTS('',3,(#7334,#7335,#7336,#7337),
 .UNSPECIFIED.,.F.,.F.,(4,4),(2.85427945652779E-7,0.000501457047299864),
 .UNSPECIFIED.);
#965=B_SPLINE_CURVE_WITH_KNOTS('',3,(#7341,#7342,#7343,#7344),
 .UNSPECIFIED.,.F.,.F.,(4,4),(3.57142453169332E-7,0.000471581482893586),
 .UNSPECIFIED.);
#966=B_SPLINE_CURVE_WITH_KNOTS('',3,(#7352,#7353,#7354,#7355),
 .UNSPECIFIED.,.F.,.F.,(4,4),(2.85427945653084E-7,0.000501457047299865),
 .UNSPECIFIED.);
#967=B_SPLINE_CURVE_WITH_KNOTS('',3,(#7361,#7362,#7363,#7364),
 .UNSPECIFIED.,.F.,.F.,(4,4),(0.000130365119478968,0.000255052524637462),
 .UNSPECIFIED.);
#968=B_SPLINE_CURVE_WITH_KNOTS('',3,(#7372,#7373,#7374,#7375),
 .UNSPECIFIED.,.F.,.F.,(4,4),(3.57142453169318E-7,0.000471581482893585),
 .UNSPECIFIED.);
#969=B_SPLINE_CURVE_WITH_KNOTS('',3,(#7384,#7385,#7386,#7387),
 .UNSPECIFIED.,.F.,.F.,(4,4),(7.27851462697476E-6,0.000124699254881806),
 .UNSPECIFIED.);
#970=B_SPLINE_CURVE_WITH_KNOTS('',3,(#7393,#7394,#7395,#7396),
 .UNSPECIFIED.,.F.,.F.,(4,4),(2.85427945652797E-7,0.000501457047299865),
 .UNSPECIFIED.);
#971=B_SPLINE_CURVE_WITH_KNOTS('',3,(#7402,#7403,#7404,#7405),
 .UNSPECIFIED.,.F.,.F.,(4,4),(0.000130365119478968,0.000255052524637462),
 .UNSPECIFIED.);
#972=B_SPLINE_CURVE_WITH_KNOTS('',3,(#7445,#7446,#7447,#7448),
 .UNSPECIFIED.,.F.,.F.,(4,4),(0.,0.001162014644203),.UNSPECIFIED.);
#973=B_SPLINE_CURVE_WITH_KNOTS('',3,(#7451,#7452,#7453,#7454,#7455,#7456,
#7457,#7458,#7459,#7460,#7461),.UNSPECIFIED.,.F.,.F.,(4,1,1,1,1,1,1,1,4),
(0.,0.00144773519334421,0.00289547038668842,0.00434320558003263,0.00579094077337683,
0.00723867596672104,0.00868641116006525,0.0101341463534095,0.0115818815467537),
 .UNSPECIFIED.);
#974=B_SPLINE_CURVE_WITH_KNOTS('',3,(#8231,#8232,#8233,#8234,#8235,#8236,
#8237,#8238,#8239,#8240,#8241),.UNSPECIFIED.,.F.,.F.,(4,1,1,1,1,1,1,1,4),
(0.,0.00144656474774099,0.00289312949548199,0.00433969424322298,0.00578625899096398,
0.00723282373870497,0.00867938848644596,0.010125953234187,0.011572517981928),
 .UNSPECIFIED.);
#975=B_SPLINE_CURVE_WITH_KNOTS('',3,(#9006,#9007,#9008,#9009),
 .UNSPECIFIED.,.F.,.F.,(4,4),(0.,0.00115751205292259),.UNSPECIFIED.);
#976=B_SPLINE_CURVE_WITH_KNOTS('',3,(#9578,#9579,#9580,#9581),
 .UNSPECIFIED.,.F.,.F.,(4,4),(2.85427945652462E-7,0.000501457047299864),
 .UNSPECIFIED.);
#977=B_SPLINE_CURVE_WITH_KNOTS('',3,(#9584,#9585,#9586,#9587),
 .UNSPECIFIED.,.F.,.F.,(4,4),(3.57142453169794E-7,0.000471581482893586),
 .UNSPECIFIED.);
#978=B_SPLINE_CURVE_WITH_KNOTS('',3,(#9590,#9591,#9592,#9593),
 .UNSPECIFIED.,.F.,.F.,(4,4),(3.57142453169466E-7,0.000471581482893586),
 .UNSPECIFIED.);
#979=B_SPLINE_CURVE_WITH_KNOTS('',3,(#9596,#9597,#9598,#9599),
 .UNSPECIFIED.,.F.,.F.,(4,4),(3.57142453169285E-7,0.000471581482893586),
 .UNSPECIFIED.);
#980=B_SPLINE_CURVE_WITH_KNOTS('',3,(#9602,#9603,#9604,#9605),
 .UNSPECIFIED.,.F.,.F.,(4,4),(3.57142453169668E-7,0.000471581482893586),
 .UNSPECIFIED.);
#981=B_SPLINE_CURVE_WITH_KNOTS('',3,(#9608,#9609,#9610,#9611),
 .UNSPECIFIED.,.F.,.F.,(4,4),(3.57142453169442E-7,0.000471581482893586),
 .UNSPECIFIED.);
#982=B_SPLINE_CURVE_WITH_KNOTS('',3,(#9614,#9615,#9616,#9617),
 .UNSPECIFIED.,.F.,.F.,(4,4),(3.57142453169871E-7,0.000471581482893586),
 .UNSPECIFIED.);
#983=B_SPLINE_CURVE_WITH_KNOTS('',3,(#9620,#9621,#9622,#9623),
 .UNSPECIFIED.,.F.,.F.,(4,4),(3.57142453169528E-7,0.000471581482893586),
 .UNSPECIFIED.);
#984=B_SPLINE_CURVE_WITH_KNOTS('',3,(#9626,#9627,#9628,#9629),
 .UNSPECIFIED.,.F.,.F.,(4,4),(3.57142453169514E-7,0.000471581482893586),
 .UNSPECIFIED.);
#985=B_SPLINE_CURVE_WITH_KNOTS('',3,(#9632,#9633,#9634,#9635),
 .UNSPECIFIED.,.F.,.F.,(4,4),(3.57142453169595E-7,0.000471581482893586),
 .UNSPECIFIED.);
#986=B_SPLINE_CURVE_WITH_KNOTS('',3,(#9638,#9639,#9640,#9641),
 .UNSPECIFIED.,.F.,.F.,(4,4),(3.57142453169615E-7,0.000471581482893586),
 .UNSPECIFIED.);
#987=B_SPLINE_CURVE_WITH_KNOTS('',3,(#9644,#9645,#9646,#9647),
 .UNSPECIFIED.,.F.,.F.,(4,4),(3.57142453169311E-7,0.000471581482893586),
 .UNSPECIFIED.);
#988=B_SPLINE_CURVE_WITH_KNOTS('',3,(#9650,#9651,#9652,#9653),
 .UNSPECIFIED.,.F.,.F.,(4,4),(3.57142453169559E-7,0.000471581482893586),
 .UNSPECIFIED.);
#989=B_SPLINE_CURVE_WITH_KNOTS('',3,(#9656,#9657,#9658,#9659),
 .UNSPECIFIED.,.F.,.F.,(4,4),(3.57142453169307E-7,0.000471581482893586),
 .UNSPECIFIED.);
#990=B_SPLINE_CURVE_WITH_KNOTS('',3,(#9662,#9663,#9664,#9665),
 .UNSPECIFIED.,.F.,.F.,(4,4),(3.57142453169686E-7,0.000471581482893586),
 .UNSPECIFIED.);
#991=B_SPLINE_CURVE_WITH_KNOTS('',3,(#9669,#9670,#9671,#9672),
 .UNSPECIFIED.,.F.,.F.,(4,4),(3.57142453169016E-7,0.000471581482893586),
 .UNSPECIFIED.);
#992=B_SPLINE_CURVE_WITH_KNOTS('',3,(#9674,#9675,#9676,#9677),
 .UNSPECIFIED.,.F.,.F.,(4,4),(2.85427945652768E-7,0.000501457047299864),
 .UNSPECIFIED.);
#993=B_SPLINE_CURVE_WITH_KNOTS('',3,(#9681,#9682,#9683,#9684),
 .UNSPECIFIED.,.F.,.F.,(4,4),(3.57142453169053E-7,0.000471581482893586),
 .UNSPECIFIED.);
#994=B_SPLINE_CURVE_WITH_KNOTS('',3,(#9686,#9687,#9688,#9689),
 .UNSPECIFIED.,.F.,.F.,(4,4),(2.85427945652594E-7,0.000501457047299864),
 .UNSPECIFIED.);
#995=B_SPLINE_CURVE_WITH_KNOTS('',3,(#9692,#9693,#9694,#9695),
 .UNSPECIFIED.,.F.,.F.,(4,4),(3.57142453169482E-7,0.000471581482893586),
 .UNSPECIFIED.);
#996=B_SPLINE_CURVE_WITH_KNOTS('',3,(#9697,#9698,#9699,#9700),
 .UNSPECIFIED.,.F.,.F.,(4,4),(2.85427945652568E-7,0.000501457047299864),
 .UNSPECIFIED.);
#997=B_SPLINE_CURVE_WITH_KNOTS('',3,(#9703,#9704,#9705,#9706),
 .UNSPECIFIED.,.F.,.F.,(4,4),(3.57142453169419E-7,0.000471581482893586),
 .UNSPECIFIED.);
#998=B_SPLINE_CURVE_WITH_KNOTS('',3,(#9708,#9709,#9710,#9711),
 .UNSPECIFIED.,.F.,.F.,(4,4),(2.85427945652498E-7,0.000501457047299864),
 .UNSPECIFIED.);
#999=B_SPLINE_CURVE_WITH_KNOTS('',3,(#9713,#9714,#9715,#9716),
 .UNSPECIFIED.,.F.,.F.,(4,4),(3.5714245316931E-7,0.000471581482893586),
 .UNSPECIFIED.);
#1000=B_SPLINE_CURVE_WITH_KNOTS('',3,(#9729,#9730,#9731,#9732),
 .UNSPECIFIED.,.F.,.F.,(4,4),(4.14015862771242E-5,0.000165251125901553),
 .UNSPECIFIED.);
#1001=B_SPLINE_CURVE_WITH_KNOTS('',3,(#9736,#9737,#9738,#9739),
 .UNSPECIFIED.,.F.,.F.,(4,4),(2.85427945652425E-7,0.000501457047299864),
 .UNSPECIFIED.);
#1002=B_SPLINE_CURVE_WITH_KNOTS('',3,(#9753,#9754,#9755,#9756),
 .UNSPECIFIED.,.F.,.F.,(4,4),(1.96726008074244E-7,0.00011762910149028),
 .UNSPECIFIED.);
#1003=B_SPLINE_CURVE_WITH_KNOTS('',3,(#9772,#9773,#9774,#9775),
 .UNSPECIFIED.,.F.,.F.,(4,4),(1.96726008074443E-7,0.00011762910149028),
 .UNSPECIFIED.);
#1004=B_SPLINE_CURVE_WITH_KNOTS('',3,(#9791,#9792,#9793,#9794),
 .UNSPECIFIED.,.F.,.F.,(4,4),(1.96726008074451E-7,0.00011762910149028),
 .UNSPECIFIED.);
#1005=B_SPLINE_CURVE_WITH_KNOTS('',3,(#9810,#9811,#9812,#9813),
 .UNSPECIFIED.,.F.,.F.,(4,4),(1.96726008074485E-7,0.00011762910149028),
 .UNSPECIFIED.);
#1006=B_SPLINE_CURVE_WITH_KNOTS('',3,(#9829,#9830,#9831,#9832),
 .UNSPECIFIED.,.F.,.F.,(4,4),(1.96726008074473E-7,0.00011762910149028),
 .UNSPECIFIED.);
#1007=B_SPLINE_CURVE_WITH_KNOTS('',3,(#9848,#9849,#9850,#9851),
 .UNSPECIFIED.,.F.,.F.,(4,4),(1.96726008074491E-7,0.00011762910149028),
 .UNSPECIFIED.);
#1008=B_SPLINE_CURVE_WITH_KNOTS('',3,(#9867,#9868,#9869,#9870),
 .UNSPECIFIED.,.F.,.F.,(4,4),(1.96726008074268E-7,0.00011762910149028),
 .UNSPECIFIED.);
#1009=B_SPLINE_CURVE_WITH_KNOTS('',3,(#9886,#9887,#9888,#9889),
 .UNSPECIFIED.,.F.,.F.,(4,4),(1.96726008074466E-7,0.00011762910149028),
 .UNSPECIFIED.);
#1010=B_SPLINE_CURVE_WITH_KNOTS('',3,(#9905,#9906,#9907,#9908),
 .UNSPECIFIED.,.F.,.F.,(4,4),(1.96726008074247E-7,0.00011762910149028),
 .UNSPECIFIED.);
#1011=B_SPLINE_CURVE_WITH_KNOTS('',3,(#9924,#9925,#9926,#9927),
 .UNSPECIFIED.,.F.,.F.,(4,4),(1.96726008074239E-7,0.00011762910149028),
 .UNSPECIFIED.);
#1012=B_SPLINE_CURVE_WITH_KNOTS('',3,(#9943,#9944,#9945,#9946),
 .UNSPECIFIED.,.F.,.F.,(4,4),(1.96726008074262E-7,0.00011762910149028),
 .UNSPECIFIED.);
#1013=B_SPLINE_CURVE_WITH_KNOTS('',3,(#9962,#9963,#9964,#9965),
 .UNSPECIFIED.,.F.,.F.,(4,4),(1.96726008074484E-7,0.00011762910149028),
 .UNSPECIFIED.);
#1014=B_SPLINE_CURVE_WITH_KNOTS('',3,(#9981,#9982,#9983,#9984),
 .UNSPECIFIED.,.F.,.F.,(4,4),(1.9672600807426E-7,0.00011762910149028),
 .UNSPECIFIED.);
#1015=B_SPLINE_CURVE_WITH_KNOTS('',3,(#10000,#10001,#10002,#10003),
 .UNSPECIFIED.,.F.,.F.,(4,4),(1.96726008074457E-7,0.00011762910149028),
 .UNSPECIFIED.);
#1016=B_SPLINE_CURVE_WITH_KNOTS('',3,(#10019,#10020,#10021,#10022),
 .UNSPECIFIED.,.F.,.F.,(4,4),(1.96726008074451E-7,0.00011762910149028),
 .UNSPECIFIED.);
#1017=B_SPLINE_CURVE_WITH_KNOTS('',3,(#10026,#10027,#10028,#10029),
 .UNSPECIFIED.,.F.,.F.,(4,4),(4.14015862771248E-5,0.000165251125901553),
 .UNSPECIFIED.);
#1018=B_SPLINE_CURVE_WITH_KNOTS('',3,(#10043,#10044,#10045,#10046),
 .UNSPECIFIED.,.F.,.F.,(4,4),(1.96726008074499E-7,0.00011762910149028),
 .UNSPECIFIED.);
#1019=B_SPLINE_CURVE_WITH_KNOTS('',3,(#10050,#10051,#10052,#10053),
 .UNSPECIFIED.,.F.,.F.,(4,4),(4.14015862771247E-5,0.000165251125901553),
 .UNSPECIFIED.);
#1020=B_SPLINE_CURVE_WITH_KNOTS('',3,(#10067,#10068,#10069,#10070),
 .UNSPECIFIED.,.F.,.F.,(4,4),(1.96726008074495E-7,0.00011762910149028),
 .UNSPECIFIED.);
#1021=B_SPLINE_CURVE_WITH_KNOTS('',3,(#10074,#10075,#10076,#10077),
 .UNSPECIFIED.,.F.,.F.,(4,4),(4.14015862771247E-5,0.000165251125901553),
 .UNSPECIFIED.);
#1022=B_SPLINE_CURVE_WITH_KNOTS('',3,(#10091,#10092,#10093,#10094),
 .UNSPECIFIED.,.F.,.F.,(4,4),(1.96726008074457E-7,0.00011762910149028),
 .UNSPECIFIED.);
#1023=B_SPLINE_CURVE_WITH_KNOTS('',3,(#10098,#10099,#10100,#10101),
 .UNSPECIFIED.,.F.,.F.,(4,4),(4.14015862771248E-5,0.000165251125901553),
 .UNSPECIFIED.);
#1024=B_SPLINE_CURVE_WITH_KNOTS('',3,(#10115,#10116,#10117,#10118),
 .UNSPECIFIED.,.F.,.F.,(4,4),(1.96726008074463E-7,0.00011762910149028),
 .UNSPECIFIED.);
#1025=B_SPLINE_CURVE_WITH_KNOTS('',3,(#10122,#10123,#10124,#10125),
 .UNSPECIFIED.,.F.,.F.,(4,4),(4.14015862771247E-5,0.000165251125901553),
 .UNSPECIFIED.);
#1026=B_SPLINE_CURVE_WITH_KNOTS('',3,(#10137,#10138,#10139,#10140),
 .UNSPECIFIED.,.F.,.F.,(4,4),(3.5714245316955E-7,0.000471581482893586),
 .UNSPECIFIED.);
#1027=B_SPLINE_CURVE_WITH_KNOTS('',3,(#10144,#10145,#10146,#10147),
 .UNSPECIFIED.,.F.,.F.,(4,4),(1.96726008074249E-7,0.00011762910149028),
 .UNSPECIFIED.);
#1028=ORIENTED_EDGE('',*,*,#2410,.F.);
#1029=ORIENTED_EDGE('',*,*,#2411,.F.);
#1030=ORIENTED_EDGE('',*,*,#2412,.T.);
#1031=ORIENTED_EDGE('',*,*,#2413,.F.);
#1032=ORIENTED_EDGE('',*,*,#2414,.F.);
#1033=ORIENTED_EDGE('',*,*,#2415,.F.);
#1034=ORIENTED_EDGE('',*,*,#2410,.T.);
#1035=ORIENTED_EDGE('',*,*,#2416,.F.);
#1036=ORIENTED_EDGE('',*,*,#2417,.F.);
#1037=ORIENTED_EDGE('',*,*,#2418,.F.);
#1038=ORIENTED_EDGE('',*,*,#2414,.T.);
#1039=ORIENTED_EDGE('',*,*,#2419,.F.);
#1040=ORIENTED_EDGE('',*,*,#2417,.T.);
#1041=ORIENTED_EDGE('',*,*,#2420,.F.);
#1042=ORIENTED_EDGE('',*,*,#2421,.F.);
#1043=ORIENTED_EDGE('',*,*,#2422,.F.);
#1044=ORIENTED_EDGE('',*,*,#2422,.T.);
#1045=ORIENTED_EDGE('',*,*,#2423,.F.);
#1046=ORIENTED_EDGE('',*,*,#2424,.F.);
#1047=ORIENTED_EDGE('',*,*,#2425,.T.);
#1048=ORIENTED_EDGE('',*,*,#2411,.T.);
#1049=ORIENTED_EDGE('',*,*,#2415,.T.);
#1050=ORIENTED_EDGE('',*,*,#2418,.T.);
#1051=ORIENTED_EDGE('',*,*,#2426,.T.);
#1052=ORIENTED_EDGE('',*,*,#2427,.T.);
#1053=ORIENTED_EDGE('',*,*,#2428,.T.);
#1054=ORIENTED_EDGE('',*,*,#2429,.T.);
#1055=ORIENTED_EDGE('',*,*,#2430,.T.);
#1056=ORIENTED_EDGE('',*,*,#2431,.F.);
#1057=ORIENTED_EDGE('',*,*,#2423,.T.);
#1058=ORIENTED_EDGE('',*,*,#2424,.T.);
#1059=ORIENTED_EDGE('',*,*,#2431,.T.);
#1060=ORIENTED_EDGE('',*,*,#2432,.F.);
#1061=ORIENTED_EDGE('',*,*,#2433,.F.);
#1062=ORIENTED_EDGE('',*,*,#2434,.F.);
#1063=ORIENTED_EDGE('',*,*,#2435,.T.);
#1064=ORIENTED_EDGE('',*,*,#2436,.F.);
#1065=ORIENTED_EDGE('',*,*,#2437,.F.);
#1066=ORIENTED_EDGE('',*,*,#2438,.F.);
#1067=ORIENTED_EDGE('',*,*,#2433,.T.);
#1068=ORIENTED_EDGE('',*,*,#2439,.F.);
#1069=ORIENTED_EDGE('',*,*,#2440,.F.);
#1070=ORIENTED_EDGE('',*,*,#2441,.F.);
#1071=ORIENTED_EDGE('',*,*,#2437,.T.);
#1072=ORIENTED_EDGE('',*,*,#2442,.F.);
#1073=ORIENTED_EDGE('',*,*,#2440,.T.);
#1074=ORIENTED_EDGE('',*,*,#2443,.F.);
#1075=ORIENTED_EDGE('',*,*,#2444,.F.);
#1076=ORIENTED_EDGE('',*,*,#2445,.F.);
#1077=ORIENTED_EDGE('',*,*,#2445,.T.);
#1078=ORIENTED_EDGE('',*,*,#2446,.F.);
#1079=ORIENTED_EDGE('',*,*,#2447,.F.);
#1080=ORIENTED_EDGE('',*,*,#2448,.T.);
#1081=ORIENTED_EDGE('',*,*,#2434,.T.);
#1082=ORIENTED_EDGE('',*,*,#2438,.T.);
#1083=ORIENTED_EDGE('',*,*,#2441,.T.);
#1084=ORIENTED_EDGE('',*,*,#2449,.T.);
#1085=ORIENTED_EDGE('',*,*,#2450,.T.);
#1086=ORIENTED_EDGE('',*,*,#2451,.T.);
#1087=ORIENTED_EDGE('',*,*,#2452,.T.);
#1088=ORIENTED_EDGE('',*,*,#2453,.T.);
#1089=ORIENTED_EDGE('',*,*,#2454,.F.);
#1090=ORIENTED_EDGE('',*,*,#2446,.T.);
#1091=ORIENTED_EDGE('',*,*,#2447,.T.);
#1092=ORIENTED_EDGE('',*,*,#2454,.T.);
#1093=ORIENTED_EDGE('',*,*,#2455,.F.);
#1094=ORIENTED_EDGE('',*,*,#2456,.F.);
#1095=ORIENTED_EDGE('',*,*,#2457,.F.);
#1096=ORIENTED_EDGE('',*,*,#2458,.T.);
#1097=ORIENTED_EDGE('',*,*,#2459,.F.);
#1098=ORIENTED_EDGE('',*,*,#2460,.F.);
#1099=ORIENTED_EDGE('',*,*,#2461,.F.);
#1100=ORIENTED_EDGE('',*,*,#2456,.T.);
#1101=ORIENTED_EDGE('',*,*,#2462,.F.);
#1102=ORIENTED_EDGE('',*,*,#2463,.F.);
#1103=ORIENTED_EDGE('',*,*,#2464,.F.);
#1104=ORIENTED_EDGE('',*,*,#2460,.T.);
#1105=ORIENTED_EDGE('',*,*,#2465,.F.);
#1106=ORIENTED_EDGE('',*,*,#2463,.T.);
#1107=ORIENTED_EDGE('',*,*,#2466,.F.);
#1108=ORIENTED_EDGE('',*,*,#2467,.F.);
#1109=ORIENTED_EDGE('',*,*,#2468,.F.);
#1110=ORIENTED_EDGE('',*,*,#2468,.T.);
#1111=ORIENTED_EDGE('',*,*,#2469,.F.);
#1112=ORIENTED_EDGE('',*,*,#2470,.F.);
#1113=ORIENTED_EDGE('',*,*,#2471,.T.);
#1114=ORIENTED_EDGE('',*,*,#2457,.T.);
#1115=ORIENTED_EDGE('',*,*,#2461,.T.);
#1116=ORIENTED_EDGE('',*,*,#2464,.T.);
#1117=ORIENTED_EDGE('',*,*,#2472,.T.);
#1118=ORIENTED_EDGE('',*,*,#2473,.T.);
#1119=ORIENTED_EDGE('',*,*,#2474,.T.);
#1120=ORIENTED_EDGE('',*,*,#2475,.T.);
#1121=ORIENTED_EDGE('',*,*,#2476,.T.);
#1122=ORIENTED_EDGE('',*,*,#2477,.F.);
#1123=ORIENTED_EDGE('',*,*,#2469,.T.);
#1124=ORIENTED_EDGE('',*,*,#2470,.T.);
#1125=ORIENTED_EDGE('',*,*,#2477,.T.);
#1126=ORIENTED_EDGE('',*,*,#2478,.F.);
#1127=ORIENTED_EDGE('',*,*,#2479,.F.);
#1128=ORIENTED_EDGE('',*,*,#2480,.F.);
#1129=ORIENTED_EDGE('',*,*,#2481,.T.);
#1130=ORIENTED_EDGE('',*,*,#2482,.F.);
#1131=ORIENTED_EDGE('',*,*,#2483,.F.);
#1132=ORIENTED_EDGE('',*,*,#2484,.F.);
#1133=ORIENTED_EDGE('',*,*,#2479,.T.);
#1134=ORIENTED_EDGE('',*,*,#2485,.F.);
#1135=ORIENTED_EDGE('',*,*,#2486,.F.);
#1136=ORIENTED_EDGE('',*,*,#2487,.F.);
#1137=ORIENTED_EDGE('',*,*,#2483,.T.);
#1138=ORIENTED_EDGE('',*,*,#2488,.F.);
#1139=ORIENTED_EDGE('',*,*,#2486,.T.);
#1140=ORIENTED_EDGE('',*,*,#2489,.F.);
#1141=ORIENTED_EDGE('',*,*,#2490,.F.);
#1142=ORIENTED_EDGE('',*,*,#2491,.F.);
#1143=ORIENTED_EDGE('',*,*,#2491,.T.);
#1144=ORIENTED_EDGE('',*,*,#2492,.F.);
#1145=ORIENTED_EDGE('',*,*,#2493,.F.);
#1146=ORIENTED_EDGE('',*,*,#2494,.T.);
#1147=ORIENTED_EDGE('',*,*,#2480,.T.);
#1148=ORIENTED_EDGE('',*,*,#2484,.T.);
#1149=ORIENTED_EDGE('',*,*,#2487,.T.);
#1150=ORIENTED_EDGE('',*,*,#2495,.T.);
#1151=ORIENTED_EDGE('',*,*,#2496,.T.);
#1152=ORIENTED_EDGE('',*,*,#2497,.T.);
#1153=ORIENTED_EDGE('',*,*,#2498,.T.);
#1154=ORIENTED_EDGE('',*,*,#2499,.T.);
#1155=ORIENTED_EDGE('',*,*,#2500,.F.);
#1156=ORIENTED_EDGE('',*,*,#2492,.T.);
#1157=ORIENTED_EDGE('',*,*,#2493,.T.);
#1158=ORIENTED_EDGE('',*,*,#2500,.T.);
#1159=ORIENTED_EDGE('',*,*,#2501,.F.);
#1160=ORIENTED_EDGE('',*,*,#2502,.F.);
#1161=ORIENTED_EDGE('',*,*,#2503,.F.);
#1162=ORIENTED_EDGE('',*,*,#2504,.T.);
#1163=ORIENTED_EDGE('',*,*,#2505,.F.);
#1164=ORIENTED_EDGE('',*,*,#2506,.F.);
#1165=ORIENTED_EDGE('',*,*,#2507,.F.);
#1166=ORIENTED_EDGE('',*,*,#2502,.T.);
#1167=ORIENTED_EDGE('',*,*,#2508,.F.);
#1168=ORIENTED_EDGE('',*,*,#2509,.F.);
#1169=ORIENTED_EDGE('',*,*,#2510,.F.);
#1170=ORIENTED_EDGE('',*,*,#2506,.T.);
#1171=ORIENTED_EDGE('',*,*,#2511,.F.);
#1172=ORIENTED_EDGE('',*,*,#2509,.T.);
#1173=ORIENTED_EDGE('',*,*,#2512,.F.);
#1174=ORIENTED_EDGE('',*,*,#2513,.F.);
#1175=ORIENTED_EDGE('',*,*,#2514,.F.);
#1176=ORIENTED_EDGE('',*,*,#2514,.T.);
#1177=ORIENTED_EDGE('',*,*,#2515,.F.);
#1178=ORIENTED_EDGE('',*,*,#2516,.F.);
#1179=ORIENTED_EDGE('',*,*,#2517,.T.);
#1180=ORIENTED_EDGE('',*,*,#2503,.T.);
#1181=ORIENTED_EDGE('',*,*,#2507,.T.);
#1182=ORIENTED_EDGE('',*,*,#2510,.T.);
#1183=ORIENTED_EDGE('',*,*,#2518,.T.);
#1184=ORIENTED_EDGE('',*,*,#2519,.T.);
#1185=ORIENTED_EDGE('',*,*,#2520,.T.);
#1186=ORIENTED_EDGE('',*,*,#2521,.T.);
#1187=ORIENTED_EDGE('',*,*,#2522,.T.);
#1188=ORIENTED_EDGE('',*,*,#2523,.F.);
#1189=ORIENTED_EDGE('',*,*,#2515,.T.);
#1190=ORIENTED_EDGE('',*,*,#2516,.T.);
#1191=ORIENTED_EDGE('',*,*,#2523,.T.);
#1192=ORIENTED_EDGE('',*,*,#2524,.F.);
#1193=ORIENTED_EDGE('',*,*,#2525,.F.);
#1194=ORIENTED_EDGE('',*,*,#2526,.F.);
#1195=ORIENTED_EDGE('',*,*,#2527,.T.);
#1196=ORIENTED_EDGE('',*,*,#2528,.F.);
#1197=ORIENTED_EDGE('',*,*,#2529,.F.);
#1198=ORIENTED_EDGE('',*,*,#2530,.F.);
#1199=ORIENTED_EDGE('',*,*,#2525,.T.);
#1200=ORIENTED_EDGE('',*,*,#2531,.F.);
#1201=ORIENTED_EDGE('',*,*,#2532,.F.);
#1202=ORIENTED_EDGE('',*,*,#2533,.F.);
#1203=ORIENTED_EDGE('',*,*,#2529,.T.);
#1204=ORIENTED_EDGE('',*,*,#2534,.F.);
#1205=ORIENTED_EDGE('',*,*,#2532,.T.);
#1206=ORIENTED_EDGE('',*,*,#2535,.F.);
#1207=ORIENTED_EDGE('',*,*,#2536,.F.);
#1208=ORIENTED_EDGE('',*,*,#2537,.F.);
#1209=ORIENTED_EDGE('',*,*,#2537,.T.);
#1210=ORIENTED_EDGE('',*,*,#2538,.F.);
#1211=ORIENTED_EDGE('',*,*,#2539,.F.);
#1212=ORIENTED_EDGE('',*,*,#2540,.T.);
#1213=ORIENTED_EDGE('',*,*,#2526,.T.);
#1214=ORIENTED_EDGE('',*,*,#2530,.T.);
#1215=ORIENTED_EDGE('',*,*,#2533,.T.);
#1216=ORIENTED_EDGE('',*,*,#2541,.T.);
#1217=ORIENTED_EDGE('',*,*,#2542,.T.);
#1218=ORIENTED_EDGE('',*,*,#2543,.T.);
#1219=ORIENTED_EDGE('',*,*,#2544,.T.);
#1220=ORIENTED_EDGE('',*,*,#2545,.T.);
#1221=ORIENTED_EDGE('',*,*,#2546,.F.);
#1222=ORIENTED_EDGE('',*,*,#2538,.T.);
#1223=ORIENTED_EDGE('',*,*,#2539,.T.);
#1224=ORIENTED_EDGE('',*,*,#2546,.T.);
#1225=ORIENTED_EDGE('',*,*,#2547,.F.);
#1226=ORIENTED_EDGE('',*,*,#2548,.F.);
#1227=ORIENTED_EDGE('',*,*,#2549,.F.);
#1228=ORIENTED_EDGE('',*,*,#2550,.T.);
#1229=ORIENTED_EDGE('',*,*,#2551,.F.);
#1230=ORIENTED_EDGE('',*,*,#2552,.F.);
#1231=ORIENTED_EDGE('',*,*,#2553,.F.);
#1232=ORIENTED_EDGE('',*,*,#2548,.T.);
#1233=ORIENTED_EDGE('',*,*,#2554,.F.);
#1234=ORIENTED_EDGE('',*,*,#2555,.F.);
#1235=ORIENTED_EDGE('',*,*,#2556,.F.);
#1236=ORIENTED_EDGE('',*,*,#2552,.T.);
#1237=ORIENTED_EDGE('',*,*,#2557,.F.);
#1238=ORIENTED_EDGE('',*,*,#2555,.T.);
#1239=ORIENTED_EDGE('',*,*,#2558,.F.);
#1240=ORIENTED_EDGE('',*,*,#2559,.F.);
#1241=ORIENTED_EDGE('',*,*,#2560,.F.);
#1242=ORIENTED_EDGE('',*,*,#2560,.T.);
#1243=ORIENTED_EDGE('',*,*,#2561,.F.);
#1244=ORIENTED_EDGE('',*,*,#2562,.F.);
#1245=ORIENTED_EDGE('',*,*,#2563,.T.);
#1246=ORIENTED_EDGE('',*,*,#2549,.T.);
#1247=ORIENTED_EDGE('',*,*,#2553,.T.);
#1248=ORIENTED_EDGE('',*,*,#2556,.T.);
#1249=ORIENTED_EDGE('',*,*,#2564,.T.);
#1250=ORIENTED_EDGE('',*,*,#2565,.T.);
#1251=ORIENTED_EDGE('',*,*,#2566,.T.);
#1252=ORIENTED_EDGE('',*,*,#2567,.T.);
#1253=ORIENTED_EDGE('',*,*,#2568,.T.);
#1254=ORIENTED_EDGE('',*,*,#2569,.F.);
#1255=ORIENTED_EDGE('',*,*,#2561,.T.);
#1256=ORIENTED_EDGE('',*,*,#2562,.T.);
#1257=ORIENTED_EDGE('',*,*,#2569,.T.);
#1258=ORIENTED_EDGE('',*,*,#2570,.F.);
#1259=ORIENTED_EDGE('',*,*,#2571,.F.);
#1260=ORIENTED_EDGE('',*,*,#2572,.F.);
#1261=ORIENTED_EDGE('',*,*,#2573,.T.);
#1262=ORIENTED_EDGE('',*,*,#2574,.F.);
#1263=ORIENTED_EDGE('',*,*,#2575,.F.);
#1264=ORIENTED_EDGE('',*,*,#2576,.F.);
#1265=ORIENTED_EDGE('',*,*,#2571,.T.);
#1266=ORIENTED_EDGE('',*,*,#2577,.F.);
#1267=ORIENTED_EDGE('',*,*,#2578,.F.);
#1268=ORIENTED_EDGE('',*,*,#2579,.F.);
#1269=ORIENTED_EDGE('',*,*,#2575,.T.);
#1270=ORIENTED_EDGE('',*,*,#2580,.F.);
#1271=ORIENTED_EDGE('',*,*,#2578,.T.);
#1272=ORIENTED_EDGE('',*,*,#2581,.F.);
#1273=ORIENTED_EDGE('',*,*,#2582,.F.);
#1274=ORIENTED_EDGE('',*,*,#2583,.F.);
#1275=ORIENTED_EDGE('',*,*,#2583,.T.);
#1276=ORIENTED_EDGE('',*,*,#2584,.F.);
#1277=ORIENTED_EDGE('',*,*,#2585,.F.);
#1278=ORIENTED_EDGE('',*,*,#2586,.T.);
#1279=ORIENTED_EDGE('',*,*,#2572,.T.);
#1280=ORIENTED_EDGE('',*,*,#2576,.T.);
#1281=ORIENTED_EDGE('',*,*,#2579,.T.);
#1282=ORIENTED_EDGE('',*,*,#2587,.T.);
#1283=ORIENTED_EDGE('',*,*,#2588,.T.);
#1284=ORIENTED_EDGE('',*,*,#2589,.T.);
#1285=ORIENTED_EDGE('',*,*,#2590,.T.);
#1286=ORIENTED_EDGE('',*,*,#2591,.T.);
#1287=ORIENTED_EDGE('',*,*,#2592,.F.);
#1288=ORIENTED_EDGE('',*,*,#2584,.T.);
#1289=ORIENTED_EDGE('',*,*,#2585,.T.);
#1290=ORIENTED_EDGE('',*,*,#2592,.T.);
#1291=ORIENTED_EDGE('',*,*,#2593,.F.);
#1292=ORIENTED_EDGE('',*,*,#2594,.F.);
#1293=ORIENTED_EDGE('',*,*,#2595,.F.);
#1294=ORIENTED_EDGE('',*,*,#2596,.T.);
#1295=ORIENTED_EDGE('',*,*,#2597,.F.);
#1296=ORIENTED_EDGE('',*,*,#2598,.F.);
#1297=ORIENTED_EDGE('',*,*,#2599,.F.);
#1298=ORIENTED_EDGE('',*,*,#2594,.T.);
#1299=ORIENTED_EDGE('',*,*,#2600,.F.);
#1300=ORIENTED_EDGE('',*,*,#2601,.F.);
#1301=ORIENTED_EDGE('',*,*,#2602,.F.);
#1302=ORIENTED_EDGE('',*,*,#2598,.T.);
#1303=ORIENTED_EDGE('',*,*,#2603,.F.);
#1304=ORIENTED_EDGE('',*,*,#2601,.T.);
#1305=ORIENTED_EDGE('',*,*,#2604,.F.);
#1306=ORIENTED_EDGE('',*,*,#2605,.F.);
#1307=ORIENTED_EDGE('',*,*,#2606,.F.);
#1308=ORIENTED_EDGE('',*,*,#2606,.T.);
#1309=ORIENTED_EDGE('',*,*,#2607,.F.);
#1310=ORIENTED_EDGE('',*,*,#2608,.F.);
#1311=ORIENTED_EDGE('',*,*,#2609,.T.);
#1312=ORIENTED_EDGE('',*,*,#2595,.T.);
#1313=ORIENTED_EDGE('',*,*,#2599,.T.);
#1314=ORIENTED_EDGE('',*,*,#2602,.T.);
#1315=ORIENTED_EDGE('',*,*,#2610,.T.);
#1316=ORIENTED_EDGE('',*,*,#2611,.T.);
#1317=ORIENTED_EDGE('',*,*,#2612,.T.);
#1318=ORIENTED_EDGE('',*,*,#2613,.T.);
#1319=ORIENTED_EDGE('',*,*,#2614,.T.);
#1320=ORIENTED_EDGE('',*,*,#2615,.F.);
#1321=ORIENTED_EDGE('',*,*,#2607,.T.);
#1322=ORIENTED_EDGE('',*,*,#2608,.T.);
#1323=ORIENTED_EDGE('',*,*,#2615,.T.);
#1324=ORIENTED_EDGE('',*,*,#2616,.F.);
#1325=ORIENTED_EDGE('',*,*,#2617,.F.);
#1326=ORIENTED_EDGE('',*,*,#2618,.F.);
#1327=ORIENTED_EDGE('',*,*,#2619,.T.);
#1328=ORIENTED_EDGE('',*,*,#2620,.F.);
#1329=ORIENTED_EDGE('',*,*,#2621,.F.);
#1330=ORIENTED_EDGE('',*,*,#2622,.F.);
#1331=ORIENTED_EDGE('',*,*,#2617,.T.);
#1332=ORIENTED_EDGE('',*,*,#2623,.F.);
#1333=ORIENTED_EDGE('',*,*,#2624,.F.);
#1334=ORIENTED_EDGE('',*,*,#2625,.F.);
#1335=ORIENTED_EDGE('',*,*,#2621,.T.);
#1336=ORIENTED_EDGE('',*,*,#2626,.F.);
#1337=ORIENTED_EDGE('',*,*,#2624,.T.);
#1338=ORIENTED_EDGE('',*,*,#2627,.F.);
#1339=ORIENTED_EDGE('',*,*,#2628,.F.);
#1340=ORIENTED_EDGE('',*,*,#2629,.F.);
#1341=ORIENTED_EDGE('',*,*,#2629,.T.);
#1342=ORIENTED_EDGE('',*,*,#2630,.F.);
#1343=ORIENTED_EDGE('',*,*,#2631,.F.);
#1344=ORIENTED_EDGE('',*,*,#2632,.T.);
#1345=ORIENTED_EDGE('',*,*,#2618,.T.);
#1346=ORIENTED_EDGE('',*,*,#2622,.T.);
#1347=ORIENTED_EDGE('',*,*,#2625,.T.);
#1348=ORIENTED_EDGE('',*,*,#2633,.T.);
#1349=ORIENTED_EDGE('',*,*,#2634,.T.);
#1350=ORIENTED_EDGE('',*,*,#2635,.T.);
#1351=ORIENTED_EDGE('',*,*,#2636,.T.);
#1352=ORIENTED_EDGE('',*,*,#2637,.T.);
#1353=ORIENTED_EDGE('',*,*,#2638,.F.);
#1354=ORIENTED_EDGE('',*,*,#2630,.T.);
#1355=ORIENTED_EDGE('',*,*,#2631,.T.);
#1356=ORIENTED_EDGE('',*,*,#2638,.T.);
#1357=ORIENTED_EDGE('',*,*,#2639,.F.);
#1358=ORIENTED_EDGE('',*,*,#2640,.F.);
#1359=ORIENTED_EDGE('',*,*,#2641,.F.);
#1360=ORIENTED_EDGE('',*,*,#2642,.T.);
#1361=ORIENTED_EDGE('',*,*,#2643,.F.);
#1362=ORIENTED_EDGE('',*,*,#2644,.F.);
#1363=ORIENTED_EDGE('',*,*,#2645,.F.);
#1364=ORIENTED_EDGE('',*,*,#2640,.T.);
#1365=ORIENTED_EDGE('',*,*,#2646,.F.);
#1366=ORIENTED_EDGE('',*,*,#2647,.F.);
#1367=ORIENTED_EDGE('',*,*,#2648,.F.);
#1368=ORIENTED_EDGE('',*,*,#2644,.T.);
#1369=ORIENTED_EDGE('',*,*,#2649,.F.);
#1370=ORIENTED_EDGE('',*,*,#2647,.T.);
#1371=ORIENTED_EDGE('',*,*,#2650,.F.);
#1372=ORIENTED_EDGE('',*,*,#2651,.F.);
#1373=ORIENTED_EDGE('',*,*,#2652,.F.);
#1374=ORIENTED_EDGE('',*,*,#2652,.T.);
#1375=ORIENTED_EDGE('',*,*,#2653,.F.);
#1376=ORIENTED_EDGE('',*,*,#2654,.F.);
#1377=ORIENTED_EDGE('',*,*,#2655,.T.);
#1378=ORIENTED_EDGE('',*,*,#2641,.T.);
#1379=ORIENTED_EDGE('',*,*,#2645,.T.);
#1380=ORIENTED_EDGE('',*,*,#2648,.T.);
#1381=ORIENTED_EDGE('',*,*,#2656,.T.);
#1382=ORIENTED_EDGE('',*,*,#2657,.T.);
#1383=ORIENTED_EDGE('',*,*,#2658,.T.);
#1384=ORIENTED_EDGE('',*,*,#2659,.T.);
#1385=ORIENTED_EDGE('',*,*,#2660,.T.);
#1386=ORIENTED_EDGE('',*,*,#2661,.F.);
#1387=ORIENTED_EDGE('',*,*,#2653,.T.);
#1388=ORIENTED_EDGE('',*,*,#2654,.T.);
#1389=ORIENTED_EDGE('',*,*,#2661,.T.);
#1390=ORIENTED_EDGE('',*,*,#2662,.F.);
#1391=ORIENTED_EDGE('',*,*,#2663,.F.);
#1392=ORIENTED_EDGE('',*,*,#2664,.F.);
#1393=ORIENTED_EDGE('',*,*,#2665,.T.);
#1394=ORIENTED_EDGE('',*,*,#2666,.F.);
#1395=ORIENTED_EDGE('',*,*,#2667,.F.);
#1396=ORIENTED_EDGE('',*,*,#2668,.F.);
#1397=ORIENTED_EDGE('',*,*,#2663,.T.);
#1398=ORIENTED_EDGE('',*,*,#2669,.F.);
#1399=ORIENTED_EDGE('',*,*,#2670,.F.);
#1400=ORIENTED_EDGE('',*,*,#2671,.F.);
#1401=ORIENTED_EDGE('',*,*,#2667,.T.);
#1402=ORIENTED_EDGE('',*,*,#2672,.F.);
#1403=ORIENTED_EDGE('',*,*,#2670,.T.);
#1404=ORIENTED_EDGE('',*,*,#2673,.F.);
#1405=ORIENTED_EDGE('',*,*,#2674,.F.);
#1406=ORIENTED_EDGE('',*,*,#2675,.F.);
#1407=ORIENTED_EDGE('',*,*,#2675,.T.);
#1408=ORIENTED_EDGE('',*,*,#2676,.F.);
#1409=ORIENTED_EDGE('',*,*,#2677,.F.);
#1410=ORIENTED_EDGE('',*,*,#2678,.T.);
#1411=ORIENTED_EDGE('',*,*,#2664,.T.);
#1412=ORIENTED_EDGE('',*,*,#2668,.T.);
#1413=ORIENTED_EDGE('',*,*,#2671,.T.);
#1414=ORIENTED_EDGE('',*,*,#2679,.T.);
#1415=ORIENTED_EDGE('',*,*,#2680,.T.);
#1416=ORIENTED_EDGE('',*,*,#2681,.T.);
#1417=ORIENTED_EDGE('',*,*,#2682,.T.);
#1418=ORIENTED_EDGE('',*,*,#2683,.T.);
#1419=ORIENTED_EDGE('',*,*,#2684,.F.);
#1420=ORIENTED_EDGE('',*,*,#2676,.T.);
#1421=ORIENTED_EDGE('',*,*,#2677,.T.);
#1422=ORIENTED_EDGE('',*,*,#2684,.T.);
#1423=ORIENTED_EDGE('',*,*,#2685,.F.);
#1424=ORIENTED_EDGE('',*,*,#2686,.F.);
#1425=ORIENTED_EDGE('',*,*,#2687,.F.);
#1426=ORIENTED_EDGE('',*,*,#2688,.T.);
#1427=ORIENTED_EDGE('',*,*,#2689,.F.);
#1428=ORIENTED_EDGE('',*,*,#2690,.F.);
#1429=ORIENTED_EDGE('',*,*,#2691,.F.);
#1430=ORIENTED_EDGE('',*,*,#2686,.T.);
#1431=ORIENTED_EDGE('',*,*,#2692,.F.);
#1432=ORIENTED_EDGE('',*,*,#2693,.F.);
#1433=ORIENTED_EDGE('',*,*,#2694,.F.);
#1434=ORIENTED_EDGE('',*,*,#2690,.T.);
#1435=ORIENTED_EDGE('',*,*,#2695,.F.);
#1436=ORIENTED_EDGE('',*,*,#2693,.T.);
#1437=ORIENTED_EDGE('',*,*,#2696,.F.);
#1438=ORIENTED_EDGE('',*,*,#2697,.F.);
#1439=ORIENTED_EDGE('',*,*,#2698,.F.);
#1440=ORIENTED_EDGE('',*,*,#2698,.T.);
#1441=ORIENTED_EDGE('',*,*,#2699,.F.);
#1442=ORIENTED_EDGE('',*,*,#2700,.F.);
#1443=ORIENTED_EDGE('',*,*,#2701,.T.);
#1444=ORIENTED_EDGE('',*,*,#2687,.T.);
#1445=ORIENTED_EDGE('',*,*,#2691,.T.);
#1446=ORIENTED_EDGE('',*,*,#2694,.T.);
#1447=ORIENTED_EDGE('',*,*,#2702,.T.);
#1448=ORIENTED_EDGE('',*,*,#2703,.T.);
#1449=ORIENTED_EDGE('',*,*,#2704,.T.);
#1450=ORIENTED_EDGE('',*,*,#2705,.T.);
#1451=ORIENTED_EDGE('',*,*,#2706,.T.);
#1452=ORIENTED_EDGE('',*,*,#2707,.F.);
#1453=ORIENTED_EDGE('',*,*,#2699,.T.);
#1454=ORIENTED_EDGE('',*,*,#2700,.T.);
#1455=ORIENTED_EDGE('',*,*,#2707,.T.);
#1456=ORIENTED_EDGE('',*,*,#2708,.F.);
#1457=ORIENTED_EDGE('',*,*,#2709,.F.);
#1458=ORIENTED_EDGE('',*,*,#2710,.F.);
#1459=ORIENTED_EDGE('',*,*,#2711,.T.);
#1460=ORIENTED_EDGE('',*,*,#2712,.F.);
#1461=ORIENTED_EDGE('',*,*,#2713,.F.);
#1462=ORIENTED_EDGE('',*,*,#2714,.F.);
#1463=ORIENTED_EDGE('',*,*,#2709,.T.);
#1464=ORIENTED_EDGE('',*,*,#2715,.F.);
#1465=ORIENTED_EDGE('',*,*,#2716,.F.);
#1466=ORIENTED_EDGE('',*,*,#2717,.F.);
#1467=ORIENTED_EDGE('',*,*,#2713,.T.);
#1468=ORIENTED_EDGE('',*,*,#2718,.F.);
#1469=ORIENTED_EDGE('',*,*,#2716,.T.);
#1470=ORIENTED_EDGE('',*,*,#2719,.F.);
#1471=ORIENTED_EDGE('',*,*,#2720,.F.);
#1472=ORIENTED_EDGE('',*,*,#2721,.F.);
#1473=ORIENTED_EDGE('',*,*,#2721,.T.);
#1474=ORIENTED_EDGE('',*,*,#2722,.F.);
#1475=ORIENTED_EDGE('',*,*,#2723,.F.);
#1476=ORIENTED_EDGE('',*,*,#2724,.T.);
#1477=ORIENTED_EDGE('',*,*,#2710,.T.);
#1478=ORIENTED_EDGE('',*,*,#2714,.T.);
#1479=ORIENTED_EDGE('',*,*,#2717,.T.);
#1480=ORIENTED_EDGE('',*,*,#2725,.T.);
#1481=ORIENTED_EDGE('',*,*,#2726,.T.);
#1482=ORIENTED_EDGE('',*,*,#2727,.T.);
#1483=ORIENTED_EDGE('',*,*,#2728,.T.);
#1484=ORIENTED_EDGE('',*,*,#2729,.T.);
#1485=ORIENTED_EDGE('',*,*,#2730,.F.);
#1486=ORIENTED_EDGE('',*,*,#2722,.T.);
#1487=ORIENTED_EDGE('',*,*,#2723,.T.);
#1488=ORIENTED_EDGE('',*,*,#2730,.T.);
#1489=ORIENTED_EDGE('',*,*,#2731,.F.);
#1490=ORIENTED_EDGE('',*,*,#2732,.T.);
#1491=ORIENTED_EDGE('',*,*,#2733,.F.);
#1492=ORIENTED_EDGE('',*,*,#2734,.F.);
#1493=ORIENTED_EDGE('',*,*,#2735,.T.);
#1494=ORIENTED_EDGE('',*,*,#2736,.T.);
#1495=ORIENTED_EDGE('',*,*,#2737,.T.);
#1496=ORIENTED_EDGE('',*,*,#2738,.T.);
#1497=ORIENTED_EDGE('',*,*,#2739,.T.);
#1498=ORIENTED_EDGE('',*,*,#2740,.T.);
#1499=ORIENTED_EDGE('',*,*,#2741,.T.);
#1500=ORIENTED_EDGE('',*,*,#2742,.T.);
#1501=ORIENTED_EDGE('',*,*,#2743,.T.);
#1502=ORIENTED_EDGE('',*,*,#2744,.F.);
#1503=ORIENTED_EDGE('',*,*,#2733,.T.);
#1504=ORIENTED_EDGE('',*,*,#2734,.T.);
#1505=ORIENTED_EDGE('',*,*,#2744,.T.);
#1506=ORIENTED_EDGE('',*,*,#2745,.F.);
#1507=ORIENTED_EDGE('',*,*,#2746,.T.);
#1508=ORIENTED_EDGE('',*,*,#2747,.F.);
#1509=ORIENTED_EDGE('',*,*,#2747,.T.);
#1510=ORIENTED_EDGE('',*,*,#2748,.F.);
#1511=ORIENTED_EDGE('',*,*,#2749,.T.);
#1512=ORIENTED_EDGE('',*,*,#2746,.F.);
#1513=ORIENTED_EDGE('',*,*,#2748,.T.);
#1514=ORIENTED_EDGE('',*,*,#2750,.F.);
#1515=ORIENTED_EDGE('',*,*,#2751,.T.);
#1516=ORIENTED_EDGE('',*,*,#2749,.F.);
#1517=ORIENTED_EDGE('',*,*,#2750,.T.);
#1518=ORIENTED_EDGE('',*,*,#2752,.F.);
#1519=ORIENTED_EDGE('',*,*,#2753,.T.);
#1520=ORIENTED_EDGE('',*,*,#2751,.F.);
#1521=ORIENTED_EDGE('',*,*,#2752,.T.);
#1522=ORIENTED_EDGE('',*,*,#2754,.F.);
#1523=ORIENTED_EDGE('',*,*,#2755,.T.);
#1524=ORIENTED_EDGE('',*,*,#2753,.F.);
#1525=ORIENTED_EDGE('',*,*,#2754,.T.);
#1526=ORIENTED_EDGE('',*,*,#2756,.F.);
#1527=ORIENTED_EDGE('',*,*,#2755,.F.);
#1528=ORIENTED_EDGE('',*,*,#2757,.T.);
#1529=ORIENTED_EDGE('',*,*,#2758,.T.);
#1530=ORIENTED_EDGE('',*,*,#2759,.F.);
#1531=ORIENTED_EDGE('',*,*,#2756,.T.);
#1532=ORIENTED_EDGE('',*,*,#2760,.F.);
#1533=ORIENTED_EDGE('',*,*,#2761,.F.);
#1534=ORIENTED_EDGE('',*,*,#2762,.F.);
#1535=ORIENTED_EDGE('',*,*,#2763,.F.);
#1536=ORIENTED_EDGE('',*,*,#2757,.F.);
#1537=ORIENTED_EDGE('',*,*,#2763,.T.);
#1538=ORIENTED_EDGE('',*,*,#2764,.F.);
#1539=ORIENTED_EDGE('',*,*,#2765,.F.);
#1540=ORIENTED_EDGE('',*,*,#2758,.F.);
#1541=ORIENTED_EDGE('',*,*,#2759,.T.);
#1542=ORIENTED_EDGE('',*,*,#2765,.T.);
#1543=ORIENTED_EDGE('',*,*,#2766,.T.);
#1544=ORIENTED_EDGE('',*,*,#2761,.T.);
#1545=ORIENTED_EDGE('',*,*,#2760,.T.);
#1546=ORIENTED_EDGE('',*,*,#2767,.F.);
#1547=ORIENTED_EDGE('',*,*,#2768,.F.);
#1548=ORIENTED_EDGE('',*,*,#2766,.F.);
#1549=ORIENTED_EDGE('',*,*,#2764,.T.);
#1550=ORIENTED_EDGE('',*,*,#2762,.T.);
#1551=ORIENTED_EDGE('',*,*,#2767,.T.);
#1552=ORIENTED_EDGE('',*,*,#2769,.F.);
#1553=ORIENTED_EDGE('',*,*,#2770,.F.);
#1554=ORIENTED_EDGE('',*,*,#2771,.F.);
#1555=ORIENTED_EDGE('',*,*,#2772,.T.);
#1556=ORIENTED_EDGE('',*,*,#2727,.F.);
#1557=ORIENTED_EDGE('',*,*,#2773,.F.);
#1558=ORIENTED_EDGE('',*,*,#2774,.F.);
#1559=ORIENTED_EDGE('',*,*,#2770,.T.);
#1560=ORIENTED_EDGE('',*,*,#2726,.F.);
#1561=ORIENTED_EDGE('',*,*,#2775,.F.);
#1562=ORIENTED_EDGE('',*,*,#2776,.F.);
#1563=ORIENTED_EDGE('',*,*,#2777,.T.);
#1564=ORIENTED_EDGE('',*,*,#2704,.F.);
#1565=ORIENTED_EDGE('',*,*,#2778,.F.);
#1566=ORIENTED_EDGE('',*,*,#2779,.F.);
#1567=ORIENTED_EDGE('',*,*,#2775,.T.);
#1568=ORIENTED_EDGE('',*,*,#2703,.F.);
#1569=ORIENTED_EDGE('',*,*,#2780,.F.);
#1570=ORIENTED_EDGE('',*,*,#2781,.F.);
#1571=ORIENTED_EDGE('',*,*,#2782,.T.);
#1572=ORIENTED_EDGE('',*,*,#2681,.F.);
#1573=ORIENTED_EDGE('',*,*,#2783,.F.);
#1574=ORIENTED_EDGE('',*,*,#2784,.F.);
#1575=ORIENTED_EDGE('',*,*,#2780,.T.);
#1576=ORIENTED_EDGE('',*,*,#2680,.F.);
#1577=ORIENTED_EDGE('',*,*,#2785,.F.);
#1578=ORIENTED_EDGE('',*,*,#2786,.F.);
#1579=ORIENTED_EDGE('',*,*,#2787,.T.);
#1580=ORIENTED_EDGE('',*,*,#2658,.F.);
#1581=ORIENTED_EDGE('',*,*,#2788,.F.);
#1582=ORIENTED_EDGE('',*,*,#2789,.F.);
#1583=ORIENTED_EDGE('',*,*,#2785,.T.);
#1584=ORIENTED_EDGE('',*,*,#2657,.F.);
#1585=ORIENTED_EDGE('',*,*,#2790,.F.);
#1586=ORIENTED_EDGE('',*,*,#2791,.F.);
#1587=ORIENTED_EDGE('',*,*,#2792,.T.);
#1588=ORIENTED_EDGE('',*,*,#2635,.F.);
#1589=ORIENTED_EDGE('',*,*,#2793,.F.);
#1590=ORIENTED_EDGE('',*,*,#2794,.F.);
#1591=ORIENTED_EDGE('',*,*,#2790,.T.);
#1592=ORIENTED_EDGE('',*,*,#2634,.F.);
#1593=ORIENTED_EDGE('',*,*,#2795,.F.);
#1594=ORIENTED_EDGE('',*,*,#2796,.F.);
#1595=ORIENTED_EDGE('',*,*,#2797,.T.);
#1596=ORIENTED_EDGE('',*,*,#2612,.F.);
#1597=ORIENTED_EDGE('',*,*,#2798,.F.);
#1598=ORIENTED_EDGE('',*,*,#2799,.F.);
#1599=ORIENTED_EDGE('',*,*,#2795,.T.);
#1600=ORIENTED_EDGE('',*,*,#2611,.F.);
#1601=ORIENTED_EDGE('',*,*,#2800,.F.);
#1602=ORIENTED_EDGE('',*,*,#2801,.F.);
#1603=ORIENTED_EDGE('',*,*,#2802,.T.);
#1604=ORIENTED_EDGE('',*,*,#2589,.F.);
#1605=ORIENTED_EDGE('',*,*,#2803,.F.);
#1606=ORIENTED_EDGE('',*,*,#2804,.F.);
#1607=ORIENTED_EDGE('',*,*,#2800,.T.);
#1608=ORIENTED_EDGE('',*,*,#2588,.F.);
#1609=ORIENTED_EDGE('',*,*,#2805,.F.);
#1610=ORIENTED_EDGE('',*,*,#2806,.F.);
#1611=ORIENTED_EDGE('',*,*,#2807,.T.);
#1612=ORIENTED_EDGE('',*,*,#2566,.F.);
#1613=ORIENTED_EDGE('',*,*,#2808,.F.);
#1614=ORIENTED_EDGE('',*,*,#2809,.F.);
#1615=ORIENTED_EDGE('',*,*,#2805,.T.);
#1616=ORIENTED_EDGE('',*,*,#2565,.F.);
#1617=ORIENTED_EDGE('',*,*,#2810,.F.);
#1618=ORIENTED_EDGE('',*,*,#2811,.F.);
#1619=ORIENTED_EDGE('',*,*,#2812,.T.);
#1620=ORIENTED_EDGE('',*,*,#2543,.F.);
#1621=ORIENTED_EDGE('',*,*,#2813,.F.);
#1622=ORIENTED_EDGE('',*,*,#2814,.F.);
#1623=ORIENTED_EDGE('',*,*,#2810,.T.);
#1624=ORIENTED_EDGE('',*,*,#2542,.F.);
#1625=ORIENTED_EDGE('',*,*,#2815,.F.);
#1626=ORIENTED_EDGE('',*,*,#2816,.F.);
#1627=ORIENTED_EDGE('',*,*,#2817,.T.);
#1628=ORIENTED_EDGE('',*,*,#2520,.F.);
#1629=ORIENTED_EDGE('',*,*,#2818,.F.);
#1630=ORIENTED_EDGE('',*,*,#2819,.F.);
#1631=ORIENTED_EDGE('',*,*,#2815,.T.);
#1632=ORIENTED_EDGE('',*,*,#2519,.F.);
#1633=ORIENTED_EDGE('',*,*,#2820,.F.);
#1634=ORIENTED_EDGE('',*,*,#2821,.F.);
#1635=ORIENTED_EDGE('',*,*,#2822,.T.);
#1636=ORIENTED_EDGE('',*,*,#2497,.F.);
#1637=ORIENTED_EDGE('',*,*,#2823,.F.);
#1638=ORIENTED_EDGE('',*,*,#2824,.F.);
#1639=ORIENTED_EDGE('',*,*,#2820,.T.);
#1640=ORIENTED_EDGE('',*,*,#2496,.F.);
#1641=ORIENTED_EDGE('',*,*,#2825,.F.);
#1642=ORIENTED_EDGE('',*,*,#2826,.F.);
#1643=ORIENTED_EDGE('',*,*,#2827,.T.);
#1644=ORIENTED_EDGE('',*,*,#2474,.F.);
#1645=ORIENTED_EDGE('',*,*,#2828,.F.);
#1646=ORIENTED_EDGE('',*,*,#2829,.F.);
#1647=ORIENTED_EDGE('',*,*,#2825,.T.);
#1648=ORIENTED_EDGE('',*,*,#2473,.F.);
#1649=ORIENTED_EDGE('',*,*,#2830,.F.);
#1650=ORIENTED_EDGE('',*,*,#2831,.F.);
#1651=ORIENTED_EDGE('',*,*,#2832,.T.);
#1652=ORIENTED_EDGE('',*,*,#2451,.F.);
#1653=ORIENTED_EDGE('',*,*,#2833,.F.);
#1654=ORIENTED_EDGE('',*,*,#2834,.F.);
#1655=ORIENTED_EDGE('',*,*,#2830,.T.);
#1656=ORIENTED_EDGE('',*,*,#2450,.F.);
#1657=ORIENTED_EDGE('',*,*,#2835,.F.);
#1658=ORIENTED_EDGE('',*,*,#2836,.F.);
#1659=ORIENTED_EDGE('',*,*,#2837,.T.);
#1660=ORIENTED_EDGE('',*,*,#2428,.F.);
#1661=ORIENTED_EDGE('',*,*,#2838,.F.);
#1662=ORIENTED_EDGE('',*,*,#2839,.F.);
#1663=ORIENTED_EDGE('',*,*,#2835,.T.);
#1664=ORIENTED_EDGE('',*,*,#2427,.F.);
#1665=ORIENTED_EDGE('',*,*,#2840,.F.);
#1666=ORIENTED_EDGE('',*,*,#2841,.F.);
#1667=ORIENTED_EDGE('',*,*,#2842,.T.);
#1668=ORIENTED_EDGE('',*,*,#2843,.F.);
#1669=ORIENTED_EDGE('',*,*,#2844,.F.);
#1670=ORIENTED_EDGE('',*,*,#2845,.F.);
#1671=ORIENTED_EDGE('',*,*,#2840,.T.);
#1672=ORIENTED_EDGE('',*,*,#2846,.F.);
#1673=ORIENTED_EDGE('',*,*,#2847,.F.);
#1674=ORIENTED_EDGE('',*,*,#2848,.F.);
#1675=ORIENTED_EDGE('',*,*,#2849,.T.);
#1676=ORIENTED_EDGE('',*,*,#2850,.F.);
#1677=ORIENTED_EDGE('',*,*,#2851,.F.);
#1678=ORIENTED_EDGE('',*,*,#2852,.F.);
#1679=ORIENTED_EDGE('',*,*,#2847,.T.);
#1680=ORIENTED_EDGE('',*,*,#2853,.F.);
#1681=ORIENTED_EDGE('',*,*,#2854,.F.);
#1682=ORIENTED_EDGE('',*,*,#2855,.F.);
#1683=ORIENTED_EDGE('',*,*,#2856,.T.);
#1684=ORIENTED_EDGE('',*,*,#2857,.F.);
#1685=ORIENTED_EDGE('',*,*,#2858,.F.);
#1686=ORIENTED_EDGE('',*,*,#2859,.F.);
#1687=ORIENTED_EDGE('',*,*,#2854,.T.);
#1688=ORIENTED_EDGE('',*,*,#2860,.F.);
#1689=ORIENTED_EDGE('',*,*,#2861,.F.);
#1690=ORIENTED_EDGE('',*,*,#2862,.F.);
#1691=ORIENTED_EDGE('',*,*,#2863,.T.);
#1692=ORIENTED_EDGE('',*,*,#2864,.F.);
#1693=ORIENTED_EDGE('',*,*,#2865,.F.);
#1694=ORIENTED_EDGE('',*,*,#2866,.F.);
#1695=ORIENTED_EDGE('',*,*,#2861,.T.);
#1696=ORIENTED_EDGE('',*,*,#2867,.F.);
#1697=ORIENTED_EDGE('',*,*,#2868,.F.);
#1698=ORIENTED_EDGE('',*,*,#2869,.F.);
#1699=ORIENTED_EDGE('',*,*,#2870,.T.);
#1700=ORIENTED_EDGE('',*,*,#2871,.F.);
#1701=ORIENTED_EDGE('',*,*,#2872,.F.);
#1702=ORIENTED_EDGE('',*,*,#2873,.F.);
#1703=ORIENTED_EDGE('',*,*,#2868,.T.);
#1704=ORIENTED_EDGE('',*,*,#2874,.F.);
#1705=ORIENTED_EDGE('',*,*,#2768,.T.);
#1706=ORIENTED_EDGE('',*,*,#2875,.T.);
#1707=ORIENTED_EDGE('',*,*,#2844,.T.);
#1708=ORIENTED_EDGE('',*,*,#2876,.F.);
#1709=ORIENTED_EDGE('',*,*,#2877,.F.);
#1710=ORIENTED_EDGE('',*,*,#2878,.F.);
#1711=ORIENTED_EDGE('',*,*,#2838,.T.);
#1712=ORIENTED_EDGE('',*,*,#2426,.F.);
#1713=ORIENTED_EDGE('',*,*,#2879,.F.);
#1714=ORIENTED_EDGE('',*,*,#2880,.F.);
#1715=ORIENTED_EDGE('',*,*,#2833,.T.);
#1716=ORIENTED_EDGE('',*,*,#2449,.F.);
#1717=ORIENTED_EDGE('',*,*,#2881,.F.);
#1718=ORIENTED_EDGE('',*,*,#2882,.F.);
#1719=ORIENTED_EDGE('',*,*,#2828,.T.);
#1720=ORIENTED_EDGE('',*,*,#2472,.F.);
#1721=ORIENTED_EDGE('',*,*,#2883,.F.);
#1722=ORIENTED_EDGE('',*,*,#2884,.F.);
#1723=ORIENTED_EDGE('',*,*,#2823,.T.);
#1724=ORIENTED_EDGE('',*,*,#2495,.F.);
#1725=ORIENTED_EDGE('',*,*,#2885,.F.);
#1726=ORIENTED_EDGE('',*,*,#2886,.F.);
#1727=ORIENTED_EDGE('',*,*,#2818,.T.);
#1728=ORIENTED_EDGE('',*,*,#2518,.F.);
#1729=ORIENTED_EDGE('',*,*,#2887,.F.);
#1730=ORIENTED_EDGE('',*,*,#2888,.F.);
#1731=ORIENTED_EDGE('',*,*,#2813,.T.);
#1732=ORIENTED_EDGE('',*,*,#2541,.F.);
#1733=ORIENTED_EDGE('',*,*,#2889,.F.);
#1734=ORIENTED_EDGE('',*,*,#2890,.F.);
#1735=ORIENTED_EDGE('',*,*,#2808,.T.);
#1736=ORIENTED_EDGE('',*,*,#2564,.F.);
#1737=ORIENTED_EDGE('',*,*,#2891,.F.);
#1738=ORIENTED_EDGE('',*,*,#2892,.F.);
#1739=ORIENTED_EDGE('',*,*,#2803,.T.);
#1740=ORIENTED_EDGE('',*,*,#2587,.F.);
#1741=ORIENTED_EDGE('',*,*,#2893,.F.);
#1742=ORIENTED_EDGE('',*,*,#2894,.F.);
#1743=ORIENTED_EDGE('',*,*,#2798,.T.);
#1744=ORIENTED_EDGE('',*,*,#2610,.F.);
#1745=ORIENTED_EDGE('',*,*,#2895,.F.);
#1746=ORIENTED_EDGE('',*,*,#2896,.F.);
#1747=ORIENTED_EDGE('',*,*,#2793,.T.);
#1748=ORIENTED_EDGE('',*,*,#2633,.F.);
#1749=ORIENTED_EDGE('',*,*,#2897,.F.);
#1750=ORIENTED_EDGE('',*,*,#2898,.F.);
#1751=ORIENTED_EDGE('',*,*,#2788,.T.);
#1752=ORIENTED_EDGE('',*,*,#2656,.F.);
#1753=ORIENTED_EDGE('',*,*,#2899,.F.);
#1754=ORIENTED_EDGE('',*,*,#2900,.F.);
#1755=ORIENTED_EDGE('',*,*,#2783,.T.);
#1756=ORIENTED_EDGE('',*,*,#2679,.F.);
#1757=ORIENTED_EDGE('',*,*,#2901,.F.);
#1758=ORIENTED_EDGE('',*,*,#2902,.F.);
#1759=ORIENTED_EDGE('',*,*,#2778,.T.);
#1760=ORIENTED_EDGE('',*,*,#2702,.F.);
#1761=ORIENTED_EDGE('',*,*,#2903,.F.);
#1762=ORIENTED_EDGE('',*,*,#2904,.F.);
#1763=ORIENTED_EDGE('',*,*,#2773,.T.);
#1764=ORIENTED_EDGE('',*,*,#2725,.F.);
#1765=ORIENTED_EDGE('',*,*,#2905,.F.);
#1766=ORIENTED_EDGE('',*,*,#2906,.F.);
#1767=ORIENTED_EDGE('',*,*,#2872,.T.);
#1768=ORIENTED_EDGE('',*,*,#2907,.F.);
#1769=ORIENTED_EDGE('',*,*,#2908,.F.);
#1770=ORIENTED_EDGE('',*,*,#2909,.F.);
#1771=ORIENTED_EDGE('',*,*,#2865,.T.);
#1772=ORIENTED_EDGE('',*,*,#2910,.F.);
#1773=ORIENTED_EDGE('',*,*,#2911,.F.);
#1774=ORIENTED_EDGE('',*,*,#2912,.F.);
#1775=ORIENTED_EDGE('',*,*,#2858,.T.);
#1776=ORIENTED_EDGE('',*,*,#2913,.F.);
#1777=ORIENTED_EDGE('',*,*,#2914,.F.);
#1778=ORIENTED_EDGE('',*,*,#2915,.F.);
#1779=ORIENTED_EDGE('',*,*,#2851,.T.);
#1780=ORIENTED_EDGE('',*,*,#2916,.F.);
#1781=ORIENTED_EDGE('',*,*,#2917,.F.);
#1782=ORIENTED_EDGE('',*,*,#2918,.F.);
#1783=ORIENTED_EDGE('',*,*,#2738,.F.);
#1784=ORIENTED_EDGE('',*,*,#2919,.T.);
#1785=ORIENTED_EDGE('',*,*,#2920,.F.);
#1786=ORIENTED_EDGE('',*,*,#2921,.F.);
#1787=ORIENTED_EDGE('',*,*,#2769,.T.);
#1788=ORIENTED_EDGE('',*,*,#2922,.F.);
#1789=ORIENTED_EDGE('',*,*,#2736,.F.);
#1790=ORIENTED_EDGE('',*,*,#2923,.T.);
#1791=ORIENTED_EDGE('',*,*,#2924,.F.);
#1792=ORIENTED_EDGE('',*,*,#2925,.F.);
#1793=ORIENTED_EDGE('',*,*,#2926,.T.);
#1794=ORIENTED_EDGE('',*,*,#2920,.T.);
#1795=ORIENTED_EDGE('',*,*,#2927,.T.);
#1796=ORIENTED_EDGE('',*,*,#2924,.T.);
#1797=ORIENTED_EDGE('',*,*,#2928,.T.);
#1798=ORIENTED_EDGE('',*,*,#2929,.F.);
#1799=ORIENTED_EDGE('',*,*,#2930,.T.);
#1800=ORIENTED_EDGE('',*,*,#2931,.T.);
#1801=ORIENTED_EDGE('',*,*,#2929,.T.);
#1802=ORIENTED_EDGE('',*,*,#2932,.F.);
#1803=ORIENTED_EDGE('',*,*,#2906,.T.);
#1804=ORIENTED_EDGE('',*,*,#2930,.F.);
#1805=ORIENTED_EDGE('',*,*,#2931,.F.);
#1806=ORIENTED_EDGE('',*,*,#2933,.T.);
#1807=ORIENTED_EDGE('',*,*,#2934,.T.);
#1808=ORIENTED_EDGE('',*,*,#2771,.T.);
#1809=ORIENTED_EDGE('',*,*,#2774,.T.);
#1810=ORIENTED_EDGE('',*,*,#2772,.F.);
#1811=ORIENTED_EDGE('',*,*,#2934,.F.);
#1812=ORIENTED_EDGE('',*,*,#2935,.T.);
#1813=ORIENTED_EDGE('',*,*,#2728,.F.);
#1814=ORIENTED_EDGE('',*,*,#2719,.T.);
#1815=ORIENTED_EDGE('',*,*,#2718,.T.);
#1816=ORIENTED_EDGE('',*,*,#2715,.T.);
#1817=ORIENTED_EDGE('',*,*,#2712,.T.);
#1818=ORIENTED_EDGE('',*,*,#2936,.T.);
#1819=ORIENTED_EDGE('',*,*,#2937,.F.);
#1820=ORIENTED_EDGE('',*,*,#2938,.T.);
#1821=ORIENTED_EDGE('',*,*,#2939,.T.);
#1822=ORIENTED_EDGE('',*,*,#2937,.T.);
#1823=ORIENTED_EDGE('',*,*,#2940,.F.);
#1824=ORIENTED_EDGE('',*,*,#2904,.T.);
#1825=ORIENTED_EDGE('',*,*,#2938,.F.);
#1826=ORIENTED_EDGE('',*,*,#2939,.F.);
#1827=ORIENTED_EDGE('',*,*,#2941,.T.);
#1828=ORIENTED_EDGE('',*,*,#2942,.T.);
#1829=ORIENTED_EDGE('',*,*,#2776,.T.);
#1830=ORIENTED_EDGE('',*,*,#2779,.T.);
#1831=ORIENTED_EDGE('',*,*,#2777,.F.);
#1832=ORIENTED_EDGE('',*,*,#2942,.F.);
#1833=ORIENTED_EDGE('',*,*,#2943,.T.);
#1834=ORIENTED_EDGE('',*,*,#2705,.F.);
#1835=ORIENTED_EDGE('',*,*,#2696,.T.);
#1836=ORIENTED_EDGE('',*,*,#2695,.T.);
#1837=ORIENTED_EDGE('',*,*,#2692,.T.);
#1838=ORIENTED_EDGE('',*,*,#2689,.T.);
#1839=ORIENTED_EDGE('',*,*,#2944,.T.);
#1840=ORIENTED_EDGE('',*,*,#2945,.F.);
#1841=ORIENTED_EDGE('',*,*,#2946,.T.);
#1842=ORIENTED_EDGE('',*,*,#2947,.T.);
#1843=ORIENTED_EDGE('',*,*,#2945,.T.);
#1844=ORIENTED_EDGE('',*,*,#2948,.F.);
#1845=ORIENTED_EDGE('',*,*,#2902,.T.);
#1846=ORIENTED_EDGE('',*,*,#2946,.F.);
#1847=ORIENTED_EDGE('',*,*,#2947,.F.);
#1848=ORIENTED_EDGE('',*,*,#2949,.T.);
#1849=ORIENTED_EDGE('',*,*,#2950,.T.);
#1850=ORIENTED_EDGE('',*,*,#2781,.T.);
#1851=ORIENTED_EDGE('',*,*,#2784,.T.);
#1852=ORIENTED_EDGE('',*,*,#2782,.F.);
#1853=ORIENTED_EDGE('',*,*,#2950,.F.);
#1854=ORIENTED_EDGE('',*,*,#2951,.T.);
#1855=ORIENTED_EDGE('',*,*,#2682,.F.);
#1856=ORIENTED_EDGE('',*,*,#2673,.T.);
#1857=ORIENTED_EDGE('',*,*,#2672,.T.);
#1858=ORIENTED_EDGE('',*,*,#2669,.T.);
#1859=ORIENTED_EDGE('',*,*,#2666,.T.);
#1860=ORIENTED_EDGE('',*,*,#2952,.T.);
#1861=ORIENTED_EDGE('',*,*,#2953,.F.);
#1862=ORIENTED_EDGE('',*,*,#2954,.T.);
#1863=ORIENTED_EDGE('',*,*,#2955,.T.);
#1864=ORIENTED_EDGE('',*,*,#2953,.T.);
#1865=ORIENTED_EDGE('',*,*,#2956,.F.);
#1866=ORIENTED_EDGE('',*,*,#2900,.T.);
#1867=ORIENTED_EDGE('',*,*,#2954,.F.);
#1868=ORIENTED_EDGE('',*,*,#2955,.F.);
#1869=ORIENTED_EDGE('',*,*,#2957,.T.);
#1870=ORIENTED_EDGE('',*,*,#2958,.T.);
#1871=ORIENTED_EDGE('',*,*,#2786,.T.);
#1872=ORIENTED_EDGE('',*,*,#2789,.T.);
#1873=ORIENTED_EDGE('',*,*,#2787,.F.);
#1874=ORIENTED_EDGE('',*,*,#2958,.F.);
#1875=ORIENTED_EDGE('',*,*,#2959,.T.);
#1876=ORIENTED_EDGE('',*,*,#2659,.F.);
#1877=ORIENTED_EDGE('',*,*,#2650,.T.);
#1878=ORIENTED_EDGE('',*,*,#2649,.T.);
#1879=ORIENTED_EDGE('',*,*,#2646,.T.);
#1880=ORIENTED_EDGE('',*,*,#2643,.T.);
#1881=ORIENTED_EDGE('',*,*,#2960,.T.);
#1882=ORIENTED_EDGE('',*,*,#2961,.F.);
#1883=ORIENTED_EDGE('',*,*,#2962,.T.);
#1884=ORIENTED_EDGE('',*,*,#2963,.T.);
#1885=ORIENTED_EDGE('',*,*,#2961,.T.);
#1886=ORIENTED_EDGE('',*,*,#2964,.F.);
#1887=ORIENTED_EDGE('',*,*,#2898,.T.);
#1888=ORIENTED_EDGE('',*,*,#2962,.F.);
#1889=ORIENTED_EDGE('',*,*,#2963,.F.);
#1890=ORIENTED_EDGE('',*,*,#2965,.T.);
#1891=ORIENTED_EDGE('',*,*,#2966,.T.);
#1892=ORIENTED_EDGE('',*,*,#2791,.T.);
#1893=ORIENTED_EDGE('',*,*,#2794,.T.);
#1894=ORIENTED_EDGE('',*,*,#2792,.F.);
#1895=ORIENTED_EDGE('',*,*,#2966,.F.);
#1896=ORIENTED_EDGE('',*,*,#2967,.T.);
#1897=ORIENTED_EDGE('',*,*,#2636,.F.);
#1898=ORIENTED_EDGE('',*,*,#2627,.T.);
#1899=ORIENTED_EDGE('',*,*,#2626,.T.);
#1900=ORIENTED_EDGE('',*,*,#2623,.T.);
#1901=ORIENTED_EDGE('',*,*,#2620,.T.);
#1902=ORIENTED_EDGE('',*,*,#2968,.T.);
#1903=ORIENTED_EDGE('',*,*,#2969,.F.);
#1904=ORIENTED_EDGE('',*,*,#2970,.T.);
#1905=ORIENTED_EDGE('',*,*,#2971,.T.);
#1906=ORIENTED_EDGE('',*,*,#2969,.T.);
#1907=ORIENTED_EDGE('',*,*,#2972,.F.);
#1908=ORIENTED_EDGE('',*,*,#2896,.T.);
#1909=ORIENTED_EDGE('',*,*,#2970,.F.);
#1910=ORIENTED_EDGE('',*,*,#2971,.F.);
#1911=ORIENTED_EDGE('',*,*,#2973,.T.);
#1912=ORIENTED_EDGE('',*,*,#2974,.T.);
#1913=ORIENTED_EDGE('',*,*,#2796,.T.);
#1914=ORIENTED_EDGE('',*,*,#2799,.T.);
#1915=ORIENTED_EDGE('',*,*,#2797,.F.);
#1916=ORIENTED_EDGE('',*,*,#2974,.F.);
#1917=ORIENTED_EDGE('',*,*,#2975,.T.);
#1918=ORIENTED_EDGE('',*,*,#2613,.F.);
#1919=ORIENTED_EDGE('',*,*,#2604,.T.);
#1920=ORIENTED_EDGE('',*,*,#2603,.T.);
#1921=ORIENTED_EDGE('',*,*,#2600,.T.);
#1922=ORIENTED_EDGE('',*,*,#2597,.T.);
#1923=ORIENTED_EDGE('',*,*,#2976,.T.);
#1924=ORIENTED_EDGE('',*,*,#2977,.F.);
#1925=ORIENTED_EDGE('',*,*,#2978,.T.);
#1926=ORIENTED_EDGE('',*,*,#2979,.T.);
#1927=ORIENTED_EDGE('',*,*,#2977,.T.);
#1928=ORIENTED_EDGE('',*,*,#2980,.F.);
#1929=ORIENTED_EDGE('',*,*,#2894,.T.);
#1930=ORIENTED_EDGE('',*,*,#2978,.F.);
#1931=ORIENTED_EDGE('',*,*,#2979,.F.);
#1932=ORIENTED_EDGE('',*,*,#2981,.T.);
#1933=ORIENTED_EDGE('',*,*,#2982,.T.);
#1934=ORIENTED_EDGE('',*,*,#2801,.T.);
#1935=ORIENTED_EDGE('',*,*,#2804,.T.);
#1936=ORIENTED_EDGE('',*,*,#2802,.F.);
#1937=ORIENTED_EDGE('',*,*,#2982,.F.);
#1938=ORIENTED_EDGE('',*,*,#2983,.T.);
#1939=ORIENTED_EDGE('',*,*,#2590,.F.);
#1940=ORIENTED_EDGE('',*,*,#2581,.T.);
#1941=ORIENTED_EDGE('',*,*,#2580,.T.);
#1942=ORIENTED_EDGE('',*,*,#2577,.T.);
#1943=ORIENTED_EDGE('',*,*,#2574,.T.);
#1944=ORIENTED_EDGE('',*,*,#2984,.T.);
#1945=ORIENTED_EDGE('',*,*,#2985,.F.);
#1946=ORIENTED_EDGE('',*,*,#2986,.T.);
#1947=ORIENTED_EDGE('',*,*,#2987,.T.);
#1948=ORIENTED_EDGE('',*,*,#2985,.T.);
#1949=ORIENTED_EDGE('',*,*,#2988,.F.);
#1950=ORIENTED_EDGE('',*,*,#2892,.T.);
#1951=ORIENTED_EDGE('',*,*,#2986,.F.);
#1952=ORIENTED_EDGE('',*,*,#2987,.F.);
#1953=ORIENTED_EDGE('',*,*,#2989,.T.);
#1954=ORIENTED_EDGE('',*,*,#2990,.T.);
#1955=ORIENTED_EDGE('',*,*,#2806,.T.);
#1956=ORIENTED_EDGE('',*,*,#2809,.T.);
#1957=ORIENTED_EDGE('',*,*,#2807,.F.);
#1958=ORIENTED_EDGE('',*,*,#2990,.F.);
#1959=ORIENTED_EDGE('',*,*,#2991,.T.);
#1960=ORIENTED_EDGE('',*,*,#2567,.F.);
#1961=ORIENTED_EDGE('',*,*,#2558,.T.);
#1962=ORIENTED_EDGE('',*,*,#2557,.T.);
#1963=ORIENTED_EDGE('',*,*,#2554,.T.);
#1964=ORIENTED_EDGE('',*,*,#2551,.T.);
#1965=ORIENTED_EDGE('',*,*,#2992,.T.);
#1966=ORIENTED_EDGE('',*,*,#2993,.F.);
#1967=ORIENTED_EDGE('',*,*,#2994,.T.);
#1968=ORIENTED_EDGE('',*,*,#2995,.T.);
#1969=ORIENTED_EDGE('',*,*,#2993,.T.);
#1970=ORIENTED_EDGE('',*,*,#2996,.F.);
#1971=ORIENTED_EDGE('',*,*,#2890,.T.);
#1972=ORIENTED_EDGE('',*,*,#2994,.F.);
#1973=ORIENTED_EDGE('',*,*,#2995,.F.);
#1974=ORIENTED_EDGE('',*,*,#2997,.T.);
#1975=ORIENTED_EDGE('',*,*,#2998,.T.);
#1976=ORIENTED_EDGE('',*,*,#2811,.T.);
#1977=ORIENTED_EDGE('',*,*,#2814,.T.);
#1978=ORIENTED_EDGE('',*,*,#2812,.F.);
#1979=ORIENTED_EDGE('',*,*,#2998,.F.);
#1980=ORIENTED_EDGE('',*,*,#2999,.T.);
#1981=ORIENTED_EDGE('',*,*,#2544,.F.);
#1982=ORIENTED_EDGE('',*,*,#2535,.T.);
#1983=ORIENTED_EDGE('',*,*,#2534,.T.);
#1984=ORIENTED_EDGE('',*,*,#2531,.T.);
#1985=ORIENTED_EDGE('',*,*,#2528,.T.);
#1986=ORIENTED_EDGE('',*,*,#3000,.T.);
#1987=ORIENTED_EDGE('',*,*,#3001,.F.);
#1988=ORIENTED_EDGE('',*,*,#3002,.T.);
#1989=ORIENTED_EDGE('',*,*,#3003,.T.);
#1990=ORIENTED_EDGE('',*,*,#3001,.T.);
#1991=ORIENTED_EDGE('',*,*,#3004,.F.);
#1992=ORIENTED_EDGE('',*,*,#2888,.T.);
#1993=ORIENTED_EDGE('',*,*,#3002,.F.);
#1994=ORIENTED_EDGE('',*,*,#3003,.F.);
#1995=ORIENTED_EDGE('',*,*,#3005,.T.);
#1996=ORIENTED_EDGE('',*,*,#3006,.T.);
#1997=ORIENTED_EDGE('',*,*,#2816,.T.);
#1998=ORIENTED_EDGE('',*,*,#2819,.T.);
#1999=ORIENTED_EDGE('',*,*,#2817,.F.);
#2000=ORIENTED_EDGE('',*,*,#3006,.F.);
#2001=ORIENTED_EDGE('',*,*,#3007,.T.);
#2002=ORIENTED_EDGE('',*,*,#2521,.F.);
#2003=ORIENTED_EDGE('',*,*,#2512,.T.);
#2004=ORIENTED_EDGE('',*,*,#2511,.T.);
#2005=ORIENTED_EDGE('',*,*,#2508,.T.);
#2006=ORIENTED_EDGE('',*,*,#2505,.T.);
#2007=ORIENTED_EDGE('',*,*,#3008,.T.);
#2008=ORIENTED_EDGE('',*,*,#3009,.F.);
#2009=ORIENTED_EDGE('',*,*,#3010,.T.);
#2010=ORIENTED_EDGE('',*,*,#3011,.T.);
#2011=ORIENTED_EDGE('',*,*,#3009,.T.);
#2012=ORIENTED_EDGE('',*,*,#3012,.F.);
#2013=ORIENTED_EDGE('',*,*,#2886,.T.);
#2014=ORIENTED_EDGE('',*,*,#3010,.F.);
#2015=ORIENTED_EDGE('',*,*,#3011,.F.);
#2016=ORIENTED_EDGE('',*,*,#3013,.T.);
#2017=ORIENTED_EDGE('',*,*,#3014,.T.);
#2018=ORIENTED_EDGE('',*,*,#2821,.T.);
#2019=ORIENTED_EDGE('',*,*,#2824,.T.);
#2020=ORIENTED_EDGE('',*,*,#2822,.F.);
#2021=ORIENTED_EDGE('',*,*,#3014,.F.);
#2022=ORIENTED_EDGE('',*,*,#3015,.T.);
#2023=ORIENTED_EDGE('',*,*,#2498,.F.);
#2024=ORIENTED_EDGE('',*,*,#2489,.T.);
#2025=ORIENTED_EDGE('',*,*,#2488,.T.);
#2026=ORIENTED_EDGE('',*,*,#2485,.T.);
#2027=ORIENTED_EDGE('',*,*,#2482,.T.);
#2028=ORIENTED_EDGE('',*,*,#3016,.T.);
#2029=ORIENTED_EDGE('',*,*,#3017,.F.);
#2030=ORIENTED_EDGE('',*,*,#3018,.T.);
#2031=ORIENTED_EDGE('',*,*,#3019,.T.);
#2032=ORIENTED_EDGE('',*,*,#3017,.T.);
#2033=ORIENTED_EDGE('',*,*,#3020,.F.);
#2034=ORIENTED_EDGE('',*,*,#2884,.T.);
#2035=ORIENTED_EDGE('',*,*,#3018,.F.);
#2036=ORIENTED_EDGE('',*,*,#3019,.F.);
#2037=ORIENTED_EDGE('',*,*,#3021,.T.);
#2038=ORIENTED_EDGE('',*,*,#3022,.T.);
#2039=ORIENTED_EDGE('',*,*,#2826,.T.);
#2040=ORIENTED_EDGE('',*,*,#2829,.T.);
#2041=ORIENTED_EDGE('',*,*,#2827,.F.);
#2042=ORIENTED_EDGE('',*,*,#3022,.F.);
#2043=ORIENTED_EDGE('',*,*,#3023,.T.);
#2044=ORIENTED_EDGE('',*,*,#2475,.F.);
#2045=ORIENTED_EDGE('',*,*,#2466,.T.);
#2046=ORIENTED_EDGE('',*,*,#2465,.T.);
#2047=ORIENTED_EDGE('',*,*,#2462,.T.);
#2048=ORIENTED_EDGE('',*,*,#2459,.T.);
#2049=ORIENTED_EDGE('',*,*,#3024,.T.);
#2050=ORIENTED_EDGE('',*,*,#3025,.F.);
#2051=ORIENTED_EDGE('',*,*,#3026,.T.);
#2052=ORIENTED_EDGE('',*,*,#3027,.T.);
#2053=ORIENTED_EDGE('',*,*,#3025,.T.);
#2054=ORIENTED_EDGE('',*,*,#3028,.F.);
#2055=ORIENTED_EDGE('',*,*,#2882,.T.);
#2056=ORIENTED_EDGE('',*,*,#3026,.F.);
#2057=ORIENTED_EDGE('',*,*,#3027,.F.);
#2058=ORIENTED_EDGE('',*,*,#3029,.T.);
#2059=ORIENTED_EDGE('',*,*,#3030,.T.);
#2060=ORIENTED_EDGE('',*,*,#2831,.T.);
#2061=ORIENTED_EDGE('',*,*,#2834,.T.);
#2062=ORIENTED_EDGE('',*,*,#2832,.F.);
#2063=ORIENTED_EDGE('',*,*,#3030,.F.);
#2064=ORIENTED_EDGE('',*,*,#3031,.T.);
#2065=ORIENTED_EDGE('',*,*,#2452,.F.);
#2066=ORIENTED_EDGE('',*,*,#2443,.T.);
#2067=ORIENTED_EDGE('',*,*,#2442,.T.);
#2068=ORIENTED_EDGE('',*,*,#2439,.T.);
#2069=ORIENTED_EDGE('',*,*,#2436,.T.);
#2070=ORIENTED_EDGE('',*,*,#3032,.T.);
#2071=ORIENTED_EDGE('',*,*,#3033,.F.);
#2072=ORIENTED_EDGE('',*,*,#3034,.T.);
#2073=ORIENTED_EDGE('',*,*,#3035,.T.);
#2074=ORIENTED_EDGE('',*,*,#3033,.T.);
#2075=ORIENTED_EDGE('',*,*,#3036,.F.);
#2076=ORIENTED_EDGE('',*,*,#2880,.T.);
#2077=ORIENTED_EDGE('',*,*,#3034,.F.);
#2078=ORIENTED_EDGE('',*,*,#3035,.F.);
#2079=ORIENTED_EDGE('',*,*,#3037,.T.);
#2080=ORIENTED_EDGE('',*,*,#3038,.T.);
#2081=ORIENTED_EDGE('',*,*,#2836,.T.);
#2082=ORIENTED_EDGE('',*,*,#2839,.T.);
#2083=ORIENTED_EDGE('',*,*,#2837,.F.);
#2084=ORIENTED_EDGE('',*,*,#3038,.F.);
#2085=ORIENTED_EDGE('',*,*,#3039,.T.);
#2086=ORIENTED_EDGE('',*,*,#2429,.F.);
#2087=ORIENTED_EDGE('',*,*,#2420,.T.);
#2088=ORIENTED_EDGE('',*,*,#2419,.T.);
#2089=ORIENTED_EDGE('',*,*,#2416,.T.);
#2090=ORIENTED_EDGE('',*,*,#2413,.T.);
#2091=ORIENTED_EDGE('',*,*,#3040,.T.);
#2092=ORIENTED_EDGE('',*,*,#3041,.F.);
#2093=ORIENTED_EDGE('',*,*,#3042,.T.);
#2094=ORIENTED_EDGE('',*,*,#3043,.T.);
#2095=ORIENTED_EDGE('',*,*,#3041,.T.);
#2096=ORIENTED_EDGE('',*,*,#3044,.F.);
#2097=ORIENTED_EDGE('',*,*,#2878,.T.);
#2098=ORIENTED_EDGE('',*,*,#3042,.F.);
#2099=ORIENTED_EDGE('',*,*,#3043,.F.);
#2100=ORIENTED_EDGE('',*,*,#3045,.T.);
#2101=ORIENTED_EDGE('',*,*,#3046,.T.);
#2102=ORIENTED_EDGE('',*,*,#2841,.T.);
#2103=ORIENTED_EDGE('',*,*,#2845,.T.);
#2104=ORIENTED_EDGE('',*,*,#2842,.F.);
#2105=ORIENTED_EDGE('',*,*,#3046,.F.);
#2106=ORIENTED_EDGE('',*,*,#3047,.T.);
#2107=ORIENTED_EDGE('',*,*,#3048,.F.);
#2108=ORIENTED_EDGE('',*,*,#2876,.T.);
#2109=ORIENTED_EDGE('',*,*,#2846,.T.);
#2110=ORIENTED_EDGE('',*,*,#2843,.T.);
#2111=ORIENTED_EDGE('',*,*,#3048,.T.);
#2112=ORIENTED_EDGE('',*,*,#3049,.T.);
#2113=ORIENTED_EDGE('',*,*,#3050,.F.);
#2114=ORIENTED_EDGE('',*,*,#3051,.T.);
#2115=ORIENTED_EDGE('',*,*,#3052,.T.);
#2116=ORIENTED_EDGE('',*,*,#3050,.T.);
#2117=ORIENTED_EDGE('',*,*,#3053,.F.);
#2118=ORIENTED_EDGE('',*,*,#2918,.T.);
#2119=ORIENTED_EDGE('',*,*,#3051,.F.);
#2120=ORIENTED_EDGE('',*,*,#3052,.F.);
#2121=ORIENTED_EDGE('',*,*,#3054,.T.);
#2122=ORIENTED_EDGE('',*,*,#3055,.T.);
#2123=ORIENTED_EDGE('',*,*,#2848,.T.);
#2124=ORIENTED_EDGE('',*,*,#2852,.T.);
#2125=ORIENTED_EDGE('',*,*,#2849,.F.);
#2126=ORIENTED_EDGE('',*,*,#3055,.F.);
#2127=ORIENTED_EDGE('',*,*,#3056,.T.);
#2128=ORIENTED_EDGE('',*,*,#3057,.F.);
#2129=ORIENTED_EDGE('',*,*,#2916,.T.);
#2130=ORIENTED_EDGE('',*,*,#2853,.T.);
#2131=ORIENTED_EDGE('',*,*,#2850,.T.);
#2132=ORIENTED_EDGE('',*,*,#3057,.T.);
#2133=ORIENTED_EDGE('',*,*,#3058,.T.);
#2134=ORIENTED_EDGE('',*,*,#3059,.F.);
#2135=ORIENTED_EDGE('',*,*,#3060,.T.);
#2136=ORIENTED_EDGE('',*,*,#3061,.T.);
#2137=ORIENTED_EDGE('',*,*,#3059,.T.);
#2138=ORIENTED_EDGE('',*,*,#3062,.F.);
#2139=ORIENTED_EDGE('',*,*,#2915,.T.);
#2140=ORIENTED_EDGE('',*,*,#3060,.F.);
#2141=ORIENTED_EDGE('',*,*,#3061,.F.);
#2142=ORIENTED_EDGE('',*,*,#3063,.T.);
#2143=ORIENTED_EDGE('',*,*,#3064,.T.);
#2144=ORIENTED_EDGE('',*,*,#2855,.T.);
#2145=ORIENTED_EDGE('',*,*,#2859,.T.);
#2146=ORIENTED_EDGE('',*,*,#2856,.F.);
#2147=ORIENTED_EDGE('',*,*,#3064,.F.);
#2148=ORIENTED_EDGE('',*,*,#3065,.T.);
#2149=ORIENTED_EDGE('',*,*,#3066,.F.);
#2150=ORIENTED_EDGE('',*,*,#2913,.T.);
#2151=ORIENTED_EDGE('',*,*,#2860,.T.);
#2152=ORIENTED_EDGE('',*,*,#2857,.T.);
#2153=ORIENTED_EDGE('',*,*,#3066,.T.);
#2154=ORIENTED_EDGE('',*,*,#3067,.T.);
#2155=ORIENTED_EDGE('',*,*,#3068,.F.);
#2156=ORIENTED_EDGE('',*,*,#3069,.T.);
#2157=ORIENTED_EDGE('',*,*,#3070,.T.);
#2158=ORIENTED_EDGE('',*,*,#3068,.T.);
#2159=ORIENTED_EDGE('',*,*,#3071,.F.);
#2160=ORIENTED_EDGE('',*,*,#2912,.T.);
#2161=ORIENTED_EDGE('',*,*,#3069,.F.);
#2162=ORIENTED_EDGE('',*,*,#3070,.F.);
#2163=ORIENTED_EDGE('',*,*,#3072,.T.);
#2164=ORIENTED_EDGE('',*,*,#3073,.T.);
#2165=ORIENTED_EDGE('',*,*,#2862,.T.);
#2166=ORIENTED_EDGE('',*,*,#2866,.T.);
#2167=ORIENTED_EDGE('',*,*,#2863,.F.);
#2168=ORIENTED_EDGE('',*,*,#3073,.F.);
#2169=ORIENTED_EDGE('',*,*,#3074,.T.);
#2170=ORIENTED_EDGE('',*,*,#3075,.F.);
#2171=ORIENTED_EDGE('',*,*,#2910,.T.);
#2172=ORIENTED_EDGE('',*,*,#2867,.T.);
#2173=ORIENTED_EDGE('',*,*,#2864,.T.);
#2174=ORIENTED_EDGE('',*,*,#3075,.T.);
#2175=ORIENTED_EDGE('',*,*,#3076,.T.);
#2176=ORIENTED_EDGE('',*,*,#3077,.F.);
#2177=ORIENTED_EDGE('',*,*,#3078,.T.);
#2178=ORIENTED_EDGE('',*,*,#3079,.T.);
#2179=ORIENTED_EDGE('',*,*,#3077,.T.);
#2180=ORIENTED_EDGE('',*,*,#3080,.F.);
#2181=ORIENTED_EDGE('',*,*,#2909,.T.);
#2182=ORIENTED_EDGE('',*,*,#3078,.F.);
#2183=ORIENTED_EDGE('',*,*,#3079,.F.);
#2184=ORIENTED_EDGE('',*,*,#3081,.T.);
#2185=ORIENTED_EDGE('',*,*,#3082,.T.);
#2186=ORIENTED_EDGE('',*,*,#2869,.T.);
#2187=ORIENTED_EDGE('',*,*,#2873,.T.);
#2188=ORIENTED_EDGE('',*,*,#2870,.F.);
#2189=ORIENTED_EDGE('',*,*,#3082,.F.);
#2190=ORIENTED_EDGE('',*,*,#3083,.T.);
#2191=ORIENTED_EDGE('',*,*,#3084,.F.);
#2192=ORIENTED_EDGE('',*,*,#2907,.T.);
#2193=ORIENTED_EDGE('',*,*,#2874,.T.);
#2194=ORIENTED_EDGE('',*,*,#2871,.T.);
#2195=ORIENTED_EDGE('',*,*,#3084,.T.);
#2196=ORIENTED_EDGE('',*,*,#3085,.T.);
#2197=ORIENTED_EDGE('',*,*,#3086,.F.);
#2198=ORIENTED_EDGE('',*,*,#3087,.T.);
#2199=ORIENTED_EDGE('',*,*,#3088,.T.);
#2200=ORIENTED_EDGE('',*,*,#3086,.T.);
#2201=ORIENTED_EDGE('',*,*,#3089,.F.);
#2202=ORIENTED_EDGE('',*,*,#3090,.T.);
#2203=ORIENTED_EDGE('',*,*,#3087,.F.);
#2204=ORIENTED_EDGE('',*,*,#3088,.F.);
#2205=ORIENTED_EDGE('',*,*,#3091,.T.);
#2206=ORIENTED_EDGE('',*,*,#3092,.T.);
#2207=ORIENTED_EDGE('',*,*,#3093,.T.);
#2208=ORIENTED_EDGE('',*,*,#3094,.T.);
#2209=ORIENTED_EDGE('',*,*,#2742,.F.);
#2210=ORIENTED_EDGE('',*,*,#3095,.F.);
#2211=ORIENTED_EDGE('',*,*,#3092,.F.);
#2212=ORIENTED_EDGE('',*,*,#3096,.T.);
#2213=ORIENTED_EDGE('',*,*,#3039,.F.);
#2214=ORIENTED_EDGE('',*,*,#3037,.F.);
#2215=ORIENTED_EDGE('',*,*,#3036,.T.);
#2216=ORIENTED_EDGE('',*,*,#3032,.F.);
#2217=ORIENTED_EDGE('',*,*,#2435,.F.);
#2218=ORIENTED_EDGE('',*,*,#2448,.F.);
#2219=ORIENTED_EDGE('',*,*,#2455,.T.);
#2220=ORIENTED_EDGE('',*,*,#2453,.F.);
#2221=ORIENTED_EDGE('',*,*,#3031,.F.);
#2222=ORIENTED_EDGE('',*,*,#3029,.F.);
#2223=ORIENTED_EDGE('',*,*,#3028,.T.);
#2224=ORIENTED_EDGE('',*,*,#3024,.F.);
#2225=ORIENTED_EDGE('',*,*,#2458,.F.);
#2226=ORIENTED_EDGE('',*,*,#2471,.F.);
#2227=ORIENTED_EDGE('',*,*,#2478,.T.);
#2228=ORIENTED_EDGE('',*,*,#2476,.F.);
#2229=ORIENTED_EDGE('',*,*,#3023,.F.);
#2230=ORIENTED_EDGE('',*,*,#3021,.F.);
#2231=ORIENTED_EDGE('',*,*,#3020,.T.);
#2232=ORIENTED_EDGE('',*,*,#3016,.F.);
#2233=ORIENTED_EDGE('',*,*,#2481,.F.);
#2234=ORIENTED_EDGE('',*,*,#2494,.F.);
#2235=ORIENTED_EDGE('',*,*,#2501,.T.);
#2236=ORIENTED_EDGE('',*,*,#2499,.F.);
#2237=ORIENTED_EDGE('',*,*,#3015,.F.);
#2238=ORIENTED_EDGE('',*,*,#3013,.F.);
#2239=ORIENTED_EDGE('',*,*,#3012,.T.);
#2240=ORIENTED_EDGE('',*,*,#3008,.F.);
#2241=ORIENTED_EDGE('',*,*,#2504,.F.);
#2242=ORIENTED_EDGE('',*,*,#2517,.F.);
#2243=ORIENTED_EDGE('',*,*,#2524,.T.);
#2244=ORIENTED_EDGE('',*,*,#2522,.F.);
#2245=ORIENTED_EDGE('',*,*,#3007,.F.);
#2246=ORIENTED_EDGE('',*,*,#3005,.F.);
#2247=ORIENTED_EDGE('',*,*,#3004,.T.);
#2248=ORIENTED_EDGE('',*,*,#3000,.F.);
#2249=ORIENTED_EDGE('',*,*,#2527,.F.);
#2250=ORIENTED_EDGE('',*,*,#2540,.F.);
#2251=ORIENTED_EDGE('',*,*,#2547,.T.);
#2252=ORIENTED_EDGE('',*,*,#2545,.F.);
#2253=ORIENTED_EDGE('',*,*,#2999,.F.);
#2254=ORIENTED_EDGE('',*,*,#2997,.F.);
#2255=ORIENTED_EDGE('',*,*,#2996,.T.);
#2256=ORIENTED_EDGE('',*,*,#2992,.F.);
#2257=ORIENTED_EDGE('',*,*,#2550,.F.);
#2258=ORIENTED_EDGE('',*,*,#2563,.F.);
#2259=ORIENTED_EDGE('',*,*,#2570,.T.);
#2260=ORIENTED_EDGE('',*,*,#2568,.F.);
#2261=ORIENTED_EDGE('',*,*,#2991,.F.);
#2262=ORIENTED_EDGE('',*,*,#2989,.F.);
#2263=ORIENTED_EDGE('',*,*,#2988,.T.);
#2264=ORIENTED_EDGE('',*,*,#2984,.F.);
#2265=ORIENTED_EDGE('',*,*,#2573,.F.);
#2266=ORIENTED_EDGE('',*,*,#2586,.F.);
#2267=ORIENTED_EDGE('',*,*,#2593,.T.);
#2268=ORIENTED_EDGE('',*,*,#2591,.F.);
#2269=ORIENTED_EDGE('',*,*,#2983,.F.);
#2270=ORIENTED_EDGE('',*,*,#2981,.F.);
#2271=ORIENTED_EDGE('',*,*,#2980,.T.);
#2272=ORIENTED_EDGE('',*,*,#2976,.F.);
#2273=ORIENTED_EDGE('',*,*,#2596,.F.);
#2274=ORIENTED_EDGE('',*,*,#2609,.F.);
#2275=ORIENTED_EDGE('',*,*,#2616,.T.);
#2276=ORIENTED_EDGE('',*,*,#2614,.F.);
#2277=ORIENTED_EDGE('',*,*,#2975,.F.);
#2278=ORIENTED_EDGE('',*,*,#2973,.F.);
#2279=ORIENTED_EDGE('',*,*,#2972,.T.);
#2280=ORIENTED_EDGE('',*,*,#2968,.F.);
#2281=ORIENTED_EDGE('',*,*,#2619,.F.);
#2282=ORIENTED_EDGE('',*,*,#2632,.F.);
#2283=ORIENTED_EDGE('',*,*,#2639,.T.);
#2284=ORIENTED_EDGE('',*,*,#2637,.F.);
#2285=ORIENTED_EDGE('',*,*,#2967,.F.);
#2286=ORIENTED_EDGE('',*,*,#2965,.F.);
#2287=ORIENTED_EDGE('',*,*,#2964,.T.);
#2288=ORIENTED_EDGE('',*,*,#2960,.F.);
#2289=ORIENTED_EDGE('',*,*,#2642,.F.);
#2290=ORIENTED_EDGE('',*,*,#2655,.F.);
#2291=ORIENTED_EDGE('',*,*,#2662,.T.);
#2292=ORIENTED_EDGE('',*,*,#2660,.F.);
#2293=ORIENTED_EDGE('',*,*,#2959,.F.);
#2294=ORIENTED_EDGE('',*,*,#2957,.F.);
#2295=ORIENTED_EDGE('',*,*,#2956,.T.);
#2296=ORIENTED_EDGE('',*,*,#2952,.F.);
#2297=ORIENTED_EDGE('',*,*,#2665,.F.);
#2298=ORIENTED_EDGE('',*,*,#2678,.F.);
#2299=ORIENTED_EDGE('',*,*,#2685,.T.);
#2300=ORIENTED_EDGE('',*,*,#2683,.F.);
#2301=ORIENTED_EDGE('',*,*,#2951,.F.);
#2302=ORIENTED_EDGE('',*,*,#2949,.F.);
#2303=ORIENTED_EDGE('',*,*,#2948,.T.);
#2304=ORIENTED_EDGE('',*,*,#2944,.F.);
#2305=ORIENTED_EDGE('',*,*,#2688,.F.);
#2306=ORIENTED_EDGE('',*,*,#2701,.F.);
#2307=ORIENTED_EDGE('',*,*,#2708,.T.);
#2308=ORIENTED_EDGE('',*,*,#2706,.F.);
#2309=ORIENTED_EDGE('',*,*,#2943,.F.);
#2310=ORIENTED_EDGE('',*,*,#2941,.F.);
#2311=ORIENTED_EDGE('',*,*,#2940,.T.);
#2312=ORIENTED_EDGE('',*,*,#2936,.F.);
#2313=ORIENTED_EDGE('',*,*,#2711,.F.);
#2314=ORIENTED_EDGE('',*,*,#2724,.F.);
#2315=ORIENTED_EDGE('',*,*,#2731,.T.);
#2316=ORIENTED_EDGE('',*,*,#2729,.F.);
#2317=ORIENTED_EDGE('',*,*,#2935,.F.);
#2318=ORIENTED_EDGE('',*,*,#2933,.F.);
#2319=ORIENTED_EDGE('',*,*,#2932,.T.);
#2320=ORIENTED_EDGE('',*,*,#2928,.F.);
#2321=ORIENTED_EDGE('',*,*,#2923,.F.);
#2322=ORIENTED_EDGE('',*,*,#2735,.F.);
#2323=ORIENTED_EDGE('',*,*,#2745,.T.);
#2324=ORIENTED_EDGE('',*,*,#2743,.F.);
#2325=ORIENTED_EDGE('',*,*,#3096,.F.);
#2326=ORIENTED_EDGE('',*,*,#3091,.F.);
#2327=ORIENTED_EDGE('',*,*,#3089,.T.);
#2328=ORIENTED_EDGE('',*,*,#3085,.F.);
#2329=ORIENTED_EDGE('',*,*,#3083,.F.);
#2330=ORIENTED_EDGE('',*,*,#3081,.F.);
#2331=ORIENTED_EDGE('',*,*,#3080,.T.);
#2332=ORIENTED_EDGE('',*,*,#3076,.F.);
#2333=ORIENTED_EDGE('',*,*,#3074,.F.);
#2334=ORIENTED_EDGE('',*,*,#3072,.F.);
#2335=ORIENTED_EDGE('',*,*,#3071,.T.);
#2336=ORIENTED_EDGE('',*,*,#3067,.F.);
#2337=ORIENTED_EDGE('',*,*,#3065,.F.);
#2338=ORIENTED_EDGE('',*,*,#3063,.F.);
#2339=ORIENTED_EDGE('',*,*,#3062,.T.);
#2340=ORIENTED_EDGE('',*,*,#3058,.F.);
#2341=ORIENTED_EDGE('',*,*,#3056,.F.);
#2342=ORIENTED_EDGE('',*,*,#3054,.F.);
#2343=ORIENTED_EDGE('',*,*,#3053,.T.);
#2344=ORIENTED_EDGE('',*,*,#3049,.F.);
#2345=ORIENTED_EDGE('',*,*,#3047,.F.);
#2346=ORIENTED_EDGE('',*,*,#3045,.F.);
#2347=ORIENTED_EDGE('',*,*,#3044,.T.);
#2348=ORIENTED_EDGE('',*,*,#3040,.F.);
#2349=ORIENTED_EDGE('',*,*,#2412,.F.);
#2350=ORIENTED_EDGE('',*,*,#2425,.F.);
#2351=ORIENTED_EDGE('',*,*,#2432,.T.);
#2352=ORIENTED_EDGE('',*,*,#2430,.F.);
#2353=ORIENTED_EDGE('',*,*,#2922,.T.);
#2354=ORIENTED_EDGE('',*,*,#2740,.F.);
#2355=ORIENTED_EDGE('',*,*,#3097,.F.);
#2356=ORIENTED_EDGE('',*,*,#3094,.F.);
#2357=ORIENTED_EDGE('',*,*,#3098,.T.);
#2358=ORIENTED_EDGE('',*,*,#2741,.F.);
#2359=ORIENTED_EDGE('',*,*,#3098,.F.);
#2360=ORIENTED_EDGE('',*,*,#3093,.F.);
#2361=ORIENTED_EDGE('',*,*,#3095,.T.);
#2362=ORIENTED_EDGE('',*,*,#2737,.F.);
#2363=ORIENTED_EDGE('',*,*,#2925,.T.);
#2364=ORIENTED_EDGE('',*,*,#2927,.F.);
#2365=ORIENTED_EDGE('',*,*,#2919,.F.);
#2366=ORIENTED_EDGE('',*,*,#2879,.T.);
#2367=ORIENTED_EDGE('',*,*,#2421,.T.);
#2368=ORIENTED_EDGE('',*,*,#2877,.T.);
#2369=ORIENTED_EDGE('',*,*,#2917,.T.);
#2370=ORIENTED_EDGE('',*,*,#2914,.T.);
#2371=ORIENTED_EDGE('',*,*,#2911,.T.);
#2372=ORIENTED_EDGE('',*,*,#2908,.T.);
#2373=ORIENTED_EDGE('',*,*,#3099,.T.);
#2374=ORIENTED_EDGE('',*,*,#3100,.T.);
#2375=ORIENTED_EDGE('',*,*,#2905,.T.);
#2376=ORIENTED_EDGE('',*,*,#2720,.T.);
#2377=ORIENTED_EDGE('',*,*,#2903,.T.);
#2378=ORIENTED_EDGE('',*,*,#2697,.T.);
#2379=ORIENTED_EDGE('',*,*,#2901,.T.);
#2380=ORIENTED_EDGE('',*,*,#2674,.T.);
#2381=ORIENTED_EDGE('',*,*,#2899,.T.);
#2382=ORIENTED_EDGE('',*,*,#2651,.T.);
#2383=ORIENTED_EDGE('',*,*,#2897,.T.);
#2384=ORIENTED_EDGE('',*,*,#2628,.T.);
#2385=ORIENTED_EDGE('',*,*,#2895,.T.);
#2386=ORIENTED_EDGE('',*,*,#2605,.T.);
#2387=ORIENTED_EDGE('',*,*,#2893,.T.);
#2388=ORIENTED_EDGE('',*,*,#2582,.T.);
#2389=ORIENTED_EDGE('',*,*,#2891,.T.);
#2390=ORIENTED_EDGE('',*,*,#2559,.T.);
#2391=ORIENTED_EDGE('',*,*,#2889,.T.);
#2392=ORIENTED_EDGE('',*,*,#2536,.T.);
#2393=ORIENTED_EDGE('',*,*,#2887,.T.);
#2394=ORIENTED_EDGE('',*,*,#2513,.T.);
#2395=ORIENTED_EDGE('',*,*,#2885,.T.);
#2396=ORIENTED_EDGE('',*,*,#2490,.T.);
#2397=ORIENTED_EDGE('',*,*,#2883,.T.);
#2398=ORIENTED_EDGE('',*,*,#2467,.T.);
#2399=ORIENTED_EDGE('',*,*,#2881,.T.);
#2400=ORIENTED_EDGE('',*,*,#2444,.T.);
#2401=ORIENTED_EDGE('',*,*,#2875,.F.);
#2402=ORIENTED_EDGE('',*,*,#2739,.F.);
#2403=ORIENTED_EDGE('',*,*,#3099,.F.);
#2404=ORIENTED_EDGE('',*,*,#3090,.F.);
#2405=ORIENTED_EDGE('',*,*,#3097,.T.);
#2406=ORIENTED_EDGE('',*,*,#2732,.F.);
#2407=ORIENTED_EDGE('',*,*,#2921,.T.);
#2408=ORIENTED_EDGE('',*,*,#2926,.F.);
#2409=ORIENTED_EDGE('',*,*,#3100,.F.);
#2410=EDGE_CURVE('',#3101,#3102,#3544,.T.);
#2411=EDGE_CURVE('',#3103,#3101,#884,.T.);
#2412=EDGE_CURVE('',#3103,#3104,#3545,.T.);
#2413=EDGE_CURVE('',#3102,#3104,#885,.T.);
#2414=EDGE_CURVE('',#3105,#3106,#3546,.T.);
#2415=EDGE_CURVE('',#3101,#3105,#107,.T.);
#2416=EDGE_CURVE('',#3106,#3102,#108,.T.);
#2417=EDGE_CURVE('',#3107,#3108,#3547,.T.);
#2418=EDGE_CURVE('',#3105,#3107,#109,.T.);
#2419=EDGE_CURVE('',#3108,#3106,#110,.F.);
#2420=EDGE_CURVE('',#3109,#3108,#886,.T.);
#2421=EDGE_CURVE('',#3110,#3109,#3548,.T.);
#2422=EDGE_CURVE('',#3107,#3110,#887,.T.);
#2423=EDGE_CURVE('',#3111,#3110,#111,.T.);
#2424=EDGE_CURVE('',#3112,#3111,#112,.T.);
#2425=EDGE_CURVE('',#3112,#3103,#113,.T.);
#2426=EDGE_CURVE('',#3110,#3113,#888,.T.);
#2427=EDGE_CURVE('',#3113,#3114,#114,.F.);
#2428=EDGE_CURVE('',#3114,#3115,#115,.T.);
#2429=EDGE_CURVE('',#3115,#3116,#889,.T.);
#2430=EDGE_CURVE('',#3116,#3117,#116,.F.);
#2431=EDGE_CURVE('',#3111,#3117,#117,.T.);
#2432=EDGE_CURVE('',#3112,#3117,#3549,.F.);
#2433=EDGE_CURVE('',#3118,#3119,#3550,.T.);
#2434=EDGE_CURVE('',#3120,#3118,#890,.T.);
#2435=EDGE_CURVE('',#3120,#3121,#3551,.T.);
#2436=EDGE_CURVE('',#3119,#3121,#891,.T.);
#2437=EDGE_CURVE('',#3122,#3123,#3552,.T.);
#2438=EDGE_CURVE('',#3118,#3122,#118,.T.);
#2439=EDGE_CURVE('',#3123,#3119,#119,.T.);
#2440=EDGE_CURVE('',#3124,#3125,#3553,.T.);
#2441=EDGE_CURVE('',#3122,#3124,#120,.T.);
#2442=EDGE_CURVE('',#3125,#3123,#121,.F.);
#2443=EDGE_CURVE('',#3126,#3125,#892,.T.);
#2444=EDGE_CURVE('',#3127,#3126,#3554,.T.);
#2445=EDGE_CURVE('',#3124,#3127,#893,.T.);
#2446=EDGE_CURVE('',#3128,#3127,#122,.T.);
#2447=EDGE_CURVE('',#3129,#3128,#123,.T.);
#2448=EDGE_CURVE('',#3129,#3120,#124,.T.);
#2449=EDGE_CURVE('',#3127,#3130,#894,.T.);
#2450=EDGE_CURVE('',#3130,#3131,#125,.F.);
#2451=EDGE_CURVE('',#3131,#3132,#126,.T.);
#2452=EDGE_CURVE('',#3132,#3133,#895,.T.);
#2453=EDGE_CURVE('',#3133,#3134,#127,.F.);
#2454=EDGE_CURVE('',#3128,#3134,#128,.T.);
#2455=EDGE_CURVE('',#3129,#3134,#3555,.F.);
#2456=EDGE_CURVE('',#3135,#3136,#3556,.T.);
#2457=EDGE_CURVE('',#3137,#3135,#896,.T.);
#2458=EDGE_CURVE('',#3137,#3138,#3557,.T.);
#2459=EDGE_CURVE('',#3136,#3138,#897,.T.);
#2460=EDGE_CURVE('',#3139,#3140,#3558,.T.);
#2461=EDGE_CURVE('',#3135,#3139,#129,.T.);
#2462=EDGE_CURVE('',#3140,#3136,#130,.T.);
#2463=EDGE_CURVE('',#3141,#3142,#3559,.T.);
#2464=EDGE_CURVE('',#3139,#3141,#131,.T.);
#2465=EDGE_CURVE('',#3142,#3140,#132,.F.);
#2466=EDGE_CURVE('',#3143,#3142,#898,.T.);
#2467=EDGE_CURVE('',#3144,#3143,#3560,.T.);
#2468=EDGE_CURVE('',#3141,#3144,#899,.T.);
#2469=EDGE_CURVE('',#3145,#3144,#133,.T.);
#2470=EDGE_CURVE('',#3146,#3145,#134,.T.);
#2471=EDGE_CURVE('',#3146,#3137,#135,.T.);
#2472=EDGE_CURVE('',#3144,#3147,#900,.T.);
#2473=EDGE_CURVE('',#3147,#3148,#136,.F.);
#2474=EDGE_CURVE('',#3148,#3149,#137,.T.);
#2475=EDGE_CURVE('',#3149,#3150,#901,.T.);
#2476=EDGE_CURVE('',#3150,#3151,#138,.F.);
#2477=EDGE_CURVE('',#3145,#3151,#139,.T.);
#2478=EDGE_CURVE('',#3146,#3151,#3561,.F.);
#2479=EDGE_CURVE('',#3152,#3153,#3562,.T.);
#2480=EDGE_CURVE('',#3154,#3152,#902,.T.);
#2481=EDGE_CURVE('',#3154,#3155,#3563,.T.);
#2482=EDGE_CURVE('',#3153,#3155,#903,.T.);
#2483=EDGE_CURVE('',#3156,#3157,#3564,.T.);
#2484=EDGE_CURVE('',#3152,#3156,#140,.T.);
#2485=EDGE_CURVE('',#3157,#3153,#141,.T.);
#2486=EDGE_CURVE('',#3158,#3159,#3565,.T.);
#2487=EDGE_CURVE('',#3156,#3158,#142,.T.);
#2488=EDGE_CURVE('',#3159,#3157,#143,.F.);
#2489=EDGE_CURVE('',#3160,#3159,#904,.T.);
#2490=EDGE_CURVE('',#3161,#3160,#3566,.T.);
#2491=EDGE_CURVE('',#3158,#3161,#905,.T.);
#2492=EDGE_CURVE('',#3162,#3161,#144,.T.);
#2493=EDGE_CURVE('',#3163,#3162,#145,.T.);
#2494=EDGE_CURVE('',#3163,#3154,#146,.T.);
#2495=EDGE_CURVE('',#3161,#3164,#906,.T.);
#2496=EDGE_CURVE('',#3164,#3165,#147,.F.);
#2497=EDGE_CURVE('',#3165,#3166,#148,.T.);
#2498=EDGE_CURVE('',#3166,#3167,#907,.T.);
#2499=EDGE_CURVE('',#3167,#3168,#149,.F.);
#2500=EDGE_CURVE('',#3162,#3168,#150,.T.);
#2501=EDGE_CURVE('',#3163,#3168,#3567,.F.);
#2502=EDGE_CURVE('',#3169,#3170,#3568,.T.);
#2503=EDGE_CURVE('',#3171,#3169,#908,.T.);
#2504=EDGE_CURVE('',#3171,#3172,#3569,.T.);
#2505=EDGE_CURVE('',#3170,#3172,#909,.T.);
#2506=EDGE_CURVE('',#3173,#3174,#3570,.T.);
#2507=EDGE_CURVE('',#3169,#3173,#151,.T.);
#2508=EDGE_CURVE('',#3174,#3170,#152,.T.);
#2509=EDGE_CURVE('',#3175,#3176,#3571,.T.);
#2510=EDGE_CURVE('',#3173,#3175,#153,.T.);
#2511=EDGE_CURVE('',#3176,#3174,#154,.F.);
#2512=EDGE_CURVE('',#3177,#3176,#910,.T.);
#2513=EDGE_CURVE('',#3178,#3177,#3572,.T.);
#2514=EDGE_CURVE('',#3175,#3178,#911,.T.);
#2515=EDGE_CURVE('',#3179,#3178,#155,.T.);
#2516=EDGE_CURVE('',#3180,#3179,#156,.T.);
#2517=EDGE_CURVE('',#3180,#3171,#157,.T.);
#2518=EDGE_CURVE('',#3178,#3181,#912,.T.);
#2519=EDGE_CURVE('',#3181,#3182,#158,.F.);
#2520=EDGE_CURVE('',#3182,#3183,#159,.T.);
#2521=EDGE_CURVE('',#3183,#3184,#913,.T.);
#2522=EDGE_CURVE('',#3184,#3185,#160,.F.);
#2523=EDGE_CURVE('',#3179,#3185,#161,.T.);
#2524=EDGE_CURVE('',#3180,#3185,#3573,.F.);
#2525=EDGE_CURVE('',#3186,#3187,#3574,.T.);
#2526=EDGE_CURVE('',#3188,#3186,#914,.T.);
#2527=EDGE_CURVE('',#3188,#3189,#3575,.T.);
#2528=EDGE_CURVE('',#3187,#3189,#915,.T.);
#2529=EDGE_CURVE('',#3190,#3191,#3576,.T.);
#2530=EDGE_CURVE('',#3186,#3190,#162,.T.);
#2531=EDGE_CURVE('',#3191,#3187,#163,.T.);
#2532=EDGE_CURVE('',#3192,#3193,#3577,.T.);
#2533=EDGE_CURVE('',#3190,#3192,#164,.T.);
#2534=EDGE_CURVE('',#3193,#3191,#165,.F.);
#2535=EDGE_CURVE('',#3194,#3193,#916,.T.);
#2536=EDGE_CURVE('',#3195,#3194,#3578,.T.);
#2537=EDGE_CURVE('',#3192,#3195,#917,.T.);
#2538=EDGE_CURVE('',#3196,#3195,#166,.T.);
#2539=EDGE_CURVE('',#3197,#3196,#167,.T.);
#2540=EDGE_CURVE('',#3197,#3188,#168,.T.);
#2541=EDGE_CURVE('',#3195,#3198,#918,.T.);
#2542=EDGE_CURVE('',#3198,#3199,#169,.F.);
#2543=EDGE_CURVE('',#3199,#3200,#170,.T.);
#2544=EDGE_CURVE('',#3200,#3201,#919,.T.);
#2545=EDGE_CURVE('',#3201,#3202,#171,.F.);
#2546=EDGE_CURVE('',#3196,#3202,#172,.T.);
#2547=EDGE_CURVE('',#3197,#3202,#3579,.F.);
#2548=EDGE_CURVE('',#3203,#3204,#3580,.T.);
#2549=EDGE_CURVE('',#3205,#3203,#920,.T.);
#2550=EDGE_CURVE('',#3205,#3206,#3581,.T.);
#2551=EDGE_CURVE('',#3204,#3206,#921,.T.);
#2552=EDGE_CURVE('',#3207,#3208,#3582,.T.);
#2553=EDGE_CURVE('',#3203,#3207,#173,.T.);
#2554=EDGE_CURVE('',#3208,#3204,#174,.T.);
#2555=EDGE_CURVE('',#3209,#3210,#3583,.T.);
#2556=EDGE_CURVE('',#3207,#3209,#175,.T.);
#2557=EDGE_CURVE('',#3210,#3208,#176,.F.);
#2558=EDGE_CURVE('',#3211,#3210,#922,.T.);
#2559=EDGE_CURVE('',#3212,#3211,#3584,.T.);
#2560=EDGE_CURVE('',#3209,#3212,#923,.T.);
#2561=EDGE_CURVE('',#3213,#3212,#177,.T.);
#2562=EDGE_CURVE('',#3214,#3213,#178,.T.);
#2563=EDGE_CURVE('',#3214,#3205,#179,.T.);
#2564=EDGE_CURVE('',#3212,#3215,#924,.T.);
#2565=EDGE_CURVE('',#3215,#3216,#180,.F.);
#2566=EDGE_CURVE('',#3216,#3217,#181,.T.);
#2567=EDGE_CURVE('',#3217,#3218,#925,.T.);
#2568=EDGE_CURVE('',#3218,#3219,#182,.F.);
#2569=EDGE_CURVE('',#3213,#3219,#183,.T.);
#2570=EDGE_CURVE('',#3214,#3219,#3585,.F.);
#2571=EDGE_CURVE('',#3220,#3221,#3586,.T.);
#2572=EDGE_CURVE('',#3222,#3220,#926,.T.);
#2573=EDGE_CURVE('',#3222,#3223,#3587,.T.);
#2574=EDGE_CURVE('',#3221,#3223,#927,.T.);
#2575=EDGE_CURVE('',#3224,#3225,#3588,.T.);
#2576=EDGE_CURVE('',#3220,#3224,#184,.T.);
#2577=EDGE_CURVE('',#3225,#3221,#185,.T.);
#2578=EDGE_CURVE('',#3226,#3227,#3589,.T.);
#2579=EDGE_CURVE('',#3224,#3226,#186,.T.);
#2580=EDGE_CURVE('',#3227,#3225,#187,.F.);
#2581=EDGE_CURVE('',#3228,#3227,#928,.T.);
#2582=EDGE_CURVE('',#3229,#3228,#3590,.T.);
#2583=EDGE_CURVE('',#3226,#3229,#929,.T.);
#2584=EDGE_CURVE('',#3230,#3229,#188,.T.);
#2585=EDGE_CURVE('',#3231,#3230,#189,.T.);
#2586=EDGE_CURVE('',#3231,#3222,#190,.T.);
#2587=EDGE_CURVE('',#3229,#3232,#930,.T.);
#2588=EDGE_CURVE('',#3232,#3233,#191,.F.);
#2589=EDGE_CURVE('',#3233,#3234,#192,.T.);
#2590=EDGE_CURVE('',#3234,#3235,#931,.T.);
#2591=EDGE_CURVE('',#3235,#3236,#193,.F.);
#2592=EDGE_CURVE('',#3230,#3236,#194,.T.);
#2593=EDGE_CURVE('',#3231,#3236,#3591,.F.);
#2594=EDGE_CURVE('',#3237,#3238,#3592,.T.);
#2595=EDGE_CURVE('',#3239,#3237,#932,.T.);
#2596=EDGE_CURVE('',#3239,#3240,#3593,.T.);
#2597=EDGE_CURVE('',#3238,#3240,#933,.T.);
#2598=EDGE_CURVE('',#3241,#3242,#3594,.T.);
#2599=EDGE_CURVE('',#3237,#3241,#195,.T.);
#2600=EDGE_CURVE('',#3242,#3238,#196,.T.);
#2601=EDGE_CURVE('',#3243,#3244,#3595,.T.);
#2602=EDGE_CURVE('',#3241,#3243,#197,.T.);
#2603=EDGE_CURVE('',#3244,#3242,#198,.F.);
#2604=EDGE_CURVE('',#3245,#3244,#934,.T.);
#2605=EDGE_CURVE('',#3246,#3245,#3596,.T.);
#2606=EDGE_CURVE('',#3243,#3246,#935,.T.);
#2607=EDGE_CURVE('',#3247,#3246,#199,.T.);
#2608=EDGE_CURVE('',#3248,#3247,#200,.T.);
#2609=EDGE_CURVE('',#3248,#3239,#201,.T.);
#2610=EDGE_CURVE('',#3246,#3249,#936,.T.);
#2611=EDGE_CURVE('',#3249,#3250,#202,.F.);
#2612=EDGE_CURVE('',#3250,#3251,#203,.T.);
#2613=EDGE_CURVE('',#3251,#3252,#937,.T.);
#2614=EDGE_CURVE('',#3252,#3253,#204,.F.);
#2615=EDGE_CURVE('',#3247,#3253,#205,.T.);
#2616=EDGE_CURVE('',#3248,#3253,#3597,.F.);
#2617=EDGE_CURVE('',#3254,#3255,#3598,.T.);
#2618=EDGE_CURVE('',#3256,#3254,#938,.T.);
#2619=EDGE_CURVE('',#3256,#3257,#3599,.T.);
#2620=EDGE_CURVE('',#3255,#3257,#939,.T.);
#2621=EDGE_CURVE('',#3258,#3259,#3600,.T.);
#2622=EDGE_CURVE('',#3254,#3258,#206,.T.);
#2623=EDGE_CURVE('',#3259,#3255,#207,.T.);
#2624=EDGE_CURVE('',#3260,#3261,#3601,.T.);
#2625=EDGE_CURVE('',#3258,#3260,#208,.T.);
#2626=EDGE_CURVE('',#3261,#3259,#209,.F.);
#2627=EDGE_CURVE('',#3262,#3261,#940,.T.);
#2628=EDGE_CURVE('',#3263,#3262,#3602,.T.);
#2629=EDGE_CURVE('',#3260,#3263,#941,.T.);
#2630=EDGE_CURVE('',#3264,#3263,#210,.T.);
#2631=EDGE_CURVE('',#3265,#3264,#211,.T.);
#2632=EDGE_CURVE('',#3265,#3256,#212,.T.);
#2633=EDGE_CURVE('',#3263,#3266,#942,.T.);
#2634=EDGE_CURVE('',#3266,#3267,#213,.F.);
#2635=EDGE_CURVE('',#3267,#3268,#214,.T.);
#2636=EDGE_CURVE('',#3268,#3269,#943,.T.);
#2637=EDGE_CURVE('',#3269,#3270,#215,.F.);
#2638=EDGE_CURVE('',#3264,#3270,#216,.T.);
#2639=EDGE_CURVE('',#3265,#3270,#3603,.F.);
#2640=EDGE_CURVE('',#3271,#3272,#3604,.T.);
#2641=EDGE_CURVE('',#3273,#3271,#944,.T.);
#2642=EDGE_CURVE('',#3273,#3274,#3605,.T.);
#2643=EDGE_CURVE('',#3272,#3274,#945,.T.);
#2644=EDGE_CURVE('',#3275,#3276,#3606,.T.);
#2645=EDGE_CURVE('',#3271,#3275,#217,.T.);
#2646=EDGE_CURVE('',#3276,#3272,#218,.T.);
#2647=EDGE_CURVE('',#3277,#3278,#3607,.T.);
#2648=EDGE_CURVE('',#3275,#3277,#219,.T.);
#2649=EDGE_CURVE('',#3278,#3276,#220,.F.);
#2650=EDGE_CURVE('',#3279,#3278,#946,.T.);
#2651=EDGE_CURVE('',#3280,#3279,#3608,.T.);
#2652=EDGE_CURVE('',#3277,#3280,#947,.T.);
#2653=EDGE_CURVE('',#3281,#3280,#221,.T.);
#2654=EDGE_CURVE('',#3282,#3281,#222,.T.);
#2655=EDGE_CURVE('',#3282,#3273,#223,.T.);
#2656=EDGE_CURVE('',#3280,#3283,#948,.T.);
#2657=EDGE_CURVE('',#3283,#3284,#224,.F.);
#2658=EDGE_CURVE('',#3284,#3285,#225,.T.);
#2659=EDGE_CURVE('',#3285,#3286,#949,.T.);
#2660=EDGE_CURVE('',#3286,#3287,#226,.F.);
#2661=EDGE_CURVE('',#3281,#3287,#227,.T.);
#2662=EDGE_CURVE('',#3282,#3287,#3609,.F.);
#2663=EDGE_CURVE('',#3288,#3289,#3610,.T.);
#2664=EDGE_CURVE('',#3290,#3288,#950,.T.);
#2665=EDGE_CURVE('',#3290,#3291,#3611,.T.);
#2666=EDGE_CURVE('',#3289,#3291,#951,.T.);
#2667=EDGE_CURVE('',#3292,#3293,#3612,.T.);
#2668=EDGE_CURVE('',#3288,#3292,#228,.T.);
#2669=EDGE_CURVE('',#3293,#3289,#229,.T.);
#2670=EDGE_CURVE('',#3294,#3295,#3613,.T.);
#2671=EDGE_CURVE('',#3292,#3294,#230,.T.);
#2672=EDGE_CURVE('',#3295,#3293,#231,.F.);
#2673=EDGE_CURVE('',#3296,#3295,#952,.T.);
#2674=EDGE_CURVE('',#3297,#3296,#3614,.T.);
#2675=EDGE_CURVE('',#3294,#3297,#953,.T.);
#2676=EDGE_CURVE('',#3298,#3297,#232,.T.);
#2677=EDGE_CURVE('',#3299,#3298,#233,.T.);
#2678=EDGE_CURVE('',#3299,#3290,#234,.T.);
#2679=EDGE_CURVE('',#3297,#3300,#954,.T.);
#2680=EDGE_CURVE('',#3300,#3301,#235,.F.);
#2681=EDGE_CURVE('',#3301,#3302,#236,.T.);
#2682=EDGE_CURVE('',#3302,#3303,#955,.T.);
#2683=EDGE_CURVE('',#3303,#3304,#237,.F.);
#2684=EDGE_CURVE('',#3298,#3304,#238,.T.);
#2685=EDGE_CURVE('',#3299,#3304,#3615,.F.);
#2686=EDGE_CURVE('',#3305,#3306,#3616,.T.);
#2687=EDGE_CURVE('',#3307,#3305,#956,.T.);
#2688=EDGE_CURVE('',#3307,#3308,#3617,.T.);
#2689=EDGE_CURVE('',#3306,#3308,#957,.T.);
#2690=EDGE_CURVE('',#3309,#3310,#3618,.T.);
#2691=EDGE_CURVE('',#3305,#3309,#239,.T.);
#2692=EDGE_CURVE('',#3310,#3306,#240,.T.);
#2693=EDGE_CURVE('',#3311,#3312,#3619,.T.);
#2694=EDGE_CURVE('',#3309,#3311,#241,.T.);
#2695=EDGE_CURVE('',#3312,#3310,#242,.F.);
#2696=EDGE_CURVE('',#3313,#3312,#958,.T.);
#2697=EDGE_CURVE('',#3314,#3313,#3620,.T.);
#2698=EDGE_CURVE('',#3311,#3314,#959,.T.);
#2699=EDGE_CURVE('',#3315,#3314,#243,.T.);
#2700=EDGE_CURVE('',#3316,#3315,#244,.T.);
#2701=EDGE_CURVE('',#3316,#3307,#245,.T.);
#2702=EDGE_CURVE('',#3314,#3317,#960,.T.);
#2703=EDGE_CURVE('',#3317,#3318,#246,.F.);
#2704=EDGE_CURVE('',#3318,#3319,#247,.T.);
#2705=EDGE_CURVE('',#3319,#3320,#961,.T.);
#2706=EDGE_CURVE('',#3320,#3321,#248,.F.);
#2707=EDGE_CURVE('',#3315,#3321,#249,.T.);
#2708=EDGE_CURVE('',#3316,#3321,#3621,.F.);
#2709=EDGE_CURVE('',#3322,#3323,#3622,.T.);
#2710=EDGE_CURVE('',#3324,#3322,#962,.T.);
#2711=EDGE_CURVE('',#3324,#3325,#3623,.T.);
#2712=EDGE_CURVE('',#3323,#3325,#963,.T.);
#2713=EDGE_CURVE('',#3326,#3327,#3624,.T.);
#2714=EDGE_CURVE('',#3322,#3326,#250,.T.);
#2715=EDGE_CURVE('',#3327,#3323,#251,.T.);
#2716=EDGE_CURVE('',#3328,#3329,#3625,.T.);
#2717=EDGE_CURVE('',#3326,#3328,#252,.T.);
#2718=EDGE_CURVE('',#3329,#3327,#253,.F.);
#2719=EDGE_CURVE('',#3330,#3329,#964,.T.);
#2720=EDGE_CURVE('',#3331,#3330,#3626,.T.);
#2721=EDGE_CURVE('',#3328,#3331,#965,.T.);
#2722=EDGE_CURVE('',#3332,#3331,#254,.T.);
#2723=EDGE_CURVE('',#3333,#3332,#255,.T.);
#2724=EDGE_CURVE('',#3333,#3324,#256,.T.);
#2725=EDGE_CURVE('',#3331,#3334,#966,.T.);
#2726=EDGE_CURVE('',#3334,#3335,#257,.F.);
#2727=EDGE_CURVE('',#3335,#3336,#258,.T.);
#2728=EDGE_CURVE('',#3336,#3337,#967,.T.);
#2729=EDGE_CURVE('',#3337,#3338,#259,.F.);
#2730=EDGE_CURVE('',#3332,#3338,#260,.T.);
#2731=EDGE_CURVE('',#3333,#3338,#3627,.F.);
#2732=EDGE_CURVE('',#3339,#3340,#968,.T.);
#2733=EDGE_CURVE('',#3341,#3340,#261,.T.);
#2734=EDGE_CURVE('',#3342,#3341,#262,.T.);
#2735=EDGE_CURVE('',#3342,#3343,#263,.T.);
#2736=EDGE_CURVE('',#3343,#3344,#969,.T.);
#2737=EDGE_CURVE('',#3344,#3345,#264,.T.);
#2738=EDGE_CURVE('',#3345,#3339,#265,.T.);
#2739=EDGE_CURVE('',#3340,#3346,#970,.T.);
#2740=EDGE_CURVE('',#3346,#3347,#266,.F.);
#2741=EDGE_CURVE('',#3347,#3348,#267,.T.);
#2742=EDGE_CURVE('',#3348,#3349,#971,.T.);
#2743=EDGE_CURVE('',#3349,#3350,#268,.F.);
#2744=EDGE_CURVE('',#3341,#3350,#269,.T.);
#2745=EDGE_CURVE('',#3342,#3350,#3628,.F.);
#2746=EDGE_CURVE('',#3351,#3351,#3629,.T.);
#2747=EDGE_CURVE('',#3352,#3352,#3630,.T.);
#2748=EDGE_CURVE('',#3353,#3353,#3631,.T.);
#2749=EDGE_CURVE('',#3354,#3354,#3632,.T.);
#2750=EDGE_CURVE('',#3355,#3355,#3633,.T.);
#2751=EDGE_CURVE('',#3356,#3356,#3634,.T.);
#2752=EDGE_CURVE('',#3357,#3357,#3635,.T.);
#2753=EDGE_CURVE('',#3358,#3358,#3636,.T.);
#2754=EDGE_CURVE('',#3359,#3359,#3637,.T.);
#2755=EDGE_CURVE('',#3360,#3360,#3638,.F.);
#2756=EDGE_CURVE('',#3361,#3361,#3639,.T.);
#2757=EDGE_CURVE('',#3362,#3363,#972,.T.);
#2758=EDGE_CURVE('',#3363,#3364,#973,.T.);
#2759=EDGE_CURVE('',#3362,#3364,#3640,.T.);
#2760=EDGE_CURVE('',#3365,#3365,#3641,.T.);
#2761=EDGE_CURVE('',#3366,#3362,#20,.F.);
#2762=EDGE_CURVE('',#3367,#3366,#974,.T.);
#2763=EDGE_CURVE('',#3363,#3367,#21,.T.);
#2764=EDGE_CURVE('',#3368,#3367,#975,.T.);
#2765=EDGE_CURVE('',#3364,#3368,#22,.T.);
#2766=EDGE_CURVE('',#3368,#3366,#3642,.T.);
#2767=EDGE_CURVE('',#3369,#3369,#3643,.T.);
#2768=EDGE_CURVE('',#3370,#3370,#3644,.F.);
#2769=EDGE_CURVE('',#3371,#3371,#3645,.T.);
#2770=EDGE_CURVE('',#3372,#3335,#3646,.T.);
#2771=EDGE_CURVE('',#3373,#3372,#270,.T.);
#2772=EDGE_CURVE('',#3373,#3336,#3647,.T.);
#2773=EDGE_CURVE('',#3374,#3334,#3648,.T.);
#2774=EDGE_CURVE('',#3372,#3374,#271,.T.);
#2775=EDGE_CURVE('',#3375,#3318,#3649,.T.);
#2776=EDGE_CURVE('',#3376,#3375,#272,.T.);
#2777=EDGE_CURVE('',#3376,#3319,#3650,.T.);
#2778=EDGE_CURVE('',#3377,#3317,#3651,.T.);
#2779=EDGE_CURVE('',#3375,#3377,#273,.T.);
#2780=EDGE_CURVE('',#3378,#3301,#3652,.T.);
#2781=EDGE_CURVE('',#3379,#3378,#274,.T.);
#2782=EDGE_CURVE('',#3379,#3302,#3653,.T.);
#2783=EDGE_CURVE('',#3380,#3300,#3654,.T.);
#2784=EDGE_CURVE('',#3378,#3380,#275,.T.);
#2785=EDGE_CURVE('',#3381,#3284,#3655,.T.);
#2786=EDGE_CURVE('',#3382,#3381,#276,.T.);
#2787=EDGE_CURVE('',#3382,#3285,#3656,.T.);
#2788=EDGE_CURVE('',#3383,#3283,#3657,.T.);
#2789=EDGE_CURVE('',#3381,#3383,#277,.T.);
#2790=EDGE_CURVE('',#3384,#3267,#3658,.T.);
#2791=EDGE_CURVE('',#3385,#3384,#278,.T.);
#2792=EDGE_CURVE('',#3385,#3268,#3659,.T.);
#2793=EDGE_CURVE('',#3386,#3266,#3660,.T.);
#2794=EDGE_CURVE('',#3384,#3386,#279,.T.);
#2795=EDGE_CURVE('',#3387,#3250,#3661,.T.);
#2796=EDGE_CURVE('',#3388,#3387,#280,.T.);
#2797=EDGE_CURVE('',#3388,#3251,#3662,.T.);
#2798=EDGE_CURVE('',#3389,#3249,#3663,.T.);
#2799=EDGE_CURVE('',#3387,#3389,#281,.T.);
#2800=EDGE_CURVE('',#3390,#3233,#3664,.T.);
#2801=EDGE_CURVE('',#3391,#3390,#282,.T.);
#2802=EDGE_CURVE('',#3391,#3234,#3665,.T.);
#2803=EDGE_CURVE('',#3392,#3232,#3666,.T.);
#2804=EDGE_CURVE('',#3390,#3392,#283,.T.);
#2805=EDGE_CURVE('',#3393,#3216,#3667,.T.);
#2806=EDGE_CURVE('',#3394,#3393,#284,.T.);
#2807=EDGE_CURVE('',#3394,#3217,#3668,.T.);
#2808=EDGE_CURVE('',#3395,#3215,#3669,.T.);
#2809=EDGE_CURVE('',#3393,#3395,#285,.T.);
#2810=EDGE_CURVE('',#3396,#3199,#3670,.T.);
#2811=EDGE_CURVE('',#3397,#3396,#286,.T.);
#2812=EDGE_CURVE('',#3397,#3200,#3671,.T.);
#2813=EDGE_CURVE('',#3398,#3198,#3672,.T.);
#2814=EDGE_CURVE('',#3396,#3398,#287,.T.);
#2815=EDGE_CURVE('',#3399,#3182,#3673,.T.);
#2816=EDGE_CURVE('',#3400,#3399,#288,.T.);
#2817=EDGE_CURVE('',#3400,#3183,#3674,.T.);
#2818=EDGE_CURVE('',#3401,#3181,#3675,.T.);
#2819=EDGE_CURVE('',#3399,#3401,#289,.T.);
#2820=EDGE_CURVE('',#3402,#3165,#3676,.T.);
#2821=EDGE_CURVE('',#3403,#3402,#290,.T.);
#2822=EDGE_CURVE('',#3403,#3166,#3677,.T.);
#2823=EDGE_CURVE('',#3404,#3164,#3678,.T.);
#2824=EDGE_CURVE('',#3402,#3404,#291,.T.);
#2825=EDGE_CURVE('',#3405,#3148,#3679,.T.);
#2826=EDGE_CURVE('',#3406,#3405,#292,.T.);
#2827=EDGE_CURVE('',#3406,#3149,#3680,.T.);
#2828=EDGE_CURVE('',#3407,#3147,#3681,.T.);
#2829=EDGE_CURVE('',#3405,#3407,#293,.T.);
#2830=EDGE_CURVE('',#3408,#3131,#3682,.T.);
#2831=EDGE_CURVE('',#3409,#3408,#294,.T.);
#2832=EDGE_CURVE('',#3409,#3132,#3683,.T.);
#2833=EDGE_CURVE('',#3410,#3130,#3684,.T.);
#2834=EDGE_CURVE('',#3408,#3410,#295,.T.);
#2835=EDGE_CURVE('',#3411,#3114,#3685,.T.);
#2836=EDGE_CURVE('',#3412,#3411,#296,.T.);
#2837=EDGE_CURVE('',#3412,#3115,#3686,.T.);
#2838=EDGE_CURVE('',#3413,#3113,#3687,.T.);
#2839=EDGE_CURVE('',#3411,#3413,#297,.T.);
#2840=EDGE_CURVE('',#3414,#3415,#3688,.T.);
#2841=EDGE_CURVE('',#3416,#3414,#298,.T.);
#2842=EDGE_CURVE('',#3416,#3417,#3689,.T.);
#2843=EDGE_CURVE('',#3415,#3417,#299,.T.);
#2844=EDGE_CURVE('',#3418,#3419,#3690,.T.);
#2845=EDGE_CURVE('',#3414,#3418,#300,.T.);
#2846=EDGE_CURVE('',#3419,#3415,#301,.F.);
#2847=EDGE_CURVE('',#3420,#3421,#3691,.T.);
#2848=EDGE_CURVE('',#3422,#3420,#302,.T.);
#2849=EDGE_CURVE('',#3422,#3423,#3692,.T.);
#2850=EDGE_CURVE('',#3421,#3423,#303,.T.);
#2851=EDGE_CURVE('',#3424,#3425,#3693,.T.);
#2852=EDGE_CURVE('',#3420,#3424,#304,.T.);
#2853=EDGE_CURVE('',#3425,#3421,#305,.F.);
#2854=EDGE_CURVE('',#3426,#3427,#3694,.T.);
#2855=EDGE_CURVE('',#3428,#3426,#306,.T.);
#2856=EDGE_CURVE('',#3428,#3429,#3695,.T.);
#2857=EDGE_CURVE('',#3427,#3429,#307,.T.);
#2858=EDGE_CURVE('',#3430,#3431,#3696,.T.);
#2859=EDGE_CURVE('',#3426,#3430,#308,.T.);
#2860=EDGE_CURVE('',#3431,#3427,#309,.F.);
#2861=EDGE_CURVE('',#3432,#3433,#3697,.T.);
#2862=EDGE_CURVE('',#3434,#3432,#310,.T.);
#2863=EDGE_CURVE('',#3434,#3435,#3698,.T.);
#2864=EDGE_CURVE('',#3433,#3435,#311,.T.);
#2865=EDGE_CURVE('',#3436,#3437,#3699,.T.);
#2866=EDGE_CURVE('',#3432,#3436,#312,.T.);
#2867=EDGE_CURVE('',#3437,#3433,#313,.F.);
#2868=EDGE_CURVE('',#3438,#3439,#3700,.T.);
#2869=EDGE_CURVE('',#3440,#3438,#314,.T.);
#2870=EDGE_CURVE('',#3440,#3441,#3701,.T.);
#2871=EDGE_CURVE('',#3439,#3441,#315,.T.);
#2872=EDGE_CURVE('',#3442,#3443,#3702,.T.);
#2873=EDGE_CURVE('',#3438,#3442,#316,.T.);
#2874=EDGE_CURVE('',#3443,#3439,#317,.F.);
#2875=EDGE_CURVE('',#3444,#3444,#3703,.T.);
#2876=EDGE_CURVE('',#3445,#3419,#976,.T.);
#2877=EDGE_CURVE('',#3109,#3445,#3704,.T.);
#2878=EDGE_CURVE('',#3418,#3109,#977,.T.);
#2879=EDGE_CURVE('',#3126,#3110,#3705,.T.);
#2880=EDGE_CURVE('',#3413,#3126,#978,.T.);
#2881=EDGE_CURVE('',#3143,#3127,#3706,.T.);
#2882=EDGE_CURVE('',#3410,#3143,#979,.T.);
#2883=EDGE_CURVE('',#3160,#3144,#3707,.T.);
#2884=EDGE_CURVE('',#3407,#3160,#980,.T.);
#2885=EDGE_CURVE('',#3177,#3161,#3708,.T.);
#2886=EDGE_CURVE('',#3404,#3177,#981,.T.);
#2887=EDGE_CURVE('',#3194,#3178,#3709,.T.);
#2888=EDGE_CURVE('',#3401,#3194,#982,.T.);
#2889=EDGE_CURVE('',#3211,#3195,#3710,.T.);
#2890=EDGE_CURVE('',#3398,#3211,#983,.T.);
#2891=EDGE_CURVE('',#3228,#3212,#3711,.T.);
#2892=EDGE_CURVE('',#3395,#3228,#984,.T.);
#2893=EDGE_CURVE('',#3245,#3229,#3712,.T.);
#2894=EDGE_CURVE('',#3392,#3245,#985,.T.);
#2895=EDGE_CURVE('',#3262,#3246,#3713,.T.);
#2896=EDGE_CURVE('',#3389,#3262,#986,.T.);
#2897=EDGE_CURVE('',#3279,#3263,#3714,.T.);
#2898=EDGE_CURVE('',#3386,#3279,#987,.T.);
#2899=EDGE_CURVE('',#3296,#3280,#3715,.T.);
#2900=EDGE_CURVE('',#3383,#3296,#988,.T.);
#2901=EDGE_CURVE('',#3313,#3297,#3716,.T.);
#2902=EDGE_CURVE('',#3380,#3313,#989,.T.);
#2903=EDGE_CURVE('',#3330,#3314,#3717,.T.);
#2904=EDGE_CURVE('',#3377,#3330,#990,.T.);
#2905=EDGE_CURVE('',#3446,#3331,#3718,.T.);
#2906=EDGE_CURVE('',#3374,#3446,#991,.T.);
#2907=EDGE_CURVE('',#3447,#3443,#992,.T.);
#2908=EDGE_CURVE('',#3448,#3447,#3719,.T.);
#2909=EDGE_CURVE('',#3442,#3448,#993,.T.);
#2910=EDGE_CURVE('',#3448,#3437,#994,.T.);
#2911=EDGE_CURVE('',#3449,#3448,#3720,.T.);
#2912=EDGE_CURVE('',#3436,#3449,#995,.T.);
#2913=EDGE_CURVE('',#3449,#3431,#996,.T.);
#2914=EDGE_CURVE('',#3450,#3449,#3721,.T.);
#2915=EDGE_CURVE('',#3430,#3450,#997,.T.);
#2916=EDGE_CURVE('',#3450,#3425,#998,.T.);
#2917=EDGE_CURVE('',#3445,#3450,#3722,.T.);
#2918=EDGE_CURVE('',#3424,#3445,#999,.T.);
#2919=EDGE_CURVE('',#3345,#3451,#3723,.T.);
#2920=EDGE_CURVE('',#3452,#3451,#318,.F.);
#2921=EDGE_CURVE('',#3339,#3452,#3724,.T.);
#2922=EDGE_CURVE('',#3453,#3453,#3725,.T.);
#2923=EDGE_CURVE('',#3343,#3454,#3726,.T.);
#2924=EDGE_CURVE('',#3455,#3454,#1000,.T.);
#2925=EDGE_CURVE('',#3344,#3455,#3727,.T.);
#2926=EDGE_CURVE('',#3446,#3452,#1001,.T.);
#2927=EDGE_CURVE('',#3451,#3455,#319,.T.);
#2928=EDGE_CURVE('',#3454,#3456,#320,.F.);
#2929=EDGE_CURVE('',#3457,#3456,#321,.T.);
#2930=EDGE_CURVE('',#3457,#3446,#322,.T.);
#2931=EDGE_CURVE('',#3458,#3457,#323,.T.);
#2932=EDGE_CURVE('',#3458,#3456,#3728,.F.);
#2933=EDGE_CURVE('',#3458,#3459,#324,.T.);
#2934=EDGE_CURVE('',#3459,#3373,#1002,.T.);
#2935=EDGE_CURVE('',#3459,#3337,#3729,.T.);
#2936=EDGE_CURVE('',#3325,#3460,#325,.F.);
#2937=EDGE_CURVE('',#3461,#3460,#326,.T.);
#2938=EDGE_CURVE('',#3461,#3330,#327,.T.);
#2939=EDGE_CURVE('',#3462,#3461,#328,.T.);
#2940=EDGE_CURVE('',#3462,#3460,#3730,.F.);
#2941=EDGE_CURVE('',#3462,#3463,#329,.T.);
#2942=EDGE_CURVE('',#3463,#3376,#1003,.T.);
#2943=EDGE_CURVE('',#3463,#3320,#3731,.T.);
#2944=EDGE_CURVE('',#3308,#3464,#330,.F.);
#2945=EDGE_CURVE('',#3465,#3464,#331,.T.);
#2946=EDGE_CURVE('',#3465,#3313,#332,.T.);
#2947=EDGE_CURVE('',#3466,#3465,#333,.T.);
#2948=EDGE_CURVE('',#3466,#3464,#3732,.F.);
#2949=EDGE_CURVE('',#3466,#3467,#334,.T.);
#2950=EDGE_CURVE('',#3467,#3379,#1004,.T.);
#2951=EDGE_CURVE('',#3467,#3303,#3733,.T.);
#2952=EDGE_CURVE('',#3291,#3468,#335,.F.);
#2953=EDGE_CURVE('',#3469,#3468,#336,.T.);
#2954=EDGE_CURVE('',#3469,#3296,#337,.T.);
#2955=EDGE_CURVE('',#3470,#3469,#338,.T.);
#2956=EDGE_CURVE('',#3470,#3468,#3734,.F.);
#2957=EDGE_CURVE('',#3470,#3471,#339,.T.);
#2958=EDGE_CURVE('',#3471,#3382,#1005,.T.);
#2959=EDGE_CURVE('',#3471,#3286,#3735,.T.);
#2960=EDGE_CURVE('',#3274,#3472,#340,.F.);
#2961=EDGE_CURVE('',#3473,#3472,#341,.T.);
#2962=EDGE_CURVE('',#3473,#3279,#342,.T.);
#2963=EDGE_CURVE('',#3474,#3473,#343,.T.);
#2964=EDGE_CURVE('',#3474,#3472,#3736,.F.);
#2965=EDGE_CURVE('',#3474,#3475,#344,.T.);
#2966=EDGE_CURVE('',#3475,#3385,#1006,.T.);
#2967=EDGE_CURVE('',#3475,#3269,#3737,.T.);
#2968=EDGE_CURVE('',#3257,#3476,#345,.F.);
#2969=EDGE_CURVE('',#3477,#3476,#346,.T.);
#2970=EDGE_CURVE('',#3477,#3262,#347,.T.);
#2971=EDGE_CURVE('',#3478,#3477,#348,.T.);
#2972=EDGE_CURVE('',#3478,#3476,#3738,.F.);
#2973=EDGE_CURVE('',#3478,#3479,#349,.T.);
#2974=EDGE_CURVE('',#3479,#3388,#1007,.T.);
#2975=EDGE_CURVE('',#3479,#3252,#3739,.T.);
#2976=EDGE_CURVE('',#3240,#3480,#350,.F.);
#2977=EDGE_CURVE('',#3481,#3480,#351,.T.);
#2978=EDGE_CURVE('',#3481,#3245,#352,.T.);
#2979=EDGE_CURVE('',#3482,#3481,#353,.T.);
#2980=EDGE_CURVE('',#3482,#3480,#3740,.F.);
#2981=EDGE_CURVE('',#3482,#3483,#354,.T.);
#2982=EDGE_CURVE('',#3483,#3391,#1008,.T.);
#2983=EDGE_CURVE('',#3483,#3235,#3741,.T.);
#2984=EDGE_CURVE('',#3223,#3484,#355,.F.);
#2985=EDGE_CURVE('',#3485,#3484,#356,.T.);
#2986=EDGE_CURVE('',#3485,#3228,#357,.T.);
#2987=EDGE_CURVE('',#3486,#3485,#358,.T.);
#2988=EDGE_CURVE('',#3486,#3484,#3742,.F.);
#2989=EDGE_CURVE('',#3486,#3487,#359,.T.);
#2990=EDGE_CURVE('',#3487,#3394,#1009,.T.);
#2991=EDGE_CURVE('',#3487,#3218,#3743,.T.);
#2992=EDGE_CURVE('',#3206,#3488,#360,.F.);
#2993=EDGE_CURVE('',#3489,#3488,#361,.T.);
#2994=EDGE_CURVE('',#3489,#3211,#362,.T.);
#2995=EDGE_CURVE('',#3490,#3489,#363,.T.);
#2996=EDGE_CURVE('',#3490,#3488,#3744,.F.);
#2997=EDGE_CURVE('',#3490,#3491,#364,.T.);
#2998=EDGE_CURVE('',#3491,#3397,#1010,.T.);
#2999=EDGE_CURVE('',#3491,#3201,#3745,.T.);
#3000=EDGE_CURVE('',#3189,#3492,#365,.F.);
#3001=EDGE_CURVE('',#3493,#3492,#366,.T.);
#3002=EDGE_CURVE('',#3493,#3194,#367,.T.);
#3003=EDGE_CURVE('',#3494,#3493,#368,.T.);
#3004=EDGE_CURVE('',#3494,#3492,#3746,.F.);
#3005=EDGE_CURVE('',#3494,#3495,#369,.T.);
#3006=EDGE_CURVE('',#3495,#3400,#1011,.T.);
#3007=EDGE_CURVE('',#3495,#3184,#3747,.T.);
#3008=EDGE_CURVE('',#3172,#3496,#370,.F.);
#3009=EDGE_CURVE('',#3497,#3496,#371,.T.);
#3010=EDGE_CURVE('',#3497,#3177,#372,.T.);
#3011=EDGE_CURVE('',#3498,#3497,#373,.T.);
#3012=EDGE_CURVE('',#3498,#3496,#3748,.F.);
#3013=EDGE_CURVE('',#3498,#3499,#374,.T.);
#3014=EDGE_CURVE('',#3499,#3403,#1012,.T.);
#3015=EDGE_CURVE('',#3499,#3167,#3749,.T.);
#3016=EDGE_CURVE('',#3155,#3500,#375,.F.);
#3017=EDGE_CURVE('',#3501,#3500,#376,.T.);
#3018=EDGE_CURVE('',#3501,#3160,#377,.T.);
#3019=EDGE_CURVE('',#3502,#3501,#378,.T.);
#3020=EDGE_CURVE('',#3502,#3500,#3750,.F.);
#3021=EDGE_CURVE('',#3502,#3503,#379,.T.);
#3022=EDGE_CURVE('',#3503,#3406,#1013,.T.);
#3023=EDGE_CURVE('',#3503,#3150,#3751,.T.);
#3024=EDGE_CURVE('',#3138,#3504,#380,.F.);
#3025=EDGE_CURVE('',#3505,#3504,#381,.T.);
#3026=EDGE_CURVE('',#3505,#3143,#382,.T.);
#3027=EDGE_CURVE('',#3506,#3505,#383,.T.);
#3028=EDGE_CURVE('',#3506,#3504,#3752,.F.);
#3029=EDGE_CURVE('',#3506,#3507,#384,.T.);
#3030=EDGE_CURVE('',#3507,#3409,#1014,.T.);
#3031=EDGE_CURVE('',#3507,#3133,#3753,.T.);
#3032=EDGE_CURVE('',#3121,#3508,#385,.F.);
#3033=EDGE_CURVE('',#3509,#3508,#386,.T.);
#3034=EDGE_CURVE('',#3509,#3126,#387,.T.);
#3035=EDGE_CURVE('',#3510,#3509,#388,.T.);
#3036=EDGE_CURVE('',#3510,#3508,#3754,.F.);
#3037=EDGE_CURVE('',#3510,#3511,#389,.T.);
#3038=EDGE_CURVE('',#3511,#3412,#1015,.T.);
#3039=EDGE_CURVE('',#3511,#3116,#3755,.T.);
#3040=EDGE_CURVE('',#3104,#3512,#390,.F.);
#3041=EDGE_CURVE('',#3513,#3512,#391,.T.);
#3042=EDGE_CURVE('',#3513,#3109,#392,.T.);
#3043=EDGE_CURVE('',#3514,#3513,#393,.T.);
#3044=EDGE_CURVE('',#3514,#3512,#3756,.F.);
#3045=EDGE_CURVE('',#3514,#3515,#394,.T.);
#3046=EDGE_CURVE('',#3515,#3416,#1016,.T.);
#3047=EDGE_CURVE('',#3515,#3516,#3757,.T.);
#3048=EDGE_CURVE('',#3417,#3516,#1017,.T.);
#3049=EDGE_CURVE('',#3516,#3517,#395,.F.);
#3050=EDGE_CURVE('',#3518,#3517,#396,.T.);
#3051=EDGE_CURVE('',#3518,#3445,#397,.T.);
#3052=EDGE_CURVE('',#3519,#3518,#398,.T.);
#3053=EDGE_CURVE('',#3519,#3517,#3758,.F.);
#3054=EDGE_CURVE('',#3519,#3520,#399,.T.);
#3055=EDGE_CURVE('',#3520,#3422,#1018,.T.);
#3056=EDGE_CURVE('',#3520,#3521,#3759,.T.);
#3057=EDGE_CURVE('',#3423,#3521,#1019,.T.);
#3058=EDGE_CURVE('',#3521,#3522,#400,.F.);
#3059=EDGE_CURVE('',#3523,#3522,#401,.T.);
#3060=EDGE_CURVE('',#3523,#3450,#402,.T.);
#3061=EDGE_CURVE('',#3524,#3523,#403,.T.);
#3062=EDGE_CURVE('',#3524,#3522,#3760,.F.);
#3063=EDGE_CURVE('',#3524,#3525,#404,.T.);
#3064=EDGE_CURVE('',#3525,#3428,#1020,.T.);
#3065=EDGE_CURVE('',#3525,#3526,#3761,.T.);
#3066=EDGE_CURVE('',#3429,#3526,#1021,.T.);
#3067=EDGE_CURVE('',#3526,#3527,#405,.F.);
#3068=EDGE_CURVE('',#3528,#3527,#406,.T.);
#3069=EDGE_CURVE('',#3528,#3449,#407,.T.);
#3070=EDGE_CURVE('',#3529,#3528,#408,.T.);
#3071=EDGE_CURVE('',#3529,#3527,#3762,.F.);
#3072=EDGE_CURVE('',#3529,#3530,#409,.T.);
#3073=EDGE_CURVE('',#3530,#3434,#1022,.T.);
#3074=EDGE_CURVE('',#3530,#3531,#3763,.T.);
#3075=EDGE_CURVE('',#3435,#3531,#1023,.T.);
#3076=EDGE_CURVE('',#3531,#3532,#410,.F.);
#3077=EDGE_CURVE('',#3533,#3532,#411,.T.);
#3078=EDGE_CURVE('',#3533,#3448,#412,.T.);
#3079=EDGE_CURVE('',#3534,#3533,#413,.T.);
#3080=EDGE_CURVE('',#3534,#3532,#3764,.F.);
#3081=EDGE_CURVE('',#3534,#3535,#414,.T.);
#3082=EDGE_CURVE('',#3535,#3440,#1024,.T.);
#3083=EDGE_CURVE('',#3535,#3536,#3765,.T.);
#3084=EDGE_CURVE('',#3441,#3536,#1025,.T.);
#3085=EDGE_CURVE('',#3536,#3537,#415,.F.);
#3086=EDGE_CURVE('',#3538,#3537,#416,.T.);
#3087=EDGE_CURVE('',#3538,#3447,#417,.T.);
#3088=EDGE_CURVE('',#3539,#3538,#418,.T.);
#3089=EDGE_CURVE('',#3539,#3537,#3766,.F.);
#3090=EDGE_CURVE('',#3540,#3447,#1026,.T.);
#3091=EDGE_CURVE('',#3539,#3541,#419,.T.);
#3092=EDGE_CURVE('',#3541,#3542,#1027,.T.);
#3093=EDGE_CURVE('',#3542,#3543,#420,.T.);
#3094=EDGE_CURVE('',#3543,#3540,#421,.T.);
#3095=EDGE_CURVE('',#3542,#3348,#3767,.T.);
#3096=EDGE_CURVE('',#3541,#3349,#3768,.T.);
#3097=EDGE_CURVE('',#3540,#3346,#3769,.T.);
#3098=EDGE_CURVE('',#3543,#3347,#3770,.T.);
#3099=EDGE_CURVE('',#3447,#3340,#3771,.T.);
#3100=EDGE_CURVE('',#3340,#3446,#3772,.T.);
#3101=VERTEX_POINT('',#6463);
#3102=VERTEX_POINT('',#6464);
#3103=VERTEX_POINT('',#6469);
#3104=VERTEX_POINT('',#6471);
#3105=VERTEX_POINT('',#6478);
#3106=VERTEX_POINT('',#6479);
#3107=VERTEX_POINT('',#6484);
#3108=VERTEX_POINT('',#6485);
#3109=VERTEX_POINT('',#6493);
#3110=VERTEX_POINT('',#6495);
#3111=VERTEX_POINT('',#6502);
#3112=VERTEX_POINT('',#6504);
#3113=VERTEX_POINT('',#6511);
#3114=VERTEX_POINT('',#6513);
#3115=VERTEX_POINT('',#6515);
#3116=VERTEX_POINT('',#6520);
#3117=VERTEX_POINT('',#6522);
#3118=VERTEX_POINT('',#6528);
#3119=VERTEX_POINT('',#6529);
#3120=VERTEX_POINT('',#6534);
#3121=VERTEX_POINT('',#6536);
#3122=VERTEX_POINT('',#6543);
#3123=VERTEX_POINT('',#6544);
#3124=VERTEX_POINT('',#6549);
#3125=VERTEX_POINT('',#6550);
#3126=VERTEX_POINT('',#6558);
#3127=VERTEX_POINT('',#6560);
#3128=VERTEX_POINT('',#6567);
#3129=VERTEX_POINT('',#6569);
#3130=VERTEX_POINT('',#6576);
#3131=VERTEX_POINT('',#6578);
#3132=VERTEX_POINT('',#6580);
#3133=VERTEX_POINT('',#6585);
#3134=VERTEX_POINT('',#6587);
#3135=VERTEX_POINT('',#6593);
#3136=VERTEX_POINT('',#6594);
#3137=VERTEX_POINT('',#6599);
#3138=VERTEX_POINT('',#6601);
#3139=VERTEX_POINT('',#6608);
#3140=VERTEX_POINT('',#6609);
#3141=VERTEX_POINT('',#6614);
#3142=VERTEX_POINT('',#6615);
#3143=VERTEX_POINT('',#6623);
#3144=VERTEX_POINT('',#6625);
#3145=VERTEX_POINT('',#6632);
#3146=VERTEX_POINT('',#6634);
#3147=VERTEX_POINT('',#6641);
#3148=VERTEX_POINT('',#6643);
#3149=VERTEX_POINT('',#6645);
#3150=VERTEX_POINT('',#6650);
#3151=VERTEX_POINT('',#6652);
#3152=VERTEX_POINT('',#6658);
#3153=VERTEX_POINT('',#6659);
#3154=VERTEX_POINT('',#6664);
#3155=VERTEX_POINT('',#6666);
#3156=VERTEX_POINT('',#6673);
#3157=VERTEX_POINT('',#6674);
#3158=VERTEX_POINT('',#6679);
#3159=VERTEX_POINT('',#6680);
#3160=VERTEX_POINT('',#6688);
#3161=VERTEX_POINT('',#6690);
#3162=VERTEX_POINT('',#6697);
#3163=VERTEX_POINT('',#6699);
#3164=VERTEX_POINT('',#6706);
#3165=VERTEX_POINT('',#6708);
#3166=VERTEX_POINT('',#6710);
#3167=VERTEX_POINT('',#6715);
#3168=VERTEX_POINT('',#6717);
#3169=VERTEX_POINT('',#6723);
#3170=VERTEX_POINT('',#6724);
#3171=VERTEX_POINT('',#6729);
#3172=VERTEX_POINT('',#6731);
#3173=VERTEX_POINT('',#6738);
#3174=VERTEX_POINT('',#6739);
#3175=VERTEX_POINT('',#6744);
#3176=VERTEX_POINT('',#6745);
#3177=VERTEX_POINT('',#6753);
#3178=VERTEX_POINT('',#6755);
#3179=VERTEX_POINT('',#6762);
#3180=VERTEX_POINT('',#6764);
#3181=VERTEX_POINT('',#6771);
#3182=VERTEX_POINT('',#6773);
#3183=VERTEX_POINT('',#6775);
#3184=VERTEX_POINT('',#6780);
#3185=VERTEX_POINT('',#6782);
#3186=VERTEX_POINT('',#6788);
#3187=VERTEX_POINT('',#6789);
#3188=VERTEX_POINT('',#6794);
#3189=VERTEX_POINT('',#6796);
#3190=VERTEX_POINT('',#6803);
#3191=VERTEX_POINT('',#6804);
#3192=VERTEX_POINT('',#6809);
#3193=VERTEX_POINT('',#6810);
#3194=VERTEX_POINT('',#6818);
#3195=VERTEX_POINT('',#6820);
#3196=VERTEX_POINT('',#6827);
#3197=VERTEX_POINT('',#6829);
#3198=VERTEX_POINT('',#6836);
#3199=VERTEX_POINT('',#6838);
#3200=VERTEX_POINT('',#6840);
#3201=VERTEX_POINT('',#6845);
#3202=VERTEX_POINT('',#6847);
#3203=VERTEX_POINT('',#6853);
#3204=VERTEX_POINT('',#6854);
#3205=VERTEX_POINT('',#6859);
#3206=VERTEX_POINT('',#6861);
#3207=VERTEX_POINT('',#6868);
#3208=VERTEX_POINT('',#6869);
#3209=VERTEX_POINT('',#6874);
#3210=VERTEX_POINT('',#6875);
#3211=VERTEX_POINT('',#6883);
#3212=VERTEX_POINT('',#6885);
#3213=VERTEX_POINT('',#6892);
#3214=VERTEX_POINT('',#6894);
#3215=VERTEX_POINT('',#6901);
#3216=VERTEX_POINT('',#6903);
#3217=VERTEX_POINT('',#6905);
#3218=VERTEX_POINT('',#6910);
#3219=VERTEX_POINT('',#6912);
#3220=VERTEX_POINT('',#6918);
#3221=VERTEX_POINT('',#6919);
#3222=VERTEX_POINT('',#6924);
#3223=VERTEX_POINT('',#6926);
#3224=VERTEX_POINT('',#6933);
#3225=VERTEX_POINT('',#6934);
#3226=VERTEX_POINT('',#6939);
#3227=VERTEX_POINT('',#6940);
#3228=VERTEX_POINT('',#6948);
#3229=VERTEX_POINT('',#6950);
#3230=VERTEX_POINT('',#6957);
#3231=VERTEX_POINT('',#6959);
#3232=VERTEX_POINT('',#6966);
#3233=VERTEX_POINT('',#6968);
#3234=VERTEX_POINT('',#6970);
#3235=VERTEX_POINT('',#6975);
#3236=VERTEX_POINT('',#6977);
#3237=VERTEX_POINT('',#6983);
#3238=VERTEX_POINT('',#6984);
#3239=VERTEX_POINT('',#6989);
#3240=VERTEX_POINT('',#6991);
#3241=VERTEX_POINT('',#6998);
#3242=VERTEX_POINT('',#6999);
#3243=VERTEX_POINT('',#7004);
#3244=VERTEX_POINT('',#7005);
#3245=VERTEX_POINT('',#7013);
#3246=VERTEX_POINT('',#7015);
#3247=VERTEX_POINT('',#7022);
#3248=VERTEX_POINT('',#7024);
#3249=VERTEX_POINT('',#7031);
#3250=VERTEX_POINT('',#7033);
#3251=VERTEX_POINT('',#7035);
#3252=VERTEX_POINT('',#7040);
#3253=VERTEX_POINT('',#7042);
#3254=VERTEX_POINT('',#7048);
#3255=VERTEX_POINT('',#7049);
#3256=VERTEX_POINT('',#7054);
#3257=VERTEX_POINT('',#7056);
#3258=VERTEX_POINT('',#7063);
#3259=VERTEX_POINT('',#7064);
#3260=VERTEX_POINT('',#7069);
#3261=VERTEX_POINT('',#7070);
#3262=VERTEX_POINT('',#7078);
#3263=VERTEX_POINT('',#7080);
#3264=VERTEX_POINT('',#7087);
#3265=VERTEX_POINT('',#7089);
#3266=VERTEX_POINT('',#7096);
#3267=VERTEX_POINT('',#7098);
#3268=VERTEX_POINT('',#7100);
#3269=VERTEX_POINT('',#7105);
#3270=VERTEX_POINT('',#7107);
#3271=VERTEX_POINT('',#7113);
#3272=VERTEX_POINT('',#7114);
#3273=VERTEX_POINT('',#7119);
#3274=VERTEX_POINT('',#7121);
#3275=VERTEX_POINT('',#7128);
#3276=VERTEX_POINT('',#7129);
#3277=VERTEX_POINT('',#7134);
#3278=VERTEX_POINT('',#7135);
#3279=VERTEX_POINT('',#7143);
#3280=VERTEX_POINT('',#7145);
#3281=VERTEX_POINT('',#7152);
#3282=VERTEX_POINT('',#7154);
#3283=VERTEX_POINT('',#7161);
#3284=VERTEX_POINT('',#7163);
#3285=VERTEX_POINT('',#7165);
#3286=VERTEX_POINT('',#7170);
#3287=VERTEX_POINT('',#7172);
#3288=VERTEX_POINT('',#7178);
#3289=VERTEX_POINT('',#7179);
#3290=VERTEX_POINT('',#7184);
#3291=VERTEX_POINT('',#7186);
#3292=VERTEX_POINT('',#7193);
#3293=VERTEX_POINT('',#7194);
#3294=VERTEX_POINT('',#7199);
#3295=VERTEX_POINT('',#7200);
#3296=VERTEX_POINT('',#7208);
#3297=VERTEX_POINT('',#7210);
#3298=VERTEX_POINT('',#7217);
#3299=VERTEX_POINT('',#7219);
#3300=VERTEX_POINT('',#7226);
#3301=VERTEX_POINT('',#7228);
#3302=VERTEX_POINT('',#7230);
#3303=VERTEX_POINT('',#7235);
#3304=VERTEX_POINT('',#7237);
#3305=VERTEX_POINT('',#7243);
#3306=VERTEX_POINT('',#7244);
#3307=VERTEX_POINT('',#7249);
#3308=VERTEX_POINT('',#7251);
#3309=VERTEX_POINT('',#7258);
#3310=VERTEX_POINT('',#7259);
#3311=VERTEX_POINT('',#7264);
#3312=VERTEX_POINT('',#7265);
#3313=VERTEX_POINT('',#7273);
#3314=VERTEX_POINT('',#7275);
#3315=VERTEX_POINT('',#7282);
#3316=VERTEX_POINT('',#7284);
#3317=VERTEX_POINT('',#7291);
#3318=VERTEX_POINT('',#7293);
#3319=VERTEX_POINT('',#7295);
#3320=VERTEX_POINT('',#7300);
#3321=VERTEX_POINT('',#7302);
#3322=VERTEX_POINT('',#7308);
#3323=VERTEX_POINT('',#7309);
#3324=VERTEX_POINT('',#7314);
#3325=VERTEX_POINT('',#7316);
#3326=VERTEX_POINT('',#7323);
#3327=VERTEX_POINT('',#7324);
#3328=VERTEX_POINT('',#7329);
#3329=VERTEX_POINT('',#7330);
#3330=VERTEX_POINT('',#7338);
#3331=VERTEX_POINT('',#7340);
#3332=VERTEX_POINT('',#7347);
#3333=VERTEX_POINT('',#7349);
#3334=VERTEX_POINT('',#7356);
#3335=VERTEX_POINT('',#7358);
#3336=VERTEX_POINT('',#7360);
#3337=VERTEX_POINT('',#7365);
#3338=VERTEX_POINT('',#7367);
#3339=VERTEX_POINT('',#7376);
#3340=VERTEX_POINT('',#7377);
#3341=VERTEX_POINT('',#7379);
#3342=VERTEX_POINT('',#7381);
#3343=VERTEX_POINT('',#7383);
#3344=VERTEX_POINT('',#7388);
#3345=VERTEX_POINT('',#7390);
#3346=VERTEX_POINT('',#7397);
#3347=VERTEX_POINT('',#7399);
#3348=VERTEX_POINT('',#7401);
#3349=VERTEX_POINT('',#7406);
#3350=VERTEX_POINT('',#7408);
#3351=VERTEX_POINT('',#7414);
#3352=VERTEX_POINT('',#7416);
#3353=VERTEX_POINT('',#7419);
#3354=VERTEX_POINT('',#7422);
#3355=VERTEX_POINT('',#7425);
#3356=VERTEX_POINT('',#7428);
#3357=VERTEX_POINT('',#7431);
#3358=VERTEX_POINT('',#7434);
#3359=VERTEX_POINT('',#7437);
#3360=VERTEX_POINT('',#7440);
#3361=VERTEX_POINT('',#7443);
#3362=VERTEX_POINT('',#7449);
#3363=VERTEX_POINT('',#7450);
#3364=VERTEX_POINT('',#7462);
#3365=VERTEX_POINT('',#7466);
#3366=VERTEX_POINT('',#8230);
#3367=VERTEX_POINT('',#8242);
#3368=VERTEX_POINT('',#9010);
#3369=VERTEX_POINT('',#9352);
#3370=VERTEX_POINT('',#9355);
#3371=VERTEX_POINT('',#9358);
#3372=VERTEX_POINT('',#9361);
#3373=VERTEX_POINT('',#9363);
#3374=VERTEX_POINT('',#9367);
#3375=VERTEX_POINT('',#9371);
#3376=VERTEX_POINT('',#9373);
#3377=VERTEX_POINT('',#9377);
#3378=VERTEX_POINT('',#9381);
#3379=VERTEX_POINT('',#9383);
#3380=VERTEX_POINT('',#9387);
#3381=VERTEX_POINT('',#9391);
#3382=VERTEX_POINT('',#9393);
#3383=VERTEX_POINT('',#9397);
#3384=VERTEX_POINT('',#9401);
#3385=VERTEX_POINT('',#9403);
#3386=VERTEX_POINT('',#9407);
#3387=VERTEX_POINT('',#9411);
#3388=VERTEX_POINT('',#9413);
#3389=VERTEX_POINT('',#9417);
#3390=VERTEX_POINT('',#9421);
#3391=VERTEX_POINT('',#9423);
#3392=VERTEX_POINT('',#9427);
#3393=VERTEX_POINT('',#9431);
#3394=VERTEX_POINT('',#9433);
#3395=VERTEX_POINT('',#9437);
#3396=VERTEX_POINT('',#9441);
#3397=VERTEX_POINT('',#9443);
#3398=VERTEX_POINT('',#9447);
#3399=VERTEX_POINT('',#9451);
#3400=VERTEX_POINT('',#9453);
#3401=VERTEX_POINT('',#9457);
#3402=VERTEX_POINT('',#9461);
#3403=VERTEX_POINT('',#9463);
#3404=VERTEX_POINT('',#9467);
#3405=VERTEX_POINT('',#9471);
#3406=VERTEX_POINT('',#9473);
#3407=VERTEX_POINT('',#9477);
#3408=VERTEX_POINT('',#9481);
#3409=VERTEX_POINT('',#9483);
#3410=VERTEX_POINT('',#9487);
#3411=VERTEX_POINT('',#9491);
#3412=VERTEX_POINT('',#9493);
#3413=VERTEX_POINT('',#9497);
#3414=VERTEX_POINT('',#9501);
#3415=VERTEX_POINT('',#9502);
#3416=VERTEX_POINT('',#9504);
#3417=VERTEX_POINT('',#9506);
#3418=VERTEX_POINT('',#9510);
#3419=VERTEX_POINT('',#9511);
#3420=VERTEX_POINT('',#9516);
#3421=VERTEX_POINT('',#9517);
#3422=VERTEX_POINT('',#9519);
#3423=VERTEX_POINT('',#9521);
#3424=VERTEX_POINT('',#9525);
#3425=VERTEX_POINT('',#9526);
#3426=VERTEX_POINT('',#9531);
#3427=VERTEX_POINT('',#9532);
#3428=VERTEX_POINT('',#9534);
#3429=VERTEX_POINT('',#9536);
#3430=VERTEX_POINT('',#9540);
#3431=VERTEX_POINT('',#9541);
#3432=VERTEX_POINT('',#9546);
#3433=VERTEX_POINT('',#9547);
#3434=VERTEX_POINT('',#9549);
#3435=VERTEX_POINT('',#9551);
#3436=VERTEX_POINT('',#9555);
#3437=VERTEX_POINT('',#9556);
#3438=VERTEX_POINT('',#9561);
#3439=VERTEX_POINT('',#9562);
#3440=VERTEX_POINT('',#9564);
#3441=VERTEX_POINT('',#9566);
#3442=VERTEX_POINT('',#9570);
#3443=VERTEX_POINT('',#9571);
#3444=VERTEX_POINT('',#9576);
#3445=VERTEX_POINT('',#9582);
#3446=VERTEX_POINT('',#9668);
#3447=VERTEX_POINT('',#9678);
#3448=VERTEX_POINT('',#9680);
#3449=VERTEX_POINT('',#9691);
#3450=VERTEX_POINT('',#9702);
#3451=VERTEX_POINT('',#9719);
#3452=VERTEX_POINT('',#9721);
#3453=VERTEX_POINT('',#9725);
#3454=VERTEX_POINT('',#9728);
#3455=VERTEX_POINT('',#9733);
#3456=VERTEX_POINT('',#9742);
#3457=VERTEX_POINT('',#9744);
#3458=VERTEX_POINT('',#9748);
#3459=VERTEX_POINT('',#9752);
#3460=VERTEX_POINT('',#9761);
#3461=VERTEX_POINT('',#9763);
#3462=VERTEX_POINT('',#9767);
#3463=VERTEX_POINT('',#9771);
#3464=VERTEX_POINT('',#9780);
#3465=VERTEX_POINT('',#9782);
#3466=VERTEX_POINT('',#9786);
#3467=VERTEX_POINT('',#9790);
#3468=VERTEX_POINT('',#9799);
#3469=VERTEX_POINT('',#9801);
#3470=VERTEX_POINT('',#9805);
#3471=VERTEX_POINT('',#9809);
#3472=VERTEX_POINT('',#9818);
#3473=VERTEX_POINT('',#9820);
#3474=VERTEX_POINT('',#9824);
#3475=VERTEX_POINT('',#9828);
#3476=VERTEX_POINT('',#9837);
#3477=VERTEX_POINT('',#9839);
#3478=VERTEX_POINT('',#9843);
#3479=VERTEX_POINT('',#9847);
#3480=VERTEX_POINT('',#9856);
#3481=VERTEX_POINT('',#9858);
#3482=VERTEX_POINT('',#9862);
#3483=VERTEX_POINT('',#9866);
#3484=VERTEX_POINT('',#9875);
#3485=VERTEX_POINT('',#9877);
#3486=VERTEX_POINT('',#9881);
#3487=VERTEX_POINT('',#9885);
#3488=VERTEX_POINT('',#9894);
#3489=VERTEX_POINT('',#9896);
#3490=VERTEX_POINT('',#9900);
#3491=VERTEX_POINT('',#9904);
#3492=VERTEX_POINT('',#9913);
#3493=VERTEX_POINT('',#9915);
#3494=VERTEX_POINT('',#9919);
#3495=VERTEX_POINT('',#9923);
#3496=VERTEX_POINT('',#9932);
#3497=VERTEX_POINT('',#9934);
#3498=VERTEX_POINT('',#9938);
#3499=VERTEX_POINT('',#9942);
#3500=VERTEX_POINT('',#9951);
#3501=VERTEX_POINT('',#9953);
#3502=VERTEX_POINT('',#9957);
#3503=VERTEX_POINT('',#9961);
#3504=VERTEX_POINT('',#9970);
#3505=VERTEX_POINT('',#9972);
#3506=VERTEX_POINT('',#9976);
#3507=VERTEX_POINT('',#9980);
#3508=VERTEX_POINT('',#9989);
#3509=VERTEX_POINT('',#9991);
#3510=VERTEX_POINT('',#9995);
#3511=VERTEX_POINT('',#9999);
#3512=VERTEX_POINT('',#10008);
#3513=VERTEX_POINT('',#10010);
#3514=VERTEX_POINT('',#10014);
#3515=VERTEX_POINT('',#10018);
#3516=VERTEX_POINT('',#10025);
#3517=VERTEX_POINT('',#10032);
#3518=VERTEX_POINT('',#10034);
#3519=VERTEX_POINT('',#10038);
#3520=VERTEX_POINT('',#10042);
#3521=VERTEX_POINT('',#10049);
#3522=VERTEX_POINT('',#10056);
#3523=VERTEX_POINT('',#10058);
#3524=VERTEX_POINT('',#10062);
#3525=VERTEX_POINT('',#10066);
#3526=VERTEX_POINT('',#10073);
#3527=VERTEX_POINT('',#10080);
#3528=VERTEX_POINT('',#10082);
#3529=VERTEX_POINT('',#10086);
#3530=VERTEX_POINT('',#10090);
#3531=VERTEX_POINT('',#10097);
#3532=VERTEX_POINT('',#10104);
#3533=VERTEX_POINT('',#10106);
#3534=VERTEX_POINT('',#10110);
#3535=VERTEX_POINT('',#10114);
#3536=VERTEX_POINT('',#10121);
#3537=VERTEX_POINT('',#10128);
#3538=VERTEX_POINT('',#10130);
#3539=VERTEX_POINT('',#10134);
#3540=VERTEX_POINT('',#10141);
#3541=VERTEX_POINT('',#10143);
#3542=VERTEX_POINT('',#10148);
#3543=VERTEX_POINT('',#10150);
#3544=CIRCLE('',#4662,3.20330769619713);
#3545=CIRCLE('',#4663,3.13961947837076);
#3546=CIRCLE('',#4665,3.405);
#3547=CIRCLE('',#4667,3.405);
#3548=CIRCLE('',#4669,3.10594256655563);
#3549=CIRCLE('',#4673,3.13961947837076);
#3550=CIRCLE('',#4675,3.20330769619713);
#3551=CIRCLE('',#4676,3.13961947837076);
#3552=CIRCLE('',#4678,3.405);
#3553=CIRCLE('',#4680,3.405);
#3554=CIRCLE('',#4682,3.10594256655563);
#3555=CIRCLE('',#4686,3.13961947837076);
#3556=CIRCLE('',#4688,3.20330769619713);
#3557=CIRCLE('',#4689,3.13961947837076);
#3558=CIRCLE('',#4691,3.405);
#3559=CIRCLE('',#4693,3.405);
#3560=CIRCLE('',#4695,3.10594256655563);
#3561=CIRCLE('',#4699,3.13961947837076);
#3562=CIRCLE('',#4701,3.20330769619713);
#3563=CIRCLE('',#4702,3.13961947837076);
#3564=CIRCLE('',#4704,3.405);
#3565=CIRCLE('',#4706,3.405);
#3566=CIRCLE('',#4708,3.10594256655563);
#3567=CIRCLE('',#4712,3.13961947837076);
#3568=CIRCLE('',#4714,3.20330769619713);
#3569=CIRCLE('',#4715,3.13961947837076);
#3570=CIRCLE('',#4717,3.405);
#3571=CIRCLE('',#4719,3.405);
#3572=CIRCLE('',#4721,3.10594256655563);
#3573=CIRCLE('',#4725,3.13961947837076);
#3574=CIRCLE('',#4727,3.20330769619713);
#3575=CIRCLE('',#4728,3.13961947837076);
#3576=CIRCLE('',#4730,3.405);
#3577=CIRCLE('',#4732,3.405);
#3578=CIRCLE('',#4734,3.10594256655563);
#3579=CIRCLE('',#4738,3.13961947837076);
#3580=CIRCLE('',#4740,3.20330769619713);
#3581=CIRCLE('',#4741,3.13961947837076);
#3582=CIRCLE('',#4743,3.405);
#3583=CIRCLE('',#4745,3.405);
#3584=CIRCLE('',#4747,3.10594256655563);
#3585=CIRCLE('',#4751,3.13961947837076);
#3586=CIRCLE('',#4753,3.20330769619713);
#3587=CIRCLE('',#4754,3.13961947837076);
#3588=CIRCLE('',#4756,3.405);
#3589=CIRCLE('',#4758,3.405);
#3590=CIRCLE('',#4760,3.10594256655563);
#3591=CIRCLE('',#4764,3.13961947837076);
#3592=CIRCLE('',#4766,3.20330769619713);
#3593=CIRCLE('',#4767,3.13961947837076);
#3594=CIRCLE('',#4769,3.405);
#3595=CIRCLE('',#4771,3.405);
#3596=CIRCLE('',#4773,3.10594256655563);
#3597=CIRCLE('',#4777,3.13961947837076);
#3598=CIRCLE('',#4779,3.20330769619713);
#3599=CIRCLE('',#4780,3.13961947837076);
#3600=CIRCLE('',#4782,3.405);
#3601=CIRCLE('',#4784,3.405);
#3602=CIRCLE('',#4786,3.10594256655563);
#3603=CIRCLE('',#4790,3.13961947837076);
#3604=CIRCLE('',#4792,3.20330769619713);
#3605=CIRCLE('',#4793,3.13961947837076);
#3606=CIRCLE('',#4795,3.405);
#3607=CIRCLE('',#4797,3.405);
#3608=CIRCLE('',#4799,3.10594256655563);
#3609=CIRCLE('',#4803,3.13961947837076);
#3610=CIRCLE('',#4805,3.20330769619713);
#3611=CIRCLE('',#4806,3.13961947837076);
#3612=CIRCLE('',#4808,3.405);
#3613=CIRCLE('',#4810,3.405);
#3614=CIRCLE('',#4812,3.10594256655563);
#3615=CIRCLE('',#4816,3.13961947837076);
#3616=CIRCLE('',#4818,3.20330769619713);
#3617=CIRCLE('',#4819,3.13961947837076);
#3618=CIRCLE('',#4821,3.405);
#3619=CIRCLE('',#4823,3.405);
#3620=CIRCLE('',#4825,3.10594256655563);
#3621=CIRCLE('',#4829,3.13961947837076);
#3622=CIRCLE('',#4831,3.20330769619713);
#3623=CIRCLE('',#4832,3.13961947837076);
#3624=CIRCLE('',#4834,3.405);
#3625=CIRCLE('',#4836,3.405);
#3626=CIRCLE('',#4838,3.10594256655563);
#3627=CIRCLE('',#4842,3.13961947837076);
#3628=CIRCLE('',#4846,3.13961947837076);
#3629=CIRCLE('',#4848,4.20578640375609);
#3630=CIRCLE('',#4849,4.20578640375609);
#3631=CIRCLE('',#4851,4.37);
#3632=CIRCLE('',#4853,4.37);
#3633=CIRCLE('',#4855,4.37);
#3634=CIRCLE('',#4857,4.37);
#3635=CIRCLE('',#4859,4.20578640375609);
#3636=CIRCLE('',#4861,4.20002588427725);
#3637=CIRCLE('',#4863,4.20578640375609);
#3638=CIRCLE('',#4865,2.146025);
#3639=CIRCLE('',#4867,4.37);
#3640=CIRCLE('',#4869,2.);
#3641=CIRCLE('',#4871,4.37);
#3642=CIRCLE('',#4873,2.);
#3643=CIRCLE('',#4875,4.27563970832163);
#3644=CIRCLE('',#4877,2.146025);
#3645=CIRCLE('',#4879,3.20561227076639);
#3646=CIRCLE('',#4881,3.405);
#3647=CIRCLE('',#4882,3.20330769619713);
#3648=CIRCLE('',#4884,3.405);
#3649=CIRCLE('',#4886,3.405);
#3650=CIRCLE('',#4887,3.20330769619713);
#3651=CIRCLE('',#4889,3.405);
#3652=CIRCLE('',#4891,3.405);
#3653=CIRCLE('',#4892,3.20330769619713);
#3654=CIRCLE('',#4894,3.405);
#3655=CIRCLE('',#4896,3.405);
#3656=CIRCLE('',#4897,3.20330769619713);
#3657=CIRCLE('',#4899,3.405);
#3658=CIRCLE('',#4901,3.405);
#3659=CIRCLE('',#4902,3.20330769619713);
#3660=CIRCLE('',#4904,3.405);
#3661=CIRCLE('',#4906,3.405);
#3662=CIRCLE('',#4907,3.20330769619713);
#3663=CIRCLE('',#4909,3.405);
#3664=CIRCLE('',#4911,3.405);
#3665=CIRCLE('',#4912,3.20330769619713);
#3666=CIRCLE('',#4914,3.405);
#3667=CIRCLE('',#4916,3.405);
#3668=CIRCLE('',#4917,3.20330769619713);
#3669=CIRCLE('',#4919,3.405);
#3670=CIRCLE('',#4921,3.405);
#3671=CIRCLE('',#4922,3.20330769619713);
#3672=CIRCLE('',#4924,3.405);
#3673=CIRCLE('',#4926,3.405);
#3674=CIRCLE('',#4927,3.20330769619713);
#3675=CIRCLE('',#4929,3.405);
#3676=CIRCLE('',#4931,3.405);
#3677=CIRCLE('',#4932,3.20330769619713);
#3678=CIRCLE('',#4934,3.405);
#3679=CIRCLE('',#4936,3.405);
#3680=CIRCLE('',#4937,3.20330769619713);
#3681=CIRCLE('',#4939,3.405);
#3682=CIRCLE('',#4941,3.405);
#3683=CIRCLE('',#4942,3.20330769619713);
#3684=CIRCLE('',#4944,3.405);
#3685=CIRCLE('',#4946,3.405);
#3686=CIRCLE('',#4947,3.20330769619713);
#3687=CIRCLE('',#4949,3.405);
#3688=CIRCLE('',#4951,3.405);
#3689=CIRCLE('',#4952,3.20330769619713);
#3690=CIRCLE('',#4954,3.405);
#3691=CIRCLE('',#4956,3.405);
#3692=CIRCLE('',#4957,3.20330769619713);
#3693=CIRCLE('',#4959,3.405);
#3694=CIRCLE('',#4961,3.405);
#3695=CIRCLE('',#4962,3.20330769619713);
#3696=CIRCLE('',#4964,3.405);
#3697=CIRCLE('',#4966,3.405);
#3698=CIRCLE('',#4967,3.20330769619713);
#3699=CIRCLE('',#4969,3.405);
#3700=CIRCLE('',#4971,3.405);
#3701=CIRCLE('',#4972,3.20330769619713);
#3702=CIRCLE('',#4974,3.405);
#3703=CIRCLE('',#4976,3.10594256655563);
#3704=CIRCLE('',#4978,3.10594256655563);
#3705=CIRCLE('',#4980,3.10594256655563);
#3706=CIRCLE('',#4982,3.10594256655563);
#3707=CIRCLE('',#4984,3.10594256655563);
#3708=CIRCLE('',#4986,3.10594256655563);
#3709=CIRCLE('',#4988,3.10594256655563);
#3710=CIRCLE('',#4990,3.10594256655563);
#3711=CIRCLE('',#4992,3.10594256655563);
#3712=CIRCLE('',#4994,3.10594256655563);
#3713=CIRCLE('',#4996,3.10594256655563);
#3714=CIRCLE('',#4998,3.10594256655563);
#3715=CIRCLE('',#5000,3.10594256655563);
#3716=CIRCLE('',#5002,3.10594256655563);
#3717=CIRCLE('',#5004,3.10594256655563);
#3718=CIRCLE('',#5006,3.10594256655563);
#3719=CIRCLE('',#5008,3.10594256655563);
#3720=CIRCLE('',#5010,3.10594256655563);
#3721=CIRCLE('',#5012,3.10594256655563);
#3722=CIRCLE('',#5014,3.10594256655563);
#3723=CIRCLE('',#5016,3.405);
#3724=CIRCLE('',#5017,3.405);
#3725=CIRCLE('',#5019,3.13961947837076);
#3726=CIRCLE('',#5021,3.13961947837076);
#3727=CIRCLE('',#5022,3.20330769619713);
#3728=CIRCLE('',#5025,3.13961947837076);
#3729=CIRCLE('',#5028,3.13961947837076);
#3730=CIRCLE('',#5031,3.13961947837076);
#3731=CIRCLE('',#5034,3.13961947837076);
#3732=CIRCLE('',#5037,3.13961947837076);
#3733=CIRCLE('',#5040,3.13961947837076);
#3734=CIRCLE('',#5043,3.13961947837076);
#3735=CIRCLE('',#5046,3.13961947837076);
#3736=CIRCLE('',#5049,3.13961947837076);
#3737=CIRCLE('',#5052,3.13961947837076);
#3738=CIRCLE('',#5055,3.13961947837076);
#3739=CIRCLE('',#5058,3.13961947837076);
#3740=CIRCLE('',#5061,3.13961947837076);
#3741=CIRCLE('',#5064,3.13961947837076);
#3742=CIRCLE('',#5067,3.13961947837076);
#3743=CIRCLE('',#5070,3.13961947837076);
#3744=CIRCLE('',#5073,3.13961947837076);
#3745=CIRCLE('',#5076,3.13961947837076);
#3746=CIRCLE('',#5079,3.13961947837076);
#3747=CIRCLE('',#5082,3.13961947837076);
#3748=CIRCLE('',#5085,3.13961947837076);
#3749=CIRCLE('',#5088,3.13961947837076);
#3750=CIRCLE('',#5091,3.13961947837076);
#3751=CIRCLE('',#5094,3.13961947837076);
#3752=CIRCLE('',#5097,3.13961947837076);
#3753=CIRCLE('',#5100,3.13961947837076);
#3754=CIRCLE('',#5103,3.13961947837076);
#3755=CIRCLE('',#5106,3.13961947837076);
#3756=CIRCLE('',#5109,3.13961947837076);
#3757=CIRCLE('',#5112,3.13961947837076);
#3758=CIRCLE('',#5115,3.13961947837076);
#3759=CIRCLE('',#5118,3.13961947837076);
#3760=CIRCLE('',#5121,3.13961947837076);
#3761=CIRCLE('',#5124,3.13961947837076);
#3762=CIRCLE('',#5127,3.13961947837076);
#3763=CIRCLE('',#5130,3.13961947837076);
#3764=CIRCLE('',#5133,3.13961947837076);
#3765=CIRCLE('',#5136,3.13961947837076);
#3766=CIRCLE('',#5139,3.13961947837076);
#3767=CIRCLE('',#5142,3.20330769619713);
#3768=CIRCLE('',#5143,3.13961947837076);
#3769=CIRCLE('',#5146,3.405);
#3770=CIRCLE('',#5147,3.405);
#3771=CIRCLE('',#5151,3.10594256655563);
#3772=CIRCLE('',#5152,3.10594256655563);
#3773=EDGE_LOOP('',(#1028,#1029,#1030,#1031));
#3774=EDGE_LOOP('',(#1032,#1033,#1034,#1035));
#3775=EDGE_LOOP('',(#1036,#1037,#1038,#1039));
#3776=EDGE_LOOP('',(#1040,#1041,#1042,#1043));
#3777=EDGE_LOOP('',(#1044,#1045,#1046,#1047,#1048,#1049,#1050));
#3778=EDGE_LOOP('',(#1051,#1052,#1053,#1054,#1055,#1056,#1057));
#3779=EDGE_LOOP('',(#1058,#1059,#1060));
#3780=EDGE_LOOP('',(#1061,#1062,#1063,#1064));
#3781=EDGE_LOOP('',(#1065,#1066,#1067,#1068));
#3782=EDGE_LOOP('',(#1069,#1070,#1071,#1072));
#3783=EDGE_LOOP('',(#1073,#1074,#1075,#1076));
#3784=EDGE_LOOP('',(#1077,#1078,#1079,#1080,#1081,#1082,#1083));
#3785=EDGE_LOOP('',(#1084,#1085,#1086,#1087,#1088,#1089,#1090));
#3786=EDGE_LOOP('',(#1091,#1092,#1093));
#3787=EDGE_LOOP('',(#1094,#1095,#1096,#1097));
#3788=EDGE_LOOP('',(#1098,#1099,#1100,#1101));
#3789=EDGE_LOOP('',(#1102,#1103,#1104,#1105));
#3790=EDGE_LOOP('',(#1106,#1107,#1108,#1109));
#3791=EDGE_LOOP('',(#1110,#1111,#1112,#1113,#1114,#1115,#1116));
#3792=EDGE_LOOP('',(#1117,#1118,#1119,#1120,#1121,#1122,#1123));
#3793=EDGE_LOOP('',(#1124,#1125,#1126));
#3794=EDGE_LOOP('',(#1127,#1128,#1129,#1130));
#3795=EDGE_LOOP('',(#1131,#1132,#1133,#1134));
#3796=EDGE_LOOP('',(#1135,#1136,#1137,#1138));
#3797=EDGE_LOOP('',(#1139,#1140,#1141,#1142));
#3798=EDGE_LOOP('',(#1143,#1144,#1145,#1146,#1147,#1148,#1149));
#3799=EDGE_LOOP('',(#1150,#1151,#1152,#1153,#1154,#1155,#1156));
#3800=EDGE_LOOP('',(#1157,#1158,#1159));
#3801=EDGE_LOOP('',(#1160,#1161,#1162,#1163));
#3802=EDGE_LOOP('',(#1164,#1165,#1166,#1167));
#3803=EDGE_LOOP('',(#1168,#1169,#1170,#1171));
#3804=EDGE_LOOP('',(#1172,#1173,#1174,#1175));
#3805=EDGE_LOOP('',(#1176,#1177,#1178,#1179,#1180,#1181,#1182));
#3806=EDGE_LOOP('',(#1183,#1184,#1185,#1186,#1187,#1188,#1189));
#3807=EDGE_LOOP('',(#1190,#1191,#1192));
#3808=EDGE_LOOP('',(#1193,#1194,#1195,#1196));
#3809=EDGE_LOOP('',(#1197,#1198,#1199,#1200));
#3810=EDGE_LOOP('',(#1201,#1202,#1203,#1204));
#3811=EDGE_LOOP('',(#1205,#1206,#1207,#1208));
#3812=EDGE_LOOP('',(#1209,#1210,#1211,#1212,#1213,#1214,#1215));
#3813=EDGE_LOOP('',(#1216,#1217,#1218,#1219,#1220,#1221,#1222));
#3814=EDGE_LOOP('',(#1223,#1224,#1225));
#3815=EDGE_LOOP('',(#1226,#1227,#1228,#1229));
#3816=EDGE_LOOP('',(#1230,#1231,#1232,#1233));
#3817=EDGE_LOOP('',(#1234,#1235,#1236,#1237));
#3818=EDGE_LOOP('',(#1238,#1239,#1240,#1241));
#3819=EDGE_LOOP('',(#1242,#1243,#1244,#1245,#1246,#1247,#1248));
#3820=EDGE_LOOP('',(#1249,#1250,#1251,#1252,#1253,#1254,#1255));
#3821=EDGE_LOOP('',(#1256,#1257,#1258));
#3822=EDGE_LOOP('',(#1259,#1260,#1261,#1262));
#3823=EDGE_LOOP('',(#1263,#1264,#1265,#1266));
#3824=EDGE_LOOP('',(#1267,#1268,#1269,#1270));
#3825=EDGE_LOOP('',(#1271,#1272,#1273,#1274));
#3826=EDGE_LOOP('',(#1275,#1276,#1277,#1278,#1279,#1280,#1281));
#3827=EDGE_LOOP('',(#1282,#1283,#1284,#1285,#1286,#1287,#1288));
#3828=EDGE_LOOP('',(#1289,#1290,#1291));
#3829=EDGE_LOOP('',(#1292,#1293,#1294,#1295));
#3830=EDGE_LOOP('',(#1296,#1297,#1298,#1299));
#3831=EDGE_LOOP('',(#1300,#1301,#1302,#1303));
#3832=EDGE_LOOP('',(#1304,#1305,#1306,#1307));
#3833=EDGE_LOOP('',(#1308,#1309,#1310,#1311,#1312,#1313,#1314));
#3834=EDGE_LOOP('',(#1315,#1316,#1317,#1318,#1319,#1320,#1321));
#3835=EDGE_LOOP('',(#1322,#1323,#1324));
#3836=EDGE_LOOP('',(#1325,#1326,#1327,#1328));
#3837=EDGE_LOOP('',(#1329,#1330,#1331,#1332));
#3838=EDGE_LOOP('',(#1333,#1334,#1335,#1336));
#3839=EDGE_LOOP('',(#1337,#1338,#1339,#1340));
#3840=EDGE_LOOP('',(#1341,#1342,#1343,#1344,#1345,#1346,#1347));
#3841=EDGE_LOOP('',(#1348,#1349,#1350,#1351,#1352,#1353,#1354));
#3842=EDGE_LOOP('',(#1355,#1356,#1357));
#3843=EDGE_LOOP('',(#1358,#1359,#1360,#1361));
#3844=EDGE_LOOP('',(#1362,#1363,#1364,#1365));
#3845=EDGE_LOOP('',(#1366,#1367,#1368,#1369));
#3846=EDGE_LOOP('',(#1370,#1371,#1372,#1373));
#3847=EDGE_LOOP('',(#1374,#1375,#1376,#1377,#1378,#1379,#1380));
#3848=EDGE_LOOP('',(#1381,#1382,#1383,#1384,#1385,#1386,#1387));
#3849=EDGE_LOOP('',(#1388,#1389,#1390));
#3850=EDGE_LOOP('',(#1391,#1392,#1393,#1394));
#3851=EDGE_LOOP('',(#1395,#1396,#1397,#1398));
#3852=EDGE_LOOP('',(#1399,#1400,#1401,#1402));
#3853=EDGE_LOOP('',(#1403,#1404,#1405,#1406));
#3854=EDGE_LOOP('',(#1407,#1408,#1409,#1410,#1411,#1412,#1413));
#3855=EDGE_LOOP('',(#1414,#1415,#1416,#1417,#1418,#1419,#1420));
#3856=EDGE_LOOP('',(#1421,#1422,#1423));
#3857=EDGE_LOOP('',(#1424,#1425,#1426,#1427));
#3858=EDGE_LOOP('',(#1428,#1429,#1430,#1431));
#3859=EDGE_LOOP('',(#1432,#1433,#1434,#1435));
#3860=EDGE_LOOP('',(#1436,#1437,#1438,#1439));
#3861=EDGE_LOOP('',(#1440,#1441,#1442,#1443,#1444,#1445,#1446));
#3862=EDGE_LOOP('',(#1447,#1448,#1449,#1450,#1451,#1452,#1453));
#3863=EDGE_LOOP('',(#1454,#1455,#1456));
#3864=EDGE_LOOP('',(#1457,#1458,#1459,#1460));
#3865=EDGE_LOOP('',(#1461,#1462,#1463,#1464));
#3866=EDGE_LOOP('',(#1465,#1466,#1467,#1468));
#3867=EDGE_LOOP('',(#1469,#1470,#1471,#1472));
#3868=EDGE_LOOP('',(#1473,#1474,#1475,#1476,#1477,#1478,#1479));
#3869=EDGE_LOOP('',(#1480,#1481,#1482,#1483,#1484,#1485,#1486));
#3870=EDGE_LOOP('',(#1487,#1488,#1489));
#3871=EDGE_LOOP('',(#1490,#1491,#1492,#1493,#1494,#1495,#1496));
#3872=EDGE_LOOP('',(#1497,#1498,#1499,#1500,#1501,#1502,#1503));
#3873=EDGE_LOOP('',(#1504,#1505,#1506));
#3874=EDGE_LOOP('',(#1507));
#3875=EDGE_LOOP('',(#1508));
#3876=EDGE_LOOP('',(#1509));
#3877=EDGE_LOOP('',(#1510));
#3878=EDGE_LOOP('',(#1511));
#3879=EDGE_LOOP('',(#1512));
#3880=EDGE_LOOP('',(#1513));
#3881=EDGE_LOOP('',(#1514));
#3882=EDGE_LOOP('',(#1515));
#3883=EDGE_LOOP('',(#1516));
#3884=EDGE_LOOP('',(#1517));
#3885=EDGE_LOOP('',(#1518));
#3886=EDGE_LOOP('',(#1519));
#3887=EDGE_LOOP('',(#1520));
#3888=EDGE_LOOP('',(#1521));
#3889=EDGE_LOOP('',(#1522));
#3890=EDGE_LOOP('',(#1523));
#3891=EDGE_LOOP('',(#1524));
#3892=EDGE_LOOP('',(#1525));
#3893=EDGE_LOOP('',(#1526));
#3894=EDGE_LOOP('',(#1527));
#3895=EDGE_LOOP('',(#1528,#1529,#1530));
#3896=EDGE_LOOP('',(#1531));
#3897=EDGE_LOOP('',(#1532));
#3898=EDGE_LOOP('',(#1533,#1534,#1535,#1536));
#3899=EDGE_LOOP('',(#1537,#1538,#1539,#1540));
#3900=EDGE_LOOP('',(#1541,#1542,#1543,#1544));
#3901=EDGE_LOOP('',(#1545));
#3902=EDGE_LOOP('',(#1546));
#3903=EDGE_LOOP('',(#1547));
#3904=EDGE_LOOP('',(#1548,#1549,#1550));
#3905=EDGE_LOOP('',(#1551));
#3906=EDGE_LOOP('',(#1552));
#3907=EDGE_LOOP('',(#1553,#1554,#1555,#1556));
#3908=EDGE_LOOP('',(#1557,#1558,#1559,#1560));
#3909=EDGE_LOOP('',(#1561,#1562,#1563,#1564));
#3910=EDGE_LOOP('',(#1565,#1566,#1567,#1568));
#3911=EDGE_LOOP('',(#1569,#1570,#1571,#1572));
#3912=EDGE_LOOP('',(#1573,#1574,#1575,#1576));
#3913=EDGE_LOOP('',(#1577,#1578,#1579,#1580));
#3914=EDGE_LOOP('',(#1581,#1582,#1583,#1584));
#3915=EDGE_LOOP('',(#1585,#1586,#1587,#1588));
#3916=EDGE_LOOP('',(#1589,#1590,#1591,#1592));
#3917=EDGE_LOOP('',(#1593,#1594,#1595,#1596));
#3918=EDGE_LOOP('',(#1597,#1598,#1599,#1600));
#3919=EDGE_LOOP('',(#1601,#1602,#1603,#1604));
#3920=EDGE_LOOP('',(#1605,#1606,#1607,#1608));
#3921=EDGE_LOOP('',(#1609,#1610,#1611,#1612));
#3922=EDGE_LOOP('',(#1613,#1614,#1615,#1616));
#3923=EDGE_LOOP('',(#1617,#1618,#1619,#1620));
#3924=EDGE_LOOP('',(#1621,#1622,#1623,#1624));
#3925=EDGE_LOOP('',(#1625,#1626,#1627,#1628));
#3926=EDGE_LOOP('',(#1629,#1630,#1631,#1632));
#3927=EDGE_LOOP('',(#1633,#1634,#1635,#1636));
#3928=EDGE_LOOP('',(#1637,#1638,#1639,#1640));
#3929=EDGE_LOOP('',(#1641,#1642,#1643,#1644));
#3930=EDGE_LOOP('',(#1645,#1646,#1647,#1648));
#3931=EDGE_LOOP('',(#1649,#1650,#1651,#1652));
#3932=EDGE_LOOP('',(#1653,#1654,#1655,#1656));
#3933=EDGE_LOOP('',(#1657,#1658,#1659,#1660));
#3934=EDGE_LOOP('',(#1661,#1662,#1663,#1664));
#3935=EDGE_LOOP('',(#1665,#1666,#1667,#1668));
#3936=EDGE_LOOP('',(#1669,#1670,#1671,#1672));
#3937=EDGE_LOOP('',(#1673,#1674,#1675,#1676));
#3938=EDGE_LOOP('',(#1677,#1678,#1679,#1680));
#3939=EDGE_LOOP('',(#1681,#1682,#1683,#1684));
#3940=EDGE_LOOP('',(#1685,#1686,#1687,#1688));
#3941=EDGE_LOOP('',(#1689,#1690,#1691,#1692));
#3942=EDGE_LOOP('',(#1693,#1694,#1695,#1696));
#3943=EDGE_LOOP('',(#1697,#1698,#1699,#1700));
#3944=EDGE_LOOP('',(#1701,#1702,#1703,#1704));
#3945=EDGE_LOOP('',(#1705));
#3946=EDGE_LOOP('',(#1706));
#3947=EDGE_LOOP('',(#1707,#1708,#1709,#1710));
#3948=EDGE_LOOP('',(#1711,#1712,#1713,#1714));
#3949=EDGE_LOOP('',(#1715,#1716,#1717,#1718));
#3950=EDGE_LOOP('',(#1719,#1720,#1721,#1722));
#3951=EDGE_LOOP('',(#1723,#1724,#1725,#1726));
#3952=EDGE_LOOP('',(#1727,#1728,#1729,#1730));
#3953=EDGE_LOOP('',(#1731,#1732,#1733,#1734));
#3954=EDGE_LOOP('',(#1735,#1736,#1737,#1738));
#3955=EDGE_LOOP('',(#1739,#1740,#1741,#1742));
#3956=EDGE_LOOP('',(#1743,#1744,#1745,#1746));
#3957=EDGE_LOOP('',(#1747,#1748,#1749,#1750));
#3958=EDGE_LOOP('',(#1751,#1752,#1753,#1754));
#3959=EDGE_LOOP('',(#1755,#1756,#1757,#1758));
#3960=EDGE_LOOP('',(#1759,#1760,#1761,#1762));
#3961=EDGE_LOOP('',(#1763,#1764,#1765,#1766));
#3962=EDGE_LOOP('',(#1767,#1768,#1769,#1770));
#3963=EDGE_LOOP('',(#1771,#1772,#1773,#1774));
#3964=EDGE_LOOP('',(#1775,#1776,#1777,#1778));
#3965=EDGE_LOOP('',(#1779,#1780,#1781,#1782));
#3966=EDGE_LOOP('',(#1783,#1784,#1785,#1786));
#3967=EDGE_LOOP('',(#1787));
#3968=EDGE_LOOP('',(#1788));
#3969=EDGE_LOOP('',(#1789,#1790,#1791,#1792));
#3970=EDGE_LOOP('',(#1793,#1794,#1795,#1796,#1797,#1798,#1799));
#3971=EDGE_LOOP('',(#1800,#1801,#1802));
#3972=EDGE_LOOP('',(#1803,#1804,#1805,#1806,#1807,#1808,#1809));
#3973=EDGE_LOOP('',(#1810,#1811,#1812,#1813));
#3974=EDGE_LOOP('',(#1814,#1815,#1816,#1817,#1818,#1819,#1820));
#3975=EDGE_LOOP('',(#1821,#1822,#1823));
#3976=EDGE_LOOP('',(#1824,#1825,#1826,#1827,#1828,#1829,#1830));
#3977=EDGE_LOOP('',(#1831,#1832,#1833,#1834));
#3978=EDGE_LOOP('',(#1835,#1836,#1837,#1838,#1839,#1840,#1841));
#3979=EDGE_LOOP('',(#1842,#1843,#1844));
#3980=EDGE_LOOP('',(#1845,#1846,#1847,#1848,#1849,#1850,#1851));
#3981=EDGE_LOOP('',(#1852,#1853,#1854,#1855));
#3982=EDGE_LOOP('',(#1856,#1857,#1858,#1859,#1860,#1861,#1862));
#3983=EDGE_LOOP('',(#1863,#1864,#1865));
#3984=EDGE_LOOP('',(#1866,#1867,#1868,#1869,#1870,#1871,#1872));
#3985=EDGE_LOOP('',(#1873,#1874,#1875,#1876));
#3986=EDGE_LOOP('',(#1877,#1878,#1879,#1880,#1881,#1882,#1883));
#3987=EDGE_LOOP('',(#1884,#1885,#1886));
#3988=EDGE_LOOP('',(#1887,#1888,#1889,#1890,#1891,#1892,#1893));
#3989=EDGE_LOOP('',(#1894,#1895,#1896,#1897));
#3990=EDGE_LOOP('',(#1898,#1899,#1900,#1901,#1902,#1903,#1904));
#3991=EDGE_LOOP('',(#1905,#1906,#1907));
#3992=EDGE_LOOP('',(#1908,#1909,#1910,#1911,#1912,#1913,#1914));
#3993=EDGE_LOOP('',(#1915,#1916,#1917,#1918));
#3994=EDGE_LOOP('',(#1919,#1920,#1921,#1922,#1923,#1924,#1925));
#3995=EDGE_LOOP('',(#1926,#1927,#1928));
#3996=EDGE_LOOP('',(#1929,#1930,#1931,#1932,#1933,#1934,#1935));
#3997=EDGE_LOOP('',(#1936,#1937,#1938,#1939));
#3998=EDGE_LOOP('',(#1940,#1941,#1942,#1943,#1944,#1945,#1946));
#3999=EDGE_LOOP('',(#1947,#1948,#1949));
#4000=EDGE_LOOP('',(#1950,#1951,#1952,#1953,#1954,#1955,#1956));
#4001=EDGE_LOOP('',(#1957,#1958,#1959,#1960));
#4002=EDGE_LOOP('',(#1961,#1962,#1963,#1964,#1965,#1966,#1967));
#4003=EDGE_LOOP('',(#1968,#1969,#1970));
#4004=EDGE_LOOP('',(#1971,#1972,#1973,#1974,#1975,#1976,#1977));
#4005=EDGE_LOOP('',(#1978,#1979,#1980,#1981));
#4006=EDGE_LOOP('',(#1982,#1983,#1984,#1985,#1986,#1987,#1988));
#4007=EDGE_LOOP('',(#1989,#1990,#1991));
#4008=EDGE_LOOP('',(#1992,#1993,#1994,#1995,#1996,#1997,#1998));
#4009=EDGE_LOOP('',(#1999,#2000,#2001,#2002));
#4010=EDGE_LOOP('',(#2003,#2004,#2005,#2006,#2007,#2008,#2009));
#4011=EDGE_LOOP('',(#2010,#2011,#2012));
#4012=EDGE_LOOP('',(#2013,#2014,#2015,#2016,#2017,#2018,#2019));
#4013=EDGE_LOOP('',(#2020,#2021,#2022,#2023));
#4014=EDGE_LOOP('',(#2024,#2025,#2026,#2027,#2028,#2029,#2030));
#4015=EDGE_LOOP('',(#2031,#2032,#2033));
#4016=EDGE_LOOP('',(#2034,#2035,#2036,#2037,#2038,#2039,#2040));
#4017=EDGE_LOOP('',(#2041,#2042,#2043,#2044));
#4018=EDGE_LOOP('',(#2045,#2046,#2047,#2048,#2049,#2050,#2051));
#4019=EDGE_LOOP('',(#2052,#2053,#2054));
#4020=EDGE_LOOP('',(#2055,#2056,#2057,#2058,#2059,#2060,#2061));
#4021=EDGE_LOOP('',(#2062,#2063,#2064,#2065));
#4022=EDGE_LOOP('',(#2066,#2067,#2068,#2069,#2070,#2071,#2072));
#4023=EDGE_LOOP('',(#2073,#2074,#2075));
#4024=EDGE_LOOP('',(#2076,#2077,#2078,#2079,#2080,#2081,#2082));
#4025=EDGE_LOOP('',(#2083,#2084,#2085,#2086));
#4026=EDGE_LOOP('',(#2087,#2088,#2089,#2090,#2091,#2092,#2093));
#4027=EDGE_LOOP('',(#2094,#2095,#2096));
#4028=EDGE_LOOP('',(#2097,#2098,#2099,#2100,#2101,#2102,#2103));
#4029=EDGE_LOOP('',(#2104,#2105,#2106,#2107));
#4030=EDGE_LOOP('',(#2108,#2109,#2110,#2111,#2112,#2113,#2114));
#4031=EDGE_LOOP('',(#2115,#2116,#2117));
#4032=EDGE_LOOP('',(#2118,#2119,#2120,#2121,#2122,#2123,#2124));
#4033=EDGE_LOOP('',(#2125,#2126,#2127,#2128));
#4034=EDGE_LOOP('',(#2129,#2130,#2131,#2132,#2133,#2134,#2135));
#4035=EDGE_LOOP('',(#2136,#2137,#2138));
#4036=EDGE_LOOP('',(#2139,#2140,#2141,#2142,#2143,#2144,#2145));
#4037=EDGE_LOOP('',(#2146,#2147,#2148,#2149));
#4038=EDGE_LOOP('',(#2150,#2151,#2152,#2153,#2154,#2155,#2156));
#4039=EDGE_LOOP('',(#2157,#2158,#2159));
#4040=EDGE_LOOP('',(#2160,#2161,#2162,#2163,#2164,#2165,#2166));
#4041=EDGE_LOOP('',(#2167,#2168,#2169,#2170));
#4042=EDGE_LOOP('',(#2171,#2172,#2173,#2174,#2175,#2176,#2177));
#4043=EDGE_LOOP('',(#2178,#2179,#2180));
#4044=EDGE_LOOP('',(#2181,#2182,#2183,#2184,#2185,#2186,#2187));
#4045=EDGE_LOOP('',(#2188,#2189,#2190,#2191));
#4046=EDGE_LOOP('',(#2192,#2193,#2194,#2195,#2196,#2197,#2198));
#4047=EDGE_LOOP('',(#2199,#2200,#2201));
#4048=EDGE_LOOP('',(#2202,#2203,#2204,#2205,#2206,#2207,#2208));
#4049=EDGE_LOOP('',(#2209,#2210,#2211,#2212));
#4050=EDGE_LOOP('',(#2213,#2214,#2215,#2216,#2217,#2218,#2219,#2220,#2221,
#2222,#2223,#2224,#2225,#2226,#2227,#2228,#2229,#2230,#2231,#2232,#2233,
#2234,#2235,#2236,#2237,#2238,#2239,#2240,#2241,#2242,#2243,#2244,#2245,
#2246,#2247,#2248,#2249,#2250,#2251,#2252,#2253,#2254,#2255,#2256,#2257,
#2258,#2259,#2260,#2261,#2262,#2263,#2264,#2265,#2266,#2267,#2268,#2269,
#2270,#2271,#2272,#2273,#2274,#2275,#2276,#2277,#2278,#2279,#2280,#2281,
#2282,#2283,#2284,#2285,#2286,#2287,#2288,#2289,#2290,#2291,#2292,#2293,
#2294,#2295,#2296,#2297,#2298,#2299,#2300,#2301,#2302,#2303,#2304,#2305,
#2306,#2307,#2308,#2309,#2310,#2311,#2312,#2313,#2314,#2315,#2316,#2317,
#2318,#2319,#2320,#2321,#2322,#2323,#2324,#2325,#2326,#2327,#2328,#2329,
#2330,#2331,#2332,#2333,#2334,#2335,#2336,#2337,#2338,#2339,#2340,#2341,
#2342,#2343,#2344,#2345,#2346,#2347,#2348,#2349,#2350,#2351,#2352));
#4051=EDGE_LOOP('',(#2353));
#4052=EDGE_LOOP('',(#2354,#2355,#2356,#2357));
#4053=EDGE_LOOP('',(#2358,#2359,#2360,#2361));
#4054=EDGE_LOOP('',(#2362,#2363,#2364,#2365));
#4055=EDGE_LOOP('',(#2366,#2367,#2368,#2369,#2370,#2371,#2372,#2373,#2374,
#2375,#2376,#2377,#2378,#2379,#2380,#2381,#2382,#2383,#2384,#2385,#2386,
#2387,#2388,#2389,#2390,#2391,#2392,#2393,#2394,#2395,#2396,#2397,#2398,
#2399,#2400));
#4056=EDGE_LOOP('',(#2401));
#4057=EDGE_LOOP('',(#2402,#2403,#2404,#2405));
#4058=EDGE_LOOP('',(#2406,#2407,#2408,#2409));
#4059=FACE_BOUND('',#3773,.T.);
#4060=FACE_BOUND('',#3774,.T.);
#4061=FACE_BOUND('',#3775,.T.);
#4062=FACE_BOUND('',#3776,.T.);
#4063=FACE_BOUND('',#3777,.T.);
#4064=FACE_BOUND('',#3778,.T.);
#4065=FACE_BOUND('',#3779,.T.);
#4066=FACE_BOUND('',#3780,.T.);
#4067=FACE_BOUND('',#3781,.T.);
#4068=FACE_BOUND('',#3782,.T.);
#4069=FACE_BOUND('',#3783,.T.);
#4070=FACE_BOUND('',#3784,.T.);
#4071=FACE_BOUND('',#3785,.T.);
#4072=FACE_BOUND('',#3786,.T.);
#4073=FACE_BOUND('',#3787,.T.);
#4074=FACE_BOUND('',#3788,.T.);
#4075=FACE_BOUND('',#3789,.T.);
#4076=FACE_BOUND('',#3790,.T.);
#4077=FACE_BOUND('',#3791,.T.);
#4078=FACE_BOUND('',#3792,.T.);
#4079=FACE_BOUND('',#3793,.T.);
#4080=FACE_BOUND('',#3794,.T.);
#4081=FACE_BOUND('',#3795,.T.);
#4082=FACE_BOUND('',#3796,.T.);
#4083=FACE_BOUND('',#3797,.T.);
#4084=FACE_BOUND('',#3798,.T.);
#4085=FACE_BOUND('',#3799,.T.);
#4086=FACE_BOUND('',#3800,.T.);
#4087=FACE_BOUND('',#3801,.T.);
#4088=FACE_BOUND('',#3802,.T.);
#4089=FACE_BOUND('',#3803,.T.);
#4090=FACE_BOUND('',#3804,.T.);
#4091=FACE_BOUND('',#3805,.T.);
#4092=FACE_BOUND('',#3806,.T.);
#4093=FACE_BOUND('',#3807,.T.);
#4094=FACE_BOUND('',#3808,.T.);
#4095=FACE_BOUND('',#3809,.T.);
#4096=FACE_BOUND('',#3810,.T.);
#4097=FACE_BOUND('',#3811,.T.);
#4098=FACE_BOUND('',#3812,.T.);
#4099=FACE_BOUND('',#3813,.T.);
#4100=FACE_BOUND('',#3814,.T.);
#4101=FACE_BOUND('',#3815,.T.);
#4102=FACE_BOUND('',#3816,.T.);
#4103=FACE_BOUND('',#3817,.T.);
#4104=FACE_BOUND('',#3818,.T.);
#4105=FACE_BOUND('',#3819,.T.);
#4106=FACE_BOUND('',#3820,.T.);
#4107=FACE_BOUND('',#3821,.T.);
#4108=FACE_BOUND('',#3822,.T.);
#4109=FACE_BOUND('',#3823,.T.);
#4110=FACE_BOUND('',#3824,.T.);
#4111=FACE_BOUND('',#3825,.T.);
#4112=FACE_BOUND('',#3826,.T.);
#4113=FACE_BOUND('',#3827,.T.);
#4114=FACE_BOUND('',#3828,.T.);
#4115=FACE_BOUND('',#3829,.T.);
#4116=FACE_BOUND('',#3830,.T.);
#4117=FACE_BOUND('',#3831,.T.);
#4118=FACE_BOUND('',#3832,.T.);
#4119=FACE_BOUND('',#3833,.T.);
#4120=FACE_BOUND('',#3834,.T.);
#4121=FACE_BOUND('',#3835,.T.);
#4122=FACE_BOUND('',#3836,.T.);
#4123=FACE_BOUND('',#3837,.T.);
#4124=FACE_BOUND('',#3838,.T.);
#4125=FACE_BOUND('',#3839,.T.);
#4126=FACE_BOUND('',#3840,.T.);
#4127=FACE_BOUND('',#3841,.T.);
#4128=FACE_BOUND('',#3842,.T.);
#4129=FACE_BOUND('',#3843,.T.);
#4130=FACE_BOUND('',#3844,.T.);
#4131=FACE_BOUND('',#3845,.T.);
#4132=FACE_BOUND('',#3846,.T.);
#4133=FACE_BOUND('',#3847,.T.);
#4134=FACE_BOUND('',#3848,.T.);
#4135=FACE_BOUND('',#3849,.T.);
#4136=FACE_BOUND('',#3850,.T.);
#4137=FACE_BOUND('',#3851,.T.);
#4138=FACE_BOUND('',#3852,.T.);
#4139=FACE_BOUND('',#3853,.T.);
#4140=FACE_BOUND('',#3854,.T.);
#4141=FACE_BOUND('',#3855,.T.);
#4142=FACE_BOUND('',#3856,.T.);
#4143=FACE_BOUND('',#3857,.T.);
#4144=FACE_BOUND('',#3858,.T.);
#4145=FACE_BOUND('',#3859,.T.);
#4146=FACE_BOUND('',#3860,.T.);
#4147=FACE_BOUND('',#3861,.T.);
#4148=FACE_BOUND('',#3862,.T.);
#4149=FACE_BOUND('',#3863,.T.);
#4150=FACE_BOUND('',#3864,.T.);
#4151=FACE_BOUND('',#3865,.T.);
#4152=FACE_BOUND('',#3866,.T.);
#4153=FACE_BOUND('',#3867,.T.);
#4154=FACE_BOUND('',#3868,.T.);
#4155=FACE_BOUND('',#3869,.T.);
#4156=FACE_BOUND('',#3870,.T.);
#4157=FACE_BOUND('',#3871,.T.);
#4158=FACE_BOUND('',#3872,.T.);
#4159=FACE_BOUND('',#3873,.T.);
#4160=FACE_BOUND('',#3874,.T.);
#4161=FACE_BOUND('',#3875,.T.);
#4162=FACE_BOUND('',#3876,.T.);
#4163=FACE_BOUND('',#3877,.T.);
#4164=FACE_BOUND('',#3878,.T.);
#4165=FACE_BOUND('',#3879,.T.);
#4166=FACE_BOUND('',#3880,.T.);
#4167=FACE_BOUND('',#3881,.T.);
#4168=FACE_BOUND('',#3882,.T.);
#4169=FACE_BOUND('',#3883,.T.);
#4170=FACE_BOUND('',#3884,.T.);
#4171=FACE_BOUND('',#3885,.T.);
#4172=FACE_BOUND('',#3886,.T.);
#4173=FACE_BOUND('',#3887,.T.);
#4174=FACE_BOUND('',#3888,.T.);
#4175=FACE_BOUND('',#3889,.T.);
#4176=FACE_BOUND('',#3890,.T.);
#4177=FACE_BOUND('',#3891,.T.);
#4178=FACE_BOUND('',#3892,.T.);
#4179=FACE_BOUND('',#3893,.T.);
#4180=FACE_BOUND('',#3894,.T.);
#4181=FACE_BOUND('',#3895,.T.);
#4182=FACE_BOUND('',#3896,.T.);
#4183=FACE_BOUND('',#3897,.T.);
#4184=FACE_BOUND('',#3898,.T.);
#4185=FACE_BOUND('',#3899,.T.);
#4186=FACE_BOUND('',#3900,.T.);
#4187=FACE_BOUND('',#3901,.T.);
#4188=FACE_BOUND('',#3902,.T.);
#4189=FACE_BOUND('',#3903,.T.);
#4190=FACE_BOUND('',#3904,.T.);
#4191=FACE_BOUND('',#3905,.T.);
#4192=FACE_BOUND('',#3906,.T.);
#4193=FACE_BOUND('',#3907,.T.);
#4194=FACE_BOUND('',#3908,.T.);
#4195=FACE_BOUND('',#3909,.T.);
#4196=FACE_BOUND('',#3910,.T.);
#4197=FACE_BOUND('',#3911,.T.);
#4198=FACE_BOUND('',#3912,.T.);
#4199=FACE_BOUND('',#3913,.T.);
#4200=FACE_BOUND('',#3914,.T.);
#4201=FACE_BOUND('',#3915,.T.);
#4202=FACE_BOUND('',#3916,.T.);
#4203=FACE_BOUND('',#3917,.T.);
#4204=FACE_BOUND('',#3918,.T.);
#4205=FACE_BOUND('',#3919,.T.);
#4206=FACE_BOUND('',#3920,.T.);
#4207=FACE_BOUND('',#3921,.T.);
#4208=FACE_BOUND('',#3922,.T.);
#4209=FACE_BOUND('',#3923,.T.);
#4210=FACE_BOUND('',#3924,.T.);
#4211=FACE_BOUND('',#3925,.T.);
#4212=FACE_BOUND('',#3926,.T.);
#4213=FACE_BOUND('',#3927,.T.);
#4214=FACE_BOUND('',#3928,.T.);
#4215=FACE_BOUND('',#3929,.T.);
#4216=FACE_BOUND('',#3930,.T.);
#4217=FACE_BOUND('',#3931,.T.);
#4218=FACE_BOUND('',#3932,.T.);
#4219=FACE_BOUND('',#3933,.T.);
#4220=FACE_BOUND('',#3934,.T.);
#4221=FACE_BOUND('',#3935,.T.);
#4222=FACE_BOUND('',#3936,.T.);
#4223=FACE_BOUND('',#3937,.T.);
#4224=FACE_BOUND('',#3938,.T.);
#4225=FACE_BOUND('',#3939,.T.);
#4226=FACE_BOUND('',#3940,.T.);
#4227=FACE_BOUND('',#3941,.T.);
#4228=FACE_BOUND('',#3942,.T.);
#4229=FACE_BOUND('',#3943,.T.);
#4230=FACE_BOUND('',#3944,.T.);
#4231=FACE_BOUND('',#3945,.T.);
#4232=FACE_BOUND('',#3946,.T.);
#4233=FACE_BOUND('',#3947,.T.);
#4234=FACE_BOUND('',#3948,.T.);
#4235=FACE_BOUND('',#3949,.T.);
#4236=FACE_BOUND('',#3950,.T.);
#4237=FACE_BOUND('',#3951,.T.);
#4238=FACE_BOUND('',#3952,.T.);
#4239=FACE_BOUND('',#3953,.T.);
#4240=FACE_BOUND('',#3954,.T.);
#4241=FACE_BOUND('',#3955,.T.);
#4242=FACE_BOUND('',#3956,.T.);
#4243=FACE_BOUND('',#3957,.T.);
#4244=FACE_BOUND('',#3958,.T.);
#4245=FACE_BOUND('',#3959,.T.);
#4246=FACE_BOUND('',#3960,.T.);
#4247=FACE_BOUND('',#3961,.T.);
#4248=FACE_BOUND('',#3962,.T.);
#4249=FACE_BOUND('',#3963,.T.);
#4250=FACE_BOUND('',#3964,.T.);
#4251=FACE_BOUND('',#3965,.T.);
#4252=FACE_BOUND('',#3966,.T.);
#4253=FACE_BOUND('',#3967,.T.);
#4254=FACE_BOUND('',#3968,.T.);
#4255=FACE_BOUND('',#3969,.T.);
#4256=FACE_BOUND('',#3970,.T.);
#4257=FACE_BOUND('',#3971,.T.);
#4258=FACE_BOUND('',#3972,.T.);
#4259=FACE_BOUND('',#3973,.T.);
#4260=FACE_BOUND('',#3974,.T.);
#4261=FACE_BOUND('',#3975,.T.);
#4262=FACE_BOUND('',#3976,.T.);
#4263=FACE_BOUND('',#3977,.T.);
#4264=FACE_BOUND('',#3978,.T.);
#4265=FACE_BOUND('',#3979,.T.);
#4266=FACE_BOUND('',#3980,.T.);
#4267=FACE_BOUND('',#3981,.T.);
#4268=FACE_BOUND('',#3982,.T.);
#4269=FACE_BOUND('',#3983,.T.);
#4270=FACE_BOUND('',#3984,.T.);
#4271=FACE_BOUND('',#3985,.T.);
#4272=FACE_BOUND('',#3986,.T.);
#4273=FACE_BOUND('',#3987,.T.);
#4274=FACE_BOUND('',#3988,.T.);
#4275=FACE_BOUND('',#3989,.T.);
#4276=FACE_BOUND('',#3990,.T.);
#4277=FACE_BOUND('',#3991,.T.);
#4278=FACE_BOUND('',#3992,.T.);
#4279=FACE_BOUND('',#3993,.T.);
#4280=FACE_BOUND('',#3994,.T.);
#4281=FACE_BOUND('',#3995,.T.);
#4282=FACE_BOUND('',#3996,.T.);
#4283=FACE_BOUND('',#3997,.T.);
#4284=FACE_BOUND('',#3998,.T.);
#4285=FACE_BOUND('',#3999,.T.);
#4286=FACE_BOUND('',#4000,.T.);
#4287=FACE_BOUND('',#4001,.T.);
#4288=FACE_BOUND('',#4002,.T.);
#4289=FACE_BOUND('',#4003,.T.);
#4290=FACE_BOUND('',#4004,.T.);
#4291=FACE_BOUND('',#4005,.T.);
#4292=FACE_BOUND('',#4006,.T.);
#4293=FACE_BOUND('',#4007,.T.);
#4294=FACE_BOUND('',#4008,.T.);
#4295=FACE_BOUND('',#4009,.T.);
#4296=FACE_BOUND('',#4010,.T.);
#4297=FACE_BOUND('',#4011,.T.);
#4298=FACE_BOUND('',#4012,.T.);
#4299=FACE_BOUND('',#4013,.T.);
#4300=FACE_BOUND('',#4014,.T.);
#4301=FACE_BOUND('',#4015,.T.);
#4302=FACE_BOUND('',#4016,.T.);
#4303=FACE_BOUND('',#4017,.T.);
#4304=FACE_BOUND('',#4018,.T.);
#4305=FACE_BOUND('',#4019,.T.);
#4306=FACE_BOUND('',#4020,.T.);
#4307=FACE_BOUND('',#4021,.T.);
#4308=FACE_BOUND('',#4022,.T.);
#4309=FACE_BOUND('',#4023,.T.);
#4310=FACE_BOUND('',#4024,.T.);
#4311=FACE_BOUND('',#4025,.T.);
#4312=FACE_BOUND('',#4026,.T.);
#4313=FACE_BOUND('',#4027,.T.);
#4314=FACE_BOUND('',#4028,.T.);
#4315=FACE_BOUND('',#4029,.T.);
#4316=FACE_BOUND('',#4030,.T.);
#4317=FACE_BOUND('',#4031,.T.);
#4318=FACE_BOUND('',#4032,.T.);
#4319=FACE_BOUND('',#4033,.T.);
#4320=FACE_BOUND('',#4034,.T.);
#4321=FACE_BOUND('',#4035,.T.);
#4322=FACE_BOUND('',#4036,.T.);
#4323=FACE_BOUND('',#4037,.T.);
#4324=FACE_BOUND('',#4038,.T.);
#4325=FACE_BOUND('',#4039,.T.);
#4326=FACE_BOUND('',#4040,.T.);
#4327=FACE_BOUND('',#4041,.T.);
#4328=FACE_BOUND('',#4042,.T.);
#4329=FACE_BOUND('',#4043,.T.);
#4330=FACE_BOUND('',#4044,.T.);
#4331=FACE_BOUND('',#4045,.T.);
#4332=FACE_BOUND('',#4046,.T.);
#4333=FACE_BOUND('',#4047,.T.);
#4334=FACE_BOUND('',#4048,.T.);
#4335=FACE_BOUND('',#4049,.T.);
#4336=FACE_BOUND('',#4050,.T.);
#4337=FACE_BOUND('',#4051,.T.);
#4338=FACE_BOUND('',#4052,.T.);
#4339=FACE_BOUND('',#4053,.T.);
#4340=FACE_BOUND('',#4054,.T.);
#4341=FACE_BOUND('',#4055,.T.);
#4342=FACE_BOUND('',#4056,.T.);
#4343=FACE_BOUND('',#4057,.T.);
#4344=FACE_BOUND('',#4058,.T.);
#4345=TOROIDAL_SURFACE('',#4661,3.20330769619713,0.0636882178263656);
#4346=TOROIDAL_SURFACE('',#4674,3.20330769619713,0.0636882178263656);
#4347=TOROIDAL_SURFACE('',#4687,3.20330769619713,0.0636882178263656);
#4348=TOROIDAL_SURFACE('',#4700,3.20330769619713,0.0636882178263656);
#4349=TOROIDAL_SURFACE('',#4713,3.20330769619713,0.0636882178263656);
#4350=TOROIDAL_SURFACE('',#4726,3.20330769619713,0.0636882178263656);
#4351=TOROIDAL_SURFACE('',#4739,3.20330769619713,0.0636882178263656);
#4352=TOROIDAL_SURFACE('',#4752,3.20330769619713,0.0636882178263656);
#4353=TOROIDAL_SURFACE('',#4765,3.20330769619713,0.0636882178263656);
#4354=TOROIDAL_SURFACE('',#4778,3.20330769619713,0.0636882178263656);
#4355=TOROIDAL_SURFACE('',#4791,3.20330769619713,0.0636882178263656);
#4356=TOROIDAL_SURFACE('',#4804,3.20330769619713,0.0636882178263656);
#4357=TOROIDAL_SURFACE('',#4817,3.20330769619713,0.0636882178263656);
#4358=TOROIDAL_SURFACE('',#4830,3.20330769619713,0.0636882178263656);
#4359=TOROIDAL_SURFACE('',#5018,3.20561227076639,0.0659927923956287);
#4360=TOROIDAL_SURFACE('',#5020,3.20330769619713,0.0636882178263656);
#4361=TOROIDAL_SURFACE('',#5027,3.20330769619713,0.0636882178263656);
#4362=TOROIDAL_SURFACE('',#5033,3.20330769619713,0.0636882178263656);
#4363=TOROIDAL_SURFACE('',#5039,3.20330769619713,0.0636882178263656);
#4364=TOROIDAL_SURFACE('',#5045,3.20330769619713,0.0636882178263656);
#4365=TOROIDAL_SURFACE('',#5051,3.20330769619713,0.0636882178263656);
#4366=TOROIDAL_SURFACE('',#5057,3.20330769619713,0.0636882178263656);
#4367=TOROIDAL_SURFACE('',#5063,3.20330769619713,0.0636882178263656);
#4368=TOROIDAL_SURFACE('',#5069,3.20330769619713,0.0636882178263656);
#4369=TOROIDAL_SURFACE('',#5075,3.20330769619713,0.0636882178263656);
#4370=TOROIDAL_SURFACE('',#5081,3.20330769619713,0.0636882178263656);
#4371=TOROIDAL_SURFACE('',#5087,3.20330769619713,0.0636882178263656);
#4372=TOROIDAL_SURFACE('',#5093,3.20330769619713,0.0636882178263656);
#4373=TOROIDAL_SURFACE('',#5099,3.20330769619713,0.0636882178263656);
#4374=TOROIDAL_SURFACE('',#5105,3.20330769619713,0.0636882178263656);
#4375=TOROIDAL_SURFACE('',#5111,3.20330769619713,0.0636882178263656);
#4376=TOROIDAL_SURFACE('',#5117,3.20330769619713,0.0636882178263656);
#4377=TOROIDAL_SURFACE('',#5123,3.20330769619713,0.0636882178263656);
#4378=TOROIDAL_SURFACE('',#5129,3.20330769619713,0.0636882178263656);
#4379=TOROIDAL_SURFACE('',#5135,3.20330769619713,0.0636882178263656);
#4380=TOROIDAL_SURFACE('',#5141,3.20330769619713,0.0636882178263656);
#4381=ADVANCED_FACE('',(#4059),#4345,.F.);
#4382=ADVANCED_FACE('',(#4060),#737,.T.);
#4383=ADVANCED_FACE('',(#4061),#64,.T.);
#4384=ADVANCED_FACE('',(#4062),#25,.T.);
#4385=ADVANCED_FACE('',(#4063),#738,.F.);
#4386=ADVANCED_FACE('',(#4064),#739,.F.);
#4387=ADVANCED_FACE('',(#4065),#740,.T.);
#4388=ADVANCED_FACE('',(#4066),#4346,.F.);
#4389=ADVANCED_FACE('',(#4067),#741,.T.);
#4390=ADVANCED_FACE('',(#4068),#65,.T.);
#4391=ADVANCED_FACE('',(#4069),#26,.T.);
#4392=ADVANCED_FACE('',(#4070),#742,.F.);
#4393=ADVANCED_FACE('',(#4071),#743,.F.);
#4394=ADVANCED_FACE('',(#4072),#744,.T.);
#4395=ADVANCED_FACE('',(#4073),#4347,.F.);
#4396=ADVANCED_FACE('',(#4074),#745,.T.);
#4397=ADVANCED_FACE('',(#4075),#66,.T.);
#4398=ADVANCED_FACE('',(#4076),#27,.T.);
#4399=ADVANCED_FACE('',(#4077),#746,.F.);
#4400=ADVANCED_FACE('',(#4078),#747,.F.);
#4401=ADVANCED_FACE('',(#4079),#748,.T.);
#4402=ADVANCED_FACE('',(#4080),#4348,.F.);
#4403=ADVANCED_FACE('',(#4081),#749,.T.);
#4404=ADVANCED_FACE('',(#4082),#67,.T.);
#4405=ADVANCED_FACE('',(#4083),#28,.T.);
#4406=ADVANCED_FACE('',(#4084),#750,.F.);
#4407=ADVANCED_FACE('',(#4085),#751,.F.);
#4408=ADVANCED_FACE('',(#4086),#752,.T.);
#4409=ADVANCED_FACE('',(#4087),#4349,.F.);
#4410=ADVANCED_FACE('',(#4088),#753,.T.);
#4411=ADVANCED_FACE('',(#4089),#68,.T.);
#4412=ADVANCED_FACE('',(#4090),#29,.T.);
#4413=ADVANCED_FACE('',(#4091),#754,.F.);
#4414=ADVANCED_FACE('',(#4092),#755,.F.);
#4415=ADVANCED_FACE('',(#4093),#756,.T.);
#4416=ADVANCED_FACE('',(#4094),#4350,.F.);
#4417=ADVANCED_FACE('',(#4095),#757,.T.);
#4418=ADVANCED_FACE('',(#4096),#69,.T.);
#4419=ADVANCED_FACE('',(#4097),#30,.T.);
#4420=ADVANCED_FACE('',(#4098),#758,.F.);
#4421=ADVANCED_FACE('',(#4099),#759,.F.);
#4422=ADVANCED_FACE('',(#4100),#760,.T.);
#4423=ADVANCED_FACE('',(#4101),#4351,.F.);
#4424=ADVANCED_FACE('',(#4102),#761,.T.);
#4425=ADVANCED_FACE('',(#4103),#70,.T.);
#4426=ADVANCED_FACE('',(#4104),#31,.T.);
#4427=ADVANCED_FACE('',(#4105),#762,.F.);
#4428=ADVANCED_FACE('',(#4106),#763,.F.);
#4429=ADVANCED_FACE('',(#4107),#764,.T.);
#4430=ADVANCED_FACE('',(#4108),#4352,.F.);
#4431=ADVANCED_FACE('',(#4109),#765,.T.);
#4432=ADVANCED_FACE('',(#4110),#71,.T.);
#4433=ADVANCED_FACE('',(#4111),#32,.T.);
#4434=ADVANCED_FACE('',(#4112),#766,.F.);
#4435=ADVANCED_FACE('',(#4113),#767,.F.);
#4436=ADVANCED_FACE('',(#4114),#768,.T.);
#4437=ADVANCED_FACE('',(#4115),#4353,.F.);
#4438=ADVANCED_FACE('',(#4116),#769,.T.);
#4439=ADVANCED_FACE('',(#4117),#72,.T.);
#4440=ADVANCED_FACE('',(#4118),#33,.T.);
#4441=ADVANCED_FACE('',(#4119),#770,.F.);
#4442=ADVANCED_FACE('',(#4120),#771,.F.);
#4443=ADVANCED_FACE('',(#4121),#772,.T.);
#4444=ADVANCED_FACE('',(#4122),#4354,.F.);
#4445=ADVANCED_FACE('',(#4123),#773,.T.);
#4446=ADVANCED_FACE('',(#4124),#73,.T.);
#4447=ADVANCED_FACE('',(#4125),#34,.T.);
#4448=ADVANCED_FACE('',(#4126),#774,.F.);
#4449=ADVANCED_FACE('',(#4127),#775,.F.);
#4450=ADVANCED_FACE('',(#4128),#776,.T.);
#4451=ADVANCED_FACE('',(#4129),#4355,.F.);
#4452=ADVANCED_FACE('',(#4130),#777,.T.);
#4453=ADVANCED_FACE('',(#4131),#74,.T.);
#4454=ADVANCED_FACE('',(#4132),#35,.T.);
#4455=ADVANCED_FACE('',(#4133),#778,.F.);
#4456=ADVANCED_FACE('',(#4134),#779,.F.);
#4457=ADVANCED_FACE('',(#4135),#780,.T.);
#4458=ADVANCED_FACE('',(#4136),#4356,.F.);
#4459=ADVANCED_FACE('',(#4137),#781,.T.);
#4460=ADVANCED_FACE('',(#4138),#75,.T.);
#4461=ADVANCED_FACE('',(#4139),#36,.T.);
#4462=ADVANCED_FACE('',(#4140),#782,.F.);
#4463=ADVANCED_FACE('',(#4141),#783,.F.);
#4464=ADVANCED_FACE('',(#4142),#784,.T.);
#4465=ADVANCED_FACE('',(#4143),#4357,.F.);
#4466=ADVANCED_FACE('',(#4144),#785,.T.);
#4467=ADVANCED_FACE('',(#4145),#76,.T.);
#4468=ADVANCED_FACE('',(#4146),#37,.T.);
#4469=ADVANCED_FACE('',(#4147),#786,.F.);
#4470=ADVANCED_FACE('',(#4148),#787,.F.);
#4471=ADVANCED_FACE('',(#4149),#788,.T.);
#4472=ADVANCED_FACE('',(#4150),#4358,.F.);
#4473=ADVANCED_FACE('',(#4151),#789,.T.);
#4474=ADVANCED_FACE('',(#4152),#77,.T.);
#4475=ADVANCED_FACE('',(#4153),#38,.T.);
#4476=ADVANCED_FACE('',(#4154),#790,.F.);
#4477=ADVANCED_FACE('',(#4155),#791,.F.);
#4478=ADVANCED_FACE('',(#4156),#792,.T.);
#4479=ADVANCED_FACE('',(#4157),#793,.F.);
#4480=ADVANCED_FACE('',(#4158),#794,.F.);
#4481=ADVANCED_FACE('',(#4159),#795,.T.);
#4482=ADVANCED_FACE('',(#4160,#4161),#78,.T.);
#4483=ADVANCED_FACE('',(#4162,#4163),#796,.T.);
#4484=ADVANCED_FACE('',(#4164,#4165),#797,.T.);
#4485=ADVANCED_FACE('',(#4166,#4167),#79,.T.);
#4486=ADVANCED_FACE('',(#4168,#4169),#80,.T.);
#4487=ADVANCED_FACE('',(#4170,#4171),#798,.T.);
#4488=ADVANCED_FACE('',(#4172,#4173),#39,.T.);
#4489=ADVANCED_FACE('',(#4174,#4175),#81,.T.);
#4490=ADVANCED_FACE('',(#4176,#4177),#799,.T.);
#4491=ADVANCED_FACE('',(#4178,#4179),#800,.T.);
#4492=ADVANCED_FACE('',(#4180,#4181),#40,.F.);
#4493=ADVANCED_FACE('',(#4182,#4183),#82,.T.);
#4494=ADVANCED_FACE('',(#4184),#23,.T.);
#4495=ADVANCED_FACE('',(#4185),#24,.T.);
#4496=ADVANCED_FACE('',(#4186),#83,.F.);
#4497=ADVANCED_FACE('',(#4187,#4188),#41,.T.);
#4498=ADVANCED_FACE('',(#4189,#4190),#42,.F.);
#4499=ADVANCED_FACE('',(#4191,#4192),#801,.T.);
#4500=ADVANCED_FACE('',(#4193),#802,.T.);
#4501=ADVANCED_FACE('',(#4194),#84,.T.);
#4502=ADVANCED_FACE('',(#4195),#803,.T.);
#4503=ADVANCED_FACE('',(#4196),#85,.T.);
#4504=ADVANCED_FACE('',(#4197),#804,.T.);
#4505=ADVANCED_FACE('',(#4198),#86,.T.);
#4506=ADVANCED_FACE('',(#4199),#805,.T.);
#4507=ADVANCED_FACE('',(#4200),#87,.T.);
#4508=ADVANCED_FACE('',(#4201),#806,.T.);
#4509=ADVANCED_FACE('',(#4202),#88,.T.);
#4510=ADVANCED_FACE('',(#4203),#807,.T.);
#4511=ADVANCED_FACE('',(#4204),#89,.T.);
#4512=ADVANCED_FACE('',(#4205),#808,.T.);
#4513=ADVANCED_FACE('',(#4206),#90,.T.);
#4514=ADVANCED_FACE('',(#4207),#809,.T.);
#4515=ADVANCED_FACE('',(#4208),#91,.T.);
#4516=ADVANCED_FACE('',(#4209),#810,.T.);
#4517=ADVANCED_FACE('',(#4210),#92,.T.);
#4518=ADVANCED_FACE('',(#4211),#811,.T.);
#4519=ADVANCED_FACE('',(#4212),#93,.T.);
#4520=ADVANCED_FACE('',(#4213),#812,.T.);
#4521=ADVANCED_FACE('',(#4214),#94,.T.);
#4522=ADVANCED_FACE('',(#4215),#813,.T.);
#4523=ADVANCED_FACE('',(#4216),#95,.T.);
#4524=ADVANCED_FACE('',(#4217),#814,.T.);
#4525=ADVANCED_FACE('',(#4218),#96,.T.);
#4526=ADVANCED_FACE('',(#4219),#815,.T.);
#4527=ADVANCED_FACE('',(#4220),#97,.T.);
#4528=ADVANCED_FACE('',(#4221),#816,.T.);
#4529=ADVANCED_FACE('',(#4222),#98,.T.);
#4530=ADVANCED_FACE('',(#4223),#817,.T.);
#4531=ADVANCED_FACE('',(#4224),#99,.T.);
#4532=ADVANCED_FACE('',(#4225),#818,.T.);
#4533=ADVANCED_FACE('',(#4226),#100,.T.);
#4534=ADVANCED_FACE('',(#4227),#819,.T.);
#4535=ADVANCED_FACE('',(#4228),#101,.T.);
#4536=ADVANCED_FACE('',(#4229),#820,.T.);
#4537=ADVANCED_FACE('',(#4230),#102,.T.);
#4538=ADVANCED_FACE('',(#4231,#4232),#821,.T.);
#4539=ADVANCED_FACE('',(#4233),#43,.T.);
#4540=ADVANCED_FACE('',(#4234),#44,.T.);
#4541=ADVANCED_FACE('',(#4235),#45,.T.);
#4542=ADVANCED_FACE('',(#4236),#46,.T.);
#4543=ADVANCED_FACE('',(#4237),#47,.T.);
#4544=ADVANCED_FACE('',(#4238),#48,.T.);
#4545=ADVANCED_FACE('',(#4239),#49,.T.);
#4546=ADVANCED_FACE('',(#4240),#50,.T.);
#4547=ADVANCED_FACE('',(#4241),#51,.T.);
#4548=ADVANCED_FACE('',(#4242),#52,.T.);
#4549=ADVANCED_FACE('',(#4243),#53,.T.);
#4550=ADVANCED_FACE('',(#4244),#54,.T.);
#4551=ADVANCED_FACE('',(#4245),#55,.T.);
#4552=ADVANCED_FACE('',(#4246),#56,.T.);
#4553=ADVANCED_FACE('',(#4247),#57,.T.);
#4554=ADVANCED_FACE('',(#4248),#58,.T.);
#4555=ADVANCED_FACE('',(#4249),#59,.T.);
#4556=ADVANCED_FACE('',(#4250),#60,.T.);
#4557=ADVANCED_FACE('',(#4251),#61,.T.);
#4558=ADVANCED_FACE('',(#4252),#103,.T.);
#4559=ADVANCED_FACE('',(#4253,#4254),#4359,.F.);
#4560=ADVANCED_FACE('',(#4255),#4360,.F.);
#4561=ADVANCED_FACE('',(#4256),#822,.F.);
#4562=ADVANCED_FACE('',(#4257),#823,.T.);
#4563=ADVANCED_FACE('',(#4258),#824,.F.);
#4564=ADVANCED_FACE('',(#4259),#4361,.F.);
#4565=ADVANCED_FACE('',(#4260),#825,.F.);
#4566=ADVANCED_FACE('',(#4261),#826,.T.);
#4567=ADVANCED_FACE('',(#4262),#827,.F.);
#4568=ADVANCED_FACE('',(#4263),#4362,.F.);
#4569=ADVANCED_FACE('',(#4264),#828,.F.);
#4570=ADVANCED_FACE('',(#4265),#829,.T.);
#4571=ADVANCED_FACE('',(#4266),#830,.F.);
#4572=ADVANCED_FACE('',(#4267),#4363,.F.);
#4573=ADVANCED_FACE('',(#4268),#831,.F.);
#4574=ADVANCED_FACE('',(#4269),#832,.T.);
#4575=ADVANCED_FACE('',(#4270),#833,.F.);
#4576=ADVANCED_FACE('',(#4271),#4364,.F.);
#4577=ADVANCED_FACE('',(#4272),#834,.F.);
#4578=ADVANCED_FACE('',(#4273),#835,.T.);
#4579=ADVANCED_FACE('',(#4274),#836,.F.);
#4580=ADVANCED_FACE('',(#4275),#4365,.F.);
#4581=ADVANCED_FACE('',(#4276),#837,.F.);
#4582=ADVANCED_FACE('',(#4277),#838,.T.);
#4583=ADVANCED_FACE('',(#4278),#839,.F.);
#4584=ADVANCED_FACE('',(#4279),#4366,.F.);
#4585=ADVANCED_FACE('',(#4280),#840,.F.);
#4586=ADVANCED_FACE('',(#4281),#841,.T.);
#4587=ADVANCED_FACE('',(#4282),#842,.F.);
#4588=ADVANCED_FACE('',(#4283),#4367,.F.);
#4589=ADVANCED_FACE('',(#4284),#843,.F.);
#4590=ADVANCED_FACE('',(#4285),#844,.T.);
#4591=ADVANCED_FACE('',(#4286),#845,.F.);
#4592=ADVANCED_FACE('',(#4287),#4368,.F.);
#4593=ADVANCED_FACE('',(#4288),#846,.F.);
#4594=ADVANCED_FACE('',(#4289),#847,.T.);
#4595=ADVANCED_FACE('',(#4290),#848,.F.);
#4596=ADVANCED_FACE('',(#4291),#4369,.F.);
#4597=ADVANCED_FACE('',(#4292),#849,.F.);
#4598=ADVANCED_FACE('',(#4293),#850,.T.);
#4599=ADVANCED_FACE('',(#4294),#851,.F.);
#4600=ADVANCED_FACE('',(#4295),#4370,.F.);
#4601=ADVANCED_FACE('',(#4296),#852,.F.);
#4602=ADVANCED_FACE('',(#4297),#853,.T.);
#4603=ADVANCED_FACE('',(#4298),#854,.F.);
#4604=ADVANCED_FACE('',(#4299),#4371,.F.);
#4605=ADVANCED_FACE('',(#4300),#855,.F.);
#4606=ADVANCED_FACE('',(#4301),#856,.T.);
#4607=ADVANCED_FACE('',(#4302),#857,.F.);
#4608=ADVANCED_FACE('',(#4303),#4372,.F.);
#4609=ADVANCED_FACE('',(#4304),#858,.F.);
#4610=ADVANCED_FACE('',(#4305),#859,.T.);
#4611=ADVANCED_FACE('',(#4306),#860,.F.);
#4612=ADVANCED_FACE('',(#4307),#4373,.F.);
#4613=ADVANCED_FACE('',(#4308),#861,.F.);
#4614=ADVANCED_FACE('',(#4309),#862,.T.);
#4615=ADVANCED_FACE('',(#4310),#863,.F.);
#4616=ADVANCED_FACE('',(#4311),#4374,.F.);
#4617=ADVANCED_FACE('',(#4312),#864,.F.);
#4618=ADVANCED_FACE('',(#4313),#865,.T.);
#4619=ADVANCED_FACE('',(#4314),#866,.F.);
#4620=ADVANCED_FACE('',(#4315),#4375,.F.);
#4621=ADVANCED_FACE('',(#4316),#867,.F.);
#4622=ADVANCED_FACE('',(#4317),#868,.T.);
#4623=ADVANCED_FACE('',(#4318),#869,.F.);
#4624=ADVANCED_FACE('',(#4319),#4376,.F.);
#4625=ADVANCED_FACE('',(#4320),#870,.F.);
#4626=ADVANCED_FACE('',(#4321),#871,.T.);
#4627=ADVANCED_FACE('',(#4322),#872,.F.);
#4628=ADVANCED_FACE('',(#4323),#4377,.F.);
#4629=ADVANCED_FACE('',(#4324),#873,.F.);
#4630=ADVANCED_FACE('',(#4325),#874,.T.);
#4631=ADVANCED_FACE('',(#4326),#875,.F.);
#4632=ADVANCED_FACE('',(#4327),#4378,.F.);
#4633=ADVANCED_FACE('',(#4328),#876,.F.);
#4634=ADVANCED_FACE('',(#4329),#877,.T.);
#4635=ADVANCED_FACE('',(#4330),#878,.F.);
#4636=ADVANCED_FACE('',(#4331),#4379,.F.);
#4637=ADVANCED_FACE('',(#4332),#879,.F.);
#4638=ADVANCED_FACE('',(#4333),#880,.T.);
#4639=ADVANCED_FACE('',(#4334),#881,.F.);
#4640=ADVANCED_FACE('',(#4335),#4380,.F.);
#4641=ADVANCED_FACE('',(#4336,#4337),#104,.T.);
#4642=ADVANCED_FACE('',(#4338),#105,.T.);
#4643=ADVANCED_FACE('',(#4339),#882,.T.);
#4644=ADVANCED_FACE('',(#4340),#883,.T.);
#4645=ADVANCED_FACE('',(#4341,#4342),#106,.T.);
#4646=ADVANCED_FACE('',(#4343),#62,.T.);
#4647=ADVANCED_FACE('',(#4344),#63,.T.);
#4648=CLOSED_SHELL('',(#4381,#4382,#4383,#4384,#4385,#4386,#4387,#4388,
#4389,#4390,#4391,#4392,#4393,#4394,#4395,#4396,#4397,#4398,#4399,#4400,
#4401,#4402,#4403,#4404,#4405,#4406,#4407,#4408,#4409,#4410,#4411,#4412,
#4413,#4414,#4415,#4416,#4417,#4418,#4419,#4420,#4421,#4422,#4423,#4424,
#4425,#4426,#4427,#4428,#4429,#4430,#4431,#4432,#4433,#4434,#4435,#4436,
#4437,#4438,#4439,#4440,#4441,#4442,#4443,#4444,#4445,#4446,#4447,#4448,
#4449,#4450,#4451,#4452,#4453,#4454,#4455,#4456,#4457,#4458,#4459,#4460,
#4461,#4462,#4463,#4464,#4465,#4466,#4467,#4468,#4469,#4470,#4471,#4472,
#4473,#4474,#4475,#4476,#4477,#4478,#4479,#4480,#4481,#4482,#4483,#4484,
#4485,#4486,#4487,#4488,#4489,#4490,#4491,#4492,#4493,#4494,#4495,#4496,
#4497,#4498,#4499,#4500,#4501,#4502,#4503,#4504,#4505,#4506,#4507,#4508,
#4509,#4510,#4511,#4512,#4513,#4514,#4515,#4516,#4517,#4518,#4519,#4520,
#4521,#4522,#4523,#4524,#4525,#4526,#4527,#4528,#4529,#4530,#4531,#4532,
#4533,#4534,#4535,#4536,#4537,#4538,#4539,#4540,#4541,#4542,#4543,#4544,
#4545,#4546,#4547,#4548,#4549,#4550,#4551,#4552,#4553,#4554,#4555,#4556,
#4557,#4558,#4559,#4560,#4561,#4562,#4563,#4564,#4565,#4566,#4567,#4568,
#4569,#4570,#4571,#4572,#4573,#4574,#4575,#4576,#4577,#4578,#4579,#4580,
#4581,#4582,#4583,#4584,#4585,#4586,#4587,#4588,#4589,#4590,#4591,#4592,
#4593,#4594,#4595,#4596,#4597,#4598,#4599,#4600,#4601,#4602,#4603,#4604,
#4605,#4606,#4607,#4608,#4609,#4610,#4611,#4612,#4613,#4614,#4615,#4616,
#4617,#4618,#4619,#4620,#4621,#4622,#4623,#4624,#4625,#4626,#4627,#4628,
#4629,#4630,#4631,#4632,#4633,#4634,#4635,#4636,#4637,#4638,#4639,#4640,
#4641,#4642,#4643,#4644,#4645,#4646,#4647));
#4649=STYLED_ITEM('',(#4650),#4657);
#4650=PRESENTATION_STYLE_ASSIGNMENT((#4651));
#4651=SURFACE_STYLE_USAGE(.BOTH.,#4652);
#4652=SURFACE_SIDE_STYLE('',(#4653));
#4653=SURFACE_STYLE_FILL_AREA(#4654);
#4654=FILL_AREA_STYLE('',(#4655));
#4655=FILL_AREA_STYLE_COLOUR('',#4656);
#4656=COLOUR_RGB('',0.699999988079071,0.699999988079071,0.699999988079071);
#4657=MANIFOLD_SOLID_BREP('',#4648);
#4658=SHAPE_DEFINITION_REPRESENTATION(#10172,#4659);
#4659=SHAPE_REPRESENTATION('KF2-M4-ET',(#4660),#10167);
#4660=AXIS2_PLACEMENT_3D('',#6460,#5155,#5156);
#4661=AXIS2_PLACEMENT_3D('',#6461,#5157,#5158);
#4662=AXIS2_PLACEMENT_3D('',#6462,#5159,#5160);
#4663=AXIS2_PLACEMENT_3D('',#6470,#5161,#5162);
#4664=AXIS2_PLACEMENT_3D('',#6476,#5163,#5164);
#4665=AXIS2_PLACEMENT_3D('',#6477,#5165,#5166);
#4666=AXIS2_PLACEMENT_3D('',#6482,#5169,#5170);
#4667=AXIS2_PLACEMENT_3D('',#6483,#5171,#5172);
#4668=AXIS2_PLACEMENT_3D('',#6488,#5175,#5176);
#4669=AXIS2_PLACEMENT_3D('',#6494,#5177,#5178);
#4670=AXIS2_PLACEMENT_3D('',#6500,#5179,#5180);
#4671=AXIS2_PLACEMENT_3D('',#6506,#5184,#5185);
#4672=AXIS2_PLACEMENT_3D('',#6524,#5190,#5191);
#4673=AXIS2_PLACEMENT_3D('',#6525,#5192,#5193);
#4674=AXIS2_PLACEMENT_3D('',#6526,#5194,#5195);
#4675=AXIS2_PLACEMENT_3D('',#6527,#5196,#5197);
#4676=AXIS2_PLACEMENT_3D('',#6535,#5198,#5199);
#4677=AXIS2_PLACEMENT_3D('',#6541,#5200,#5201);
#4678=AXIS2_PLACEMENT_3D('',#6542,#5202,#5203);
#4679=AXIS2_PLACEMENT_3D('',#6547,#5206,#5207);
#4680=AXIS2_PLACEMENT_3D('',#6548,#5208,#5209);
#4681=AXIS2_PLACEMENT_3D('',#6553,#5212,#5213);
#4682=AXIS2_PLACEMENT_3D('',#6559,#5214,#5215);
#4683=AXIS2_PLACEMENT_3D('',#6565,#5216,#5217);
#4684=AXIS2_PLACEMENT_3D('',#6571,#5221,#5222);
#4685=AXIS2_PLACEMENT_3D('',#6589,#5227,#5228);
#4686=AXIS2_PLACEMENT_3D('',#6590,#5229,#5230);
#4687=AXIS2_PLACEMENT_3D('',#6591,#5231,#5232);
#4688=AXIS2_PLACEMENT_3D('',#6592,#5233,#5234);
#4689=AXIS2_PLACEMENT_3D('',#6600,#5235,#5236);
#4690=AXIS2_PLACEMENT_3D('',#6606,#5237,#5238);
#4691=AXIS2_PLACEMENT_3D('',#6607,#5239,#5240);
#4692=AXIS2_PLACEMENT_3D('',#6612,#5243,#5244);
#4693=AXIS2_PLACEMENT_3D('',#6613,#5245,#5246);
#4694=AXIS2_PLACEMENT_3D('',#6618,#5249,#5250);
#4695=AXIS2_PLACEMENT_3D('',#6624,#5251,#5252);
#4696=AXIS2_PLACEMENT_3D('',#6630,#5253,#5254);
#4697=AXIS2_PLACEMENT_3D('',#6636,#5258,#5259);
#4698=AXIS2_PLACEMENT_3D('',#6654,#5264,#5265);
#4699=AXIS2_PLACEMENT_3D('',#6655,#5266,#5267);
#4700=AXIS2_PLACEMENT_3D('',#6656,#5268,#5269);
#4701=AXIS2_PLACEMENT_3D('',#6657,#5270,#5271);
#4702=AXIS2_PLACEMENT_3D('',#6665,#5272,#5273);
#4703=AXIS2_PLACEMENT_3D('',#6671,#5274,#5275);
#4704=AXIS2_PLACEMENT_3D('',#6672,#5276,#5277);
#4705=AXIS2_PLACEMENT_3D('',#6677,#5280,#5281);
#4706=AXIS2_PLACEMENT_3D('',#6678,#5282,#5283);
#4707=AXIS2_PLACEMENT_3D('',#6683,#5286,#5287);
#4708=AXIS2_PLACEMENT_3D('',#6689,#5288,#5289);
#4709=AXIS2_PLACEMENT_3D('',#6695,#5290,#5291);
#4710=AXIS2_PLACEMENT_3D('',#6701,#5295,#5296);
#4711=AXIS2_PLACEMENT_3D('',#6719,#5301,#5302);
#4712=AXIS2_PLACEMENT_3D('',#6720,#5303,#5304);
#4713=AXIS2_PLACEMENT_3D('',#6721,#5305,#5306);
#4714=AXIS2_PLACEMENT_3D('',#6722,#5307,#5308);
#4715=AXIS2_PLACEMENT_3D('',#6730,#5309,#5310);
#4716=AXIS2_PLACEMENT_3D('',#6736,#5311,#5312);
#4717=AXIS2_PLACEMENT_3D('',#6737,#5313,#5314);
#4718=AXIS2_PLACEMENT_3D('',#6742,#5317,#5318);
#4719=AXIS2_PLACEMENT_3D('',#6743,#5319,#5320);
#4720=AXIS2_PLACEMENT_3D('',#6748,#5323,#5324);
#4721=AXIS2_PLACEMENT_3D('',#6754,#5325,#5326);
#4722=AXIS2_PLACEMENT_3D('',#6760,#5327,#5328);
#4723=AXIS2_PLACEMENT_3D('',#6766,#5332,#5333);
#4724=AXIS2_PLACEMENT_3D('',#6784,#5338,#5339);
#4725=AXIS2_PLACEMENT_3D('',#6785,#5340,#5341);
#4726=AXIS2_PLACEMENT_3D('',#6786,#5342,#5343);
#4727=AXIS2_PLACEMENT_3D('',#6787,#5344,#5345);
#4728=AXIS2_PLACEMENT_3D('',#6795,#5346,#5347);
#4729=AXIS2_PLACEMENT_3D('',#6801,#5348,#5349);
#4730=AXIS2_PLACEMENT_3D('',#6802,#5350,#5351);
#4731=AXIS2_PLACEMENT_3D('',#6807,#5354,#5355);
#4732=AXIS2_PLACEMENT_3D('',#6808,#5356,#5357);
#4733=AXIS2_PLACEMENT_3D('',#6813,#5360,#5361);
#4734=AXIS2_PLACEMENT_3D('',#6819,#5362,#5363);
#4735=AXIS2_PLACEMENT_3D('',#6825,#5364,#5365);
#4736=AXIS2_PLACEMENT_3D('',#6831,#5369,#5370);
#4737=AXIS2_PLACEMENT_3D('',#6849,#5375,#5376);
#4738=AXIS2_PLACEMENT_3D('',#6850,#5377,#5378);
#4739=AXIS2_PLACEMENT_3D('',#6851,#5379,#5380);
#4740=AXIS2_PLACEMENT_3D('',#6852,#5381,#5382);
#4741=AXIS2_PLACEMENT_3D('',#6860,#5383,#5384);
#4742=AXIS2_PLACEMENT_3D('',#6866,#5385,#5386);
#4743=AXIS2_PLACEMENT_3D('',#6867,#5387,#5388);
#4744=AXIS2_PLACEMENT_3D('',#6872,#5391,#5392);
#4745=AXIS2_PLACEMENT_3D('',#6873,#5393,#5394);
#4746=AXIS2_PLACEMENT_3D('',#6878,#5397,#5398);
#4747=AXIS2_PLACEMENT_3D('',#6884,#5399,#5400);
#4748=AXIS2_PLACEMENT_3D('',#6890,#5401,#5402);
#4749=AXIS2_PLACEMENT_3D('',#6896,#5406,#5407);
#4750=AXIS2_PLACEMENT_3D('',#6914,#5412,#5413);
#4751=AXIS2_PLACEMENT_3D('',#6915,#5414,#5415);
#4752=AXIS2_PLACEMENT_3D('',#6916,#5416,#5417);
#4753=AXIS2_PLACEMENT_3D('',#6917,#5418,#5419);
#4754=AXIS2_PLACEMENT_3D('',#6925,#5420,#5421);
#4755=AXIS2_PLACEMENT_3D('',#6931,#5422,#5423);
#4756=AXIS2_PLACEMENT_3D('',#6932,#5424,#5425);
#4757=AXIS2_PLACEMENT_3D('',#6937,#5428,#5429);
#4758=AXIS2_PLACEMENT_3D('',#6938,#5430,#5431);
#4759=AXIS2_PLACEMENT_3D('',#6943,#5434,#5435);
#4760=AXIS2_PLACEMENT_3D('',#6949,#5436,#5437);
#4761=AXIS2_PLACEMENT_3D('',#6955,#5438,#5439);
#4762=AXIS2_PLACEMENT_3D('',#6961,#5443,#5444);
#4763=AXIS2_PLACEMENT_3D('',#6979,#5449,#5450);
#4764=AXIS2_PLACEMENT_3D('',#6980,#5451,#5452);
#4765=AXIS2_PLACEMENT_3D('',#6981,#5453,#5454);
#4766=AXIS2_PLACEMENT_3D('',#6982,#5455,#5456);
#4767=AXIS2_PLACEMENT_3D('',#6990,#5457,#5458);
#4768=AXIS2_PLACEMENT_3D('',#6996,#5459,#5460);
#4769=AXIS2_PLACEMENT_3D('',#6997,#5461,#5462);
#4770=AXIS2_PLACEMENT_3D('',#7002,#5465,#5466);
#4771=AXIS2_PLACEMENT_3D('',#7003,#5467,#5468);
#4772=AXIS2_PLACEMENT_3D('',#7008,#5471,#5472);
#4773=AXIS2_PLACEMENT_3D('',#7014,#5473,#5474);
#4774=AXIS2_PLACEMENT_3D('',#7020,#5475,#5476);
#4775=AXIS2_PLACEMENT_3D('',#7026,#5480,#5481);
#4776=AXIS2_PLACEMENT_3D('',#7044,#5486,#5487);
#4777=AXIS2_PLACEMENT_3D('',#7045,#5488,#5489);
#4778=AXIS2_PLACEMENT_3D('',#7046,#5490,#5491);
#4779=AXIS2_PLACEMENT_3D('',#7047,#5492,#5493);
#4780=AXIS2_PLACEMENT_3D('',#7055,#5494,#5495);
#4781=AXIS2_PLACEMENT_3D('',#7061,#5496,#5497);
#4782=AXIS2_PLACEMENT_3D('',#7062,#5498,#5499);
#4783=AXIS2_PLACEMENT_3D('',#7067,#5502,#5503);
#4784=AXIS2_PLACEMENT_3D('',#7068,#5504,#5505);
#4785=AXIS2_PLACEMENT_3D('',#7073,#5508,#5509);
#4786=AXIS2_PLACEMENT_3D('',#7079,#5510,#5511);
#4787=AXIS2_PLACEMENT_3D('',#7085,#5512,#5513);
#4788=AXIS2_PLACEMENT_3D('',#7091,#5517,#5518);
#4789=AXIS2_PLACEMENT_3D('',#7109,#5523,#5524);
#4790=AXIS2_PLACEMENT_3D('',#7110,#5525,#5526);
#4791=AXIS2_PLACEMENT_3D('',#7111,#5527,#5528);
#4792=AXIS2_PLACEMENT_3D('',#7112,#5529,#5530);
#4793=AXIS2_PLACEMENT_3D('',#7120,#5531,#5532);
#4794=AXIS2_PLACEMENT_3D('',#7126,#5533,#5534);
#4795=AXIS2_PLACEMENT_3D('',#7127,#5535,#5536);
#4796=AXIS2_PLACEMENT_3D('',#7132,#5539,#5540);
#4797=AXIS2_PLACEMENT_3D('',#7133,#5541,#5542);
#4798=AXIS2_PLACEMENT_3D('',#7138,#5545,#5546);
#4799=AXIS2_PLACEMENT_3D('',#7144,#5547,#5548);
#4800=AXIS2_PLACEMENT_3D('',#7150,#5549,#5550);
#4801=AXIS2_PLACEMENT_3D('',#7156,#5554,#5555);
#4802=AXIS2_PLACEMENT_3D('',#7174,#5560,#5561);
#4803=AXIS2_PLACEMENT_3D('',#7175,#5562,#5563);
#4804=AXIS2_PLACEMENT_3D('',#7176,#5564,#5565);
#4805=AXIS2_PLACEMENT_3D('',#7177,#5566,#5567);
#4806=AXIS2_PLACEMENT_3D('',#7185,#5568,#5569);
#4807=AXIS2_PLACEMENT_3D('',#7191,#5570,#5571);
#4808=AXIS2_PLACEMENT_3D('',#7192,#5572,#5573);
#4809=AXIS2_PLACEMENT_3D('',#7197,#5576,#5577);
#4810=AXIS2_PLACEMENT_3D('',#7198,#5578,#5579);
#4811=AXIS2_PLACEMENT_3D('',#7203,#5582,#5583);
#4812=AXIS2_PLACEMENT_3D('',#7209,#5584,#5585);
#4813=AXIS2_PLACEMENT_3D('',#7215,#5586,#5587);
#4814=AXIS2_PLACEMENT_3D('',#7221,#5591,#5592);
#4815=AXIS2_PLACEMENT_3D('',#7239,#5597,#5598);
#4816=AXIS2_PLACEMENT_3D('',#7240,#5599,#5600);
#4817=AXIS2_PLACEMENT_3D('',#7241,#5601,#5602);
#4818=AXIS2_PLACEMENT_3D('',#7242,#5603,#5604);
#4819=AXIS2_PLACEMENT_3D('',#7250,#5605,#5606);
#4820=AXIS2_PLACEMENT_3D('',#7256,#5607,#5608);
#4821=AXIS2_PLACEMENT_3D('',#7257,#5609,#5610);
#4822=AXIS2_PLACEMENT_3D('',#7262,#5613,#5614);
#4823=AXIS2_PLACEMENT_3D('',#7263,#5615,#5616);
#4824=AXIS2_PLACEMENT_3D('',#7268,#5619,#5620);
#4825=AXIS2_PLACEMENT_3D('',#7274,#5621,#5622);
#4826=AXIS2_PLACEMENT_3D('',#7280,#5623,#5624);
#4827=AXIS2_PLACEMENT_3D('',#7286,#5628,#5629);
#4828=AXIS2_PLACEMENT_3D('',#7304,#5634,#5635);
#4829=AXIS2_PLACEMENT_3D('',#7305,#5636,#5637);
#4830=AXIS2_PLACEMENT_3D('',#7306,#5638,#5639);
#4831=AXIS2_PLACEMENT_3D('',#7307,#5640,#5641);
#4832=AXIS2_PLACEMENT_3D('',#7315,#5642,#5643);
#4833=AXIS2_PLACEMENT_3D('',#7321,#5644,#5645);
#4834=AXIS2_PLACEMENT_3D('',#7322,#5646,#5647);
#4835=AXIS2_PLACEMENT_3D('',#7327,#5650,#5651);
#4836=AXIS2_PLACEMENT_3D('',#7328,#5652,#5653);
#4837=AXIS2_PLACEMENT_3D('',#7333,#5656,#5657);
#4838=AXIS2_PLACEMENT_3D('',#7339,#5658,#5659);
#4839=AXIS2_PLACEMENT_3D('',#7345,#5660,#5661);
#4840=AXIS2_PLACEMENT_3D('',#7351,#5665,#5666);
#4841=AXIS2_PLACEMENT_3D('',#7369,#5671,#5672);
#4842=AXIS2_PLACEMENT_3D('',#7370,#5673,#5674);
#4843=AXIS2_PLACEMENT_3D('',#7371,#5675,#5676);
#4844=AXIS2_PLACEMENT_3D('',#7392,#5682,#5683);
#4845=AXIS2_PLACEMENT_3D('',#7410,#5688,#5689);
#4846=AXIS2_PLACEMENT_3D('',#7411,#5690,#5691);
#4847=AXIS2_PLACEMENT_3D('',#7412,#5692,#5693);
#4848=AXIS2_PLACEMENT_3D('',#7413,#5694,#5695);
#4849=AXIS2_PLACEMENT_3D('',#7415,#5696,#5697);
#4850=AXIS2_PLACEMENT_3D('',#7417,#5698,#5699);
#4851=AXIS2_PLACEMENT_3D('',#7418,#5700,#5701);
#4852=AXIS2_PLACEMENT_3D('',#7420,#5702,#5703);
#4853=AXIS2_PLACEMENT_3D('',#7421,#5704,#5705);
#4854=AXIS2_PLACEMENT_3D('',#7423,#5706,#5707);
#4855=AXIS2_PLACEMENT_3D('',#7424,#5708,#5709);
#4856=AXIS2_PLACEMENT_3D('',#7426,#5710,#5711);
#4857=AXIS2_PLACEMENT_3D('',#7427,#5712,#5713);
#4858=AXIS2_PLACEMENT_3D('',#7429,#5714,#5715);
#4859=AXIS2_PLACEMENT_3D('',#7430,#5716,#5717);
#4860=AXIS2_PLACEMENT_3D('',#7432,#5718,#5719);
#4861=AXIS2_PLACEMENT_3D('',#7433,#5720,#5721);
#4862=AXIS2_PLACEMENT_3D('',#7435,#5722,#5723);
#4863=AXIS2_PLACEMENT_3D('',#7436,#5724,#5725);
#4864=AXIS2_PLACEMENT_3D('',#7438,#5726,#5727);
#4865=AXIS2_PLACEMENT_3D('',#7439,#5728,#5729);
#4866=AXIS2_PLACEMENT_3D('',#7441,#5730,#5731);
#4867=AXIS2_PLACEMENT_3D('',#7442,#5732,#5733);
#4868=AXIS2_PLACEMENT_3D('',#7444,#5734,#5735);
#4869=AXIS2_PLACEMENT_3D('',#7463,#5736,#5737);
#4870=AXIS2_PLACEMENT_3D('',#7464,#5738,#5739);
#4871=AXIS2_PLACEMENT_3D('',#7465,#5740,#5741);
#4872=AXIS2_PLACEMENT_3D('',#9348,#5742,#5743);
#4873=AXIS2_PLACEMENT_3D('',#9349,#5744,#5745);
#4874=AXIS2_PLACEMENT_3D('',#9350,#5746,#5747);
#4875=AXIS2_PLACEMENT_3D('',#9351,#5748,#5749);
#4876=AXIS2_PLACEMENT_3D('',#9353,#5750,#5751);
#4877=AXIS2_PLACEMENT_3D('',#9354,#5752,#5753);
#4878=AXIS2_PLACEMENT_3D('',#9356,#5754,#5755);
#4879=AXIS2_PLACEMENT_3D('',#9357,#5756,#5757);
#4880=AXIS2_PLACEMENT_3D('',#9359,#5758,#5759);
#4881=AXIS2_PLACEMENT_3D('',#9360,#5760,#5761);
#4882=AXIS2_PLACEMENT_3D('',#9364,#5763,#5764);
#4883=AXIS2_PLACEMENT_3D('',#9365,#5765,#5766);
#4884=AXIS2_PLACEMENT_3D('',#9366,#5767,#5768);
#4885=AXIS2_PLACEMENT_3D('',#9369,#5770,#5771);
#4886=AXIS2_PLACEMENT_3D('',#9370,#5772,#5773);
#4887=AXIS2_PLACEMENT_3D('',#9374,#5775,#5776);
#4888=AXIS2_PLACEMENT_3D('',#9375,#5777,#5778);
#4889=AXIS2_PLACEMENT_3D('',#9376,#5779,#5780);
#4890=AXIS2_PLACEMENT_3D('',#9379,#5782,#5783);
#4891=AXIS2_PLACEMENT_3D('',#9380,#5784,#5785);
#4892=AXIS2_PLACEMENT_3D('',#9384,#5787,#5788);
#4893=AXIS2_PLACEMENT_3D('',#9385,#5789,#5790);
#4894=AXIS2_PLACEMENT_3D('',#9386,#5791,#5792);
#4895=AXIS2_PLACEMENT_3D('',#9389,#5794,#5795);
#4896=AXIS2_PLACEMENT_3D('',#9390,#5796,#5797);
#4897=AXIS2_PLACEMENT_3D('',#9394,#5799,#5800);
#4898=AXIS2_PLACEMENT_3D('',#9395,#5801,#5802);
#4899=AXIS2_PLACEMENT_3D('',#9396,#5803,#5804);
#4900=AXIS2_PLACEMENT_3D('',#9399,#5806,#5807);
#4901=AXIS2_PLACEMENT_3D('',#9400,#5808,#5809);
#4902=AXIS2_PLACEMENT_3D('',#9404,#5811,#5812);
#4903=AXIS2_PLACEMENT_3D('',#9405,#5813,#5814);
#4904=AXIS2_PLACEMENT_3D('',#9406,#5815,#5816);
#4905=AXIS2_PLACEMENT_3D('',#9409,#5818,#5819);
#4906=AXIS2_PLACEMENT_3D('',#9410,#5820,#5821);
#4907=AXIS2_PLACEMENT_3D('',#9414,#5823,#5824);
#4908=AXIS2_PLACEMENT_3D('',#9415,#5825,#5826);
#4909=AXIS2_PLACEMENT_3D('',#9416,#5827,#5828);
#4910=AXIS2_PLACEMENT_3D('',#9419,#5830,#5831);
#4911=AXIS2_PLACEMENT_3D('',#9420,#5832,#5833);
#4912=AXIS2_PLACEMENT_3D('',#9424,#5835,#5836);
#4913=AXIS2_PLACEMENT_3D('',#9425,#5837,#5838);
#4914=AXIS2_PLACEMENT_3D('',#9426,#5839,#5840);
#4915=AXIS2_PLACEMENT_3D('',#9429,#5842,#5843);
#4916=AXIS2_PLACEMENT_3D('',#9430,#5844,#5845);
#4917=AXIS2_PLACEMENT_3D('',#9434,#5847,#5848);
#4918=AXIS2_PLACEMENT_3D('',#9435,#5849,#5850);
#4919=AXIS2_PLACEMENT_3D('',#9436,#5851,#5852);
#4920=AXIS2_PLACEMENT_3D('',#9439,#5854,#5855);
#4921=AXIS2_PLACEMENT_3D('',#9440,#5856,#5857);
#4922=AXIS2_PLACEMENT_3D('',#9444,#5859,#5860);
#4923=AXIS2_PLACEMENT_3D('',#9445,#5861,#5862);
#4924=AXIS2_PLACEMENT_3D('',#9446,#5863,#5864);
#4925=AXIS2_PLACEMENT_3D('',#9449,#5866,#5867);
#4926=AXIS2_PLACEMENT_3D('',#9450,#5868,#5869);
#4927=AXIS2_PLACEMENT_3D('',#9454,#5871,#5872);
#4928=AXIS2_PLACEMENT_3D('',#9455,#5873,#5874);
#4929=AXIS2_PLACEMENT_3D('',#9456,#5875,#5876);
#4930=AXIS2_PLACEMENT_3D('',#9459,#5878,#5879);
#4931=AXIS2_PLACEMENT_3D('',#9460,#5880,#5881);
#4932=AXIS2_PLACEMENT_3D('',#9464,#5883,#5884);
#4933=AXIS2_PLACEMENT_3D('',#9465,#5885,#5886);
#4934=AXIS2_PLACEMENT_3D('',#9466,#5887,#5888);
#4935=AXIS2_PLACEMENT_3D('',#9469,#5890,#5891);
#4936=AXIS2_PLACEMENT_3D('',#9470,#5892,#5893);
#4937=AXIS2_PLACEMENT_3D('',#9474,#5895,#5896);
#4938=AXIS2_PLACEMENT_3D('',#9475,#5897,#5898);
#4939=AXIS2_PLACEMENT_3D('',#9476,#5899,#5900);
#4940=AXIS2_PLACEMENT_3D('',#9479,#5902,#5903);
#4941=AXIS2_PLACEMENT_3D('',#9480,#5904,#5905);
#4942=AXIS2_PLACEMENT_3D('',#9484,#5907,#5908);
#4943=AXIS2_PLACEMENT_3D('',#9485,#5909,#5910);
#4944=AXIS2_PLACEMENT_3D('',#9486,#5911,#5912);
#4945=AXIS2_PLACEMENT_3D('',#9489,#5914,#5915);
#4946=AXIS2_PLACEMENT_3D('',#9490,#5916,#5917);
#4947=AXIS2_PLACEMENT_3D('',#9494,#5919,#5920);
#4948=AXIS2_PLACEMENT_3D('',#9495,#5921,#5922);
#4949=AXIS2_PLACEMENT_3D('',#9496,#5923,#5924);
#4950=AXIS2_PLACEMENT_3D('',#9499,#5926,#5927);
#4951=AXIS2_PLACEMENT_3D('',#9500,#5928,#5929);
#4952=AXIS2_PLACEMENT_3D('',#9505,#5931,#5932);
#4953=AXIS2_PLACEMENT_3D('',#9508,#5934,#5935);
#4954=AXIS2_PLACEMENT_3D('',#9509,#5936,#5937);
#4955=AXIS2_PLACEMENT_3D('',#9514,#5940,#5941);
#4956=AXIS2_PLACEMENT_3D('',#9515,#5942,#5943);
#4957=AXIS2_PLACEMENT_3D('',#9520,#5945,#5946);
#4958=AXIS2_PLACEMENT_3D('',#9523,#5948,#5949);
#4959=AXIS2_PLACEMENT_3D('',#9524,#5950,#5951);
#4960=AXIS2_PLACEMENT_3D('',#9529,#5954,#5955);
#4961=AXIS2_PLACEMENT_3D('',#9530,#5956,#5957);
#4962=AXIS2_PLACEMENT_3D('',#9535,#5959,#5960);
#4963=AXIS2_PLACEMENT_3D('',#9538,#5962,#5963);
#4964=AXIS2_PLACEMENT_3D('',#9539,#5964,#5965);
#4965=AXIS2_PLACEMENT_3D('',#9544,#5968,#5969);
#4966=AXIS2_PLACEMENT_3D('',#9545,#5970,#5971);
#4967=AXIS2_PLACEMENT_3D('',#9550,#5973,#5974);
#4968=AXIS2_PLACEMENT_3D('',#9553,#5976,#5977);
#4969=AXIS2_PLACEMENT_3D('',#9554,#5978,#5979);
#4970=AXIS2_PLACEMENT_3D('',#9559,#5982,#5983);
#4971=AXIS2_PLACEMENT_3D('',#9560,#5984,#5985);
#4972=AXIS2_PLACEMENT_3D('',#9565,#5987,#5988);
#4973=AXIS2_PLACEMENT_3D('',#9568,#5990,#5991);
#4974=AXIS2_PLACEMENT_3D('',#9569,#5992,#5993);
#4975=AXIS2_PLACEMENT_3D('',#9574,#5996,#5997);
#4976=AXIS2_PLACEMENT_3D('',#9575,#5998,#5999);
#4977=AXIS2_PLACEMENT_3D('',#9577,#6000,#6001);
#4978=AXIS2_PLACEMENT_3D('',#9583,#6002,#6003);
#4979=AXIS2_PLACEMENT_3D('',#9588,#6004,#6005);
#4980=AXIS2_PLACEMENT_3D('',#9589,#6006,#6007);
#4981=AXIS2_PLACEMENT_3D('',#9594,#6008,#6009);
#4982=AXIS2_PLACEMENT_3D('',#9595,#6010,#6011);
#4983=AXIS2_PLACEMENT_3D('',#9600,#6012,#6013);
#4984=AXIS2_PLACEMENT_3D('',#9601,#6014,#6015);
#4985=AXIS2_PLACEMENT_3D('',#9606,#6016,#6017);
#4986=AXIS2_PLACEMENT_3D('',#9607,#6018,#6019);
#4987=AXIS2_PLACEMENT_3D('',#9612,#6020,#6021);
#4988=AXIS2_PLACEMENT_3D('',#9613,#6022,#6023);
#4989=AXIS2_PLACEMENT_3D('',#9618,#6024,#6025);
#4990=AXIS2_PLACEMENT_3D('',#9619,#6026,#6027);
#4991=AXIS2_PLACEMENT_3D('',#9624,#6028,#6029);
#4992=AXIS2_PLACEMENT_3D('',#9625,#6030,#6031);
#4993=AXIS2_PLACEMENT_3D('',#9630,#6032,#6033);
#4994=AXIS2_PLACEMENT_3D('',#9631,#6034,#6035);
#4995=AXIS2_PLACEMENT_3D('',#9636,#6036,#6037);
#4996=AXIS2_PLACEMENT_3D('',#9637,#6038,#6039);
#4997=AXIS2_PLACEMENT_3D('',#9642,#6040,#6041);
#4998=AXIS2_PLACEMENT_3D('',#9643,#6042,#6043);
#4999=AXIS2_PLACEMENT_3D('',#9648,#6044,#6045);
#5000=AXIS2_PLACEMENT_3D('',#9649,#6046,#6047);
#5001=AXIS2_PLACEMENT_3D('',#9654,#6048,#6049);
#5002=AXIS2_PLACEMENT_3D('',#9655,#6050,#6051);
#5003=AXIS2_PLACEMENT_3D('',#9660,#6052,#6053);
#5004=AXIS2_PLACEMENT_3D('',#9661,#6054,#6055);
#5005=AXIS2_PLACEMENT_3D('',#9666,#6056,#6057);
#5006=AXIS2_PLACEMENT_3D('',#9667,#6058,#6059);
#5007=AXIS2_PLACEMENT_3D('',#9673,#6060,#6061);
#5008=AXIS2_PLACEMENT_3D('',#9679,#6062,#6063);
#5009=AXIS2_PLACEMENT_3D('',#9685,#6064,#6065);
#5010=AXIS2_PLACEMENT_3D('',#9690,#6066,#6067);
#5011=AXIS2_PLACEMENT_3D('',#9696,#6068,#6069);
#5012=AXIS2_PLACEMENT_3D('',#9701,#6070,#6071);
#5013=AXIS2_PLACEMENT_3D('',#9707,#6072,#6073);
#5014=AXIS2_PLACEMENT_3D('',#9712,#6074,#6075);
#5015=AXIS2_PLACEMENT_3D('',#9717,#6076,#6077);
#5016=AXIS2_PLACEMENT_3D('',#9718,#6078,#6079);
#5017=AXIS2_PLACEMENT_3D('',#9722,#6081,#6082);
#5018=AXIS2_PLACEMENT_3D('',#9723,#6083,#6084);
#5019=AXIS2_PLACEMENT_3D('',#9724,#6085,#6086);
#5020=AXIS2_PLACEMENT_3D('',#9726,#6087,#6088);
#5021=AXIS2_PLACEMENT_3D('',#9727,#6089,#6090);
#5022=AXIS2_PLACEMENT_3D('',#9734,#6091,#6092);
#5023=AXIS2_PLACEMENT_3D('',#9735,#6093,#6094);
#5024=AXIS2_PLACEMENT_3D('',#9746,#6099,#6100);
#5025=AXIS2_PLACEMENT_3D('',#9749,#6102,#6103);
#5026=AXIS2_PLACEMENT_3D('',#9750,#6104,#6105);
#5027=AXIS2_PLACEMENT_3D('',#9757,#6107,#6108);
#5028=AXIS2_PLACEMENT_3D('',#9758,#6109,#6110);
#5029=AXIS2_PLACEMENT_3D('',#9759,#6111,#6112);
#5030=AXIS2_PLACEMENT_3D('',#9765,#6116,#6117);
#5031=AXIS2_PLACEMENT_3D('',#9768,#6119,#6120);
#5032=AXIS2_PLACEMENT_3D('',#9769,#6121,#6122);
#5033=AXIS2_PLACEMENT_3D('',#9776,#6124,#6125);
#5034=AXIS2_PLACEMENT_3D('',#9777,#6126,#6127);
#5035=AXIS2_PLACEMENT_3D('',#9778,#6128,#6129);
#5036=AXIS2_PLACEMENT_3D('',#9784,#6133,#6134);
#5037=AXIS2_PLACEMENT_3D('',#9787,#6136,#6137);
#5038=AXIS2_PLACEMENT_3D('',#9788,#6138,#6139);
#5039=AXIS2_PLACEMENT_3D('',#9795,#6141,#6142);
#5040=AXIS2_PLACEMENT_3D('',#9796,#6143,#6144);
#5041=AXIS2_PLACEMENT_3D('',#9797,#6145,#6146);
#5042=AXIS2_PLACEMENT_3D('',#9803,#6150,#6151);
#5043=AXIS2_PLACEMENT_3D('',#9806,#6153,#6154);
#5044=AXIS2_PLACEMENT_3D('',#9807,#6155,#6156);
#5045=AXIS2_PLACEMENT_3D('',#9814,#6158,#6159);
#5046=AXIS2_PLACEMENT_3D('',#9815,#6160,#6161);
#5047=AXIS2_PLACEMENT_3D('',#9816,#6162,#6163);
#5048=AXIS2_PLACEMENT_3D('',#9822,#6167,#6168);
#5049=AXIS2_PLACEMENT_3D('',#9825,#6170,#6171);
#5050=AXIS2_PLACEMENT_3D('',#9826,#6172,#6173);
#5051=AXIS2_PLACEMENT_3D('',#9833,#6175,#6176);
#5052=AXIS2_PLACEMENT_3D('',#9834,#6177,#6178);
#5053=AXIS2_PLACEMENT_3D('',#9835,#6179,#6180);
#5054=AXIS2_PLACEMENT_3D('',#9841,#6184,#6185);
#5055=AXIS2_PLACEMENT_3D('',#9844,#6187,#6188);
#5056=AXIS2_PLACEMENT_3D('',#9845,#6189,#6190);
#5057=AXIS2_PLACEMENT_3D('',#9852,#6192,#6193);
#5058=AXIS2_PLACEMENT_3D('',#9853,#6194,#6195);
#5059=AXIS2_PLACEMENT_3D('',#9854,#6196,#6197);
#5060=AXIS2_PLACEMENT_3D('',#9860,#6201,#6202);
#5061=AXIS2_PLACEMENT_3D('',#9863,#6204,#6205);
#5062=AXIS2_PLACEMENT_3D('',#9864,#6206,#6207);
#5063=AXIS2_PLACEMENT_3D('',#9871,#6209,#6210);
#5064=AXIS2_PLACEMENT_3D('',#9872,#6211,#6212);
#5065=AXIS2_PLACEMENT_3D('',#9873,#6213,#6214);
#5066=AXIS2_PLACEMENT_3D('',#9879,#6218,#6219);
#5067=AXIS2_PLACEMENT_3D('',#9882,#6221,#6222);
#5068=AXIS2_PLACEMENT_3D('',#9883,#6223,#6224);
#5069=AXIS2_PLACEMENT_3D('',#9890,#6226,#6227);
#5070=AXIS2_PLACEMENT_3D('',#9891,#6228,#6229);
#5071=AXIS2_PLACEMENT_3D('',#9892,#6230,#6231);
#5072=AXIS2_PLACEMENT_3D('',#9898,#6235,#6236);
#5073=AXIS2_PLACEMENT_3D('',#9901,#6238,#6239);
#5074=AXIS2_PLACEMENT_3D('',#9902,#6240,#6241);
#5075=AXIS2_PLACEMENT_3D('',#9909,#6243,#6244);
#5076=AXIS2_PLACEMENT_3D('',#9910,#6245,#6246);
#5077=AXIS2_PLACEMENT_3D('',#9911,#6247,#6248);
#5078=AXIS2_PLACEMENT_3D('',#9917,#6252,#6253);
#5079=AXIS2_PLACEMENT_3D('',#9920,#6255,#6256);
#5080=AXIS2_PLACEMENT_3D('',#9921,#6257,#6258);
#5081=AXIS2_PLACEMENT_3D('',#9928,#6260,#6261);
#5082=AXIS2_PLACEMENT_3D('',#9929,#6262,#6263);
#5083=AXIS2_PLACEMENT_3D('',#9930,#6264,#6265);
#5084=AXIS2_PLACEMENT_3D('',#9936,#6269,#6270);
#5085=AXIS2_PLACEMENT_3D('',#9939,#6272,#6273);
#5086=AXIS2_PLACEMENT_3D('',#9940,#6274,#6275);
#5087=AXIS2_PLACEMENT_3D('',#9947,#6277,#6278);
#5088=AXIS2_PLACEMENT_3D('',#9948,#6279,#6280);
#5089=AXIS2_PLACEMENT_3D('',#9949,#6281,#6282);
#5090=AXIS2_PLACEMENT_3D('',#9955,#6286,#6287);
#5091=AXIS2_PLACEMENT_3D('',#9958,#6289,#6290);
#5092=AXIS2_PLACEMENT_3D('',#9959,#6291,#6292);
#5093=AXIS2_PLACEMENT_3D('',#9966,#6294,#6295);
#5094=AXIS2_PLACEMENT_3D('',#9967,#6296,#6297);
#5095=AXIS2_PLACEMENT_3D('',#9968,#6298,#6299);
#5096=AXIS2_PLACEMENT_3D('',#9974,#6303,#6304);
#5097=AXIS2_PLACEMENT_3D('',#9977,#6306,#6307);
#5098=AXIS2_PLACEMENT_3D('',#9978,#6308,#6309);
#5099=AXIS2_PLACEMENT_3D('',#9985,#6311,#6312);
#5100=AXIS2_PLACEMENT_3D('',#9986,#6313,#6314);
#5101=AXIS2_PLACEMENT_3D('',#9987,#6315,#6316);
#5102=AXIS2_PLACEMENT_3D('',#9993,#6320,#6321);
#5103=AXIS2_PLACEMENT_3D('',#9996,#6323,#6324);
#5104=AXIS2_PLACEMENT_3D('',#9997,#6325,#6326);
#5105=AXIS2_PLACEMENT_3D('',#10004,#6328,#6329);
#5106=AXIS2_PLACEMENT_3D('',#10005,#6330,#6331);
#5107=AXIS2_PLACEMENT_3D('',#10006,#6332,#6333);
#5108=AXIS2_PLACEMENT_3D('',#10012,#6337,#6338);
#5109=AXIS2_PLACEMENT_3D('',#10015,#6340,#6341);
#5110=AXIS2_PLACEMENT_3D('',#10016,#6342,#6343);
#5111=AXIS2_PLACEMENT_3D('',#10023,#6345,#6346);
#5112=AXIS2_PLACEMENT_3D('',#10024,#6347,#6348);
#5113=AXIS2_PLACEMENT_3D('',#10030,#6349,#6350);
#5114=AXIS2_PLACEMENT_3D('',#10036,#6354,#6355);
#5115=AXIS2_PLACEMENT_3D('',#10039,#6357,#6358);
#5116=AXIS2_PLACEMENT_3D('',#10040,#6359,#6360);
#5117=AXIS2_PLACEMENT_3D('',#10047,#6362,#6363);
#5118=AXIS2_PLACEMENT_3D('',#10048,#6364,#6365);
#5119=AXIS2_PLACEMENT_3D('',#10054,#6366,#6367);
#5120=AXIS2_PLACEMENT_3D('',#10060,#6371,#6372);
#5121=AXIS2_PLACEMENT_3D('',#10063,#6374,#6375);
#5122=AXIS2_PLACEMENT_3D('',#10064,#6376,#6377);
#5123=AXIS2_PLACEMENT_3D('',#10071,#6379,#6380);
#5124=AXIS2_PLACEMENT_3D('',#10072,#6381,#6382);
#5125=AXIS2_PLACEMENT_3D('',#10078,#6383,#6384);
#5126=AXIS2_PLACEMENT_3D('',#10084,#6388,#6389);
#5127=AXIS2_PLACEMENT_3D('',#10087,#6391,#6392);
#5128=AXIS2_PLACEMENT_3D('',#10088,#6393,#6394);
#5129=AXIS2_PLACEMENT_3D('',#10095,#6396,#6397);
#5130=AXIS2_PLACEMENT_3D('',#10096,#6398,#6399);
#5131=AXIS2_PLACEMENT_3D('',#10102,#6400,#6401);
#5132=AXIS2_PLACEMENT_3D('',#10108,#6405,#6406);
#5133=AXIS2_PLACEMENT_3D('',#10111,#6408,#6409);
#5134=AXIS2_PLACEMENT_3D('',#10112,#6410,#6411);
#5135=AXIS2_PLACEMENT_3D('',#10119,#6413,#6414);
#5136=AXIS2_PLACEMENT_3D('',#10120,#6415,#6416);
#5137=AXIS2_PLACEMENT_3D('',#10126,#6417,#6418);
#5138=AXIS2_PLACEMENT_3D('',#10132,#6422,#6423);
#5139=AXIS2_PLACEMENT_3D('',#10135,#6425,#6426);
#5140=AXIS2_PLACEMENT_3D('',#10136,#6427,#6428);
#5141=AXIS2_PLACEMENT_3D('',#10152,#6432,#6433);
#5142=AXIS2_PLACEMENT_3D('',#10153,#6434,#6435);
#5143=AXIS2_PLACEMENT_3D('',#10154,#6436,#6437);
#5144=AXIS2_PLACEMENT_3D('',#10155,#6438,#6439);
#5145=AXIS2_PLACEMENT_3D('',#10156,#6440,#6441);
#5146=AXIS2_PLACEMENT_3D('',#10157,#6442,#6443);
#5147=AXIS2_PLACEMENT_3D('',#10158,#6444,#6445);
#5148=AXIS2_PLACEMENT_3D('',#10159,#6446,#6447);
#5149=AXIS2_PLACEMENT_3D('',#10160,#6448,#6449);
#5150=AXIS2_PLACEMENT_3D('',#10161,#6450,#6451);
#5151=AXIS2_PLACEMENT_3D('',#10162,#6452,#6453);
#5152=AXIS2_PLACEMENT_3D('',#10163,#6454,#6455);
#5153=AXIS2_PLACEMENT_3D('',#10164,#6456,#6457);
#5154=AXIS2_PLACEMENT_3D('',#10165,#6458,#6459);
#5155=DIRECTION('',(0.,0.,1.));
#5156=DIRECTION('',(1.,0.,0.));
#5157=DIRECTION('',(-1.,0.,0.));
#5158=DIRECTION('',(0.,0.,1.));
#5159=DIRECTION('',(-1.,0.,0.));
#5160=DIRECTION('',(0.,0.,1.));
#5161=DIRECTION('',(-1.,0.,0.));
#5162=DIRECTION('',(0.,0.,1.));
#5163=DIRECTION('',(1.,0.,0.));
#5164=DIRECTION('',(0.,0.,-1.));
#5165=DIRECTION('',(-1.,0.,0.));
#5166=DIRECTION('',(0.,0.,1.));
#5167=DIRECTION('',(0.,-0.0563913765257641,0.998408740273005));
#5168=DIRECTION('',(0.,0.995552217021183,-0.0942113750255615));
#5169=DIRECTION('',(-1.,0.,0.));
#5170=DIRECTION('',(0.,0.,1.));
#5171=DIRECTION('',(-1.,0.,0.));
#5172=DIRECTION('',(0.,0.,1.));
#5173=DIRECTION('',(-1.,0.,0.));
#5174=DIRECTION('',(-1.,0.,0.));
#5175=DIRECTION('',(1.,0.,0.));
#5176=DIRECTION('',(0.,0.,-1.));
#5177=DIRECTION('',(-1.,0.,0.));
#5178=DIRECTION('',(0.,0.,1.));
#5179=DIRECTION('',(0.,0.998408740273005,0.0563913765257641));
#5180=DIRECTION('',(0.,-0.0563913765257641,0.998408740273005));
#5181=DIRECTION('',(-1.,0.,0.));
#5182=DIRECTION('',(3.76226828022001E-17,0.0563913765257641,-0.998408740273005));
#5183=DIRECTION('',(-1.,0.,0.));
#5184=DIRECTION('',(0.,0.0850653530109889,-0.996375373901381));
#5185=DIRECTION('',(0.,0.996375373901381,0.0850653530109889));
#5186=DIRECTION('',(-1.,0.,0.));
#5187=DIRECTION('',(0.,0.996375373901381,0.0850653530109889));
#5188=DIRECTION('',(-1.,0.,0.));
#5189=DIRECTION('',(4.9372226813742E-17,-0.996375373901381,-0.0850653530109889));
#5190=DIRECTION('',(-1.,-4.61123280185263E-17,-4.02871277378578E-17));
#5191=DIRECTION('',(6.12323399573677E-17,-0.753071466003611,-0.657938725939713));
#5192=DIRECTION('',(-1.,-4.61123280185263E-17,-4.02871277378578E-17));
#5193=DIRECTION('',(5.25648283658216E-17,-0.309016994374947,-0.951056516295154));
#5194=DIRECTION('',(-1.,0.,0.));
#5195=DIRECTION('',(0.,0.,1.));
#5196=DIRECTION('',(-1.,0.,0.));
#5197=DIRECTION('',(0.,0.,1.));
#5198=DIRECTION('',(-1.,0.,0.));
#5199=DIRECTION('',(0.,0.,1.));
#5200=DIRECTION('',(1.,0.,0.));
#5201=DIRECTION('',(0.,0.,-1.));
#5202=DIRECTION('',(-1.,0.,0.));
#5203=DIRECTION('',(0.,0.,1.));
#5204=DIRECTION('',(0.,-0.403611268581498,0.914930567788635));
#5205=DIRECTION('',(0.,0.965174206443999,0.261608010609761));
#5206=DIRECTION('',(-1.,0.,0.));
#5207=DIRECTION('',(0.,0.,1.));
#5208=DIRECTION('',(-1.,0.,0.));
#5209=DIRECTION('',(0.,0.,1.));
#5210=DIRECTION('',(-1.,0.,0.));
#5211=DIRECTION('',(-1.,0.,0.));
#5212=DIRECTION('',(1.,0.,0.));
#5213=DIRECTION('',(0.,0.,-1.));
#5214=DIRECTION('',(-1.,0.,0.));
#5215=DIRECTION('',(0.,0.,1.));
#5216=DIRECTION('',(0.,0.914930567788635,0.403611268581498));
#5217=DIRECTION('',(0.,-0.403611268581498,0.914930567788635));
#5218=DIRECTION('',(-1.,0.,0.));
#5219=DIRECTION('',(3.76226828022001E-17,0.403611268581498,-0.914930567788635));
#5220=DIRECTION('',(-1.,0.,0.));
#5221=DIRECTION('',(0.,0.429742371495746,-0.902951545843525));
#5222=DIRECTION('',(0.,0.902951545843525,0.429742371495746));
#5223=DIRECTION('',(-1.,0.,0.));
#5224=DIRECTION('',(0.,0.902951545843525,0.429742371495746));
#5225=DIRECTION('',(-1.,0.,0.));
#5226=DIRECTION('',(4.9372226813742E-17,-0.902951545843525,-0.429742371495746));
#5227=DIRECTION('',(-1.,-2.90160870356898E-17,-5.39209249715908E-17));
#5228=DIRECTION('',(6.12323399573677E-17,-0.473868662472998,-0.880595531856738));
#5229=DIRECTION('',(-1.,-2.90160870356898E-17,-5.39209249715908E-17));
#5230=DIRECTION('',(5.25648283658216E-17,0.0448648303505151,-0.998993066541315));
#5231=DIRECTION('',(-1.,0.,0.));
#5232=DIRECTION('',(0.,0.,1.));
#5233=DIRECTION('',(-1.,0.,0.));
#5234=DIRECTION('',(0.,0.,1.));
#5235=DIRECTION('',(-1.,0.,0.));
#5236=DIRECTION('',(0.,0.,1.));
#5237=DIRECTION('',(1.,0.,0.));
#5238=DIRECTION('',(0.,0.,-1.));
#5239=DIRECTION('',(-1.,0.,0.));
#5240=DIRECTION('',(0.,0.,1.));
#5241=DIRECTION('',(0.,-0.699358511132513,0.714771063282863));
#5242=DIRECTION('',(0.,0.811707279608634,0.584064458968658));
#5243=DIRECTION('',(-1.,0.,0.));
#5244=DIRECTION('',(0.,0.,1.));
#5245=DIRECTION('',(-1.,0.,0.));
#5246=DIRECTION('',(0.,0.,1.));
#5247=DIRECTION('',(-1.,0.,0.));
#5248=DIRECTION('',(-1.,0.,0.));
#5249=DIRECTION('',(1.,0.,0.));
#5250=DIRECTION('',(0.,0.,-1.));
#5251=DIRECTION('',(-1.,0.,0.));
#5252=DIRECTION('',(0.,0.,1.));
#5253=DIRECTION('',(0.,0.714771063282863,0.699358511132513));
#5254=DIRECTION('',(0.,-0.699358511132513,0.714771063282863));
#5255=DIRECTION('',(-1.,0.,0.));
#5256=DIRECTION('',(3.76226828022001E-17,0.699358511132513,-0.714771063282863));
#5257=DIRECTION('',(-1.,0.,0.));
#5258=DIRECTION('',(0.,0.719614234160479,-0.694374073532147));
#5259=DIRECTION('',(0.,0.694374073532147,0.719614234160479));
#5260=DIRECTION('',(-1.,0.,0.));
#5261=DIRECTION('',(0.,0.694374073532147,0.719614234160479));
#5262=DIRECTION('',(-1.,0.,0.));
#5263=DIRECTION('',(4.9372226813742E-17,-0.694374073532147,-0.719614234160479));
#5264=DIRECTION('',(-1.,-8.21941696613437E-18,-6.06781726932467E-17));
#5265=DIRECTION('',(6.12323399573677E-17,-0.134233265817655,-0.990949761767935));
#5266=DIRECTION('',(-1.,-8.21941696613437E-18,-6.06781726932467E-17));
#5267=DIRECTION('',(5.25648283658216E-17,0.393025031653924,-0.919527772551451));
#5268=DIRECTION('',(-1.,0.,0.));
#5269=DIRECTION('',(0.,0.,1.));
#5270=DIRECTION('',(-1.,0.,0.));
#5271=DIRECTION('',(0.,0.,1.));
#5272=DIRECTION('',(-1.,0.,0.));
#5273=DIRECTION('',(0.,0.,1.));
#5274=DIRECTION('',(1.,0.,0.));
#5275=DIRECTION('',(0.,0.,-1.));
#5276=DIRECTION('',(-1.,0.,0.));
#5277=DIRECTION('',(0.,0.,1.));
#5278=DIRECTION('',(0.,-0.905916381820398,0.423456620150682));
#5279=DIRECTION('',(0.,0.554723113399446,0.832035015765818));
#5280=DIRECTION('',(-1.,0.,0.));
#5281=DIRECTION('',(0.,0.,1.));
#5282=DIRECTION('',(-1.,0.,0.));
#5283=DIRECTION('',(0.,0.,1.));
#5284=DIRECTION('',(-1.,0.,0.));
#5285=DIRECTION('',(-1.,0.,0.));
#5286=DIRECTION('',(1.,0.,0.));
#5287=DIRECTION('',(0.,0.,-1.));
#5288=DIRECTION('',(-1.,0.,0.));
#5289=DIRECTION('',(0.,0.,1.));
#5290=DIRECTION('',(0.,0.423456620150682,0.905916381820398));
#5291=DIRECTION('',(0.,-0.905916381820398,0.423456620150682));
#5292=DIRECTION('',(-1.,0.,0.));
#5293=DIRECTION('',(3.76226828022001E-17,0.905916381820398,-0.423456620150682));
#5294=DIRECTION('',(-1.,0.,0.));
#5295=DIRECTION('',(0.,0.917713507363753,-0.397242895974388));
#5296=DIRECTION('',(0.,0.397242895974388,0.917713507363753));
#5297=DIRECTION('',(-1.,0.,0.));
#5298=DIRECTION('',(0.,0.397242895974388,0.917713507363753));
#5299=DIRECTION('',(-1.,0.,0.));
#5300=DIRECTION('',(4.9372226813742E-17,-0.397242895974388,-0.917713507363753));
#5301=DIRECTION('',(-1.,1.3625477475644E-17,-5.96971173526441E-17));
#5302=DIRECTION('',(6.12323399573677E-17,0.222520933956315,-0.974927912181824));
#5303=DIRECTION('',(-1.,1.3625477475644E-17,-5.96971173526441E-17));
#5304=DIRECTION('',(5.25648283658216E-17,0.691062648986865,-0.722794863827391));
#5305=DIRECTION('',(-1.,0.,0.));
#5306=DIRECTION('',(0.,0.,1.));
#5307=DIRECTION('',(-1.,0.,0.));
#5308=DIRECTION('',(0.,0.,1.));
#5309=DIRECTION('',(-1.,0.,0.));
#5310=DIRECTION('',(0.,0.,1.));
#5311=DIRECTION('',(1.,0.,0.));
#5312=DIRECTION('',(0.,0.,-1.));
#5313=DIRECTION('',(-1.,0.,0.));
#5314=DIRECTION('',(0.,0.,1.));
#5315=DIRECTION('',(0.,-0.996942501955565,0.0781386446937651));
#5316=DIRECTION('',(0.,0.226994965020171,0.973895931737828));
#5317=DIRECTION('',(-1.,0.,0.));
#5318=DIRECTION('',(0.,0.,1.));
#5319=DIRECTION('',(-1.,0.,0.));
#5320=DIRECTION('',(0.,0.,1.));
#5321=DIRECTION('',(-1.,0.,0.));
#5322=DIRECTION('',(-1.,0.,0.));
#5323=DIRECTION('',(1.,0.,0.));
#5324=DIRECTION('',(0.,0.,-1.));
#5325=DIRECTION('',(-1.,0.,0.));
#5326=DIRECTION('',(0.,0.,1.));
#5327=DIRECTION('',(0.,0.0781386446937651,0.996942501955565));
#5328=DIRECTION('',(0.,-0.996942501955565,0.0781386446937651));
#5329=DIRECTION('',(-1.,0.,0.));
#5330=DIRECTION('',(3.76226828022001E-17,0.996942501955565,-0.0781386446937651));
#5331=DIRECTION('',(-1.,0.,0.));
#5332=DIRECTION('',(0.,0.998776539541607,-0.0494512291181253));
#5333=DIRECTION('',(0.,0.0494512291181253,0.998776539541607));
#5334=DIRECTION('',(-1.,0.,0.));
#5335=DIRECTION('',(0.,0.0494512291181253,0.998776539541607));
#5336=DIRECTION('',(-1.,0.,0.));
#5337=DIRECTION('',(4.9372226813742E-17,-0.0494512291181253,-0.998776539541607));
#5338=DIRECTION('',(-1.,3.37327112497628E-17,-5.11028731911893E-17));
#5339=DIRECTION('',(6.12323399573677E-17,0.550896981452103,-0.834573253721303));
#5340=DIRECTION('',(-1.,3.37327112497628E-17,-5.11028731911893E-17));
#5341=DIRECTION('',(5.25648283658216E-17,0.900968867902419,-0.433883739117558));
#5342=DIRECTION('',(-1.,0.,0.));
#5343=DIRECTION('',(0.,0.,1.));
#5344=DIRECTION('',(-1.,0.,0.));
#5345=DIRECTION('',(0.,0.,1.));
#5346=DIRECTION('',(-1.,0.,0.));
#5347=DIRECTION('',(0.,0.,1.));
#5348=DIRECTION('',(1.,0.,0.));
#5349=DIRECTION('',(0.,0.,-1.));
#5350=DIRECTION('',(-1.,0.,0.));
#5351=DIRECTION('',(0.,0.,1.));
#5352=DIRECTION('',(0.,-0.960828286886851,-0.277144372337019));
#5353=DIRECTION('',(0.,-0.129681909976383,0.991555647568444));
#5354=DIRECTION('',(-1.,0.,0.));
#5355=DIRECTION('',(0.,0.,1.));
#5356=DIRECTION('',(-1.,0.,0.));
#5357=DIRECTION('',(0.,0.,1.));
#5358=DIRECTION('',(-1.,0.,0.));
#5359=DIRECTION('',(-1.,0.,0.));
#5360=DIRECTION('',(1.,0.,0.));
#5361=DIRECTION('',(0.,0.,-1.));
#5362=DIRECTION('',(-1.,0.,0.));
#5363=DIRECTION('',(0.,0.,1.));
#5364=DIRECTION('',(0.,-0.277144372337019,0.960828286886851));
#5365=DIRECTION('',(0.,-0.960828286886851,-0.277144372337019));
#5366=DIRECTION('',(-1.,0.,0.));
#5367=DIRECTION('',(3.76226828022001E-17,0.960828286886851,0.277144372337019));
#5368=DIRECTION('',(-1.,0.,0.));
#5369=DIRECTION('',(0.,0.952465341227728,0.30464696578162));
#5370=DIRECTION('',(0.,-0.30464696578162,0.952465341227728));
#5371=DIRECTION('',(-1.,0.,0.));
#5372=DIRECTION('',(0.,-0.30464696578162,0.952465341227728));
#5373=DIRECTION('',(-1.,0.,0.));
#5374=DIRECTION('',(4.9372226813742E-17,0.30464696578162,-0.952465341227728));
#5375=DIRECTION('',(-1.,4.95380036308546E-17,-3.59914663902998E-17));
#5376=DIRECTION('',(6.12323399573677E-17,0.809016994374948,-0.587785252292473));
#5377=DIRECTION('',(-1.,4.95380036308546E-17,-3.59914663902998E-17));
#5378=DIRECTION('',(5.25648283658216E-17,0.995974293995239,-0.0896393089034334));
#5379=DIRECTION('',(-1.,0.,0.));
#5380=DIRECTION('',(0.,0.,1.));
#5381=DIRECTION('',(-1.,0.,0.));
#5382=DIRECTION('',(0.,0.,1.));
#5383=DIRECTION('',(-1.,0.,0.));
#5384=DIRECTION('',(0.,0.,1.));
#5385=DIRECTION('',(1.,0.,0.));
#5386=DIRECTION('',(0.,0.,-1.));
#5387=DIRECTION('',(-1.,0.,0.));
#5388=DIRECTION('',(0.,0.,1.));
#5389=DIRECTION('',(0.,-0.802179391805457,-0.597083095860725));
#5390=DIRECTION('',(0.,-0.469820417442277,0.882762015128859));
#5391=DIRECTION('',(-1.,0.,0.));
#5392=DIRECTION('',(0.,0.,1.));
#5393=DIRECTION('',(-1.,0.,0.));
#5394=DIRECTION('',(0.,0.,1.));
#5395=DIRECTION('',(-1.,0.,0.));
#5396=DIRECTION('',(-1.,0.,0.));
#5397=DIRECTION('',(1.,0.,0.));
#5398=DIRECTION('',(0.,0.,-1.));
#5399=DIRECTION('',(-1.,0.,0.));
#5400=DIRECTION('',(0.,0.,1.));
#5401=DIRECTION('',(0.,-0.597083095860725,0.802179391805457));
#5402=DIRECTION('',(0.,-0.802179391805457,-0.597083095860725));
#5403=DIRECTION('',(-1.,0.,0.));
#5404=DIRECTION('',(3.76226828022001E-17,0.802179391805457,0.597083095860725));
#5405=DIRECTION('',(-1.,0.,0.));
#5406=DIRECTION('',(0.,0.784685991524743,0.619893454316813));
#5407=DIRECTION('',(0.,-0.619893454316813,0.784685991524743));
#5408=DIRECTION('',(-1.,0.,0.));
#5409=DIRECTION('',(0.,-0.619893454316813,0.784685991524743));
#5410=DIRECTION('',(-1.,0.,0.));
#5411=DIRECTION('',(4.9372226813742E-17,0.619893454316813,-0.784685991524743));
#5412=DIRECTION('',(-1.,5.90257015924051E-17,-1.62900585689244E-17));
#5413=DIRECTION('',(6.12323399573677E-17,0.963962860695853,-0.266036845566675));
#5414=DIRECTION('',(-1.,5.90257015924051E-17,-1.62900585689244E-17));
#5415=DIRECTION('',(5.25648283658216E-17,0.963962860695853,0.266036845566675));
#5416=DIRECTION('',(-1.,0.,0.));
#5417=DIRECTION('',(0.,0.,1.));
#5418=DIRECTION('',(-1.,0.,0.));
#5419=DIRECTION('',(0.,0.,1.));
#5420=DIRECTION('',(-1.,0.,0.));
#5421=DIRECTION('',(0.,0.,1.));
#5422=DIRECTION('',(1.,0.,0.));
#5423=DIRECTION('',(0.,0.,-1.));
#5424=DIRECTION('',(-1.,0.,0.));
#5425=DIRECTION('',(0.,0.,1.));
#5426=DIRECTION('',(0.,-0.541228351346839,-0.84087565769166));
#5427=DIRECTION('',(0.,-0.750042605519572,0.661389514511238));
#5428=DIRECTION('',(-1.,0.,0.));
#5429=DIRECTION('',(0.,0.,1.));
#5430=DIRECTION('',(-1.,0.,0.));
#5431=DIRECTION('',(0.,0.,1.));
#5432=DIRECTION('',(-1.,0.,0.));
#5433=DIRECTION('',(-1.,0.,0.));
#5434=DIRECTION('',(1.,0.,0.));
#5435=DIRECTION('',(0.,0.,-1.));
#5436=DIRECTION('',(-1.,0.,0.));
#5437=DIRECTION('',(0.,0.,1.));
#5438=DIRECTION('',(0.,-0.84087565769166,0.541228351346839));
#5439=DIRECTION('',(0.,-0.541228351346839,-0.84087565769166));
#5440=DIRECTION('',(-1.,0.,0.));
#5441=DIRECTION('',(3.76226828022001E-17,0.541228351346839,0.84087565769166));
#5442=DIRECTION('',(-1.,0.,0.));
#5443=DIRECTION('',(0.,0.516835434308236,0.856084770243822));
#5444=DIRECTION('',(0.,-0.856084770243822,0.516835434308236));
#5445=DIRECTION('',(-1.,0.,0.));
#5446=DIRECTION('',(0.,-0.856084770243822,0.516835434308236));
#5447=DIRECTION('',(-1.,0.,0.));
#5448=DIRECTION('',(4.9372226813742E-17,0.856084770243822,-0.516835434308236));
#5449=DIRECTION('',(-1.,6.09858365587157E-17,5.48882463631853E-18));
#5450=DIRECTION('',(6.12323399573677E-17,0.995974293995239,0.0896393089034336));
#5451=DIRECTION('',(-1.,6.09858365587157E-17,5.48882463631853E-18));
#5452=DIRECTION('',(5.25648283658216E-17,0.809016994374947,0.587785252292473));
#5453=DIRECTION('',(-1.,0.,0.));
#5454=DIRECTION('',(0.,0.,1.));
#5455=DIRECTION('',(-1.,0.,0.));
#5456=DIRECTION('',(0.,0.,1.));
#5457=DIRECTION('',(-1.,0.,0.));
#5458=DIRECTION('',(0.,0.,1.));
#5459=DIRECTION('',(1.,0.,0.));
#5460=DIRECTION('',(0.,0.,-1.));
#5461=DIRECTION('',(-1.,0.,0.));
#5462=DIRECTION('',(0.,0.,1.));
#5463=DIRECTION('',(0.,-0.211254319214076,-0.977431129345387));
#5464=DIRECTION('',(0.,-0.934611666063539,0.355669837992956));
#5465=DIRECTION('',(-1.,0.,0.));
#5466=DIRECTION('',(0.,0.,1.));
#5467=DIRECTION('',(-1.,0.,0.));
#5468=DIRECTION('',(0.,0.,1.));
#5469=DIRECTION('',(-1.,0.,0.));
#5470=DIRECTION('',(-1.,0.,0.));
#5471=DIRECTION('',(1.,0.,0.));
#5472=DIRECTION('',(0.,0.,-1.));
#5473=DIRECTION('',(-1.,0.,0.));
#5474=DIRECTION('',(0.,0.,1.));
#5475=DIRECTION('',(0.,-0.977431129345386,0.211254319214076));
#5476=DIRECTION('',(0.,-0.211254319214076,-0.977431129345386));
#5477=DIRECTION('',(-1.,0.,0.));
#5478=DIRECTION('',(3.76226828022001E-17,0.211254319214076,0.977431129345386));
#5479=DIRECTION('',(-1.,0.,0.));
#5480=DIRECTION('',(0.,0.183072720438464,0.983099373934935));
#5481=DIRECTION('',(0.,-0.983099373934935,0.183072720438464));
#5482=DIRECTION('',(-1.,0.,0.));
#5483=DIRECTION('',(0.,-0.983099373934935,0.183072720438464));
#5484=DIRECTION('',(-1.,0.,0.));
#5485=DIRECTION('',(4.9372226813742E-17,0.983099373934935,-0.183072720438464));
#5486=DIRECTION('',(-1.,5.51684320104056E-17,2.65677166156202E-17));
#5487=DIRECTION('',(6.12323399573677E-17,0.900968867902419,0.433883739117558));
#5488=DIRECTION('',(-1.,5.51684320104056E-17,2.65677166156202E-17));
#5489=DIRECTION('',(5.25648283658216E-17,0.550896981452102,0.834573253721303));
#5490=DIRECTION('',(-1.,0.,0.));
#5491=DIRECTION('',(0.,0.,1.));
#5492=DIRECTION('',(-1.,0.,0.));
#5493=DIRECTION('',(0.,0.,1.));
#5494=DIRECTION('',(-1.,0.,0.));
#5495=DIRECTION('',(0.,0.,1.));
#5496=DIRECTION('',(1.,0.,0.));
#5497=DIRECTION('',(0.,0.,-1.));
#5498=DIRECTION('',(-1.,0.,0.));
#5499=DIRECTION('',(0.,0.,1.));
#5500=DIRECTION('',(0.,0.145661030903887,-0.9893345561922));
#5501=DIRECTION('',(0.,-0.999989459031202,0.00459149501634454));
#5502=DIRECTION('',(-1.,0.,0.));
#5503=DIRECTION('',(0.,0.,1.));
#5504=DIRECTION('',(-1.,0.,0.));
#5505=DIRECTION('',(0.,0.,1.));
#5506=DIRECTION('',(-1.,0.,0.));
#5507=DIRECTION('',(-1.,0.,0.));
#5508=DIRECTION('',(1.,0.,0.));
#5509=DIRECTION('',(0.,0.,-1.));
#5510=DIRECTION('',(-1.,0.,0.));
#5511=DIRECTION('',(0.,0.,1.));
#5512=DIRECTION('',(0.,-0.9893345561922,-0.145661030903887));
#5513=DIRECTION('',(0.,0.145661030903887,-0.9893345561922));
#5514=DIRECTION('',(-1.,0.,0.));
#5515=DIRECTION('',(3.76226828022001E-17,-0.145661030903887,0.9893345561922));
#5516=DIRECTION('',(-1.,0.,0.));
#5517=DIRECTION('',(0.,-0.174037304833495,0.984739060120138));
#5518=DIRECTION('',(0.,-0.984739060120138,-0.174037304833495));
#5519=DIRECTION('',(-1.,0.,0.));
#5520=DIRECTION('',(0.,-0.984739060120138,-0.174037304833495));
#5521=DIRECTION('',(-1.,0.,0.));
#5522=DIRECTION('',(4.9372226813742E-17,0.984739060120138,0.174037304833495));
#5523=DIRECTION('',(-1.,4.23153830546027E-17,4.42584208213181E-17));
#5524=DIRECTION('',(6.12323399573677E-17,0.691062648986865,0.722794863827392));
#5525=DIRECTION('',(-1.,4.23153830546027E-17,4.42584208213181E-17));
#5526=DIRECTION('',(5.25648283658216E-17,0.222520933956314,0.974927912181824));
#5527=DIRECTION('',(-1.,0.,0.));
#5528=DIRECTION('',(0.,0.,1.));
#5529=DIRECTION('',(-1.,0.,0.));
#5530=DIRECTION('',(0.,0.,1.));
#5531=DIRECTION('',(-1.,0.,0.));
#5532=DIRECTION('',(0.,0.,1.));
#5533=DIRECTION('',(1.,0.,0.));
#5534=DIRECTION('',(0.,0.,-1.));
#5535=DIRECTION('',(-1.,0.,0.));
#5536=DIRECTION('',(0.,0.,1.));
#5537=DIRECTION('',(0.,0.484000192065179,-0.875067891126666));
#5538=DIRECTION('',(0.,-0.937838337570816,-0.347072402507615));
#5539=DIRECTION('',(-1.,0.,0.));
#5540=DIRECTION('',(0.,0.,1.));
#5541=DIRECTION('',(-1.,0.,0.));
#5542=DIRECTION('',(0.,0.,1.));
#5543=DIRECTION('',(-1.,0.,0.));
#5544=DIRECTION('',(-1.,0.,0.));
#5545=DIRECTION('',(1.,0.,0.));
#5546=DIRECTION('',(0.,0.,-1.));
#5547=DIRECTION('',(-1.,0.,0.));
#5548=DIRECTION('',(0.,0.,1.));
#5549=DIRECTION('',(0.,-0.875067891126665,-0.484000192065179));
#5550=DIRECTION('',(0.,0.484000192065179,-0.875067891126665));
#5551=DIRECTION('',(-1.,0.,0.));
#5552=DIRECTION('',(3.76226828022001E-17,-0.484000192065179,0.875067891126665));
#5553=DIRECTION('',(-1.,0.,0.));
#5554=DIRECTION('',(0.,-0.508952307593016,0.860794719196014));
#5555=DIRECTION('',(0.,-0.860794719196014,-0.508952307593016));
#5556=DIRECTION('',(-1.,0.,0.));
#5557=DIRECTION('',(0.,-0.860794719196014,-0.508952307593016));
#5558=DIRECTION('',(-1.,0.,0.));
#5559=DIRECTION('',(4.9372226813742E-17,0.860794719196014,0.508952307593016));
#5560=DIRECTION('',(-1.,2.40658423499882E-17,5.63048371691115E-17));
#5561=DIRECTION('',(6.12323399573677E-17,0.393025031653924,0.919527772551451));
#5562=DIRECTION('',(-1.,2.40658423499882E-17,5.63048371691115E-17));
#5563=DIRECTION('',(5.25648283658216E-17,-0.134233265817656,0.990949761767935));
#5564=DIRECTION('',(-1.,0.,0.));
#5565=DIRECTION('',(0.,0.,1.));
#5566=DIRECTION('',(-1.,0.,0.));
#5567=DIRECTION('',(0.,0.,1.));
#5568=DIRECTION('',(-1.,0.,0.));
#5569=DIRECTION('',(0.,0.,1.));
#5570=DIRECTION('',(1.,0.,0.));
#5571=DIRECTION('',(0.,0.,-1.));
#5572=DIRECTION('',(-1.,0.,0.));
#5573=DIRECTION('',(0.,0.,1.));
#5574=DIRECTION('',(0.,0.760614683511615,-0.649203591507723));
#5575=DIRECTION('',(0.,-0.756084450281997,-0.654474066745024));
#5576=DIRECTION('',(-1.,0.,0.));
#5577=DIRECTION('',(0.,0.,1.));
#5578=DIRECTION('',(-1.,0.,0.));
#5579=DIRECTION('',(0.,0.,1.));
#5580=DIRECTION('',(-1.,0.,0.));
#5581=DIRECTION('',(-1.,0.,0.));
#5582=DIRECTION('',(1.,0.,0.));
#5583=DIRECTION('',(0.,0.,-1.));
#5584=DIRECTION('',(-1.,0.,0.));
#5585=DIRECTION('',(0.,0.,1.));
#5586=DIRECTION('',(0.,-0.649203591507723,-0.760614683511614));
#5587=DIRECTION('',(0.,0.760614683511614,-0.649203591507723));
#5588=DIRECTION('',(-1.,0.,0.));
#5589=DIRECTION('',(3.76226828022001E-17,-0.760614683511614,0.649203591507723));
#5590=DIRECTION('',(-1.,0.,0.));
#5591=DIRECTION('',(0.,-0.778960490888791,0.627073005027559));
#5592=DIRECTION('',(0.,-0.627073005027559,-0.778960490888791));
#5593=DIRECTION('',(-1.,0.,0.));
#5594=DIRECTION('',(0.,-0.627073005027559,-0.778960490888791));
#5595=DIRECTION('',(-1.,0.,0.));
#5596=DIRECTION('',(4.9372226813742E-17,0.627073005027559,0.778960490888791));
#5597=DIRECTION('',(-1.,2.74717854415237E-18,6.1170683065511E-17));
#5598=DIRECTION('',(6.12323399573677E-17,0.0448648303505149,0.998993066541315));
#5599=DIRECTION('',(-1.,2.74717854415237E-18,6.1170683065511E-17));
#5600=DIRECTION('',(5.25648283658216E-17,-0.473868662472999,0.880595531856738));
#5601=DIRECTION('',(-1.,0.,0.));
#5602=DIRECTION('',(0.,0.,1.));
#5603=DIRECTION('',(-1.,0.,0.));
#5604=DIRECTION('',(0.,0.,1.));
#5605=DIRECTION('',(-1.,0.,0.));
#5606=DIRECTION('',(0.,0.,1.));
#5607=DIRECTION('',(1.,0.,0.));
#5608=DIRECTION('',(0.,0.,-1.));
#5609=DIRECTION('',(-1.,0.,0.));
#5610=DIRECTION('',(0.,0.,1.));
#5611=DIRECTION('',(0.,0.940227787583183,-0.340546189901506));
#5612=DIRECTION('',(0.,-0.477906917434148,-0.878410483924566));
#5613=DIRECTION('',(-1.,0.,0.));
#5614=DIRECTION('',(0.,0.,1.));
#5615=DIRECTION('',(-1.,0.,0.));
#5616=DIRECTION('',(0.,0.,1.));
#5617=DIRECTION('',(-1.,0.,0.));
#5618=DIRECTION('',(-1.,0.,0.));
#5619=DIRECTION('',(1.,0.,0.));
#5620=DIRECTION('',(0.,0.,-1.));
#5621=DIRECTION('',(-1.,0.,0.));
#5622=DIRECTION('',(0.,0.,1.));
#5623=DIRECTION('',(0.,-0.340546189901506,-0.940227787583183));
#5624=DIRECTION('',(0.,0.940227787583183,-0.340546189901506));
#5625=DIRECTION('',(-1.,0.,0.));
#5626=DIRECTION('',(3.76226828022001E-17,-0.940227787583183,0.340546189901506));
#5627=DIRECTION('',(-1.,0.,0.));
#5628=DIRECTION('',(0.,-0.949627641248451,0.313380508291283));
#5629=DIRECTION('',(0.,-0.313380508291283,-0.949627641248451));
#5630=DIRECTION('',(-1.,0.,0.));
#5631=DIRECTION('',(0.,-0.313380508291283,-0.949627641248451));
#5632=DIRECTION('',(-1.,0.,0.));
#5633=DIRECTION('',(4.9372226813742E-17,0.313380508291283,0.949627641248451));
#5634=DIRECTION('',(-1.,-1.89218336521708E-17,5.82354159244546E-17));
#5635=DIRECTION('',(6.12323399573677E-17,-0.309016994374948,0.951056516295154));
#5636=DIRECTION('',(-1.,-1.89218336521708E-17,5.82354159244546E-17));
#5637=DIRECTION('',(5.25648283658216E-17,-0.753071466003611,0.657938725939713));
#5638=DIRECTION('',(-1.,0.,0.));
#5639=DIRECTION('',(0.,0.,1.));
#5640=DIRECTION('',(-1.,0.,0.));
#5641=DIRECTION('',(0.,0.,1.));
#5642=DIRECTION('',(-1.,0.,0.));
#5643=DIRECTION('',(0.,0.,1.));
#5644=DIRECTION('',(1.,0.,0.));
#5645=DIRECTION('',(0.,0.,-1.));
#5646=DIRECTION('',(-1.,0.,0.));
#5647=DIRECTION('',(0.,0.,1.));
#5648=DIRECTION('',(0.,0.999933398648041,0.0115411554091391));
#5649=DIRECTION('',(0.,-0.138781791761594,-0.990322984826386));
#5650=DIRECTION('',(-1.,0.,0.));
#5651=DIRECTION('',(0.,0.,1.));
#5652=DIRECTION('',(-1.,0.,0.));
#5653=DIRECTION('',(0.,0.,1.));
#5654=DIRECTION('',(-1.,0.,0.));
#5655=DIRECTION('',(-1.,0.,0.));
#5656=DIRECTION('',(1.,0.,0.));
#5657=DIRECTION('',(0.,0.,-1.));
#5658=DIRECTION('',(-1.,0.,0.));
#5659=DIRECTION('',(0.,0.,1.));
#5660=DIRECTION('',(0.,0.0115411554091391,-0.999933398648041));
#5661=DIRECTION('',(0.,0.999933398648041,0.0115411554091391));
#5662=DIRECTION('',(-1.,0.,0.));
#5663=DIRECTION('',(3.76226828022001E-17,-0.999933398648041,-0.0115411554091391));
#5664=DIRECTION('',(-1.,0.,0.));
#5665=DIRECTION('',(0.,-0.999188532831534,-0.0402774857453507));
#5666=DIRECTION('',(0.,0.0402774857453507,-0.999188532831534));
#5667=DIRECTION('',(-1.,0.,0.));
#5668=DIRECTION('',(0.,0.0402774857453507,-0.999188532831534));
#5669=DIRECTION('',(-1.,0.,0.));
#5670=DIRECTION('',(4.9372226813742E-17,-0.0402774857453507,0.999188532831534));
#5671=DIRECTION('',(-1.,-3.81777395073658E-17,4.78733711238551E-17));
#5672=DIRECTION('',(6.12323399573677E-17,-0.623489801858733,0.78183148246803));
#5673=DIRECTION('',(-1.,-3.81777395073658E-17,4.78733711238551E-17));
#5674=DIRECTION('',(5.25648283658216E-17,-0.936234870639737,0.351374824081343));
#5675=DIRECTION('',(0.,0.362156654184523,-0.93211724468002));
#5676=DIRECTION('',(0.,0.93211724468002,0.362156654184523));
#5677=DIRECTION('',(-1.,0.,0.));
#5678=DIRECTION('',(3.76226828022001E-17,-0.93211724468002,-0.362156654184523));
#5679=DIRECTION('',(-1.,0.,0.));
#5680=DIRECTION('',(0.,0.93211724468002,0.362156654184523));
#5681=DIRECTION('',(-1.,0.,0.));
#5682=DIRECTION('',(0.,-0.921322652312029,-0.388798881604267));
#5683=DIRECTION('',(0.,0.388798881604267,-0.921322652312029));
#5684=DIRECTION('',(-1.,0.,0.));
#5685=DIRECTION('',(0.,0.388798881604267,-0.921322652312029));
#5686=DIRECTION('',(-1.,0.,0.));
#5687=DIRECTION('',(4.9372226813742E-17,-0.388798881604267,0.921322652312029));
#5688=DIRECTION('',(-1.,-5.25648283658216E-17,3.14060229180067E-17));
#5689=DIRECTION('',(6.12323399573677E-17,-0.858448793601866,0.512899277405906));
#5690=DIRECTION('',(-1.,-5.25648283658216E-17,3.14060229180067E-17));
#5691=DIRECTION('',(5.25648283658216E-17,-1.,0.));
#5692=DIRECTION('',(-1.,0.,0.));
#5693=DIRECTION('',(0.,0.,1.));
#5694=DIRECTION('',(-1.,0.,0.));
#5695=DIRECTION('',(0.,0.,1.));
#5696=DIRECTION('',(-1.,0.,0.));
#5697=DIRECTION('',(0.,0.,1.));
#5698=DIRECTION('',(1.,0.,0.));
#5699=DIRECTION('',(0.,0.,-1.));
#5700=DIRECTION('',(-1.,0.,0.));
#5701=DIRECTION('',(0.,0.,1.));
#5702=DIRECTION('',(-1.,0.,0.));
#5703=DIRECTION('',(0.,0.,1.));
#5704=DIRECTION('',(-1.,0.,0.));
#5705=DIRECTION('',(0.,0.,1.));
#5706=DIRECTION('',(-1.,0.,0.));
#5707=DIRECTION('',(0.,0.,1.));
#5708=DIRECTION('',(-1.,0.,0.));
#5709=DIRECTION('',(0.,0.,1.));
#5710=DIRECTION('',(-1.,0.,0.));
#5711=DIRECTION('',(0.,0.,1.));
#5712=DIRECTION('',(-1.,0.,0.));
#5713=DIRECTION('',(0.,0.,1.));
#5714=DIRECTION('',(-1.,0.,0.));
#5715=DIRECTION('',(0.,0.,1.));
#5716=DIRECTION('',(-1.,0.,0.));
#5717=DIRECTION('',(0.,0.,1.));
#5718=DIRECTION('',(-1.,0.,0.));
#5719=DIRECTION('',(0.,0.,1.));
#5720=DIRECTION('',(-1.,0.,0.));
#5721=DIRECTION('',(0.,0.,1.));
#5722=DIRECTION('',(-1.,0.,0.));
#5723=DIRECTION('',(0.,0.,1.));
#5724=DIRECTION('',(-1.,0.,0.));
#5725=DIRECTION('',(0.,0.,1.));
#5726=DIRECTION('',(1.,0.,0.));
#5727=DIRECTION('',(0.,0.,-1.));
#5728=DIRECTION('',(1.,0.,0.));
#5729=DIRECTION('',(0.,0.,-1.));
#5730=DIRECTION('',(1.,0.,0.));
#5731=DIRECTION('',(0.,0.,-1.));
#5732=DIRECTION('',(-1.,0.,0.));
#5733=DIRECTION('',(0.,0.,1.));
#5734=DIRECTION('',(1.,0.,0.));
#5735=DIRECTION('',(0.,0.,-1.));
#5736=DIRECTION('',(1.,0.,0.));
#5737=DIRECTION('',(0.,0.,-1.));
#5738=DIRECTION('',(-1.,0.,0.));
#5739=DIRECTION('',(0.,0.,1.));
#5740=DIRECTION('',(-1.,0.,0.));
#5741=DIRECTION('',(0.,0.,1.));
#5742=DIRECTION('',(-1.,0.,0.));
#5743=DIRECTION('',(0.,0.,1.));
#5744=DIRECTION('',(-1.,0.,0.));
#5745=DIRECTION('',(0.,0.,1.));
#5746=DIRECTION('',(1.,0.,0.));
#5747=DIRECTION('',(0.,0.,-1.));
#5748=DIRECTION('',(-1.,0.,0.));
#5749=DIRECTION('',(0.,0.,1.));
#5750=DIRECTION('',(-1.,0.,0.));
#5751=DIRECTION('',(0.,0.,1.));
#5752=DIRECTION('',(-1.,0.,0.));
#5753=DIRECTION('',(0.,0.,1.));
#5754=DIRECTION('',(-1.,0.,0.));
#5755=DIRECTION('',(0.,0.,1.));
#5756=DIRECTION('',(-1.,0.,0.));
#5757=DIRECTION('',(0.,0.,1.));
#5758=DIRECTION('',(1.,0.,0.));
#5759=DIRECTION('',(0.,0.,-1.));
#5760=DIRECTION('',(-1.,0.,0.));
#5761=DIRECTION('',(0.,0.,1.));
#5762=DIRECTION('',(0.,0.981803304685552,0.189900686961708));
#5763=DIRECTION('',(-1.,0.,0.));
#5764=DIRECTION('',(0.,0.,1.));
#5765=DIRECTION('',(-1.,0.,0.));
#5766=DIRECTION('',(0.,0.,1.));
#5767=DIRECTION('',(-1.,0.,0.));
#5768=DIRECTION('',(0.,0.,1.));
#5769=DIRECTION('',(-1.,0.,0.));
#5770=DIRECTION('',(1.,0.,0.));
#5771=DIRECTION('',(0.,0.,-1.));
#5772=DIRECTION('',(-1.,0.,0.));
#5773=DIRECTION('',(0.,0.,1.));
#5774=DIRECTION('',(0.,0.985924810430041,-0.167189318374375));
#5775=DIRECTION('',(-1.,0.,0.));
#5776=DIRECTION('',(0.,0.,1.));
#5777=DIRECTION('',(-1.,0.,0.));
#5778=DIRECTION('',(0.,0.,1.));
#5779=DIRECTION('',(-1.,0.,0.));
#5780=DIRECTION('',(0.,0.,1.));
#5781=DIRECTION('',(-1.,0.,0.));
#5782=DIRECTION('',(1.,0.,0.));
#5783=DIRECTION('',(0.,0.,-1.));
#5784=DIRECTION('',(-1.,0.,0.));
#5785=DIRECTION('',(0.,0.,1.));
#5786=DIRECTION('',(0.,0.864311070021401,-0.502957626682865));
#5787=DIRECTION('',(-1.,0.,0.));
#5788=DIRECTION('',(0.,0.,1.));
#5789=DIRECTION('',(-1.,0.,0.));
#5790=DIRECTION('',(0.,0.,1.));
#5791=DIRECTION('',(-1.,0.,0.));
#5792=DIRECTION('',(0.,0.,1.));
#5793=DIRECTION('',(-1.,0.,0.));
#5794=DIRECTION('',(1.,0.,0.));
#5795=DIRECTION('',(0.,0.,-1.));
#5796=DIRECTION('',(-1.,0.,0.));
#5797=DIRECTION('',(0.,0.,1.));
#5798=DIRECTION('',(0.,0.632471515237918,-0.774583618735028));
#5799=DIRECTION('',(-1.,0.,0.));
#5800=DIRECTION('',(0.,0.,1.));
#5801=DIRECTION('',(-1.,0.,0.));
#5802=DIRECTION('',(0.,0.,1.));
#5803=DIRECTION('',(-1.,0.,0.));
#5804=DIRECTION('',(0.,0.,1.));
#5805=DIRECTION('',(-1.,0.,0.));
#5806=DIRECTION('',(1.,0.,0.));
#5807=DIRECTION('',(0.,0.,-1.));
#5808=DIRECTION('',(-1.,0.,0.));
#5809=DIRECTION('',(0.,0.,1.));
#5810=DIRECTION('',(0.,0.319972704482781,-0.947426761489233));
#5811=DIRECTION('',(-1.,0.,0.));
#5812=DIRECTION('',(0.,0.,1.));
#5813=DIRECTION('',(-1.,0.,0.));
#5814=DIRECTION('',(0.,0.,1.));
#5815=DIRECTION('',(-1.,0.,0.));
#5816=DIRECTION('',(0.,0.,1.));
#5817=DIRECTION('',(-1.,0.,0.));
#5818=DIRECTION('',(1.,0.,0.));
#5819=DIRECTION('',(0.,0.,-1.));
#5820=DIRECTION('',(-1.,0.,0.));
#5821=DIRECTION('',(0.,0.,1.));
#5822=DIRECTION('',(0.,-0.0333323080585524,-0.999444324231965));
#5823=DIRECTION('',(-1.,0.,0.));
#5824=DIRECTION('',(0.,0.,1.));
#5825=DIRECTION('',(-1.,0.,0.));
#5826=DIRECTION('',(0.,0.,1.));
#5827=DIRECTION('',(-1.,0.,0.));
#5828=DIRECTION('',(0.,0.,1.));
#5829=DIRECTION('',(-1.,0.,0.));
#5830=DIRECTION('',(1.,0.,0.));
#5831=DIRECTION('',(0.,0.,-1.));
#5832=DIRECTION('',(-1.,0.,0.));
#5833=DIRECTION('',(0.,0.,1.));
#5834=DIRECTION('',(0.,-0.382386442729426,-0.924002493728635));
#5835=DIRECTION('',(-1.,0.,0.));
#5836=DIRECTION('',(0.,0.,1.));
#5837=DIRECTION('',(-1.,0.,0.));
#5838=DIRECTION('',(0.,0.,1.));
#5839=DIRECTION('',(-1.,0.,0.));
#5840=DIRECTION('',(0.,0.,1.));
#5841=DIRECTION('',(-1.,0.,0.));
#5842=DIRECTION('',(1.,0.,0.));
#5843=DIRECTION('',(0.,0.,-1.));
#5844=DIRECTION('',(-1.,0.,0.));
#5845=DIRECTION('',(0.,0.,1.));
#5846=DIRECTION('',(0.,-0.682674735427794,-0.73072238614168));
#5847=DIRECTION('',(-1.,0.,0.));
#5848=DIRECTION('',(0.,0.,1.));
#5849=DIRECTION('',(-1.,0.,0.));
#5850=DIRECTION('',(0.,0.,1.));
#5851=DIRECTION('',(-1.,0.,0.));
#5852=DIRECTION('',(0.,0.,1.));
#5853=DIRECTION('',(-1.,0.,0.));
#5854=DIRECTION('',(1.,0.,0.));
#5855=DIRECTION('',(0.,0.,-1.));
#5856=DIRECTION('',(-1.,0.,0.));
#5857=DIRECTION('',(0.,0.,1.));
#5858=DIRECTION('',(0.,-0.89590134249509,-0.444253063597198));
#5859=DIRECTION('',(-1.,0.,0.));
#5860=DIRECTION('',(0.,0.,1.));
#5861=DIRECTION('',(-1.,0.,0.));
#5862=DIRECTION('',(0.,0.,1.));
#5863=DIRECTION('',(-1.,0.,0.));
#5864=DIRECTION('',(0.,0.,1.));
#5865=DIRECTION('',(-1.,0.,0.));
#5866=DIRECTION('',(1.,0.,0.));
#5867=DIRECTION('',(0.,0.,-1.));
#5868=DIRECTION('',(-1.,0.,0.));
#5869=DIRECTION('',(0.,0.,1.));
#5870=DIRECTION('',(0.,-0.99487341956592,-0.101128032914779));
#5871=DIRECTION('',(-1.,0.,0.));
#5872=DIRECTION('',(0.,0.,1.));
#5873=DIRECTION('',(-1.,0.,0.));
#5874=DIRECTION('',(0.,0.,1.));
#5875=DIRECTION('',(-1.,0.,0.));
#5876=DIRECTION('',(0.,0.,1.));
#5877=DIRECTION('',(-1.,0.,0.));
#5878=DIRECTION('',(1.,0.,0.));
#5879=DIRECTION('',(0.,0.,-1.));
#5880=DIRECTION('',(-1.,0.,0.));
#5881=DIRECTION('',(0.,0.,1.));
#5882=DIRECTION('',(0.,-0.966969032045335,0.25489388196916));
#5883=DIRECTION('',(-1.,0.,0.));
#5884=DIRECTION('',(0.,0.,1.));
#5885=DIRECTION('',(-1.,0.,0.));
#5886=DIRECTION('',(0.,0.,1.));
#5887=DIRECTION('',(-1.,0.,0.));
#5888=DIRECTION('',(0.,0.,1.));
#5889=DIRECTION('',(-1.,0.,0.));
#5890=DIRECTION('',(1.,0.,0.));
#5891=DIRECTION('',(0.,0.,-1.));
#5892=DIRECTION('',(-1.,0.,0.));
#5893=DIRECTION('',(0.,0.,1.));
#5894=DIRECTION('',(0.,-0.815746833693272,0.578409114139293));
#5895=DIRECTION('',(-1.,0.,0.));
#5896=DIRECTION('',(0.,0.,1.));
#5897=DIRECTION('',(-1.,0.,0.));
#5898=DIRECTION('',(0.,0.,1.));
#5899=DIRECTION('',(-1.,0.,0.));
#5900=DIRECTION('',(0.,0.,1.));
#5901=DIRECTION('',(-1.,0.,0.));
#5902=DIRECTION('',(1.,0.,0.));
#5903=DIRECTION('',(0.,0.,-1.));
#5904=DIRECTION('',(-1.,0.,0.));
#5905=DIRECTION('',(0.,0.,1.));
#5906=DIRECTION('',(0.,-0.560492230589856,0.828159682336932));
#5907=DIRECTION('',(-1.,0.,0.));
#5908=DIRECTION('',(0.,0.,1.));
#5909=DIRECTION('',(-1.,0.,0.));
#5910=DIRECTION('',(0.,0.,1.));
#5911=DIRECTION('',(-1.,0.,0.));
#5912=DIRECTION('',(0.,0.,1.));
#5913=DIRECTION('',(-1.,0.,0.));
#5914=DIRECTION('',(1.,0.,0.));
#5915=DIRECTION('',(0.,0.,-1.));
#5916=DIRECTION('',(-1.,0.,0.));
#5917=DIRECTION('',(0.,0.,1.));
#5918=DIRECTION('',(0.,-0.233757908308472,0.972294831984233));
#5919=DIRECTION('',(-1.,0.,0.));
#5920=DIRECTION('',(0.,0.,1.));
#5921=DIRECTION('',(-1.,0.,0.));
#5922=DIRECTION('',(0.,0.,1.));
#5923=DIRECTION('',(-1.,0.,0.));
#5924=DIRECTION('',(0.,0.,1.));
#5925=DIRECTION('',(-1.,0.,0.));
#5926=DIRECTION('',(1.,0.,0.));
#5927=DIRECTION('',(0.,0.,-1.));
#5928=DIRECTION('',(-1.,0.,0.));
#5929=DIRECTION('',(0.,0.,1.));
#5930=DIRECTION('',(0.,0.122787620497461,0.992432970155955));
#5931=DIRECTION('',(-1.,0.,0.));
#5932=DIRECTION('',(0.,0.,1.));
#5933=DIRECTION('',(0.,0.962731192742832,-0.270460071951413));
#5934=DIRECTION('',(-1.,0.,0.));
#5935=DIRECTION('',(0.,0.,1.));
#5936=DIRECTION('',(-1.,0.,0.));
#5937=DIRECTION('',(0.,0.,1.));
#5938=DIRECTION('',(-1.,0.,0.));
#5939=DIRECTION('',(-1.,0.,0.));
#5940=DIRECTION('',(1.,0.,0.));
#5941=DIRECTION('',(0.,0.,-1.));
#5942=DIRECTION('',(-1.,0.,0.));
#5943=DIRECTION('',(0.,0.,1.));
#5944=DIRECTION('',(0.,0.298020122367907,0.954559587801525));
#5945=DIRECTION('',(-1.,0.,0.));
#5946=DIRECTION('',(0.,0.,1.));
#5947=DIRECTION('',(0.,0.898967195791863,-0.438015959629457));
#5948=DIRECTION('',(-1.,0.,0.));
#5949=DIRECTION('',(0.,0.,1.));
#5950=DIRECTION('',(-1.,0.,0.));
#5951=DIRECTION('',(0.,0.,1.));
#5952=DIRECTION('',(-1.,0.,0.));
#5953=DIRECTION('',(-1.,0.,0.));
#5954=DIRECTION('',(1.,0.,0.));
#5955=DIRECTION('',(0.,0.,-1.));
#5956=DIRECTION('',(-1.,0.,0.));
#5957=DIRECTION('',(0.,0.,1.));
#5958=DIRECTION('',(0.,0.463674012293675,0.886005874880909));
#5959=DIRECTION('',(-1.,0.,0.));
#5960=DIRECTION('',(0.,0.,1.));
#5961=DIRECTION('',(0.,0.80630965349547,-0.591493653964279));
#5962=DIRECTION('',(-1.,0.,0.));
#5963=DIRECTION('',(0.,0.,1.));
#5964=DIRECTION('',(-1.,0.,0.));
#5965=DIRECTION('',(0.,0.,1.));
#5966=DIRECTION('',(-1.,0.,0.));
#5967=DIRECTION('',(-1.,0.,0.));
#5968=DIRECTION('',(1.,0.,0.));
#5969=DIRECTION('',(0.,0.,-1.));
#5970=DIRECTION('',(-1.,0.,0.));
#5971=DIRECTION('',(0.,0.,1.));
#5972=DIRECTION('',(0.,0.614425037952076,0.788975204133558));
#5973=DIRECTION('',(-1.,0.,0.));
#5974=DIRECTION('',(0.,0.,1.));
#5975=DIRECTION('',(0.,0.687736655501941,-0.725960255578089));
#5976=DIRECTION('',(-1.,0.,0.));
#5977=DIRECTION('',(0.,0.,1.));
#5978=DIRECTION('',(-1.,0.,0.));
#5979=DIRECTION('',(0.,0.,1.));
#5980=DIRECTION('',(-1.,0.,0.));
#5981=DIRECTION('',(-1.,0.,0.));
#5982=DIRECTION('',(1.,0.,0.));
#5983=DIRECTION('',(0.,0.,-1.));
#5984=DIRECTION('',(-1.,0.,0.));
#5985=DIRECTION('',(0.,0.,1.));
#5986=DIRECTION('',(0.,0.745427937340092,0.666586221154395));
#5987=DIRECTION('',(-1.,0.,0.));
#5988=DIRECTION('',(0.,0.,1.));
#5989=DIRECTION('',(0.,0.547059235528974,-0.837093897255532));
#5990=DIRECTION('',(-1.,0.,0.));
#5991=DIRECTION('',(0.,0.,1.));
#5992=DIRECTION('',(-1.,0.,0.));
#5993=DIRECTION('',(0.,0.,1.));
#5994=DIRECTION('',(-1.,0.,0.));
#5995=DIRECTION('',(-1.,0.,0.));
#5996=DIRECTION('',(-1.,0.,0.));
#5997=DIRECTION('',(0.,0.,1.));
#5998=DIRECTION('',(-1.,0.,0.));
#5999=DIRECTION('',(0.,0.,1.));
#6000=DIRECTION('',(1.,0.,0.));
#6001=DIRECTION('',(0.,0.,-1.));
#6002=DIRECTION('',(-1.,0.,0.));
#6003=DIRECTION('',(0.,0.,1.));
#6004=DIRECTION('',(1.,0.,0.));
#6005=DIRECTION('',(0.,0.,-1.));
#6006=DIRECTION('',(-1.,0.,0.));
#6007=DIRECTION('',(0.,0.,1.));
#6008=DIRECTION('',(1.,0.,0.));
#6009=DIRECTION('',(0.,0.,-1.));
#6010=DIRECTION('',(-1.,0.,0.));
#6011=DIRECTION('',(0.,0.,1.));
#6012=DIRECTION('',(1.,0.,0.));
#6013=DIRECTION('',(0.,0.,-1.));
#6014=DIRECTION('',(-1.,0.,0.));
#6015=DIRECTION('',(0.,0.,1.));
#6016=DIRECTION('',(1.,0.,0.));
#6017=DIRECTION('',(0.,0.,-1.));
#6018=DIRECTION('',(-1.,0.,0.));
#6019=DIRECTION('',(0.,0.,1.));
#6020=DIRECTION('',(1.,0.,0.));
#6021=DIRECTION('',(0.,0.,-1.));
#6022=DIRECTION('',(-1.,0.,0.));
#6023=DIRECTION('',(0.,0.,1.));
#6024=DIRECTION('',(1.,0.,0.));
#6025=DIRECTION('',(0.,0.,-1.));
#6026=DIRECTION('',(-1.,0.,0.));
#6027=DIRECTION('',(0.,0.,1.));
#6028=DIRECTION('',(1.,0.,0.));
#6029=DIRECTION('',(0.,0.,-1.));
#6030=DIRECTION('',(-1.,0.,0.));
#6031=DIRECTION('',(0.,0.,1.));
#6032=DIRECTION('',(1.,0.,0.));
#6033=DIRECTION('',(0.,0.,-1.));
#6034=DIRECTION('',(-1.,0.,0.));
#6035=DIRECTION('',(0.,0.,1.));
#6036=DIRECTION('',(1.,0.,0.));
#6037=DIRECTION('',(0.,0.,-1.));
#6038=DIRECTION('',(-1.,0.,0.));
#6039=DIRECTION('',(0.,0.,1.));
#6040=DIRECTION('',(1.,0.,0.));
#6041=DIRECTION('',(0.,0.,-1.));
#6042=DIRECTION('',(-1.,0.,0.));
#6043=DIRECTION('',(0.,0.,1.));
#6044=DIRECTION('',(1.,0.,0.));
#6045=DIRECTION('',(0.,0.,-1.));
#6046=DIRECTION('',(-1.,0.,0.));
#6047=DIRECTION('',(0.,0.,1.));
#6048=DIRECTION('',(1.,0.,0.));
#6049=DIRECTION('',(0.,0.,-1.));
#6050=DIRECTION('',(-1.,0.,0.));
#6051=DIRECTION('',(0.,0.,1.));
#6052=DIRECTION('',(1.,0.,0.));
#6053=DIRECTION('',(0.,0.,-1.));
#6054=DIRECTION('',(-1.,0.,0.));
#6055=DIRECTION('',(0.,0.,1.));
#6056=DIRECTION('',(1.,0.,0.));
#6057=DIRECTION('',(0.,0.,-1.));
#6058=DIRECTION('',(-1.,0.,0.));
#6059=DIRECTION('',(0.,0.,1.));
#6060=DIRECTION('',(1.,0.,0.));
#6061=DIRECTION('',(0.,0.,-1.));
#6062=DIRECTION('',(-1.,0.,0.));
#6063=DIRECTION('',(0.,0.,1.));
#6064=DIRECTION('',(1.,0.,0.));
#6065=DIRECTION('',(0.,0.,-1.));
#6066=DIRECTION('',(-1.,0.,0.));
#6067=DIRECTION('',(0.,0.,1.));
#6068=DIRECTION('',(1.,0.,0.));
#6069=DIRECTION('',(0.,0.,-1.));
#6070=DIRECTION('',(-1.,0.,0.));
#6071=DIRECTION('',(0.,0.,1.));
#6072=DIRECTION('',(1.,0.,0.));
#6073=DIRECTION('',(0.,0.,-1.));
#6074=DIRECTION('',(-1.,0.,0.));
#6075=DIRECTION('',(0.,0.,1.));
#6076=DIRECTION('',(-1.,0.,0.));
#6077=DIRECTION('',(0.,0.,1.));
#6078=DIRECTION('',(-1.,0.,0.));
#6079=DIRECTION('',(0.,0.,1.));
#6080=DIRECTION('',(-1.,0.,0.));
#6081=DIRECTION('',(-1.,0.,0.));
#6082=DIRECTION('',(0.,0.,1.));
#6083=DIRECTION('',(-1.,0.,0.));
#6084=DIRECTION('',(0.,0.,1.));
#6085=DIRECTION('',(-1.,0.,0.));
#6086=DIRECTION('',(0.,0.,1.));
#6087=DIRECTION('',(-1.,0.,0.));
#6088=DIRECTION('',(0.,0.,1.));
#6089=DIRECTION('',(-1.,0.,0.));
#6090=DIRECTION('',(0.,0.,1.));
#6091=DIRECTION('',(-1.,0.,0.));
#6092=DIRECTION('',(0.,0.,1.));
#6093=DIRECTION('',(0.,-0.975939339256413,-0.218042211720014));
#6094=DIRECTION('',(0.,0.218042211720014,-0.975939339256413));
#6095=DIRECTION('',(0.,0.218042211720014,-0.975939339256413));
#6096=DIRECTION('',(-1.,0.,0.));
#6097=DIRECTION('',(4.9372226813742E-17,-0.218042211720014,0.975939339256413));
#6098=DIRECTION('',(-1.,0.,0.));
#6099=DIRECTION('',(-1.,-4.61123280185264E-17,4.02871277378578E-17));
#6100=DIRECTION('',(6.12323399573677E-17,-0.753071466003611,0.657938725939713));
#6101=DIRECTION('',(3.76226828022001E-17,-0.981803304685552,-0.189900686961708));
#6102=DIRECTION('',(-1.,-4.61123280185264E-17,4.02871277378578E-17));
#6103=DIRECTION('',(6.12323399573677E-17,-0.753071466003611,0.657938725939713));
#6104=DIRECTION('',(0.,0.189900686961708,-0.981803304685552));
#6105=DIRECTION('',(0.,0.981803304685552,0.189900686961708));
#6106=DIRECTION('',(-1.,0.,0.));
#6107=DIRECTION('',(-1.,0.,0.));
#6108=DIRECTION('',(0.,0.,1.));
#6109=DIRECTION('',(-1.,0.,0.));
#6110=DIRECTION('',(0.,0.,1.));
#6111=DIRECTION('',(0.,-0.990322984826386,0.138781791761594));
#6112=DIRECTION('',(0.,-0.138781791761594,-0.990322984826386));
#6113=DIRECTION('',(-1.,0.,0.));
#6114=DIRECTION('',(4.9372226813742E-17,0.138781791761594,0.990322984826386));
#6115=DIRECTION('',(-1.,0.,0.));
#6116=DIRECTION('',(-1.,-2.90160870356898E-17,5.39209249715908E-17));
#6117=DIRECTION('',(6.12323399573677E-17,-0.473868662472999,0.880595531856738));
#6118=DIRECTION('',(3.76226828022001E-17,-0.985924810430041,0.167189318374375));
#6119=DIRECTION('',(-1.,-2.90160870356898E-17,5.39209249715908E-17));
#6120=DIRECTION('',(6.12323399573677E-17,-0.473868662472999,0.880595531856738));
#6121=DIRECTION('',(0.,-0.167189318374375,-0.985924810430041));
#6122=DIRECTION('',(0.,0.985924810430041,-0.167189318374375));
#6123=DIRECTION('',(-1.,0.,0.));
#6124=DIRECTION('',(-1.,0.,0.));
#6125=DIRECTION('',(0.,0.,1.));
#6126=DIRECTION('',(-1.,0.,0.));
#6127=DIRECTION('',(0.,0.,1.));
#6128=DIRECTION('',(0.,-0.878410483924566,0.477906917434148));
#6129=DIRECTION('',(0.,-0.477906917434148,-0.878410483924566));
#6130=DIRECTION('',(-1.,0.,0.));
#6131=DIRECTION('',(4.9372226813742E-17,0.477906917434148,0.878410483924566));
#6132=DIRECTION('',(-1.,0.,0.));
#6133=DIRECTION('',(-1.,-8.21941696613438E-18,6.06781726932467E-17));
#6134=DIRECTION('',(6.12323399573677E-17,-0.134233265817656,0.990949761767935));
#6135=DIRECTION('',(3.76226828022001E-17,-0.864311070021401,0.502957626682865));
#6136=DIRECTION('',(-1.,-8.21941696613438E-18,6.06781726932467E-17));
#6137=DIRECTION('',(6.12323399573677E-17,-0.134233265817656,0.990949761767935));
#6138=DIRECTION('',(0.,-0.502957626682865,-0.864311070021401));
#6139=DIRECTION('',(0.,0.864311070021401,-0.502957626682865));
#6140=DIRECTION('',(-1.,0.,0.));
#6141=DIRECTION('',(-1.,0.,0.));
#6142=DIRECTION('',(0.,0.,1.));
#6143=DIRECTION('',(-1.,0.,0.));
#6144=DIRECTION('',(0.,0.,1.));
#6145=DIRECTION('',(0.,-0.654474066745024,0.756084450281997));
#6146=DIRECTION('',(0.,-0.756084450281997,-0.654474066745024));
#6147=DIRECTION('',(-1.,0.,0.));
#6148=DIRECTION('',(4.9372226813742E-17,0.756084450281997,0.654474066745024));
#6149=DIRECTION('',(-1.,0.,0.));
#6150=DIRECTION('',(-1.,1.3625477475644E-17,5.96971173526441E-17));
#6151=DIRECTION('',(6.12323399573677E-17,0.222520933956314,0.974927912181824));
#6152=DIRECTION('',(3.76226828022001E-17,-0.632471515237918,0.774583618735028));
#6153=DIRECTION('',(-1.,1.3625477475644E-17,5.96971173526441E-17));
#6154=DIRECTION('',(6.12323399573677E-17,0.222520933956314,0.974927912181824));
#6155=DIRECTION('',(0.,-0.774583618735028,-0.632471515237918));
#6156=DIRECTION('',(0.,0.632471515237918,-0.774583618735028));
#6157=DIRECTION('',(-1.,0.,0.));
#6158=DIRECTION('',(-1.,0.,0.));
#6159=DIRECTION('',(0.,0.,1.));
#6160=DIRECTION('',(-1.,0.,0.));
#6161=DIRECTION('',(0.,0.,1.));
#6162=DIRECTION('',(0.,-0.347072402507615,0.937838337570816));
#6163=DIRECTION('',(0.,-0.937838337570816,-0.347072402507615));
#6164=DIRECTION('',(-1.,0.,0.));
#6165=DIRECTION('',(4.9372226813742E-17,0.937838337570816,0.347072402507615));
#6166=DIRECTION('',(-1.,0.,0.));
#6167=DIRECTION('',(-1.,3.37327112497628E-17,5.11028731911893E-17));
#6168=DIRECTION('',(6.12323399573677E-17,0.550896981452102,0.834573253721303));
#6169=DIRECTION('',(3.76226828022001E-17,-0.319972704482781,0.947426761489233));
#6170=DIRECTION('',(-1.,3.37327112497628E-17,5.11028731911893E-17));
#6171=DIRECTION('',(6.12323399573677E-17,0.550896981452102,0.834573253721303));
#6172=DIRECTION('',(0.,-0.947426761489233,-0.319972704482781));
#6173=DIRECTION('',(0.,0.319972704482781,-0.947426761489233));
#6174=DIRECTION('',(-1.,0.,0.));
#6175=DIRECTION('',(-1.,0.,0.));
#6176=DIRECTION('',(0.,0.,1.));
#6177=DIRECTION('',(-1.,0.,0.));
#6178=DIRECTION('',(0.,0.,1.));
#6179=DIRECTION('',(0.,0.00459149501634454,0.999989459031202));
#6180=DIRECTION('',(0.,-0.999989459031202,0.00459149501634454));
#6181=DIRECTION('',(-1.,0.,0.));
#6182=DIRECTION('',(4.9372226813742E-17,0.999989459031202,-0.00459149501634454));
#6183=DIRECTION('',(-1.,0.,0.));
#6184=DIRECTION('',(-1.,4.95380036308546E-17,3.59914663902998E-17));
#6185=DIRECTION('',(6.12323399573677E-17,0.809016994374947,0.587785252292473));
#6186=DIRECTION('',(3.76226828022001E-17,0.0333323080585524,0.999444324231965));
#6187=DIRECTION('',(-1.,4.95380036308546E-17,3.59914663902998E-17));
#6188=DIRECTION('',(6.12323399573677E-17,0.809016994374947,0.587785252292473));
#6189=DIRECTION('',(0.,-0.999444324231965,0.0333323080585524));
#6190=DIRECTION('',(0.,-0.0333323080585524,-0.999444324231965));
#6191=DIRECTION('',(-1.,0.,0.));
#6192=DIRECTION('',(-1.,0.,0.));
#6193=DIRECTION('',(0.,0.,1.));
#6194=DIRECTION('',(-1.,0.,0.));
#6195=DIRECTION('',(0.,0.,1.));
#6196=DIRECTION('',(0.,0.355669837992956,0.934611666063539));
#6197=DIRECTION('',(0.,-0.934611666063539,0.355669837992956));
#6198=DIRECTION('',(-1.,0.,0.));
#6199=DIRECTION('',(4.9372226813742E-17,0.934611666063539,-0.355669837992956));
#6200=DIRECTION('',(-1.,0.,0.));
#6201=DIRECTION('',(-1.,5.90257015924051E-17,1.62900585689244E-17));
#6202=DIRECTION('',(6.12323399573677E-17,0.963962860695853,0.266036845566675));
#6203=DIRECTION('',(3.76226828022001E-17,0.382386442729426,0.924002493728635));
#6204=DIRECTION('',(-1.,5.90257015924051E-17,1.62900585689244E-17));
#6205=DIRECTION('',(6.12323399573677E-17,0.963962860695853,0.266036845566675));
#6206=DIRECTION('',(0.,-0.924002493728635,0.382386442729426));
#6207=DIRECTION('',(0.,-0.382386442729426,-0.924002493728635));
#6208=DIRECTION('',(-1.,0.,0.));
#6209=DIRECTION('',(-1.,0.,0.));
#6210=DIRECTION('',(0.,0.,1.));
#6211=DIRECTION('',(-1.,0.,0.));
#6212=DIRECTION('',(0.,0.,1.));
#6213=DIRECTION('',(0.,0.661389514511238,0.750042605519572));
#6214=DIRECTION('',(0.,-0.750042605519572,0.661389514511238));
#6215=DIRECTION('',(-1.,0.,0.));
#6216=DIRECTION('',(4.9372226813742E-17,0.750042605519572,-0.661389514511238));
#6217=DIRECTION('',(-1.,0.,0.));
#6218=DIRECTION('',(-1.,6.09858365587157E-17,-5.48882463631854E-18));
#6219=DIRECTION('',(6.12323399573677E-17,0.995974293995239,-0.0896393089034334));
#6220=DIRECTION('',(3.76226828022001E-17,0.682674735427794,0.73072238614168));
#6221=DIRECTION('',(-1.,6.09858365587157E-17,-5.48882463631854E-18));
#6222=DIRECTION('',(6.12323399573677E-17,0.995974293995239,-0.0896393089034334));
#6223=DIRECTION('',(0.,-0.73072238614168,0.682674735427794));
#6224=DIRECTION('',(0.,-0.682674735427794,-0.73072238614168));
#6225=DIRECTION('',(-1.,0.,0.));
#6226=DIRECTION('',(-1.,0.,0.));
#6227=DIRECTION('',(0.,0.,1.));
#6228=DIRECTION('',(-1.,0.,0.));
#6229=DIRECTION('',(0.,0.,1.));
#6230=DIRECTION('',(0.,0.882762015128859,0.469820417442277));
#6231=DIRECTION('',(0.,-0.469820417442277,0.882762015128859));
#6232=DIRECTION('',(-1.,0.,0.));
#6233=DIRECTION('',(4.9372226813742E-17,0.469820417442277,-0.882762015128859));
#6234=DIRECTION('',(-1.,0.,0.));
#6235=DIRECTION('',(-1.,5.51684320104056E-17,-2.65677166156201E-17));
#6236=DIRECTION('',(6.12323399573677E-17,0.900968867902419,-0.433883739117558));
#6237=DIRECTION('',(3.76226828022E-17,0.89590134249509,0.444253063597198));
#6238=DIRECTION('',(-1.,5.51684320104056E-17,-2.65677166156201E-17));
#6239=DIRECTION('',(6.12323399573677E-17,0.900968867902419,-0.433883739117558));
#6240=DIRECTION('',(0.,-0.444253063597198,0.89590134249509));
#6241=DIRECTION('',(0.,-0.89590134249509,-0.444253063597198));
#6242=DIRECTION('',(-1.,0.,0.));
#6243=DIRECTION('',(-1.,0.,0.));
#6244=DIRECTION('',(0.,0.,1.));
#6245=DIRECTION('',(-1.,0.,0.));
#6246=DIRECTION('',(0.,0.,1.));
#6247=DIRECTION('',(0.,0.991555647568444,0.129681909976383));
#6248=DIRECTION('',(0.,-0.129681909976383,0.991555647568444));
#6249=DIRECTION('',(-1.,0.,0.));
#6250=DIRECTION('',(4.9372226813742E-17,0.129681909976383,-0.991555647568444));
#6251=DIRECTION('',(-1.,0.,0.));
#6252=DIRECTION('',(-1.,4.23153830546027E-17,-4.42584208213181E-17));
#6253=DIRECTION('',(6.12323399573677E-17,0.691062648986865,-0.722794863827391));
#6254=DIRECTION('',(3.76226828022001E-17,0.99487341956592,0.101128032914779));
#6255=DIRECTION('',(-1.,4.23153830546027E-17,-4.42584208213181E-17));
#6256=DIRECTION('',(6.12323399573677E-17,0.691062648986865,-0.722794863827391));
#6257=DIRECTION('',(0.,-0.101128032914779,0.99487341956592));
#6258=DIRECTION('',(0.,-0.99487341956592,-0.101128032914779));
#6259=DIRECTION('',(-1.,0.,0.));
#6260=DIRECTION('',(-1.,0.,0.));
#6261=DIRECTION('',(0.,0.,1.));
#6262=DIRECTION('',(-1.,0.,0.));
#6263=DIRECTION('',(0.,0.,1.));
#6264=DIRECTION('',(0.,0.973895931737828,-0.226994965020171));
#6265=DIRECTION('',(0.,0.226994965020171,0.973895931737828));
#6266=DIRECTION('',(-1.,0.,0.));
#6267=DIRECTION('',(4.9372226813742E-17,-0.226994965020171,-0.973895931737828));
#6268=DIRECTION('',(-1.,0.,0.));
#6269=DIRECTION('',(-1.,2.40658423499882E-17,-5.63048371691115E-17));
#6270=DIRECTION('',(6.12323399573677E-17,0.393025031653924,-0.919527772551451));
#6271=DIRECTION('',(3.76226828022E-17,0.966969032045335,-0.25489388196916));
#6272=DIRECTION('',(-1.,2.40658423499882E-17,-5.63048371691115E-17));
#6273=DIRECTION('',(6.12323399573677E-17,0.393025031653924,-0.919527772551451));
#6274=DIRECTION('',(0.,0.25489388196916,0.966969032045335));
#6275=DIRECTION('',(0.,-0.966969032045335,0.25489388196916));
#6276=DIRECTION('',(-1.,0.,0.));
#6277=DIRECTION('',(-1.,0.,0.));
#6278=DIRECTION('',(0.,0.,1.));
#6279=DIRECTION('',(-1.,0.,0.));
#6280=DIRECTION('',(0.,0.,1.));
#6281=DIRECTION('',(0.,0.832035015765818,-0.554723113399446));
#6282=DIRECTION('',(0.,0.554723113399446,0.832035015765818));
#6283=DIRECTION('',(-1.,0.,0.));
#6284=DIRECTION('',(4.9372226813742E-17,-0.554723113399446,-0.832035015765818));
#6285=DIRECTION('',(-1.,0.,0.));
#6286=DIRECTION('',(-1.,2.74717854415236E-18,-6.1170683065511E-17));
#6287=DIRECTION('',(6.12323399573677E-17,0.0448648303505151,-0.998993066541315));
#6288=DIRECTION('',(3.76226828022E-17,0.815746833693272,-0.578409114139293));
#6289=DIRECTION('',(-1.,2.74717854415236E-18,-6.1170683065511E-17));
#6290=DIRECTION('',(6.12323399573677E-17,0.0448648303505151,-0.998993066541315));
#6291=DIRECTION('',(0.,0.578409114139293,0.815746833693272));
#6292=DIRECTION('',(0.,-0.815746833693272,0.578409114139293));
#6293=DIRECTION('',(-1.,0.,0.));
#6294=DIRECTION('',(-1.,0.,0.));
#6295=DIRECTION('',(0.,0.,1.));
#6296=DIRECTION('',(-1.,0.,0.));
#6297=DIRECTION('',(0.,0.,1.));
#6298=DIRECTION('',(0.,0.584064458968658,-0.811707279608634));
#6299=DIRECTION('',(0.,0.811707279608634,0.584064458968658));
#6300=DIRECTION('',(-1.,0.,0.));
#6301=DIRECTION('',(4.9372226813742E-17,-0.811707279608634,-0.584064458968658));
#6302=DIRECTION('',(-1.,0.,0.));
#6303=DIRECTION('',(-1.,-1.89218336521708E-17,-5.82354159244546E-17));
#6304=DIRECTION('',(6.12323399573677E-17,-0.309016994374947,-0.951056516295154));
#6305=DIRECTION('',(3.76226828022001E-17,0.560492230589856,-0.828159682336932));
#6306=DIRECTION('',(-1.,-1.89218336521708E-17,-5.82354159244546E-17));
#6307=DIRECTION('',(6.12323399573677E-17,-0.309016994374947,-0.951056516295154));
#6308=DIRECTION('',(0.,0.828159682336932,0.560492230589856));
#6309=DIRECTION('',(0.,-0.560492230589856,0.828159682336932));
#6310=DIRECTION('',(-1.,0.,0.));
#6311=DIRECTION('',(-1.,0.,0.));
#6312=DIRECTION('',(0.,0.,1.));
#6313=DIRECTION('',(-1.,0.,0.));
#6314=DIRECTION('',(0.,0.,1.));
#6315=DIRECTION('',(0.,0.261608010609761,-0.965174206443999));
#6316=DIRECTION('',(0.,0.965174206443999,0.261608010609761));
#6317=DIRECTION('',(-1.,0.,0.));
#6318=DIRECTION('',(4.9372226813742E-17,-0.965174206443999,-0.261608010609761));
#6319=DIRECTION('',(-1.,0.,0.));
#6320=DIRECTION('',(-1.,-3.81777395073658E-17,-4.78733711238551E-17));
#6321=DIRECTION('',(6.12323399573677E-17,-0.623489801858733,-0.78183148246803));
#6322=DIRECTION('',(3.76226828022001E-17,0.233757908308472,-0.972294831984233));
#6323=DIRECTION('',(-1.,-3.81777395073658E-17,-4.78733711238551E-17));
#6324=DIRECTION('',(6.12323399573677E-17,-0.623489801858733,-0.78183148246803));
#6325=DIRECTION('',(0.,0.972294831984233,0.233757908308472));
#6326=DIRECTION('',(0.,-0.233757908308472,0.972294831984233));
#6327=DIRECTION('',(-1.,0.,0.));
#6328=DIRECTION('',(-1.,0.,0.));
#6329=DIRECTION('',(0.,0.,1.));
#6330=DIRECTION('',(-1.,0.,0.));
#6331=DIRECTION('',(0.,0.,1.));
#6332=DIRECTION('',(0.,-0.0942113750255615,-0.995552217021183));
#6333=DIRECTION('',(0.,0.995552217021183,-0.0942113750255615));
#6334=DIRECTION('',(-1.,0.,0.));
#6335=DIRECTION('',(4.9372226813742E-17,-0.995552217021183,0.0942113750255615));
#6336=DIRECTION('',(-1.,0.,0.));
#6337=DIRECTION('',(-1.,-5.25648283658216E-17,-3.14060229180067E-17));
#6338=DIRECTION('',(6.12323399573677E-17,-0.858448793601866,-0.512899277405906));
#6339=DIRECTION('',(3.76226828022001E-17,-0.122787620497461,-0.992432970155955));
#6340=DIRECTION('',(-1.,-5.25648283658216E-17,-3.14060229180067E-17));
#6341=DIRECTION('',(6.12323399573677E-17,-0.858448793601866,-0.512899277405906));
#6342=DIRECTION('',(0.,0.992432970155955,-0.122787620497461));
#6343=DIRECTION('',(0.,0.122787620497461,0.992432970155955));
#6344=DIRECTION('',(-1.,0.,0.));
#6345=DIRECTION('',(-1.,0.,0.));
#6346=DIRECTION('',(0.,0.,1.));
#6347=DIRECTION('',(-1.,0.,0.));
#6348=DIRECTION('',(0.,0.,1.));
#6349=DIRECTION('',(0.,-0.270460071951413,-0.962731192742832));
#6350=DIRECTION('',(0.,0.962731192742832,-0.270460071951413));
#6351=DIRECTION('',(-1.,0.,0.));
#6352=DIRECTION('',(4.9372226813742E-17,-0.962731192742832,0.270460071951413));
#6353=DIRECTION('',(-1.,0.,0.));
#6354=DIRECTION('',(-1.,-5.73278518789545E-17,-2.1515502680609E-17));
#6355=DIRECTION('',(6.12323399573677E-17,-0.936234870639737,-0.351374824081343));
#6356=DIRECTION('',(3.76226828022001E-17,-0.298020122367907,-0.954559587801525));
#6357=DIRECTION('',(-1.,-5.73278518789545E-17,-2.1515502680609E-17));
#6358=DIRECTION('',(6.12323399573677E-17,-0.936234870639737,-0.351374824081343));
#6359=DIRECTION('',(0.,0.954559587801525,-0.298020122367907));
#6360=DIRECTION('',(0.,0.298020122367907,0.954559587801525));
#6361=DIRECTION('',(-1.,0.,0.));
#6362=DIRECTION('',(-1.,0.,0.));
#6363=DIRECTION('',(0.,0.,1.));
#6364=DIRECTION('',(-1.,0.,0.));
#6365=DIRECTION('',(0.,0.,1.));
#6366=DIRECTION('',(0.,-0.438015959629457,-0.898967195791863));
#6367=DIRECTION('',(0.,0.898967195791863,-0.438015959629457));
#6368=DIRECTION('',(-1.,0.,0.));
#6369=DIRECTION('',(4.9372226813742E-17,-0.898967195791863,0.438015959629457));
#6370=DIRECTION('',(-1.,0.,0.));
#6371=DIRECTION('',(-1.,-6.02483110631842E-17,-1.09334564840421E-17));
#6372=DIRECTION('',(6.12323399573677E-17,-0.98392958859863,-0.178556894798637));
#6373=DIRECTION('',(3.76226828022001E-17,-0.463674012293675,-0.886005874880909));
#6374=DIRECTION('',(-1.,-6.02483110631842E-17,-1.09334564840421E-17));
#6375=DIRECTION('',(6.12323399573677E-17,-0.98392958859863,-0.178556894798637));
#6376=DIRECTION('',(0.,0.886005874880909,-0.463674012293675));
#6377=DIRECTION('',(0.,0.463674012293675,0.886005874880909));
#6378=DIRECTION('',(-1.,0.,0.));
#6379=DIRECTION('',(-1.,0.,0.));
#6380=DIRECTION('',(0.,0.,1.));
#6381=DIRECTION('',(-1.,0.,0.));
#6382=DIRECTION('',(0.,0.,1.));
#6383=DIRECTION('',(0.,-0.591493653964279,-0.80630965349547));
#6384=DIRECTION('',(0.,0.80630965349547,-0.591493653964279));
#6385=DIRECTION('',(-1.,0.,0.));
#6386=DIRECTION('',(4.9372226813742E-17,-0.80630965349547,0.591493653964279));
#6387=DIRECTION('',(-1.,0.,0.));
#6388=DIRECTION('',(-1.,-6.12323399573677E-17,8.46951817886182E-33));
#6389=DIRECTION('',(6.12323399573677E-17,-1.,0.));
#6390=DIRECTION('',(3.76226828022001E-17,-0.614425037952076,-0.788975204133558));
#6391=DIRECTION('',(-1.,-6.12323399573677E-17,8.46951817886182E-33));
#6392=DIRECTION('',(6.12323399573677E-17,-1.,0.));
#6393=DIRECTION('',(0.,0.788975204133558,-0.614425037952076));
#6394=DIRECTION('',(0.,0.614425037952076,0.788975204133558));
#6395=DIRECTION('',(-1.,0.,0.));
#6396=DIRECTION('',(-1.,0.,0.));
#6397=DIRECTION('',(0.,0.,1.));
#6398=DIRECTION('',(-1.,0.,0.));
#6399=DIRECTION('',(0.,0.,1.));
#6400=DIRECTION('',(0.,-0.725960255578089,-0.687736655501941));
#6401=DIRECTION('',(0.,0.687736655501941,-0.725960255578089));
#6402=DIRECTION('',(-1.,0.,0.));
#6403=DIRECTION('',(4.9372226813742E-17,-0.687736655501941,0.725960255578089));
#6404=DIRECTION('',(-1.,0.,0.));
#6405=DIRECTION('',(-1.,-6.02483110631842E-17,1.09334564840421E-17));
#6406=DIRECTION('',(6.12323399573677E-17,-0.98392958859863,0.178556894798637));
#6407=DIRECTION('',(3.76226828022001E-17,-0.745427937340092,-0.666586221154395));
#6408=DIRECTION('',(-1.,-6.02483110631842E-17,1.09334564840421E-17));
#6409=DIRECTION('',(6.12323399573677E-17,-0.98392958859863,0.178556894798637));
#6410=DIRECTION('',(0.,0.666586221154395,-0.745427937340092));
#6411=DIRECTION('',(0.,0.745427937340092,0.666586221154395));
#6412=DIRECTION('',(-1.,0.,0.));
#6413=DIRECTION('',(-1.,0.,0.));
#6414=DIRECTION('',(0.,0.,1.));
#6415=DIRECTION('',(-1.,0.,0.));
#6416=DIRECTION('',(0.,0.,1.));
#6417=DIRECTION('',(0.,-0.837093897255532,-0.547059235528974));
#6418=DIRECTION('',(0.,0.547059235528974,-0.837093897255532));
#6419=DIRECTION('',(-1.,0.,0.));
#6420=DIRECTION('',(4.9372226813742E-17,-0.547059235528974,0.837093897255532));
#6421=DIRECTION('',(-1.,0.,0.));
#6422=DIRECTION('',(-1.,-5.73278518789545E-17,2.1515502680609E-17));
#6423=DIRECTION('',(6.12323399573677E-17,-0.936234870639737,0.351374824081343));
#6424=DIRECTION('',(3.76226828022001E-17,-0.852472169481848,-0.522772608558359));
#6425=DIRECTION('',(-1.,-5.73278518789545E-17,2.1515502680609E-17));
#6426=DIRECTION('',(6.12323399573677E-17,-0.936234870639737,0.351374824081343));
#6427=DIRECTION('',(0.,0.522772608558359,-0.852472169481848));
#6428=DIRECTION('',(0.,0.852472169481848,0.522772608558359));
#6429=DIRECTION('',(-1.,0.,0.));
#6430=DIRECTION('',(0.,0.852472169481848,0.522772608558359));
#6431=DIRECTION('',(-1.,0.,0.));
#6432=DIRECTION('',(-1.,0.,0.));
#6433=DIRECTION('',(0.,0.,1.));
#6434=DIRECTION('',(-1.,0.,0.));
#6435=DIRECTION('',(0.,0.,1.));
#6436=DIRECTION('',(-1.,0.,0.));
#6437=DIRECTION('',(0.,0.,1.));
#6438=DIRECTION('',(-1.,0.,0.));
#6439=DIRECTION('',(0.,0.,1.));
#6440=DIRECTION('',(-1.,0.,0.));
#6441=DIRECTION('',(0.,0.,1.));
#6442=DIRECTION('',(-1.,0.,0.));
#6443=DIRECTION('',(0.,0.,1.));
#6444=DIRECTION('',(-1.,0.,0.));
#6445=DIRECTION('',(0.,0.,1.));
#6446=DIRECTION('',(1.,0.,0.));
#6447=DIRECTION('',(0.,0.,-1.));
#6448=DIRECTION('',(1.,0.,0.));
#6449=DIRECTION('',(0.,0.,-1.));
#6450=DIRECTION('',(-1.,0.,0.));
#6451=DIRECTION('',(0.,0.,1.));
#6452=DIRECTION('',(-1.,0.,0.));
#6453=DIRECTION('',(0.,0.,1.));
#6454=DIRECTION('',(-1.,0.,0.));
#6455=DIRECTION('',(0.,0.,1.));
#6456=DIRECTION('',(1.,0.,0.));
#6457=DIRECTION('',(0.,0.,-1.));
#6458=DIRECTION('',(1.,0.,0.));
#6459=DIRECTION('',(0.,0.,-1.));
#6460=CARTESIAN_POINT('',(0.,0.,0.));
#6461=CARTESIAN_POINT('',(1.3678248317702,0.,0.));
#6462=CARTESIAN_POINT('',(1.30413661394384,0.,0.));
#6463=CARTESIAN_POINT('',(1.30413661394384,-2.24971820274122,2.28033949331466));
#6464=CARTESIAN_POINT('',(1.30413661394384,-1.96651385638715,2.52863667796564));
#6465=CARTESIAN_POINT('',(1.3678248317702,-2.2448934734994,2.19491771180721));
#6466=CARTESIAN_POINT('',(1.32867516500199,-2.2448934734994,2.19491771180721));
#6467=CARTESIAN_POINT('',(1.30413661394384,-2.24751732903425,2.24137304701283));
#6468=CARTESIAN_POINT('',(1.30413661394384,-2.24971820274122,2.28033949331466));
#6469=CARTESIAN_POINT('',(1.3678248317702,-2.2448934734994,2.19491771180719));
#6470=CARTESIAN_POINT('',(1.3678248317702,0.,0.));
#6471=CARTESIAN_POINT('',(1.3678248317702,-1.87294167220324,2.51978172893797));
#6472=CARTESIAN_POINT('',(1.30413661394384,-1.96651385638715,2.52863667796564));
#6473=CARTESIAN_POINT('',(1.30413661394384,-1.92489590935349,2.52469827679617));
#6474=CARTESIAN_POINT('',(1.32562959467483,-1.87294167199163,2.51978172891794));
#6475=CARTESIAN_POINT('',(1.36782483173275,-1.87294167195473,2.51978172891445));
#6476=CARTESIAN_POINT('',(1.30413661394384,0.,3.405));
#6477=CARTESIAN_POINT('',(1.30413661394384,0.,0.));
#6478=CARTESIAN_POINT('',(1.30413661394384,-2.26454273798815,2.54280773709401));
#6479=CARTESIAN_POINT('',(1.30413661394384,-2.25022687074536,2.55548508705794));
#6480=CARTESIAN_POINT('',(1.30413661394384,-2.1837159209999,1.11176977524092));
#6481=CARTESIAN_POINT('',(1.30413661394384,-1.78536548849006,2.51149419509891));
#6482=CARTESIAN_POINT('',(-0.0607586778145319,0.,0.));
#6483=CARTESIAN_POINT('',(0.492374440762124,0.,0.));
#6484=CARTESIAN_POINT('',(0.492374440762124,-2.26454273798815,2.54280773709401));
#6485=CARTESIAN_POINT('',(0.492374440762124,-2.25022687074536,2.55548508705794));
#6486=CARTESIAN_POINT('',(-0.0607586778145319,-2.26454273798815,2.542807737094));
#6487=CARTESIAN_POINT('',(-0.0607586778145319,-2.25022687074536,2.55548508705794));
#6488=CARTESIAN_POINT('',(0.234291943133258,0.,0.));
#6489=CARTESIAN_POINT('',(0.234291943133257,-1.82252575434587,2.51501075574007));
#6490=CARTESIAN_POINT('',(0.317037742819765,-1.96705546298339,2.52868793143209));
#6491=CARTESIAN_POINT('',(0.403430249642131,-2.10940420348168,2.54215871713897));
#6492=CARTESIAN_POINT('',(0.492374440762123,-2.25022687074536,2.55548508705794));
#6493=CARTESIAN_POINT('',(0.234291943133258,-1.82252575434587,2.51501075574007));
#6494=CARTESIAN_POINT('',(0.234291943133258,0.,0.));
#6495=CARTESIAN_POINT('',(0.234291943133258,-2.24230952661406,2.14916895882991));
#6496=CARTESIAN_POINT('',(0.492374440762124,-2.26454273798815,2.54280773709401));
#6497=CARTESIAN_POINT('',(0.404413773090323,-2.25720302707848,2.41285823107424));
#6498=CARTESIAN_POINT('',(0.318156478967992,-2.2498004390996,2.28179548719226));
#6499=CARTESIAN_POINT('',(0.234291943133258,-2.24230952661406,2.14916895882991));
#6500=CARTESIAN_POINT('',(1.3808635513039,-2.26614981704091,2.57126105516202));
#6501=CARTESIAN_POINT('',(1.3808635513039,-2.24230952661406,2.14916895882991));
#6502=CARTESIAN_POINT('',(1.3808635513039,-2.24230952661406,2.14916895882991));
#6503=CARTESIAN_POINT('',(1.3808635513039,-2.26614981704091,2.57126105516202));
#6504=CARTESIAN_POINT('',(1.3808635513039,-2.2448934734994,2.19491771180719));
#6505=CARTESIAN_POINT('',(-0.0607586778145319,-2.2448934734994,2.19491771180719));
#6506=CARTESIAN_POINT('',(1.3808635513039,-2.24230952661406,2.14916895882991));
#6507=CARTESIAN_POINT('',(0.234291943133257,-2.24230952661406,2.14916895882991));
#6508=CARTESIAN_POINT('',(0.317037742819765,-2.38695873739524,2.13681956070129));
#6509=CARTESIAN_POINT('',(0.403430249642131,-2.52942517673757,2.12465651625809));
#6510=CARTESIAN_POINT('',(0.492374440762124,-2.67036428103535,2.11262386774611));
#6511=CARTESIAN_POINT('',(0.492374440762124,-2.67036428103535,2.11262386774611));
#6512=CARTESIAN_POINT('',(-0.0607586778145319,-2.67036428103535,2.11262386774611));
#6513=CARTESIAN_POINT('',(1.30413661394384,-2.67036428103535,2.11262386774611));
#6514=CARTESIAN_POINT('',(1.30413661394384,-3.32411557410531,2.05680997874097));
#6515=CARTESIAN_POINT('',(1.30413661394384,-2.38641668297999,2.13686583849116));
#6516=CARTESIAN_POINT('',(1.30413661394384,-2.38641668297999,2.13686583849116));
#6517=CARTESIAN_POINT('',(1.30413661394384,-2.34509398325454,2.14039375591223));
#6518=CARTESIAN_POINT('',(1.32583322729097,-2.29276713008967,2.1448611507847));
#6519=CARTESIAN_POINT('',(1.3678248317702,-2.29276713008967,2.1448611507847));
#6520=CARTESIAN_POINT('',(1.3678248317702,-2.29276713008967,2.1448611507847));
#6521=CARTESIAN_POINT('',(-0.0607586778145319,-2.29276713008967,2.1448611507847));
#6522=CARTESIAN_POINT('',(1.3808635513039,-2.29276713008967,2.1448611507847));
#6523=CARTESIAN_POINT('',(1.3808635513039,-2.24230952661406,2.14916895882991));
#6524=CARTESIAN_POINT('',(1.3808635513039,-1.28284683826658E-32,-1.12078952987558E-32));
#6525=CARTESIAN_POINT('',(1.3808635513039,0.,0.));
#6526=CARTESIAN_POINT('',(1.3678248317702,0.,0.));
#6527=CARTESIAN_POINT('',(1.30413661394384,0.,0.));
#6528=CARTESIAN_POINT('',(1.30413661394384,-2.90751851882847,1.34443901281734));
#6529=CARTESIAN_POINT('',(1.30413661394384,-2.72961811383168,1.6764143727485));
#6530=CARTESIAN_POINT('',(1.3678248317702,-2.87298637562098,1.26615945064648));
#6531=CARTESIAN_POINT('',(1.32867516500199,-2.87298637562098,1.26615945064648));
#6532=CARTESIAN_POINT('',(1.30413661394384,-2.89176615590375,1.30873059861628));
#6533=CARTESIAN_POINT('',(1.30413661394384,-2.90751851882847,1.34443901281734));
#6534=CARTESIAN_POINT('',(1.3678248317702,-2.87298637562097,1.26615945064647));
#6535=CARTESIAN_POINT('',(1.3678248317702,0.,0.));
#6536=CARTESIAN_POINT('',(1.3678248317702,-2.63890116591994,1.70100297044758));
#6537=CARTESIAN_POINT('',(1.30413661394384,-2.72961811383168,1.6764143727485));
#6538=CARTESIAN_POINT('',(1.30413661394384,-2.68927008555625,1.68735060305666));
#6539=CARTESIAN_POINT('',(1.32562959467483,-2.63890116571478,1.70100297050319));
#6540=CARTESIAN_POINT('',(1.36782483173275,-2.63890116567901,1.70100297051288));
#6541=CARTESIAN_POINT('',(1.30413661394384,0.,3.405));
#6542=CARTESIAN_POINT('',(1.30413661394384,0.,0.));
#6543=CARTESIAN_POINT('',(1.30413661394384,-3.01362249865258,1.58496196661466));
#6544=CARTESIAN_POINT('',(1.30413661394384,-3.00467398614982,1.60186117905221));
#6545=CARTESIAN_POINT('',(1.30413661394384,-2.4351189020055,0.273574834118887));
#6546=CARTESIAN_POINT('',(1.30413661394384,-2.55399725814533,1.72401595842178));
#6547=CARTESIAN_POINT('',(-0.0607586778145319,0.,0.));
#6548=CARTESIAN_POINT('',(0.492374440762124,0.,0.));
#6549=CARTESIAN_POINT('',(0.492374440762124,-3.01362249865258,1.58496196661466));
#6550=CARTESIAN_POINT('',(0.492374440762124,-3.00467398614982,1.60186117905221));
#6551=CARTESIAN_POINT('',(-0.0607586778145319,-3.01362249865258,1.58496196661466));
#6552=CARTESIAN_POINT('',(-0.0607586778145319,-3.00467398614982,1.60186117905221));
#6553=CARTESIAN_POINT('',(0.234291943133258,0.,0.));
#6554=CARTESIAN_POINT('',(0.234291943133257,-2.59002362571845,1.71425110324085));
#6555=CARTESIAN_POINT('',(0.317037742819765,-2.73014319399101,1.67627205110856));
#6556=CARTESIAN_POINT('',(0.403430249642131,-2.86814834359515,1.63886610677146));
#6557=CARTESIAN_POINT('',(0.492374440762123,-3.00467398614982,1.60186117905221));
#6558=CARTESIAN_POINT('',(0.234291943133258,-2.59002362571844,1.71425110324085));
#6559=CARTESIAN_POINT('',(0.234291943133258,0.,0.));
#6560=CARTESIAN_POINT('',(0.234291943133258,-2.8544922344137,1.22423580670313));
#6561=CARTESIAN_POINT('',(0.492374440762124,-3.01362249865258,1.58496196661466));
#6562=CARTESIAN_POINT('',(0.404413773090323,-2.96108982054137,1.46587769728625));
#6563=CARTESIAN_POINT('',(0.318156478967992,-2.90810711096742,1.34577326927103));
#6564=CARTESIAN_POINT('',(0.234291943133258,-2.8544922344137,1.22423580670313));
#6565=CARTESIAN_POINT('',(1.3808635513039,-3.02512488173232,1.6110362680559));
#6566=CARTESIAN_POINT('',(1.3808635513039,-2.8544922344137,1.22423580670313));
#6567=CARTESIAN_POINT('',(1.3808635513039,-2.8544922344137,1.22423580670313));
#6568=CARTESIAN_POINT('',(1.3808635513039,-3.02512488173232,1.6110362680559));
#6569=CARTESIAN_POINT('',(1.3808635513039,-2.87298637562097,1.26615945064647));
#6570=CARTESIAN_POINT('',(-0.0607586778145319,-2.87298637562097,1.26615945064647));
#6571=CARTESIAN_POINT('',(1.3808635513039,-2.8544922344137,1.22423580670313));
#6572=CARTESIAN_POINT('',(0.234291943133257,-2.8544922344137,1.22423580670313));
#6573=CARTESIAN_POINT('',(0.317037742819765,-2.98557860196261,1.16184777855196));
#6574=CARTESIAN_POINT('',(0.403430249642131,-3.11468686276926,1.10040119214968));
#6575=CARTESIAN_POINT('',(0.492374440762123,-3.24241099709544,1.0396133540478));
#6576=CARTESIAN_POINT('',(0.492374440762124,-3.24241099709544,1.0396133540478));
#6577=CARTESIAN_POINT('',(-0.0607586778145319,-3.24241099709544,1.0396133540478));
#6578=CARTESIAN_POINT('',(1.30413661394384,-3.24241099709544,1.0396133540478));
#6579=CARTESIAN_POINT('',(1.30413661394384,-3.83486415896288,0.757646699299769));
#6580=CARTESIAN_POINT('',(1.30413661394384,-2.98508737256754,1.16208156970737));
#6581=CARTESIAN_POINT('',(1.30413661394384,-2.98508737256754,1.16208156970737));
#6582=CARTESIAN_POINT('',(1.30413661394384,-2.94763924149881,1.17990428536431));
#6583=CARTESIAN_POINT('',(1.32583322729097,-2.90021874698243,1.20247315505037));
#6584=CARTESIAN_POINT('',(1.3678248317702,-2.90021874698242,1.20247315505037));
#6585=CARTESIAN_POINT('',(1.3678248317702,-2.90021874698242,1.20247315505037));
#6586=CARTESIAN_POINT('',(-0.0607586778145319,-2.90021874698242,1.20247315505037));
#6587=CARTESIAN_POINT('',(1.3808635513039,-2.90021874698242,1.20247315505037));
#6588=CARTESIAN_POINT('',(1.3808635513039,-2.8544922344137,1.22423580670313));
#6589=CARTESIAN_POINT('',(1.3808635513039,-8.07228719782865E-33,-1.50008232263666E-32));
#6590=CARTESIAN_POINT('',(1.3808635513039,0.,0.));
#6591=CARTESIAN_POINT('',(1.3678248317702,0.,0.));
#6592=CARTESIAN_POINT('',(1.30413661394384,0.,0.));
#6593=CARTESIAN_POINT('',(1.30413661394384,-3.1945222459748,0.23708187718146));
#6594=CARTESIAN_POINT('',(1.30413661394384,-3.14461346701102,0.610398508851936));
#6595=CARTESIAN_POINT('',(1.3678248317702,-3.13468658195907,0.175927547163374));
#6596=CARTESIAN_POINT('',(1.32867516500199,-3.13468658195907,0.175927547163374));
#6597=CARTESIAN_POINT('',(1.30413661394384,-3.16722729675158,0.209185398382714));
#6598=CARTESIAN_POINT('',(1.30413661394384,-3.1945222459748,0.23708187718146));
#6599=CARTESIAN_POINT('',(1.3678248317702,-3.13468658195906,0.175927547163361));
#6600=CARTESIAN_POINT('',(1.3678248317702,0.,0.));
#6601=CARTESIAN_POINT('',(1.3678248317702,-3.06832091120896,0.665294863051631));
#6602=CARTESIAN_POINT('',(1.30413661394384,-3.14461346701102,0.610398508851936));
#6603=CARTESIAN_POINT('',(1.30413661394384,-3.11068095197865,0.634814670357086));
#6604=CARTESIAN_POINT('',(1.32562959467483,-3.06832091103643,0.66529486317578));
#6605=CARTESIAN_POINT('',(1.36782483173275,-3.06832091100634,0.665294863197427));
#6606=CARTESIAN_POINT('',(1.30413661394384,0.,3.405));
#6607=CARTESIAN_POINT('',(1.30413661394384,0.,0.));
#6608=CARTESIAN_POINT('',(1.30413661394384,-3.37837420237784,0.424985586470755));
#6609=CARTESIAN_POINT('',(1.30413661394384,-3.37593425072976,0.443951500447584));
#6610=CARTESIAN_POINT('',(1.30413661394384,-2.37597053942311,-0.599509176377753));
#6611=CARTESIAN_POINT('',(1.30413661394384,-2.99691709669782,0.716673520528813));
#6612=CARTESIAN_POINT('',(-0.0607586778145319,0.,0.));
#6613=CARTESIAN_POINT('',(0.492374440762124,0.,0.));
#6614=CARTESIAN_POINT('',(0.492374440762124,-3.37837420237784,0.424985586470755));
#6615=CARTESIAN_POINT('',(0.492374440762124,-3.37593425072976,0.443951500447584));
#6616=CARTESIAN_POINT('',(-0.0607586778145319,-3.37837420237784,0.424985586470755));
#6617=CARTESIAN_POINT('',(-0.0607586778145319,-3.37593425072976,0.443951500447584));
#6618=CARTESIAN_POINT('',(0.234291943133258,0.,0.));
#6619=CARTESIAN_POINT('',(0.234291943133257,-3.02721511401087,0.694872564033386));
#6620=CARTESIAN_POINT('',(0.317037742819765,-3.14505505712487,0.610080762421159));
#6621=CARTESIAN_POINT('',(0.403430249642131,-3.26111678340108,0.526568477799092));
#6622=CARTESIAN_POINT('',(0.492374440762123,-3.37593425072976,0.443951500447583));
#6623=CARTESIAN_POINT('',(0.234291943133258,-3.02721511401087,0.694872564033386));
#6624=CARTESIAN_POINT('',(0.234291943133258,0.,0.));
#6625=CARTESIAN_POINT('',(0.234291943133258,-3.10264080904284,0.143175545412562));
#6626=CARTESIAN_POINT('',(0.492374440762124,-3.37837420237784,0.424985586470755));
#6627=CARTESIAN_POINT('',(0.404413773090323,-3.28734806309591,0.331953401510686));
#6628=CARTESIAN_POINT('',(0.318156478967992,-3.19554213058656,0.2381242381405));
#6629=CARTESIAN_POINT('',(0.234291943133258,-3.10264080904284,0.143175545412563));
#6630=CARTESIAN_POINT('',(1.3808635513039,-3.39830498759451,0.44535560887645));
#6631=CARTESIAN_POINT('',(1.3808635513039,-3.10264080904284,0.143175545412562));
#6632=CARTESIAN_POINT('',(1.3808635513039,-3.10264080904284,0.143175545412562));
#6633=CARTESIAN_POINT('',(1.3808635513039,-3.39830498759451,0.44535560887645));
#6634=CARTESIAN_POINT('',(1.3808635513039,-3.13468658195906,0.175927547163362));
#6635=CARTESIAN_POINT('',(-0.0607586778145319,-3.13468658195906,0.175927547163361));
#6636=CARTESIAN_POINT('',(1.3808635513039,-3.10264080904284,0.143175545412562));
#6637=CARTESIAN_POINT('',(0.234291943133257,-3.10264080904284,0.143175545412562));
#6638=CARTESIAN_POINT('',(0.317037742819765,-3.20344685499122,0.0387052486100231));
#6639=CARTESIAN_POINT('',(0.403430249642131,-3.30273172735856,-0.0641885806899482));
#6640=CARTESIAN_POINT('',(0.492374440762123,-3.40095219981768,-0.165979319661534));
#6641=CARTESIAN_POINT('',(0.492374440762124,-3.40095219981768,-0.165979319661533));
#6642=CARTESIAN_POINT('',(-0.0607586778145319,-3.40095219981768,-0.165979319661533));
#6643=CARTESIAN_POINT('',(1.30413661394384,-3.40095219981768,-0.165979319661533));
#6644=CARTESIAN_POINT('',(1.30413661394384,-3.85655152546984,-0.638139459721886));
#6645=CARTESIAN_POINT('',(1.30413661394384,-3.20306909722819,0.0390967376844413));
#6646=CARTESIAN_POINT('',(1.30413661394384,-3.20306909722818,0.0390967376844404));
#6647=CARTESIAN_POINT('',(1.30413661394384,-3.17427130465995,0.0689413160384173));
#6648=CARTESIAN_POINT('',(1.32583322729097,-3.13780471672639,0.106733446747976));
#6649=CARTESIAN_POINT('',(1.3678248317702,-3.13780471672639,0.106733446747976));
#6650=CARTESIAN_POINT('',(1.3678248317702,-3.13780471672639,0.106733446747977));
#6651=CARTESIAN_POINT('',(-0.0607586778145319,-3.13780471672639,0.106733446747977));
#6652=CARTESIAN_POINT('',(1.3808635513039,-3.13780471672639,0.106733446747977));
#6653=CARTESIAN_POINT('',(1.3808635513039,-3.10264080904284,0.143175545412562));
#6654=CARTESIAN_POINT('',(1.3808635513039,-2.28664513818601E-33,-1.68806922868981E-32));
#6655=CARTESIAN_POINT('',(1.3808635513039,0.,0.));
#6656=CARTESIAN_POINT('',(1.3678248317702,0.,0.));
#6657=CARTESIAN_POINT('',(1.30413661394384,0.,0.));
#6658=CARTESIAN_POINT('',(1.30413661394384,-3.07412772460349,-0.90051037158932));
#6659=CARTESIAN_POINT('',(1.30413661394384,-3.1585754511664,-0.533461634801139));
#6660=CARTESIAN_POINT('',(1.3678248317702,-2.99661939749217,-0.936740441925547));
#6661=CARTESIAN_POINT('',(1.32867516500199,-2.99661939749217,-0.936740441925547));
#6662=CARTESIAN_POINT('',(1.30413661394384,-3.03877112101797,-0.91703726982715));
#6663=CARTESIAN_POINT('',(1.30413661394384,-3.07412772460349,-0.90051037158932));
#6664=CARTESIAN_POINT('',(1.3678248317702,-2.99661939749215,-0.936740441925554));
#6665=CARTESIAN_POINT('',(1.3678248317702,0.,0.));
#6666=CARTESIAN_POINT('',(1.3678248317702,-3.10643689685391,-0.455258470354729));
#6667=CARTESIAN_POINT('',(1.30413661394384,-3.1585754511664,-0.533461634801138));
#6668=CARTESIAN_POINT('',(1.30413661394384,-3.1353858717982,-0.498679341492707));
#6669=CARTESIAN_POINT('',(1.32562959467483,-3.106436896736,-0.455258470177872));
#6670=CARTESIAN_POINT('',(1.36782483173275,-3.10643689671544,-0.455258470147034));
#6671=CARTESIAN_POINT('',(1.30413661394384,0.,3.405));
#6672=CARTESIAN_POINT('',(1.30413661394384,0.,0.));
#6673=CARTESIAN_POINT('',(1.30413661394384,-3.31228097001911,-0.78918931546826));
#6674=CARTESIAN_POINT('',(1.30413661394384,-3.31666074689066,-0.77057542786849));
#6675=CARTESIAN_POINT('',(1.30413661394384,-2.01381403923574,-1.39613762650561));
#6676=CARTESIAN_POINT('',(1.30413661394384,-3.05763932254447,-0.382066476855347));
#6677=CARTESIAN_POINT('',(-0.0607586778145319,0.,0.));
#6678=CARTESIAN_POINT('',(0.492374440762124,0.,0.));
#6679=CARTESIAN_POINT('',(0.492374440762124,-3.31228097001911,-0.78918931546826));
#6680=CARTESIAN_POINT('',(0.492374440762124,-3.31666074689066,-0.77057542786849));
#6681=CARTESIAN_POINT('',(-0.0607586778145319,-3.31228097001911,-0.78918931546826));
#6682=CARTESIAN_POINT('',(-0.0607586778145319,-3.31666074689066,-0.77057542786849));
#6683=CARTESIAN_POINT('',(0.234291943133258,0.,0.));
#6684=CARTESIAN_POINT('',(0.234291943133257,-3.07834507561081,-0.413123253043053));
#6685=CARTESIAN_POINT('',(0.317037742819765,-3.1588772351333,-0.533914283738223));
#6686=CARTESIAN_POINT('',(0.403430249642131,-3.23819415610202,-0.652882565381072));
#6687=CARTESIAN_POINT('',(0.492374440762123,-3.31666074689066,-0.77057542786849));
#6688=CARTESIAN_POINT('',(0.234291943133258,-3.07834507561081,-0.413123253043052));
#6689=CARTESIAN_POINT('',(0.234291943133258,0.,0.));
#6690=CARTESIAN_POINT('',(0.234291943133258,-2.95510879857788,-0.956143930226918));
#6691=CARTESIAN_POINT('',(0.492374440762124,-3.31228097001911,-0.78918931546826));
#6692=CARTESIAN_POINT('',(0.404413773090323,-3.19436995665941,-0.84430499744269));
#6693=CARTESIAN_POINT('',(0.318156478967992,-3.07544883553966,-0.899892838687715));
#6694=CARTESIAN_POINT('',(0.234291943133258,-2.95510879857788,-0.956143930226918));
#6695=CARTESIAN_POINT('',(1.3808635513039,-3.33809837917752,-0.777121366325646));
#6696=CARTESIAN_POINT('',(1.3808635513039,-2.95510879857788,-0.956143930226918));
#6697=CARTESIAN_POINT('',(1.3808635513039,-2.95510879857788,-0.956143930226918));
#6698=CARTESIAN_POINT('',(1.3808635513039,-3.33809837917752,-0.777121366325646));
#6699=CARTESIAN_POINT('',(1.3808635513039,-2.99661939749215,-0.936740441925553));
#6700=CARTESIAN_POINT('',(-0.0607586778145319,-2.99661939749215,-0.936740441925554));
#6701=CARTESIAN_POINT('',(1.3808635513039,-2.95510879857788,-0.956143930226918));
#6702=CARTESIAN_POINT('',(0.234291943133257,-2.95510879857788,-0.956143930226919));
#6703=CARTESIAN_POINT('',(0.317037742819765,-3.01277870180535,-1.08937337170099));
#6704=CARTESIAN_POINT('',(0.403430249642131,-3.06957836027334,-1.22059236722728));
#6705=CARTESIAN_POINT('',(0.492374440762123,-3.12576908860102,-1.35040460779218));
#6706=CARTESIAN_POINT('',(0.492374440762124,-3.12576908860102,-1.35040460779218));
#6707=CARTESIAN_POINT('',(-0.0607586778145319,-3.12576908860102,-1.35040460779218));
#6708=CARTESIAN_POINT('',(1.30413661394384,-3.12576908860102,-1.35040460779218));
#6709=CARTESIAN_POINT('',(1.30413661394384,-3.3864118781646,-1.95254352834543));
#6710=CARTESIAN_POINT('',(1.30413661394384,-3.0125625912196,-1.08887411141051));
#6711=CARTESIAN_POINT('',(1.30413661394384,-3.01256259121959,-1.08887411141051));
#6712=CARTESIAN_POINT('',(1.30413661394384,-2.99608772708868,-1.05081375715838));
#6713=CARTESIAN_POINT('',(1.32583322729097,-2.97522563913176,-1.00261800563232));
#6714=CARTESIAN_POINT('',(1.3678248317702,-2.97522563913176,-1.00261800563232));
#6715=CARTESIAN_POINT('',(1.3678248317702,-2.97522563913176,-1.00261800563232));
#6716=CARTESIAN_POINT('',(-0.0607586778145319,-2.97522563913176,-1.00261800563232));
#6717=CARTESIAN_POINT('',(1.3808635513039,-2.97522563913176,-1.00261800563232));
#6718=CARTESIAN_POINT('',(1.3808635513039,-2.95510879857788,-0.956143930226918));
#6719=CARTESIAN_POINT('',(1.3808635513039,3.79061336753152E-33,-1.66077622926998E-32));
#6720=CARTESIAN_POINT('',(1.3808635513039,0.,0.));
#6721=CARTESIAN_POINT('',(1.3678248317702,0.,0.));
#6722=CARTESIAN_POINT('',(1.30413661394384,0.,0.));
#6723=CARTESIAN_POINT('',(1.30413661394384,-2.56168889917355,-1.9232602996908));
#6724=CARTESIAN_POINT('',(1.30413661394384,-2.76972349084623,-1.60928927815055));
#6725=CARTESIAN_POINT('',(1.3678248317702,-2.47639256597614,-1.92994568010172));
#6726=CARTESIAN_POINT('',(1.32867516500199,-2.47639256597614,-1.92994568010172));
#6727=CARTESIAN_POINT('',(1.30413661394384,-2.52277967802848,-1.92630993775959));
#6728=CARTESIAN_POINT('',(1.30413661394384,-2.56168889917355,-1.9232602996908));
#6729=CARTESIAN_POINT('',(1.3678248317702,-2.47639256597612,-1.92994568010172));
#6730=CARTESIAN_POINT('',(1.3678248317702,0.,0.));
#6731=CARTESIAN_POINT('',(1.3678248317702,-2.7483881813441,-1.51775257325204));
#6732=CARTESIAN_POINT('',(1.30413661394384,-2.76972349084623,-1.60928927815055));
#6733=CARTESIAN_POINT('',(1.30413661394384,-2.76023422019865,-1.56857664790335));
#6734=CARTESIAN_POINT('',(1.32562959467483,-2.74838818129585,-1.51775257304503));
#6735=CARTESIAN_POINT('',(1.36782483173275,-2.74838818128743,-1.51775257300893));
#6736=CARTESIAN_POINT('',(1.30413661394384,0.,3.405));
#6737=CARTESIAN_POINT('',(1.30413661394384,0.,0.));
#6738=CARTESIAN_POINT('',(1.30413661394384,-2.82377168859877,-1.90271869982613));
#6739=CARTESIAN_POINT('',(1.30413661394384,-2.83441263991237,-1.88683067250482));
#6740=CARTESIAN_POINT('',(1.30413661394384,-1.39483531360961,-2.01471628391574));
#6741=CARTESIAN_POINT('',(1.30413661394384,-2.72842001451297,-1.43208143759771));
#6742=CARTESIAN_POINT('',(-0.0607586778145319,0.,0.));
#6743=CARTESIAN_POINT('',(0.492374440762124,0.,0.));
#6744=CARTESIAN_POINT('',(0.492374440762124,-2.82377168859877,-1.90271869982613));
#6745=CARTESIAN_POINT('',(0.492374440762124,-2.83441263991237,-1.88683067250482));
#6746=CARTESIAN_POINT('',(-0.0607586778145319,-2.82377168859877,-1.90271869982613));
#6747=CARTESIAN_POINT('',(-0.0607586778145319,-2.83441263991237,-1.88683067250482));
#6748=CARTESIAN_POINT('',(0.234291943133258,0.,0.));
#6749=CARTESIAN_POINT('',(0.234291943133257,-2.73689289328704,-1.46843335477545));
#6750=CARTESIAN_POINT('',(0.317037742819765,-2.7698469820788,-1.60981910315789));
#6751=CARTESIAN_POINT('',(0.403430249642131,-2.80230379028798,-1.74907132608407));
#6752=CARTESIAN_POINT('',(0.492374440762123,-2.83441263991237,-1.88683067250482));
#6753=CARTESIAN_POINT('',(0.234291943133258,-2.73689289328704,-1.46843335477545));
#6754=CARTESIAN_POINT('',(0.234291943133258,0.,0.));
#6755=CARTESIAN_POINT('',(0.234291943133258,-2.43071099848299,-1.9335261230705));
#6756=CARTESIAN_POINT('',(0.492374440762124,-2.82377168859877,-1.90271869982613));
#6757=CARTESIAN_POINT('',(0.404413773090323,-2.69401302320107,-1.91288896163317));
#6758=CARTESIAN_POINT('',(0.318156478967991,-2.56314275481465,-1.92314634897734));
#6759=CARTESIAN_POINT('',(0.234291943133258,-2.43071099848299,-1.9335261230705));
#6760=CARTESIAN_POINT('',(1.3808635513039,-2.85218322082946,-1.90049185262299));
#6761=CARTESIAN_POINT('',(1.3808635513039,-2.43071099848299,-1.9335261230705));
#6762=CARTESIAN_POINT('',(1.3808635513039,-2.43071099848299,-1.9335261230705));
#6763=CARTESIAN_POINT('',(1.3808635513039,-2.85218322082946,-1.90049185262299));
#6764=CARTESIAN_POINT('',(1.3808635513039,-2.47639256597612,-1.92994568010172));
#6765=CARTESIAN_POINT('',(-0.0607586778145319,-2.47639256597612,-1.92994568010172));
#6766=CARTESIAN_POINT('',(1.3808635513039,-2.43071099848299,-1.9335261230705));
#6767=CARTESIAN_POINT('',(0.234291943133257,-2.43071099848299,-1.9335261230705));
#6768=CARTESIAN_POINT('',(0.317037742819765,-2.43789010131056,-2.07852392407572));
#6769=CARTESIAN_POINT('',(0.403430249642131,-2.44496087073953,-2.22133369337983));
#6770=CARTESIAN_POINT('',(0.492374440762123,-2.45195583681445,-2.3626124469137));
#6771=CARTESIAN_POINT('',(0.492374440762124,-2.45195583681445,-2.3626124469137));
#6772=CARTESIAN_POINT('',(-0.0607586778145319,-2.45195583681445,-2.3626124469137));
#6773=CARTESIAN_POINT('',(1.30413661394384,-2.45195583681445,-2.3626124469137));
#6774=CARTESIAN_POINT('',(1.30413661394384,-2.48440224790276,-3.017939215636));
#6775=CARTESIAN_POINT('',(1.30413661394384,-2.43786319854099,-2.0779805633632));
#6776=CARTESIAN_POINT('',(1.30413661394384,-2.43786319854099,-2.0779805633632));
#6777=CARTESIAN_POINT('',(1.30413661394384,-2.43581230653239,-2.03655828003769));
#6778=CARTESIAN_POINT('',(1.32583322729097,-2.43321526602671,-1.98410532435647));
#6779=CARTESIAN_POINT('',(1.3678248317702,-2.43321526602671,-1.98410532435647));
#6780=CARTESIAN_POINT('',(1.3678248317702,-2.43321526602671,-1.98410532435646));
#6781=CARTESIAN_POINT('',(-0.0607586778145319,-2.43321526602671,-1.98410532435646));
#6782=CARTESIAN_POINT('',(1.3808635513039,-2.43321526602671,-1.98410532435647));
#6783=CARTESIAN_POINT('',(1.3808635513039,-2.43071099848299,-1.9335261230705));
#6784=CARTESIAN_POINT('',(1.3808635513039,9.38445396977828E-33,-1.42168400765445E-32));
#6785=CARTESIAN_POINT('',(1.3808635513039,0.,0.));
#6786=CARTESIAN_POINT('',(1.3678248317702,0.,0.));
#6787=CARTESIAN_POINT('',(1.30413661394384,0.,0.));
#6788=CARTESIAN_POINT('',(1.30413661394384,-1.72255722567052,-2.70073634418579));
#6789=CARTESIAN_POINT('',(1.30413661394384,-2.02764797715412,-2.47988384350125));
#6790=CARTESIAN_POINT('',(1.3678248317702,-1.64035074982759,-2.67702444637797));
#6791=CARTESIAN_POINT('',(1.32867516500199,-1.64035074982758,-2.67702444637797));
#6792=CARTESIAN_POINT('',(1.30413661394384,-1.68505749000513,-2.68991980095364));
#6793=CARTESIAN_POINT('',(1.30413661394384,-1.72255722567052,-2.70073634418579));
#6794=CARTESIAN_POINT('',(1.3678248317702,-1.64035074982757,-2.67702444637796));
#6795=CARTESIAN_POINT('',(1.3678248317702,0.,0.));
#6796=CARTESIAN_POINT('',(1.3678248317702,-2.03983681000303,-2.38668729780877));
#6797=CARTESIAN_POINT('',(1.30413661394384,-2.02764797715412,-2.47988384350125));
#6798=CARTESIAN_POINT('',(1.30413661394384,-2.03306918436791,-2.43843296858391));
#6799=CARTESIAN_POINT('',(1.32562959467483,-2.0398368100306,-2.38668729759801));
#6800=CARTESIAN_POINT('',(1.36782483173275,-2.0398368100354,-2.38668729756126));
#6801=CARTESIAN_POINT('',(1.30413661394384,0.,3.405));
#6802=CARTESIAN_POINT('',(1.30413661394384,0.,0.));
#6803=CARTESIAN_POINT('',(1.30413661394384,-1.97514607316373,-2.7735938761228));
#6804=CARTESIAN_POINT('',(1.30413661394384,-1.99069115564534,-2.76245791331478));
#6805=CARTESIAN_POINT('',(1.30413661394384,-0.597972879566316,-2.37635765238965));
#6806=CARTESIAN_POINT('',(1.30413661394384,-2.05124459613237,-2.29946268209437));
#6807=CARTESIAN_POINT('',(-0.0607586778145319,0.,0.));
#6808=CARTESIAN_POINT('',(0.492374440762124,0.,0.));
#6809=CARTESIAN_POINT('',(0.492374440762124,-1.97514607316373,-2.7735938761228));
#6810=CARTESIAN_POINT('',(0.492374440762124,-1.99069115564534,-2.76245791331478));
#6811=CARTESIAN_POINT('',(-0.0607586778145319,-1.97514607316373,-2.7735938761228));
#6812=CARTESIAN_POINT('',(-0.0607586778145319,-1.99069115564534,-2.76245791331478));
#6813=CARTESIAN_POINT('',(0.234291943133258,0.,0.));
#6814=CARTESIAN_POINT('',(0.234291943133257,-2.04640405219201,-2.33647377085948));
#6815=CARTESIAN_POINT('',(0.317037742819765,-2.02757742678353,-2.48042327585858));
#6816=CARTESIAN_POINT('',(0.403430249642131,-2.009034897085,-2.62220056805091));
#6817=CARTESIAN_POINT('',(0.492374440762123,-1.99069115564534,-2.76245791331478));
#6818=CARTESIAN_POINT('',(0.234291943133258,-2.04640405219201,-2.33647377085948));
#6819=CARTESIAN_POINT('',(0.234291943133258,0.,0.));
#6820=CARTESIAN_POINT('',(0.234291943133258,-1.59632399587673,-2.66432522919601));
#6821=CARTESIAN_POINT('',(0.492374440762124,-1.97514607316373,-2.7735938761228));
#6822=CARTESIAN_POINT('',(0.404413773090323,-1.85008791189742,-2.73752170164293));
#6823=CARTESIAN_POINT('',(0.318156478967992,-1.72395841543049,-2.70114050782445));
#6824=CARTESIAN_POINT('',(0.234291943133258,-1.59632399587673,-2.66432522919601));
#6825=CARTESIAN_POINT('',(1.3808635513039,-2.00252839841067,-2.78149212125906));
#6826=CARTESIAN_POINT('',(1.3808635513039,-1.59632399587673,-2.66432522919601));
#6827=CARTESIAN_POINT('',(1.3808635513039,-1.59632399587673,-2.66432522919601));
#6828=CARTESIAN_POINT('',(1.3808635513039,-2.00252839841067,-2.78149212125906));
#6829=CARTESIAN_POINT('',(1.3808635513039,-1.64035074982757,-2.67702444637796));
#6830=CARTESIAN_POINT('',(-0.0607586778145319,-1.64035074982757,-2.67702444637796));
#6831=CARTESIAN_POINT('',(1.3808635513039,-1.59632399587673,-2.66432522919601));
#6832=CARTESIAN_POINT('',(0.234291943133258,-1.59632399587673,-2.66432522919601));
#6833=CARTESIAN_POINT('',(0.317037742819765,-1.55209674546342,-2.80259978265627));
#6834=CARTESIAN_POINT('',(0.403430249642131,-1.50853688879874,-2.93878775891102));
#6835=CARTESIAN_POINT('',(0.492374440762124,-1.46544402278764,-3.07351570942398));
#6836=CARTESIAN_POINT('',(0.492374440762124,-1.46544402278764,-3.07351570942398));
#6837=CARTESIAN_POINT('',(-0.0607586778145319,-1.46544402278764,-3.07351570942398));
#6838=CARTESIAN_POINT('',(1.30413661394384,-1.46544402278764,-3.07351570942398));
#6839=CARTESIAN_POINT('',(1.30413661394384,-1.26555615620003,-3.69845633395368));
#6840=CARTESIAN_POINT('',(1.30413661394384,-1.55226248142721,-2.80208161645395));
#6841=CARTESIAN_POINT('',(1.30413661394384,-1.55226248142721,-2.80208161645395));
#6842=CARTESIAN_POINT('',(1.30413661394384,-1.56489711232939,-2.76257999856436));
#6843=CARTESIAN_POINT('',(1.32583322729097,-1.58089632052254,-2.71255917773666));
#6844=CARTESIAN_POINT('',(1.3678248317702,-1.58089632052254,-2.71255917773666));
#6845=CARTESIAN_POINT('',(1.3678248317702,-1.58089632052254,-2.71255917773666));
#6846=CARTESIAN_POINT('',(-0.0607586778145319,-1.58089632052254,-2.71255917773666));
#6847=CARTESIAN_POINT('',(1.3808635513039,-1.58089632052254,-2.71255917773666));
#6848=CARTESIAN_POINT('',(1.3808635513039,-1.59632399587673,-2.66432522919601));
#6849=CARTESIAN_POINT('',(1.3808635513039,1.37814927293083E-32,-1.00128405672392E-32));
#6850=CARTESIAN_POINT('',(1.3808635513039,0.,0.));
#6851=CARTESIAN_POINT('',(1.3678248317702,0.,0.));
#6852=CARTESIAN_POINT('',(1.30413661394384,0.,0.));
#6853=CARTESIAN_POINT('',(1.30413661394384,-0.663747383516812,-3.13378678397085));
#6854=CARTESIAN_POINT('',(1.30413661394384,-1.0269859923414,-3.03421818069339));
#6855=CARTESIAN_POINT('',(1.3678248317702,-0.595114578161113,-3.08270159240646));
#6856=CARTESIAN_POINT('',(1.32867516500199,-0.595114578161113,-3.08270159240646));
#6857=CARTESIAN_POINT('',(1.30413661394384,-0.632439484322471,-3.1104834959946));
#6858=CARTESIAN_POINT('',(1.30413661394384,-0.663747383516812,-3.13378678397085));
#6859=CARTESIAN_POINT('',(1.3678248317702,-0.595114578161099,-3.08270159240644));
#6860=CARTESIAN_POINT('',(1.3678248317702,0.,0.));
#6861=CARTESIAN_POINT('',(1.3678248317702,-1.07114452253463,-2.95124717379096));
#6862=CARTESIAN_POINT('',(1.30413661394384,-1.0269859923414,-3.03421818069339));
#6863=CARTESIAN_POINT('',(1.30413661394384,-1.04662630945801,-2.9973153019083));
#6864=CARTESIAN_POINT('',(1.32562959467483,-1.07114452263449,-2.95124717360332));
#6865=CARTESIAN_POINT('',(1.36782483173275,-1.07114452265191,-2.95124717357061));
#6866=CARTESIAN_POINT('',(1.30413661394384,0.,3.405));
#6867=CARTESIAN_POINT('',(1.30413661394384,0.,0.));
#6868=CARTESIAN_POINT('',(1.30413661394384,-0.874629568007295,-3.29075190781186));
#6869=CARTESIAN_POINT('',(1.30413661394384,-0.893096313266187,-3.28578818173514));
#6870=CARTESIAN_POINT('',(1.30413661394384,0.275149190515924,-2.4349415146418));
#6871=CARTESIAN_POINT('',(1.30413661394384,-1.11247342370793,-2.87359285582534));
#6872=CARTESIAN_POINT('',(-0.0607586778145319,0.,0.));
#6873=CARTESIAN_POINT('',(0.492374440762124,0.,0.));
#6874=CARTESIAN_POINT('',(0.492374440762124,-0.874629568007295,-3.29075190781186));
#6875=CARTESIAN_POINT('',(0.492374440762124,-0.893096313266187,-3.28578818173514));
#6876=CARTESIAN_POINT('',(-0.0607586778145319,-0.874629568007295,-3.29075190781186));
#6877=CARTESIAN_POINT('',(-0.0607586778145319,-0.893096313266187,-3.28578818173514));
#6878=CARTESIAN_POINT('',(0.234291943133258,0.,0.));
#6879=CARTESIAN_POINT('',(0.234291943133257,-1.0949367728742,-2.90654308245208));
#6880=CARTESIAN_POINT('',(0.317037742819765,-1.02673039767465,-3.03469842645261));
#6881=CARTESIAN_POINT('',(0.403430249642131,-0.959553263678209,-3.16091989315711));
#6882=CARTESIAN_POINT('',(0.492374440762123,-0.893096313266186,-3.28578818173514));
#6883=CARTESIAN_POINT('',(0.234291943133258,-1.0949367728742,-2.90654308245208));
#6884=CARTESIAN_POINT('',(0.234291943133258,0.,0.));
#6885=CARTESIAN_POINT('',(0.234291943133258,-0.558357381074526,-3.05534224952652));
#6886=CARTESIAN_POINT('',(0.492374440762124,-0.874629568007295,-3.29075190781186));
#6887=CARTESIAN_POINT('',(0.404413773090323,-0.770220610533779,-3.21303759078912));
#6888=CARTESIAN_POINT('',(0.318156478967992,-0.664917213303043,-3.13465751886821));
#6889=CARTESIAN_POINT('',(0.234291943133258,-0.558357381074527,-3.05534224952652));
#6890=CARTESIAN_POINT('',(1.3808635513039,-0.89749061124737,-3.30776798004187));
#6891=CARTESIAN_POINT('',(1.3808635513039,-0.558357381074526,-3.05534224952652));
#6892=CARTESIAN_POINT('',(1.3808635513039,-0.558357381074526,-3.05534224952652));
#6893=CARTESIAN_POINT('',(1.3808635513039,-0.89749061124737,-3.30776798004187));
#6894=CARTESIAN_POINT('',(1.3808635513039,-0.595114578161099,-3.08270159240644));
#6895=CARTESIAN_POINT('',(-0.0607586778145319,-0.595114578161099,-3.08270159240644));
#6896=CARTESIAN_POINT('',(1.3808635513039,-0.558357381074526,-3.05534224952652));
#6897=CARTESIAN_POINT('',(0.234291943133257,-0.558357381074526,-3.05534224952652));
#6898=CARTESIAN_POINT('',(0.317037742819765,-0.468364090108041,-3.16925936586458));
#6899=CARTESIAN_POINT('',(0.403430249642131,-0.37972880714,-3.28145746122358));
#6900=CARTESIAN_POINT('',(0.492374440762124,-0.292043753394265,-3.39245271832982));
#6901=CARTESIAN_POINT('',(0.492374440762124,-0.292043753394266,-3.39245271832982));
#6902=CARTESIAN_POINT('',(-0.0607586778145319,-0.292043753394266,-3.39245271832982));
#6903=CARTESIAN_POINT('',(1.30413661394384,-0.292043753394266,-3.39245271832982));
#6904=CARTESIAN_POINT('',(1.30413661394384,0.114686639528242,-3.90730835913569));
#6905=CARTESIAN_POINT('',(1.30413661394384,-0.468701328454849,-3.16883247604231));
#6906=CARTESIAN_POINT('',(1.30413661394384,-0.468701328454849,-3.1688324760423));
#6907=CARTESIAN_POINT('',(1.30413661394384,-0.494410184520014,-3.13628917513797));
#6908=CARTESIAN_POINT('',(1.32583322729097,-0.526965258251806,-3.09507965738536));
#6909=CARTESIAN_POINT('',(1.3678248317702,-0.526965258251806,-3.09507965738536));
#6910=CARTESIAN_POINT('',(1.3678248317702,-0.526965258251806,-3.09507965738536));
#6911=CARTESIAN_POINT('',(-0.0607586778145319,-0.526965258251806,-3.09507965738536));
#6912=CARTESIAN_POINT('',(1.3808635513039,-0.526965258251806,-3.09507965738536));
#6913=CARTESIAN_POINT('',(1.3808635513039,-0.558357381074526,-3.05534224952652));
#6914=CARTESIAN_POINT('',(1.3808635513039,1.64209741555147E-32,-4.53190090986647E-33));
#6915=CARTESIAN_POINT('',(1.3808635513039,0.,0.));
#6916=CARTESIAN_POINT('',(1.3678248317702,0.,0.));
#6917=CARTESIAN_POINT('',(1.30413661394384,0.,0.));
#6918=CARTESIAN_POINT('',(1.30413661394384,0.479710334181867,-3.16718458442113));
#6919=CARTESIAN_POINT('',(1.30413661394384,0.10464778177698,-3.20159788828718));
#6920=CARTESIAN_POINT('',(1.3678248317702,0.526016709626602,-3.09524100679717));
#6921=CARTESIAN_POINT('',(1.32867516500199,0.526016709626602,-3.09524100679717));
#6922=CARTESIAN_POINT('',(1.30413661394384,0.500833692420911,-3.13436642604544));
#6923=CARTESIAN_POINT('',(1.30413661394384,0.479710334181866,-3.16718458442113));
#6924=CARTESIAN_POINT('',(1.3678248317702,0.526016709626611,-3.09524100679716));
#6925=CARTESIAN_POINT('',(1.3678248317702,0.,0.));
#6926=CARTESIAN_POINT('',(1.3678248317702,0.0341511030196889,-3.13943373415137));
#6927=CARTESIAN_POINT('',(1.30413661394384,0.10464778177698,-3.20159788828718));
#6928=CARTESIAN_POINT('',(1.30413661394384,0.0732930894807789,-3.17394923931334));
#6929=CARTESIAN_POINT('',(1.32562959467483,0.0341511028602599,-3.13943373401079));
#6930=CARTESIAN_POINT('',(1.36782483173275,0.0341511028324606,-3.13943373398627));
#6931=CARTESIAN_POINT('',(1.30413661394384,0.,3.405));
#6932=CARTESIAN_POINT('',(1.30413661394384,0.,0.));
#6933=CARTESIAN_POINT('',(1.30413661394384,0.337428672241735,-3.38823949731261));
#6934=CARTESIAN_POINT('',(1.30413661394384,0.318395333006147,-3.39008103323798));
#6935=CARTESIAN_POINT('',(1.30413661394384,1.11318141314493,-2.18299665556233));
#6936=CARTESIAN_POINT('',(1.30413661394384,-0.0318282277383078,-3.08125298919545));
#6937=CARTESIAN_POINT('',(-0.0607586778145319,0.,0.));
#6938=CARTESIAN_POINT('',(0.492374440762124,0.,0.));
#6939=CARTESIAN_POINT('',(0.492374440762124,0.337428672241735,-3.38823949731261));
#6940=CARTESIAN_POINT('',(0.492374440762124,0.318395333006147,-3.39008103323798));
#6941=CARTESIAN_POINT('',(-0.0607586778145319,0.337428672241735,-3.38823949731261));
#6942=CARTESIAN_POINT('',(-0.0607586778145319,0.318395333006147,-3.39008103323798));
#6943=CARTESIAN_POINT('',(0.234291943133258,0.,0.));
#6944=CARTESIAN_POINT('',(0.234291943133257,-0.00383192362912917,-3.10594020275721));
#6945=CARTESIAN_POINT('',(0.317037742819765,0.1050558246859,-3.20195770158238));
#6946=CARTESIAN_POINT('',(0.403430249642131,0.21230044570159,-3.29652628649413));
#6947=CARTESIAN_POINT('',(0.492374440762123,0.318395333006147,-3.39008103323798));
#6948=CARTESIAN_POINT('',(0.234291943133258,-0.00383192362912971,-3.10594020275721));
#6949=CARTESIAN_POINT('',(0.234291943133258,0.,0.));
#6950=CARTESIAN_POINT('',(0.234291943133258,0.550816694994624,-3.05671068229517));
#6951=CARTESIAN_POINT('',(0.492374440762124,0.337428672241734,-3.38823949731261));
#6952=CARTESIAN_POINT('',(0.404413773090323,0.407873124563115,-3.27879396470319));
#6953=CARTESIAN_POINT('',(0.318156478967992,0.478921053064667,-3.16841084553047));
#6954=CARTESIAN_POINT('',(0.234291943133258,0.550816694994624,-3.05671068229517));
#6955=CARTESIAN_POINT('',(1.3808635513039,0.32200438576755,-3.41220333254247));
#6956=CARTESIAN_POINT('',(1.3808635513039,0.550816694994624,-3.05671068229517));
#6957=CARTESIAN_POINT('',(1.3808635513039,0.550816694994624,-3.05671068229517));
#6958=CARTESIAN_POINT('',(1.3808635513039,0.32200438576755,-3.41220333254247));
#6959=CARTESIAN_POINT('',(1.3808635513039,0.526016709626611,-3.09524100679716));
#6960=CARTESIAN_POINT('',(-0.0607586778145319,0.526016709626611,-3.09524100679716));
#6961=CARTESIAN_POINT('',(1.3808635513039,0.550816694994624,-3.05671068229517));
#6962=CARTESIAN_POINT('',(0.234291943133257,0.550816694994625,-3.05671068229517));
#6963=CARTESIAN_POINT('',(0.317037742819765,0.675099158834216,-3.13174248219174));
#6964=CARTESIAN_POINT('',(0.403430249642131,0.797506187536944,-3.20564204452589));
#6965=CARTESIAN_POINT('',(0.492374440762123,0.918600931427191,-3.27874935436991));
#6966=CARTESIAN_POINT('',(0.492374440762124,0.91860093142719,-3.27874935436991));
#6967=CARTESIAN_POINT('',(-0.0607586778145319,0.918600931427189,-3.27874935436991));
#6968=CARTESIAN_POINT('',(1.30413661394384,0.91860093142719,-3.27874935436991));
#6969=CARTESIAN_POINT('',(1.30413661394384,1.48030341844569,-3.61786033837625));
#6970=CARTESIAN_POINT('',(1.30413661394384,0.674633426198012,-3.13146131011898));
#6971=CARTESIAN_POINT('',(1.30413661394384,0.674633426198012,-3.13146131011898));
#6972=CARTESIAN_POINT('',(1.30413661394384,0.63912900203526,-3.11002658178385));
#6973=CARTESIAN_POINT('',(1.32583322729097,0.59416981974051,-3.08288382756708));
#6974=CARTESIAN_POINT('',(1.3678248317702,0.59416981974051,-3.08288382756708));
#6975=CARTESIAN_POINT('',(1.3678248317702,0.59416981974051,-3.08288382756708));
#6976=CARTESIAN_POINT('',(-0.0607586778145319,0.59416981974051,-3.08288382756708));
#6977=CARTESIAN_POINT('',(1.3808635513039,0.59416981974051,-3.08288382756708));
#6978=CARTESIAN_POINT('',(1.3808635513039,0.550816694994624,-3.05671068229517));
#6979=CARTESIAN_POINT('',(1.3808635513039,1.69662844992252E-32,1.5269932430373E-33));
#6980=CARTESIAN_POINT('',(1.3808635513039,0.,0.));
#6981=CARTESIAN_POINT('',(1.3678248317702,0.,0.));
#6982=CARTESIAN_POINT('',(1.30413661394384,0.,0.));
#6983=CARTESIAN_POINT('',(1.30413661394384,1.56199046885142,-2.79667051540453));
#6984=CARTESIAN_POINT('',(1.30413661394384,1.22293579721081,-2.96067698886861));
#6985=CARTESIAN_POINT('',(1.3678248317702,1.58006495034432,-2.71304353478867));
#6986=CARTESIAN_POINT('',(1.32867516500199,1.58006495034432,-2.71304353478867));
#6987=CARTESIAN_POINT('',(1.30413661394384,1.5702354187939,-2.75852279485779));
#6988=CARTESIAN_POINT('',(1.30413661394384,1.56199046885142,-2.79667051540453));
#6989=CARTESIAN_POINT('',(1.3678248317702,1.58006495034432,-2.71304353478865));
#6990=CARTESIAN_POINT('',(1.3678248317702,0.,0.));
#6991=CARTESIAN_POINT('',(1.3678248317702,1.13509142957031,-2.92724749815951));
#6992=CARTESIAN_POINT('',(1.30413661394384,1.22293579721081,-2.96067698886861));
#6993=CARTESIAN_POINT('',(1.30413661394384,1.18386540175566,-2.94580860906293));
#6994=CARTESIAN_POINT('',(1.32562959467483,1.13509142937165,-2.92724749808391));
#6995=CARTESIAN_POINT('',(1.36782483173275,1.13509142933701,-2.92724749807073));
#6996=CARTESIAN_POINT('',(1.30413661394384,0.,3.405));
#6997=CARTESIAN_POINT('',(1.30413661394384,0.,0.));
#6998=CARTESIAN_POINT('',(1.30413661394384,1.50645454662005,-3.05362402711398));
#6999=CARTESIAN_POINT('',(1.30413661394384,1.4892819400848,-3.06203597348843));
#7000=CARTESIAN_POINT('',(1.30413661394384,1.80924932215267,-1.65265366821296));
#7001=CARTESIAN_POINT('',(1.30413661394384,1.0528760303494,-2.89596013167008));
#7002=CARTESIAN_POINT('',(-0.0607586778145319,0.,0.));
#7003=CARTESIAN_POINT('',(0.492374440762124,0.,0.));
#7004=CARTESIAN_POINT('',(0.492374440762124,1.50645454662005,-3.05362402711398));
#7005=CARTESIAN_POINT('',(0.492374440762124,1.4892819400848,-3.06203597348843));
#7006=CARTESIAN_POINT('',(-0.0607586778145319,1.50645454662005,-3.05362402711398));
#7007=CARTESIAN_POINT('',(-0.0607586778145319,1.4892819400848,-3.06203597348843));
#7008=CARTESIAN_POINT('',(0.234291943133258,0.,0.));
#7009=CARTESIAN_POINT('',(0.234291943133257,1.08776161182777,-2.90923596543423));
#7010=CARTESIAN_POINT('',(0.317037742819765,1.22344425054416,-2.96087048261716));
#7011=CARTESIAN_POINT('',(0.403430249642131,1.35707942431458,-3.01172582963553));
#7012=CARTESIAN_POINT('',(0.492374440762123,1.4892819400848,-3.06203597348843));
#7013=CARTESIAN_POINT('',(0.234291943133258,1.08776161182776,-2.90923596543423));
#7014=CARTESIAN_POINT('',(0.234291943133258,0.,0.));
#7015=CARTESIAN_POINT('',(0.234291943133258,1.58974497544353,-2.66825601091692));
#7016=CARTESIAN_POINT('',(0.492374440762124,1.50645454662005,-3.05362402711398));
#7017=CARTESIAN_POINT('',(0.404413773090323,1.53395069455933,-2.92640489600737));
#7018=CARTESIAN_POINT('',(0.318156478967992,1.56168239362833,-2.79809591732931));
#7019=CARTESIAN_POINT('',(0.234291943133258,1.58974497544353,-2.66825601091692));
#7020=CARTESIAN_POINT('',(1.3808635513039,1.50043408015639,-3.08147951123688));
#7021=CARTESIAN_POINT('',(1.3808635513039,1.58974497544353,-2.66825601091692));
#7022=CARTESIAN_POINT('',(1.3808635513039,1.58974497544353,-2.66825601091692));
#7023=CARTESIAN_POINT('',(1.3808635513039,1.50043408015639,-3.08147951123688));
#7024=CARTESIAN_POINT('',(1.3808635513039,1.58006495034432,-2.71304353478865));
#7025=CARTESIAN_POINT('',(-0.0607586778145319,1.58006495034432,-2.71304353478865));
#7026=CARTESIAN_POINT('',(1.3808635513039,1.58974497544353,-2.66825601091692));
#7027=CARTESIAN_POINT('',(0.234291943133257,1.58974497544353,-2.66825601091692));
#7028=CARTESIAN_POINT('',(0.317037742819765,1.73246683738834,-2.69483366951891));
#7029=CARTESIAN_POINT('',(0.403430249642131,1.87303501178608,-2.72101026852443));
#7030=CARTESIAN_POINT('',(0.492374440762124,2.01209620180282,-2.74690623696745));
#7031=CARTESIAN_POINT('',(0.492374440762124,2.01209620180282,-2.74690623696745));
#7032=CARTESIAN_POINT('',(-0.0607586778145319,2.01209620180282,-2.74690623696745));
#7033=CARTESIAN_POINT('',(1.30413661394384,2.01209620180282,-2.74690623696745));
#7034=CARTESIAN_POINT('',(1.30413661394384,2.65713671942389,-2.86702565264896));
#7035=CARTESIAN_POINT('',(1.30413661394384,1.73193200546633,-2.69473407314287));
#7036=CARTESIAN_POINT('',(1.30413661394384,1.73193200546633,-2.69473407314287));
#7037=CARTESIAN_POINT('',(1.30413661394384,1.69115990160519,-2.68714149382712));
#7038=CARTESIAN_POINT('',(1.32583322729097,1.63953026689739,-2.67752702561383));
#7039=CARTESIAN_POINT('',(1.3678248317702,1.63953026689739,-2.67752702561383));
#7040=CARTESIAN_POINT('',(1.3678248317702,1.63953026689739,-2.67752702561383));
#7041=CARTESIAN_POINT('',(-0.0607586778145319,1.63953026689739,-2.67752702561383));
#7042=CARTESIAN_POINT('',(1.3808635513039,1.63953026689739,-2.67752702561383));
#7043=CARTESIAN_POINT('',(1.3808635513039,1.58974497544353,-2.66825601091692));
#7044=CARTESIAN_POINT('',(1.3808635513039,1.53478801912234E-32,7.39114955259204E-33));
#7045=CARTESIAN_POINT('',(1.3808635513039,0.,0.));
#7046=CARTESIAN_POINT('',(1.3678248317702,0.,0.));
#7047=CARTESIAN_POINT('',(1.30413661394384,0.,0.));
#7048=CARTESIAN_POINT('',(1.30413661394384,2.44506955490936,-2.06949633200233));
#7049=CARTESIAN_POINT('',(1.30413661394384,2.18526249402776,-2.34218018707173));
#7050=CARTESIAN_POINT('',(1.3678248317702,2.43260709914939,-1.98485091886851));
#7051=CARTESIAN_POINT('',(1.32867516500199,2.43260709914939,-1.98485091886851));
#7052=CARTESIAN_POINT('',(1.30413661394384,2.43938461595597,-2.03088403795545));
#7053=CARTESIAN_POINT('',(1.30413661394384,2.44506955490936,-2.06949633200233));
#7054=CARTESIAN_POINT('',(1.3678248317702,2.43260709914938,-1.9848509188685));
#7055=CARTESIAN_POINT('',(1.3678248317702,0.,0.));
#7056=CARTESIAN_POINT('',(1.3678248317702,2.09127325243639,-2.34174863138835));
#7057=CARTESIAN_POINT('',(1.30413661394384,2.18526249402776,-2.34218018707173));
#7058=CARTESIAN_POINT('',(1.30413661394384,2.14345905305436,-2.34198824475757));
#7059=CARTESIAN_POINT('',(1.32562959467483,2.09127325222383,-2.34174863138738));
#7060=CARTESIAN_POINT('',(1.36782483173275,2.09127325218677,-2.34174863138721));
#7061=CARTESIAN_POINT('',(1.30413661394384,0.,3.405));
#7062=CARTESIAN_POINT('',(1.30413661394384,0.,0.));
#7063=CARTESIAN_POINT('',(1.30413661394384,2.4833618829172,-2.32957909470229));
#7064=CARTESIAN_POINT('',(1.30413661394384,2.47024003603663,-2.34348867382835));
#7065=CARTESIAN_POINT('',(1.30413661394384,2.27458319701636,-0.911547330980966));
#7066=CARTESIAN_POINT('',(1.30413661394384,2.003306735886,-2.34134472930849));
#7067=CARTESIAN_POINT('',(-0.0607586778145319,0.,0.));
#7068=CARTESIAN_POINT('',(0.492374440762124,0.,0.));
#7069=CARTESIAN_POINT('',(0.492374440762124,2.4833618829172,-2.32957909470229));
#7070=CARTESIAN_POINT('',(0.492374440762124,2.47024003603663,-2.34348867382835));
#7071=CARTESIAN_POINT('',(-0.0607586778145319,2.4833618829172,-2.32957909470229));
#7072=CARTESIAN_POINT('',(-0.0607586778145319,2.47024003603663,-2.34348867382835));
#7073=CARTESIAN_POINT('',(0.234291943133258,0.,0.));
#7074=CARTESIAN_POINT('',(0.234291943133257,2.04063262750201,-2.34151611276037));
#7075=CARTESIAN_POINT('',(0.317037742819765,2.18580651460039,-2.3421826849658));
#7076=CARTESIAN_POINT('',(0.403430249642131,2.32878971284043,-2.34283919852823));
#7077=CARTESIAN_POINT('',(0.492374440762123,2.47024003603663,-2.34348867382835));
#7078=CARTESIAN_POINT('',(0.234291943133258,2.04063262750201,-2.34151611276037));
#7079=CARTESIAN_POINT('',(0.234291943133258,0.,0.));
#7080=CARTESIAN_POINT('',(0.234291943133258,2.42593266787446,-1.93951796013383));
#7081=CARTESIAN_POINT('',(0.492374440762124,2.4833618829172,-2.32957909470229));
#7082=CARTESIAN_POINT('',(0.404413773090323,2.46440313561386,-2.20081065380272));
#7083=CARTESIAN_POINT('',(0.318156478967992,2.44528197449329,-2.0709390928663));
#7084=CARTESIAN_POINT('',(0.234291943133258,2.42593266787446,-1.93951796013383));
#7085=CARTESIAN_POINT('',(1.3808635513039,2.48751302810979,-2.35777381062126));
#7086=CARTESIAN_POINT('',(1.3808635513039,2.42593266787446,-1.93951796013383));
#7087=CARTESIAN_POINT('',(1.3808635513039,2.42593266787446,-1.93951796013383));
#7088=CARTESIAN_POINT('',(1.3808635513039,2.48751302810979,-2.35777381062126));
#7089=CARTESIAN_POINT('',(1.3808635513039,2.43260709914938,-1.9848509188685));
#7090=CARTESIAN_POINT('',(-0.0607586778145319,2.43260709914938,-1.9848509188685));
#7091=CARTESIAN_POINT('',(1.3808635513039,2.42593266787446,-1.93951796013383));
#7092=CARTESIAN_POINT('',(0.234291943133257,2.42593266787446,-1.93951796013383));
#7093=CARTESIAN_POINT('',(0.317037742819765,2.56889257194559,-1.91425202176356));
#7094=CARTESIAN_POINT('',(0.403430249642131,2.70969519638954,-1.88936734899683));
#7095=CARTESIAN_POINT('',(0.492374440762123,2.84898832299195,-1.8647494564835));
#7096=CARTESIAN_POINT('',(0.492374440762124,2.84898832299195,-1.8647494564835));
#7097=CARTESIAN_POINT('',(-0.0607586778145319,2.84898832299195,-1.8647494564835));
#7098=CARTESIAN_POINT('',(1.30413661394384,2.84898832299195,-1.8647494564835));
#7099=CARTESIAN_POINT('',(1.30413661394384,3.49510468711814,-1.75055844368096));
#7100=CARTESIAN_POINT('',(1.30413661394384,2.56835684799116,-1.91434670263583));
#7101=CARTESIAN_POINT('',(1.30413661394384,2.56835684799116,-1.91434670263583));
#7102=CARTESIAN_POINT('',(1.30413661394384,2.52751674138562,-1.92156455594396));
#7103=CARTESIAN_POINT('',(1.32583322729097,2.47580099493671,-1.93070450935286));
#7104=CARTESIAN_POINT('',(1.3678248317702,2.47580099493671,-1.93070450935286));
#7105=CARTESIAN_POINT('',(1.3678248317702,2.47580099493671,-1.93070450935286));
#7106=CARTESIAN_POINT('',(-0.0607586778145319,2.47580099493671,-1.93070450935286));
#7107=CARTESIAN_POINT('',(1.3808635513039,2.47580099493671,-1.93070450935286));
#7108=CARTESIAN_POINT('',(1.3808635513039,2.42593266787446,-1.93951796013383));
#7109=CARTESIAN_POINT('',(1.3808635513039,1.17721567516233E-32,1.23127106474626E-32));
#7110=CARTESIAN_POINT('',(1.3808635513039,0.,0.));
#7111=CARTESIAN_POINT('',(1.3678248317702,0.,0.));
#7112=CARTESIAN_POINT('',(1.30413661394384,0.,0.));
#7113=CARTESIAN_POINT('',(1.30413661394384,3.01632828804003,-1.07839874595869));
#7114=CARTESIAN_POINT('',(1.30413661394384,2.86890209960908,-1.42498454004749));
#7115=CARTESIAN_POINT('',(1.3678248317702,2.97491823523455,-1.00352975174339));
#7116=CARTESIAN_POINT('',(1.32867516500199,2.97491823523455,-1.00352975174339));
#7117=CARTESIAN_POINT('',(1.30413661394384,2.9974384619263,-1.04424611426126));
#7118=CARTESIAN_POINT('',(1.30413661394384,3.01632828804003,-1.07839874595869));
#7119=CARTESIAN_POINT('',(1.3678248317702,2.97491823523454,-1.00352975174337));
#7120=CARTESIAN_POINT('',(1.3678248317702,0.,0.));
#7121=CARTESIAN_POINT('',(1.3678248317702,2.78075445636393,-1.45760595579781));
#7122=CARTESIAN_POINT('',(1.30413661394384,2.86890209960908,-1.42498454004749));
#7123=CARTESIAN_POINT('',(1.30413661394384,2.82969681676019,-1.43949351367785));
#7124=CARTESIAN_POINT('',(1.32562959467483,2.78075445616458,-1.45760595587158));
#7125=CARTESIAN_POINT('',(1.36782483173275,2.78075445612982,-1.45760595588444));
#7126=CARTESIAN_POINT('',(1.30413661394384,0.,3.405));
#7127=CARTESIAN_POINT('',(1.30413661394384,0.,0.));
#7128=CARTESIAN_POINT('',(1.30413661394384,3.14356543578923,-1.30844233763329));
#7129=CARTESIAN_POINT('',(1.30413661394384,3.13616778109091,-1.32607565728631));
#7130=CARTESIAN_POINT('',(1.30413661394384,2.44983888828318,-0.0541911267929623));
#7131=CARTESIAN_POINT('',(1.30413661394384,2.6982552150985,-1.48813702786425));
#7132=CARTESIAN_POINT('',(-0.0607586778145319,0.,0.));
#7133=CARTESIAN_POINT('',(0.492374440762124,0.,0.));
#7134=CARTESIAN_POINT('',(0.492374440762124,3.14356543578923,-1.30844233763329));
#7135=CARTESIAN_POINT('',(0.492374440762124,3.13616778109091,-1.32607565728631));
#7136=CARTESIAN_POINT('',(-0.0607586778145319,3.14356543578923,-1.30844233763329));
#7137=CARTESIAN_POINT('',(-0.0607586778145319,3.13616778109091,-1.32607565728631));
#7138=CARTESIAN_POINT('',(0.234291943133258,0.,0.));
#7139=CARTESIAN_POINT('',(0.234291943133257,2.73326123623738,-1.4751821044279));
#7140=CARTESIAN_POINT('',(0.317037742819765,2.86941230833661,-1.42479572353003));
#7141=CARTESIAN_POINT('',(0.403430249642131,3.00350884678205,-1.37516967829204));
#7142=CARTESIAN_POINT('',(0.492374440762123,3.13616778109091,-1.32607565728631));
#7143=CARTESIAN_POINT('',(0.234291943133258,2.73326123623738,-1.4751821044279));
#7144=CARTESIAN_POINT('',(0.234291943133258,0.,0.));
#7145=CARTESIAN_POINT('',(0.234291943133258,2.95274053953279,-0.963432682101778));
#7146=CARTESIAN_POINT('',(0.492374440762124,3.14356543578923,-1.30844233763329));
#7147=CARTESIAN_POINT('',(0.404413773090323,3.08056960719188,-1.19454645952372));
#7148=CARTESIAN_POINT('',(0.318156478967992,3.01703411250648,-1.0796748700956));
#7149=CARTESIAN_POINT('',(0.234291943133258,2.95274053953279,-0.963432682101778));
#7150=CARTESIAN_POINT('',(1.3808635513039,3.15735879601768,-1.33338060593263));
#7151=CARTESIAN_POINT('',(1.3808635513039,2.95274053953279,-0.963432682101777));
#7152=CARTESIAN_POINT('',(1.3808635513039,2.95274053953279,-0.963432682101777));
#7153=CARTESIAN_POINT('',(1.3808635513039,3.15735879601768,-1.33338060593263));
#7154=CARTESIAN_POINT('',(1.3808635513039,2.97491823523454,-1.00352975174337));
#7155=CARTESIAN_POINT('',(-0.0607586778145319,2.97491823523454,-1.00352975174337));
#7156=CARTESIAN_POINT('',(1.3808635513039,2.95274053953279,-0.963432682101777));
#7157=CARTESIAN_POINT('',(0.234291943133257,2.95274053953279,-0.963432682101777));
#7158=CARTESIAN_POINT('',(0.317037742819765,3.07770677217739,-0.889545318416414));
#7159=CARTESIAN_POINT('',(0.403430249642131,3.20078725154367,-0.816772922633559));
#7160=CARTESIAN_POINT('',(0.492374440762123,3.32254822625816,-0.744780695365256));
#7161=CARTESIAN_POINT('',(0.492374440762124,3.32254822625816,-0.744780695365256));
#7162=CARTESIAN_POINT('',(-0.0607586778145319,3.32254822625816,-0.744780695365257));
#7163=CARTESIAN_POINT('',(1.30413661394384,3.32254822625816,-0.744780695365256));
#7164=CARTESIAN_POINT('',(1.30413661394384,3.8873410498089,-0.410842063484932));
#7165=CARTESIAN_POINT('',(1.30413661394384,3.07723847720505,-0.889822201860854));
#7166=CARTESIAN_POINT('',(1.30413661394384,3.07723847720505,-0.889822201860854));
#7167=CARTESIAN_POINT('',(1.30413661394384,3.04153871721669,-0.910929993093079));
#7168=CARTESIAN_POINT('',(1.32583322729097,2.99633218155122,-0.937658747501233));
#7169=CARTESIAN_POINT('',(1.3678248317702,2.99633218155122,-0.937658747501233));
#7170=CARTESIAN_POINT('',(1.3678248317702,2.99633218155122,-0.937658747501233));
#7171=CARTESIAN_POINT('',(-0.0607586778145319,2.99633218155122,-0.937658747501233));
#7172=CARTESIAN_POINT('',(1.3808635513039,2.99633218155122,-0.937658747501233));
#7173=CARTESIAN_POINT('',(1.3808635513039,2.95274053953279,-0.963432682101777));
#7174=CARTESIAN_POINT('',(1.3808635513039,6.69512711579012E-33,1.56640285679113E-32));
#7175=CARTESIAN_POINT('',(1.3808635513039,0.,0.));
#7176=CARTESIAN_POINT('',(1.3678248317702,0.,0.));
#7177=CARTESIAN_POINT('',(1.30413661394384,0.,0.));
#7178=CARTESIAN_POINT('',(1.30413661394384,3.20291389421091,0.0502273111609539));
#7179=CARTESIAN_POINT('',(1.30413661394384,3.1866698781834,-0.326060245958256));
#7180=CARTESIAN_POINT('',(1.3678248317702,3.13783727910784,0.105771824255321));
#7181=CARTESIAN_POINT('',(1.32867516500199,3.13783727910784,0.105771824255322));
#7182=CARTESIAN_POINT('',(1.30413661394384,3.17322820534832,0.0755647865525643));
#7183=CARTESIAN_POINT('',(1.30413661394384,3.20291389421091,0.0502273111609539));
#7184=CARTESIAN_POINT('',(1.3678248317702,3.13783727910782,0.105771824255333));
#7185=CARTESIAN_POINT('',(1.3678248317702,0.,0.));
#7186=CARTESIAN_POINT('',(1.3678248317702,3.11560532503313,-0.387574415551783));
#7187=CARTESIAN_POINT('',(1.30413661394384,3.1866698781834,-0.326060245958256));
#7188=CARTESIAN_POINT('',(1.30413661394384,3.15506261332394,-0.353419802372279));
#7189=CARTESIAN_POINT('',(1.32562959467483,3.11560532487242,-0.387574415690898));
#7190=CARTESIAN_POINT('',(1.36782483173275,3.11560532484439,-0.387574415715156));
#7191=CARTESIAN_POINT('',(1.30413661394384,0.,3.405));
#7192=CARTESIAN_POINT('',(1.30413661394384,0.,0.));
#7193=CARTESIAN_POINT('',(1.30413661394384,3.40286927533016,-0.120439590725025));
#7194=CARTESIAN_POINT('',(1.30413661394384,3.40213923763169,-0.139547869087563));
#7195=CARTESIAN_POINT('',(1.30413661394384,2.31266599230365,0.810076085815305));
#7196=CARTESIAN_POINT('',(1.30413661394384,3.04909450863547,-0.445146826244891));
#7197=CARTESIAN_POINT('',(-0.0607586778145319,0.,0.));
#7198=CARTESIAN_POINT('',(0.492374440762124,0.,0.));
#7199=CARTESIAN_POINT('',(0.492374440762124,3.40286927533016,-0.120439590725025));
#7200=CARTESIAN_POINT('',(0.492374440762124,3.40213923763169,-0.139547869087563));
#7201=CARTESIAN_POINT('',(-0.0607586778145319,3.40286927533016,-0.120439590725025));
#7202=CARTESIAN_POINT('',(-0.0607586778145319,3.40213923763169,-0.139547869087563));
#7203=CARTESIAN_POINT('',(0.234291943133258,0.,0.));
#7204=CARTESIAN_POINT('',(0.234291943133257,3.07731633236461,-0.42071774065785));
#7205=CARTESIAN_POINT('',(0.317037742819765,3.18708120801481,-0.32570419484857));
#7206=CARTESIAN_POINT('',(0.403430249642131,3.29518972042416,-0.232124413198638));
#7207=CARTESIAN_POINT('',(0.492374440762123,3.40213923763169,-0.139547869087563));
#7208=CARTESIAN_POINT('',(0.234291943133258,3.07731633236461,-0.42071774065785));
#7209=CARTESIAN_POINT('',(0.234291943133258,0.,0.));
#7210=CARTESIAN_POINT('',(0.234291943133258,3.10298464624992,0.135519415138529));
#7211=CARTESIAN_POINT('',(0.492374440762124,3.40286927533016,-0.120439590725025));
#7212=CARTESIAN_POINT('',(0.404413773090323,3.30387023975813,-0.0359414462079666));
#7213=CARTESIAN_POINT('',(0.318156478967992,3.20402310958306,0.0492805681924455));
#7214=CARTESIAN_POINT('',(0.234291943133258,3.10298464624992,0.135519415138529));
#7215=CARTESIAN_POINT('',(1.3808635513039,3.4245457797959,-0.138941027596479));
#7216=CARTESIAN_POINT('',(1.3808635513039,3.10298464624991,0.135519415138529));
#7217=CARTESIAN_POINT('',(1.3808635513039,3.10298464624991,0.135519415138529));
#7218=CARTESIAN_POINT('',(1.3808635513039,3.4245457797959,-0.138941027596479));
#7219=CARTESIAN_POINT('',(1.3808635513039,3.13783727910782,0.105771824255332));
#7220=CARTESIAN_POINT('',(-0.0607586778145319,3.13783727910782,0.105771824255333));
#7221=CARTESIAN_POINT('',(1.3808635513039,3.10298464624991,0.135519415138529));
#7222=CARTESIAN_POINT('',(0.234291943133257,3.10298464624991,0.13551941513853));
#7223=CARTESIAN_POINT('',(0.317037742819765,3.19402023148749,0.248605329532012));
#7224=CARTESIAN_POINT('',(0.403430249642131,3.28368208039908,0.359984765869091));
#7225=CARTESIAN_POINT('',(0.492374440762123,3.37238269461824,0.470170140522975));
#7226=CARTESIAN_POINT('',(0.492374440762124,3.37238269461824,0.470170140522974));
#7227=CARTESIAN_POINT('',(-0.0607586778145319,3.37238269461824,0.470170140522973));
#7228=CARTESIAN_POINT('',(1.30413661394384,3.37238269461824,0.470170140522974));
#7229=CARTESIAN_POINT('',(1.30413661394384,3.78382380268261,0.981269111360606));
#7230=CARTESIAN_POINT('',(1.30413661394384,3.19367908727622,0.2481815545327));
#7231=CARTESIAN_POINT('',(1.30413661394384,3.19367908727622,0.2481815545327));
#7232=CARTESIAN_POINT('',(1.30413661394384,3.16767247353262,0.215875707453252));
#7233=CARTESIAN_POINT('',(1.32583322729097,3.13474034983987,0.174966877010791));
#7234=CARTESIAN_POINT('',(1.3678248317702,3.13474034983987,0.174966877010791));
#7235=CARTESIAN_POINT('',(1.3678248317702,3.13474034983987,0.174966877010792));
#7236=CARTESIAN_POINT('',(-0.0607586778145319,3.13474034983987,0.174966877010792));
#7237=CARTESIAN_POINT('',(1.3808635513039,3.13474034983987,0.174966877010792));
#7238=CARTESIAN_POINT('',(1.3808635513039,3.10298464624991,0.135519415138529));
#7239=CARTESIAN_POINT('',(1.3808635513039,7.64266186713397E-34,1.70177088724886E-32));
#7240=CARTESIAN_POINT('',(1.3808635513039,0.,0.));
#7241=CARTESIAN_POINT('',(1.3678248317702,0.,0.));
#7242=CARTESIAN_POINT('',(1.30413661394384,0.,0.));
#7243=CARTESIAN_POINT('',(1.30413661394384,2.98103106279351,1.1724478662934));
#7244=CARTESIAN_POINT('',(1.30413661394384,3.09804082273608,0.814446595656517));
#7245=CARTESIAN_POINT('',(1.3678248317702,2.9005871229536,1.20158429214141));
#7246=CARTESIAN_POINT('',(1.32867516500199,2.9005871229536,1.20158429214141));
#7247=CARTESIAN_POINT('',(1.30413661394384,2.944335334763,1.18573889058718));
#7248=CARTESIAN_POINT('',(1.30413661394384,2.98103106279351,1.1724478662934));
#7249=CARTESIAN_POINT('',(1.3678248317702,2.90058712295358,1.20158429214141));
#7250=CARTESIAN_POINT('',(1.3678248317702,0.,0.));
#7251=CARTESIAN_POINT('',(1.3678248317702,3.05312224052981,0.731884590183015));
#7252=CARTESIAN_POINT('',(1.30413661394384,3.09804082273608,0.814446595656517));
#7253=CARTESIAN_POINT('',(1.30413661394384,3.07806245853103,0.777725627766789));
#7254=CARTESIAN_POINT('',(1.32562959467483,3.05312224042822,0.7318845899963));
#7255=CARTESIAN_POINT('',(1.36782483173275,3.05312224041051,0.731884589963744));
#7256=CARTESIAN_POINT('',(1.30413661394384,0.,3.405));
#7257=CARTESIAN_POINT('',(1.30413661394384,0.,0.));
#7258=CARTESIAN_POINT('',(1.30413661394384,3.2282043157961,1.08292284834859));
#7259=CARTESIAN_POINT('',(1.30413661394384,3.23423499699405,1.06477649495982));
#7260=CARTESIAN_POINT('',(1.30413661394384,1.88055820399147,1.57103408561624));
#7261=CARTESIAN_POINT('',(1.30413661394384,3.01108199062283,0.654613065294101));
#7262=CARTESIAN_POINT('',(-0.0607586778145319,0.,0.));
#7263=CARTESIAN_POINT('',(0.492374440762124,0.,0.));
#7264=CARTESIAN_POINT('',(0.492374440762124,3.2282043157961,1.08292284834859));
#7265=CARTESIAN_POINT('',(0.492374440762124,3.23423499699405,1.06477649495982));
#7266=CARTESIAN_POINT('',(-0.0607586778145319,3.2282043157961,1.08292284834859));
#7267=CARTESIAN_POINT('',(-0.0607586778145319,3.23423499699405,1.06477649495982));
#7268=CARTESIAN_POINT('',(0.234291943133258,0.,0.));
#7269=CARTESIAN_POINT('',(0.234291943133257,3.02892048046048,0.687400865426612));
#7270=CARTESIAN_POINT('',(0.317037742819765,3.09830081667156,0.814924474068288));
#7271=CARTESIAN_POINT('',(0.403430249642131,3.16663419648736,0.940523738365336));
#7272=CARTESIAN_POINT('',(0.492374440762123,3.23423499699405,1.06477649495982));
#7273=CARTESIAN_POINT('',(0.234291943133258,3.02892048046048,0.687400865426611));
#7274=CARTESIAN_POINT('',(0.234291943133258,0.,0.));
#7275=CARTESIAN_POINT('',(0.234291943133258,2.85750431822497,1.21718868630456));
#7276=CARTESIAN_POINT('',(0.492374440762124,3.2282043157961,1.08292284834859));
#7277=CARTESIAN_POINT('',(0.404413773090323,3.10582744586898,1.12724718904148));
#7278=CARTESIAN_POINT('',(0.318156478967992,2.98240221054798,1.17195124286901));
#7279=CARTESIAN_POINT('',(0.234291943133258,2.85750431822497,1.21718868630456));
#7280=CARTESIAN_POINT('',(1.3808635513039,3.25499955427646,1.07321773593595));
#7281=CARTESIAN_POINT('',(1.3808635513039,2.85750431822497,1.21718868630456));
#7282=CARTESIAN_POINT('',(1.3808635513039,2.85750431822497,1.21718868630456));
#7283=CARTESIAN_POINT('',(1.3808635513039,3.25499955427646,1.07321773593595));
#7284=CARTESIAN_POINT('',(1.3808635513039,2.90058712295358,1.20158429214141));
#7285=CARTESIAN_POINT('',(-0.0607586778145319,2.90058712295358,1.20158429214141));
#7286=CARTESIAN_POINT('',(1.3808635513039,2.85750431822497,1.21718868630456));
#7287=CARTESIAN_POINT('',(0.234291943133257,2.85750431822497,1.21718868630457));
#7288=CARTESIAN_POINT('',(0.317037742819765,2.9029994643174,1.35505127548592));
#7289=CARTESIAN_POINT('',(0.403430249642131,2.94780808398524,1.49083350404501));
#7290=CARTESIAN_POINT('',(0.492374440762124,2.99213632542904,1.62516005674764));
#7291=CARTESIAN_POINT('',(0.492374440762124,2.99213632542904,1.62516005674764));
#7292=CARTESIAN_POINT('',(-0.0607586778145319,2.99213632542904,1.62516005674764));
#7293=CARTESIAN_POINT('',(1.30413661394384,2.99213632542904,1.62516005674764));
#7294=CARTESIAN_POINT('',(1.30413661394384,3.19775452704732,2.24823878255987));
#7295=CARTESIAN_POINT('',(1.30413661394384,2.90282897707673,1.35453465306704));
#7296=CARTESIAN_POINT('',(1.30413661394384,2.90282897707673,1.35453465306704));
#7297=CARTESIAN_POINT('',(1.30413661394384,2.88983213975705,1.31515072317659));
#7298=CARTESIAN_POINT('',(1.32583322729097,2.87337427029177,1.26527893043011));
#7299=CARTESIAN_POINT('',(1.3678248317702,2.87337427029177,1.26527893043011));
#7300=CARTESIAN_POINT('',(1.3678248317702,2.87337427029177,1.26527893043011));
#7301=CARTESIAN_POINT('',(-0.0607586778145319,2.87337427029177,1.26527893043011));
#7302=CARTESIAN_POINT('',(1.3808635513039,2.87337427029177,1.26527893043011));
#7303=CARTESIAN_POINT('',(1.3808635513039,2.85750431822497,1.21718868630456));
#7304=CARTESIAN_POINT('',(1.3808635513039,-5.26406180688623E-33,1.62011163617268E-32));
#7305=CARTESIAN_POINT('',(1.3808635513039,0.,0.));
#7306=CARTESIAN_POINT('',(1.3678248317702,0.,0.));
#7307=CARTESIAN_POINT('',(1.30413661394384,0.,0.));
#7308=CARTESIAN_POINT('',(1.30413661394384,2.37897656868413,2.14514584170113));
#7309=CARTESIAN_POINT('',(1.30413661394384,2.61431781963848,1.85108685221316));
#7310=CARTESIAN_POINT('',(1.3678248317702,2.29342434056766,2.14415840437618));
#7311=CARTESIAN_POINT('',(1.32867516500199,2.29342434056766,2.14415840437618));
#7312=CARTESIAN_POINT('',(1.30413661394384,2.33995061717537,2.14469540713022));
#7313=CARTESIAN_POINT('',(1.30413661394384,2.37897656868413,2.14514584170113));
#7314=CARTESIAN_POINT('',(1.3678248317702,2.29342434056764,2.14415840437618));
#7315=CARTESIAN_POINT('',(1.3678248317702,0.,0.));
#7316=CARTESIAN_POINT('',(1.3678248317702,2.60127368678632,1.75800616477821));
#7317=CARTESIAN_POINT('',(1.30413661394384,2.61431781963848,1.85108685221316));
#7318=CARTESIAN_POINT('',(1.30413661394384,2.60851620204373,1.80968750738317));
#7319=CARTESIAN_POINT('',(1.32562959467483,2.60127368675682,1.7580061645677));
#7320=CARTESIAN_POINT('',(1.36782483173275,2.60127368675168,1.758006164531));
#7321=CARTESIAN_POINT('',(1.30413661394384,0.,3.405));
#7322=CARTESIAN_POINT('',(1.30413661394384,0.,0.));
#7323=CARTESIAN_POINT('',(1.30413661394384,2.64184562466585,2.14817985639795));
#7324=CARTESIAN_POINT('',(1.30413661394384,2.65386793042678,2.13330963712545));
#7325=CARTESIAN_POINT('',(1.30413661394384,1.20862234138525,2.13163770201976));
#7326=CARTESIAN_POINT('',(1.30413661394384,2.58906540731734,1.6708899832543));
#7327=CARTESIAN_POINT('',(-0.0607586778145319,0.,0.));
#7328=CARTESIAN_POINT('',(0.492374440762124,0.,0.));
#7329=CARTESIAN_POINT('',(0.492374440762124,2.64184562466585,2.14817985639795));
#7330=CARTESIAN_POINT('',(0.492374440762124,2.65386793042678,2.13330963712545));
#7331=CARTESIAN_POINT('',(-0.0607586778145319,2.64184562466585,2.14817985639795));
#7332=CARTESIAN_POINT('',(-0.0607586778145319,2.65386793042678,2.13330963712545));
#7333=CARTESIAN_POINT('',(0.234291943133258,0.,0.));
#7334=CARTESIAN_POINT('',(0.234291943133257,2.59424561603933,1.7078550612985));
#7335=CARTESIAN_POINT('',(0.317037742819765,2.61439332058416,1.85162561396953));
#7336=CARTESIAN_POINT('',(0.403430249642131,2.63423699419926,1.99322665424278));
#7337=CARTESIAN_POINT('',(0.492374440762123,2.65386793042678,2.13330963712545));
#7338=CARTESIAN_POINT('',(0.234291943133258,2.59424561603933,1.7078550612985));
#7339=CARTESIAN_POINT('',(0.234291943133258,0.,0.));
#7340=CARTESIAN_POINT('',(0.234291943133258,2.24760572520178,2.14362956939448));
#7341=CARTESIAN_POINT('',(0.492374440762124,2.64184562466585,2.14817985639795));
#7342=CARTESIAN_POINT('',(0.404413773090323,2.51169767426686,2.14667769863047));
#7343=CARTESIAN_POINT('',(0.318156478967991,2.38043478599304,2.14516267233465));
#7344=CARTESIAN_POINT('',(0.234291943133258,2.24760572520178,2.14362956939448));
#7345=CARTESIAN_POINT('',(1.3808635513039,2.67034239346496,2.148508763941));
#7346=CARTESIAN_POINT('',(1.3808635513039,2.24760572520178,2.14362956939448));
#7347=CARTESIAN_POINT('',(1.3808635513039,2.24760572520178,2.14362956939448));
#7348=CARTESIAN_POINT('',(1.3808635513039,2.67034239346496,2.148508763941));
#7349=CARTESIAN_POINT('',(1.3808635513039,2.29342434056764,2.14415840437618));
#7350=CARTESIAN_POINT('',(-0.0607586778145319,2.29342434056764,2.14415840437618));
#7351=CARTESIAN_POINT('',(1.3808635513039,2.24760572520178,2.14362956939448));
#7352=CARTESIAN_POINT('',(0.234291943133257,2.24760572520178,2.14362956939448));
#7353=CARTESIAN_POINT('',(0.317037742819765,2.24175842439736,2.28868718169753));
#7354=CARTESIAN_POINT('',(0.403430249642131,2.23599935996231,2.43155585974084));
#7355=CARTESIAN_POINT('',(0.492374440762123,2.23030203653079,2.57289289047302));
#7356=CARTESIAN_POINT('',(0.492374440762124,2.23030203653079,2.57289289047302));
#7357=CARTESIAN_POINT('',(-0.0607586778145319,2.23030203653079,2.57289289047302));
#7358=CARTESIAN_POINT('',(1.30413661394384,2.23030203653079,2.57289289047302));
#7359=CARTESIAN_POINT('',(1.30413661394384,2.20387478925296,3.22848998015375));
#7360=CARTESIAN_POINT('',(1.30413661394384,2.2417803364092,2.28814359684982));
#7361=CARTESIAN_POINT('',(1.30413661394384,2.2417803364092,2.28814359684982));
#7362=CARTESIAN_POINT('',(1.30413661394384,2.24345076553937,2.24670422691674));
#7363=CARTESIAN_POINT('',(1.32583322729097,2.24556602665245,2.19422963449804));
#7364=CARTESIAN_POINT('',(1.3678248317702,2.24556602665245,2.19422963449804));
#7365=CARTESIAN_POINT('',(1.3678248317702,2.24556602665245,2.19422963449804));
#7366=CARTESIAN_POINT('',(-0.0607586778145319,2.24556602665245,2.19422963449804));
#7367=CARTESIAN_POINT('',(1.3808635513039,2.24556602665245,2.19422963449804));
#7368=CARTESIAN_POINT('',(1.3808635513039,2.24760572520178,2.14362956939448));
#7369=CARTESIAN_POINT('',(1.3808635513039,-1.06210626363328E-32,1.33183912897926E-32));
#7370=CARTESIAN_POINT('',(1.3808635513039,0.,0.));
#7371=CARTESIAN_POINT('',(1.3808635513039,1.74513577634248,2.94979991341735));
#7372=CARTESIAN_POINT('',(0.492374440762124,1.71857167752228,2.93947893158265));
#7373=CARTESIAN_POINT('',(0.404413773090323,1.59725044843773,2.89234184592354));
#7374=CARTESIAN_POINT('',(0.318156478967992,1.47488989731308,2.84480095119984));
#7375=CARTESIAN_POINT('',(0.234291943133258,1.35106939254187,2.79669281889855));
#7376=CARTESIAN_POINT('',(0.492374440762124,1.71857167752228,2.93947893158265));
#7377=CARTESIAN_POINT('',(0.234291943133258,1.35106939254187,2.79669281889855));
#7378=CARTESIAN_POINT('',(1.3808635513039,1.35106939254187,2.79669281889855));
#7379=CARTESIAN_POINT('',(1.3808635513039,1.35106939254187,2.79669281889855));
#7380=CARTESIAN_POINT('',(1.3808635513039,1.74513577634248,2.94979991341735));
#7381=CARTESIAN_POINT('',(1.3808635513039,1.39378055867316,2.81328744056306));
#7382=CARTESIAN_POINT('',(-0.0607586778145319,1.39378055867316,2.81328744056306));
#7383=CARTESIAN_POINT('',(1.3678248317702,1.39378055867316,2.81328744056306));
#7384=CARTESIAN_POINT('',(1.3678248317702,1.39378055867317,2.81328744056306));
#7385=CARTESIAN_POINT('',(1.32867516500199,1.39378055867317,2.81328744056306));
#7386=CARTESIAN_POINT('',(1.30413661394384,1.43715139198611,2.83013836352523));
#7387=CARTESIAN_POINT('',(1.30413661394384,1.47353057728039,2.84427281292345));
#7388=CARTESIAN_POINT('',(1.30413661394384,1.47353057728039,2.84427281292345));
#7389=CARTESIAN_POINT('',(1.30413661394384,0.382550558886768,2.42039301078628));
#7390=CARTESIAN_POINT('',(1.30413661394384,1.71857167752228,2.93947893158265));
#7391=CARTESIAN_POINT('',(-0.0607586778145319,1.71857167752228,2.93947893158265));
#7392=CARTESIAN_POINT('',(1.3808635513039,1.35106939254187,2.79669281889855));
#7393=CARTESIAN_POINT('',(0.234291943133257,1.35106939254187,2.79669281889855));
#7394=CARTESIAN_POINT('',(0.317037742819765,1.29462535262501,2.9304462194969));
#7395=CARTESIAN_POINT('',(0.403430249642131,1.23903305906445,3.06218126755051));
#7396=CARTESIAN_POINT('',(0.492374440762123,1.18403675188885,3.19250402821618));
#7397=CARTESIAN_POINT('',(0.492374440762124,1.18403675188885,3.19250402821618));
#7398=CARTESIAN_POINT('',(-0.0607586778145319,1.18403675188885,3.19250402821617));
#7399=CARTESIAN_POINT('',(1.30413661394384,1.18403675188885,3.19250402821618));
#7400=CARTESIAN_POINT('',(1.30413661394384,0.928934329397522,3.797011015302));
#7401=CARTESIAN_POINT('',(1.30413661394384,1.29483686944482,2.92994499573663));
#7402=CARTESIAN_POINT('',(1.30413661394384,1.29483686944481,2.92994499573663));
#7403=CARTESIAN_POINT('',(1.30413661394384,1.31096153476569,2.89173495932969));
#7404=CARTESIAN_POINT('',(1.32583322729097,1.33138016666013,2.8433496655862));
#7405=CARTESIAN_POINT('',(1.3678248317702,1.33138016666013,2.8433496655862));
#7406=CARTESIAN_POINT('',(1.3678248317702,1.33138016666013,2.8433496655862));
#7407=CARTESIAN_POINT('',(-0.0607586778145319,1.33138016666013,2.8433496655862));
#7408=CARTESIAN_POINT('',(1.3808635513039,1.33138016666013,2.8433496655862));
#7409=CARTESIAN_POINT('',(1.3808635513039,1.35106939254187,2.79669281889855));
#7410=CARTESIAN_POINT('',(1.3808635513039,-1.4623556599881E-32,8.73716833093004E-33));
#7411=CARTESIAN_POINT('',(1.3808635513039,0.,0.));
#7412=CARTESIAN_POINT('',(-0.0607586778145319,0.,0.));
#7413=CARTESIAN_POINT('',(2.73674489302865,0.,0.));
#7414=CARTESIAN_POINT('',(2.73674489302865,0.,4.20578640375609));
#7415=CARTESIAN_POINT('',(2.52344330997975,0.,0.));
#7416=CARTESIAN_POINT('',(2.52344330997975,0.,4.20578640375609));
#7417=CARTESIAN_POINT('',(2.52344330997975,0.,4.37));
#7418=CARTESIAN_POINT('',(2.52344330997975,0.,0.));
#7419=CARTESIAN_POINT('',(2.52344330997975,0.,4.37));
#7420=CARTESIAN_POINT('',(2.73674489302865,0.,4.20578640375609));
#7421=CARTESIAN_POINT('',(2.73674489302865,0.,0.));
#7422=CARTESIAN_POINT('',(2.73674489302865,0.,4.37));
#7423=CARTESIAN_POINT('',(-0.0607586778145319,0.,0.));
#7424=CARTESIAN_POINT('',(2.23205575541054,0.,0.));
#7425=CARTESIAN_POINT('',(2.23205575541054,0.,4.37));
#7426=CARTESIAN_POINT('',(-0.0607586778145319,0.,0.));
#7427=CARTESIAN_POINT('',(3.35855441279724,0.,0.));
#7428=CARTESIAN_POINT('',(3.35855441279724,0.,4.37));
#7429=CARTESIAN_POINT('',(2.23205575541054,0.,4.20578640375609));
#7430=CARTESIAN_POINT('',(2.23205575541054,0.,0.));
#7431=CARTESIAN_POINT('',(2.23205575541054,0.,4.20578640375609));
#7432=CARTESIAN_POINT('',(3.35855441279724,0.,0.));
#7433=CARTESIAN_POINT('',(3.53,0.,0.));
#7434=CARTESIAN_POINT('',(3.53,0.,4.20002588427725));
#7435=CARTESIAN_POINT('',(-0.0607586778145319,0.,0.));
#7436=CARTESIAN_POINT('',(2.00074787152564,0.,0.));
#7437=CARTESIAN_POINT('',(2.00074787152564,0.,4.20578640375609));
#7438=CARTESIAN_POINT('',(3.53,0.,4.20002588427725));
#7439=CARTESIAN_POINT('',(3.53,0.,0.));
#7440=CARTESIAN_POINT('',(3.53,0.,-2.146025));
#7441=CARTESIAN_POINT('',(2.00074787152564,0.,4.37));
#7442=CARTESIAN_POINT('',(2.00074787152564,0.,0.));
#7443=CARTESIAN_POINT('',(2.00074787152564,0.,4.37));
#7444=CARTESIAN_POINT('',(3.53,0.,0.));
#7445=CARTESIAN_POINT('',(3.383975,-1.69987794684368,1.053762290953));
#7446=CARTESIAN_POINT('',(3.42978782434702,-1.94109719760462,0.751590122939037));
#7447=CARTESIAN_POINT('',(3.47548151764055,-2.09199584374354,0.382467659417438));
#7448=CARTESIAN_POINT('',(3.51586523665897,-2.13188850397637,-0.00271804622198214));
#7449=CARTESIAN_POINT('',(3.383975,-1.69987794684368,1.053762290953));
#7450=CARTESIAN_POINT('',(3.51586523665898,-2.13188850397638,-0.00271804622197825));
#7451=CARTESIAN_POINT('',(3.51586523665898,-2.13188850397638,-0.00271804622197825));
#7452=CARTESIAN_POINT('',(3.51076495836215,-2.12740640872689,0.482154565026906));
#7453=CARTESIAN_POINT('',(3.49958295231984,-1.77798963559715,1.43464965564886));
#7454=CARTESIAN_POINT('',(3.48360066339205,-0.469273099647906,2.22218942878021));
#7455=CARTESIAN_POINT('',(3.46731155338534,1.04330539453779,2.00032167993806));
#7456=CARTESIAN_POINT('',(3.4509669716884,2.06802283182734,0.864059349023944));
#7457=CARTESIAN_POINT('',(3.43447421159799,2.12407056164703,-0.666640278590378));
#7458=CARTESIAN_POINT('',(3.41781110762563,1.17675869691947,-1.872674771387));
#7459=CARTESIAN_POINT('',(3.40106068049778,-0.330363838500641,-2.16989859485992));
#7460=CARTESIAN_POINT('',(3.38957949943116,-1.21719114682177,-1.66620931408761));
#7461=CARTESIAN_POINT('',(3.383975,-1.52639328911901,-1.29233259145332));
#7462=CARTESIAN_POINT('',(3.383975,-1.52639328911901,-1.29233259145332));
#7463=CARTESIAN_POINT('',(3.383975,0.,0.));
#7464=CARTESIAN_POINT('',(-0.0607586778145319,0.,0.));
#7465=CARTESIAN_POINT('',(1.64327225557139,0.,0.));
#7466=CARTESIAN_POINT('',(1.64327225557139,0.,4.37));
#7467=CARTESIAN_POINT('',(3.5370336112508,-1.8796296781045,-1.00595638789694));
#7468=CARTESIAN_POINT('',(3.52602948840756,-2.13189023665898,-0.534607492279811));
#7469=CARTESIAN_POINT('',(3.51581328180549,-2.13189023665898,-3.91621883168688E-16));
#7470=CARTESIAN_POINT('',(3.49893828180549,-2.13189023665898,0.883057849514939));
#7471=CARTESIAN_POINT('',(3.48206328180549,-1.50747404308696,1.50747404308696));
#7472=CARTESIAN_POINT('',(3.46518828180549,-0.88305784951494,2.13189023665898));
#7473=CARTESIAN_POINT('',(3.44831328180549,0.,2.13189023665898));
#7474=CARTESIAN_POINT('',(3.43143828180549,0.883057849514939,2.13189023665898));
#7475=CARTESIAN_POINT('',(3.41456328180549,1.50747404308696,1.50747404308696));
#7476=CARTESIAN_POINT('',(3.39768828180549,2.13189023665898,0.883057849514939));
#7477=CARTESIAN_POINT('',(3.38081328180549,2.13189023665898,1.30540627722896E-16));
#7478=CARTESIAN_POINT('',(3.36393828180549,2.13189023665898,-0.883057849514938));
#7479=CARTESIAN_POINT('',(3.34706328180549,1.50747404308696,-1.50747404308696));
#7480=CARTESIAN_POINT('',(3.33018828180549,0.883057849514939,-2.13189023665898));
#7481=CARTESIAN_POINT('',(3.31331328180549,2.61081255445792E-16,-2.13189023665898));
#7482=CARTESIAN_POINT('',(3.29643828180549,-0.883057849514938,-2.13189023665898));
#7483=CARTESIAN_POINT('',(3.27956328180549,-1.50747404308696,-1.50747404308696));
#7484=CARTESIAN_POINT('',(3.26268828180549,-2.13189023665898,-0.88305784951494));
#7485=CARTESIAN_POINT('',(3.24581328180549,-2.13189023665898,-3.91621883168688E-16));
#7486=CARTESIAN_POINT('',(3.22893828180549,-2.13189023665898,0.883057849514939));
#7487=CARTESIAN_POINT('',(3.21206328180549,-1.50747404308696,1.50747404308696));
#7488=CARTESIAN_POINT('',(3.19518828180549,-0.88305784951494,2.13189023665898));
#7489=CARTESIAN_POINT('',(3.17831328180549,0.,2.13189023665898));
#7490=CARTESIAN_POINT('',(3.16143828180549,0.883057849514939,2.13189023665898));
#7491=CARTESIAN_POINT('',(3.14456328180549,1.50747404308696,1.50747404308696));
#7492=CARTESIAN_POINT('',(3.12768828180549,2.13189023665898,0.883057849514939));
#7493=CARTESIAN_POINT('',(3.11081328180549,2.13189023665898,1.30540627722896E-16));
#7494=CARTESIAN_POINT('',(3.09393828180549,2.13189023665898,-0.883057849514938));
#7495=CARTESIAN_POINT('',(3.07706328180549,1.50747404308696,-1.50747404308696));
#7496=CARTESIAN_POINT('',(3.06018828180549,0.883057849514939,-2.13189023665898));
#7497=CARTESIAN_POINT('',(3.04331328180549,2.61081255445792E-16,-2.13189023665898));
#7498=CARTESIAN_POINT('',(3.02643828180549,-0.883057849514938,-2.13189023665898));
#7499=CARTESIAN_POINT('',(3.00956328180549,-1.50747404308696,-1.50747404308696));
#7500=CARTESIAN_POINT('',(2.99268828180549,-2.13189023665898,-0.88305784951494));
#7501=CARTESIAN_POINT('',(2.97581328180549,-2.13189023665898,-3.91621883168688E-16));
#7502=CARTESIAN_POINT('',(2.95893828180549,-2.13189023665898,0.883057849514939));
#7503=CARTESIAN_POINT('',(2.94206328180549,-1.50747404308696,1.50747404308696));
#7504=CARTESIAN_POINT('',(2.92518828180549,-0.88305784951494,2.13189023665898));
#7505=CARTESIAN_POINT('',(2.90831328180549,0.,2.13189023665898));
#7506=CARTESIAN_POINT('',(2.89143828180549,0.883057849514939,2.13189023665898));
#7507=CARTESIAN_POINT('',(2.87456328180549,1.50747404308696,1.50747404308696));
#7508=CARTESIAN_POINT('',(2.85768828180549,2.13189023665898,0.883057849514939));
#7509=CARTESIAN_POINT('',(2.84081328180549,2.13189023665898,1.30540627722896E-16));
#7510=CARTESIAN_POINT('',(2.82393828180549,2.13189023665898,-0.883057849514938));
#7511=CARTESIAN_POINT('',(2.80706328180549,1.50747404308696,-1.50747404308696));
#7512=CARTESIAN_POINT('',(2.79018828180549,0.883057849514939,-2.13189023665898));
#7513=CARTESIAN_POINT('',(2.77331328180549,2.61081255445792E-16,-2.13189023665898));
#7514=CARTESIAN_POINT('',(2.75643828180549,-0.883057849514938,-2.13189023665898));
#7515=CARTESIAN_POINT('',(2.73956328180549,-1.50747404308696,-1.50747404308696));
#7516=CARTESIAN_POINT('',(2.72268828180549,-2.13189023665898,-0.88305784951494));
#7517=CARTESIAN_POINT('',(2.70581328180549,-2.13189023665898,-3.91621883168688E-16));
#7518=CARTESIAN_POINT('',(2.68893828180549,-2.13189023665898,0.883057849514939));
#7519=CARTESIAN_POINT('',(2.67206328180549,-1.50747404308696,1.50747404308696));
#7520=CARTESIAN_POINT('',(2.65518828180549,-0.88305784951494,2.13189023665898));
#7521=CARTESIAN_POINT('',(2.63831328180549,0.,2.13189023665898));
#7522=CARTESIAN_POINT('',(2.62143828180549,0.883057849514939,2.13189023665898));
#7523=CARTESIAN_POINT('',(2.60456328180549,1.50747404308696,1.50747404308696));
#7524=CARTESIAN_POINT('',(2.58768828180549,2.13189023665898,0.883057849514939));
#7525=CARTESIAN_POINT('',(2.57081328180549,2.13189023665898,1.30540627722896E-16));
#7526=CARTESIAN_POINT('',(2.55393828180549,2.13189023665898,-0.883057849514938));
#7527=CARTESIAN_POINT('',(2.53706328180549,1.50747404308696,-1.50747404308696));
#7528=CARTESIAN_POINT('',(2.52018828180549,0.883057849514939,-2.13189023665898));
#7529=CARTESIAN_POINT('',(2.50331328180549,2.61081255445792E-16,-2.13189023665898));
#7530=CARTESIAN_POINT('',(2.48643828180549,-0.883057849514938,-2.13189023665898));
#7531=CARTESIAN_POINT('',(2.46956328180549,-1.50747404308696,-1.50747404308696));
#7532=CARTESIAN_POINT('',(2.45268828180549,-2.13189023665898,-0.88305784951494));
#7533=CARTESIAN_POINT('',(2.43581328180549,-2.13189023665898,-3.91621883168688E-16));
#7534=CARTESIAN_POINT('',(2.41893828180549,-2.13189023665898,0.883057849514939));
#7535=CARTESIAN_POINT('',(2.40206328180549,-1.50747404308696,1.50747404308696));
#7536=CARTESIAN_POINT('',(2.38518828180549,-0.88305784951494,2.13189023665898));
#7537=CARTESIAN_POINT('',(2.36831328180549,0.,2.13189023665898));
#7538=CARTESIAN_POINT('',(2.35143828180549,0.883057849514939,2.13189023665898));
#7539=CARTESIAN_POINT('',(2.33456328180549,1.50747404308696,1.50747404308696));
#7540=CARTESIAN_POINT('',(2.31768828180549,2.13189023665898,0.883057849514939));
#7541=CARTESIAN_POINT('',(2.30081328180549,2.13189023665898,1.30540627722896E-16));
#7542=CARTESIAN_POINT('',(2.28393828180549,2.13189023665898,-0.883057849514938));
#7543=CARTESIAN_POINT('',(2.26706328180549,1.50747404308696,-1.50747404308696));
#7544=CARTESIAN_POINT('',(2.25018828180549,0.883057849514939,-2.13189023665898));
#7545=CARTESIAN_POINT('',(2.23331328180549,2.61081255445792E-16,-2.13189023665898));
#7546=CARTESIAN_POINT('',(2.21643828180549,-0.883057849514938,-2.13189023665898));
#7547=CARTESIAN_POINT('',(2.19956328180549,-1.50747404308696,-1.50747404308696));
#7548=CARTESIAN_POINT('',(2.18268828180549,-2.13189023665898,-0.88305784951494));
#7549=CARTESIAN_POINT('',(2.16581328180549,-2.13189023665898,-3.91621883168688E-16));
#7550=CARTESIAN_POINT('',(2.14893828180549,-2.13189023665898,0.883057849514939));
#7551=CARTESIAN_POINT('',(2.13206328180549,-1.50747404308696,1.50747404308696));
#7552=CARTESIAN_POINT('',(2.11518828180549,-0.88305784951494,2.13189023665898));
#7553=CARTESIAN_POINT('',(2.09831328180549,0.,2.13189023665898));
#7554=CARTESIAN_POINT('',(2.08143828180549,0.883057849514939,2.13189023665898));
#7555=CARTESIAN_POINT('',(2.06456328180549,1.50747404308696,1.50747404308696));
#7556=CARTESIAN_POINT('',(2.04768828180549,2.13189023665898,0.883057849514939));
#7557=CARTESIAN_POINT('',(2.03081328180549,2.13189023665898,1.30540627722896E-16));
#7558=CARTESIAN_POINT('',(2.01393828180549,2.13189023665898,-0.883057849514938));
#7559=CARTESIAN_POINT('',(1.99706328180549,1.50747404308696,-1.50747404308696));
#7560=CARTESIAN_POINT('',(1.98018828180549,0.883057849514939,-2.13189023665898));
#7561=CARTESIAN_POINT('',(1.96331328180549,2.61081255445792E-16,-2.13189023665898));
#7562=CARTESIAN_POINT('',(1.94643828180549,-0.883057849514938,-2.13189023665898));
#7563=CARTESIAN_POINT('',(1.92956328180549,-1.50747404308696,-1.50747404308696));
#7564=CARTESIAN_POINT('',(1.91268828180549,-2.13189023665898,-0.88305784951494));
#7565=CARTESIAN_POINT('',(1.89581328180549,-2.13189023665898,-3.91621883168688E-16));
#7566=CARTESIAN_POINT('',(1.87893828180549,-2.13189023665898,0.883057849514939));
#7567=CARTESIAN_POINT('',(1.86206328180549,-1.50747404308696,1.50747404308696));
#7568=CARTESIAN_POINT('',(1.84518828180549,-0.88305784951494,2.13189023665898));
#7569=CARTESIAN_POINT('',(1.82831328180549,0.,2.13189023665898));
#7570=CARTESIAN_POINT('',(1.81143828180549,0.883057849514939,2.13189023665898));
#7571=CARTESIAN_POINT('',(1.79456328180549,1.50747404308696,1.50747404308696));
#7572=CARTESIAN_POINT('',(1.77768828180549,2.13189023665898,0.883057849514939));
#7573=CARTESIAN_POINT('',(1.76081328180549,2.13189023665898,1.30540627722896E-16));
#7574=CARTESIAN_POINT('',(1.74393828180549,2.13189023665898,-0.883057849514938));
#7575=CARTESIAN_POINT('',(1.72706328180549,1.50747404308696,-1.50747404308696));
#7576=CARTESIAN_POINT('',(1.71018828180549,0.883057849514939,-2.13189023665898));
#7577=CARTESIAN_POINT('',(1.69331328180549,2.61081255445792E-16,-2.13189023665898));
#7578=CARTESIAN_POINT('',(1.67643828180549,-0.883057849514938,-2.13189023665898));
#7579=CARTESIAN_POINT('',(1.65956328180549,-1.50747404308696,-1.50747404308696));
#7580=CARTESIAN_POINT('',(1.64268828180549,-2.13189023665898,-0.88305784951494));
#7581=CARTESIAN_POINT('',(1.62581328180549,-2.13189023665898,-3.91621883168688E-16));
#7582=CARTESIAN_POINT('',(1.60893828180549,-2.13189023665898,0.883057849514939));
#7583=CARTESIAN_POINT('',(1.59206328180549,-1.50747404308696,1.50747404308696));
#7584=CARTESIAN_POINT('',(1.57518828180549,-0.88305784951494,2.13189023665898));
#7585=CARTESIAN_POINT('',(1.55831328180549,0.,2.13189023665898));
#7586=CARTESIAN_POINT('',(1.54143828180549,0.883057849514939,2.13189023665898));
#7587=CARTESIAN_POINT('',(1.52456328180549,1.50747404308696,1.50747404308696));
#7588=CARTESIAN_POINT('',(1.50768828180549,2.13189023665898,0.883057849514939));
#7589=CARTESIAN_POINT('',(1.49081328180549,2.13189023665898,1.30540627722896E-16));
#7590=CARTESIAN_POINT('',(1.47393828180549,2.13189023665898,-0.883057849514938));
#7591=CARTESIAN_POINT('',(1.45706328180549,1.50747404308696,-1.50747404308696));
#7592=CARTESIAN_POINT('',(1.44018828180549,0.883057849514939,-2.13189023665898));
#7593=CARTESIAN_POINT('',(1.42331328180549,2.61081255445792E-16,-2.13189023665898));
#7594=CARTESIAN_POINT('',(1.40643828180549,-0.883057849514938,-2.13189023665898));
#7595=CARTESIAN_POINT('',(1.38956328180549,-1.50747404308696,-1.50747404308696));
#7596=CARTESIAN_POINT('',(1.37268828180549,-2.13189023665898,-0.88305784951494));
#7597=CARTESIAN_POINT('',(1.35581328180549,-2.13189023665898,-3.91621883168688E-16));
#7598=CARTESIAN_POINT('',(1.33893828180549,-2.13189023665898,0.883057849514939));
#7599=CARTESIAN_POINT('',(1.32206328180549,-1.50747404308696,1.50747404308696));
#7600=CARTESIAN_POINT('',(1.30518828180549,-0.88305784951494,2.13189023665898));
#7601=CARTESIAN_POINT('',(1.28831328180549,0.,2.13189023665898));
#7602=CARTESIAN_POINT('',(1.27143828180549,0.883057849514939,2.13189023665898));
#7603=CARTESIAN_POINT('',(1.25456328180549,1.50747404308696,1.50747404308696));
#7604=CARTESIAN_POINT('',(1.23768828180549,2.13189023665898,0.883057849514939));
#7605=CARTESIAN_POINT('',(1.22081328180549,2.13189023665898,1.30540627722896E-16));
#7606=CARTESIAN_POINT('',(1.20393828180549,2.13189023665898,-0.883057849514938));
#7607=CARTESIAN_POINT('',(1.18706328180549,1.50747404308696,-1.50747404308696));
#7608=CARTESIAN_POINT('',(1.17018828180549,0.883057849514939,-2.13189023665898));
#7609=CARTESIAN_POINT('',(1.15331328180549,2.61081255445792E-16,-2.13189023665898));
#7610=CARTESIAN_POINT('',(1.13643828180549,-0.883057849514938,-2.13189023665898));
#7611=CARTESIAN_POINT('',(1.11956328180549,-1.50747404308696,-1.50747404308696));
#7612=CARTESIAN_POINT('',(1.10268828180549,-2.13189023665898,-0.88305784951494));
#7613=CARTESIAN_POINT('',(1.08581328180549,-2.13189023665898,-3.91621883168688E-16));
#7614=CARTESIAN_POINT('',(1.06893828180549,-2.13189023665898,0.883057849514939));
#7615=CARTESIAN_POINT('',(1.05206328180549,-1.50747404308696,1.50747404308696));
#7616=CARTESIAN_POINT('',(1.03518828180549,-0.88305784951494,2.13189023665898));
#7617=CARTESIAN_POINT('',(1.01831328180549,0.,2.13189023665898));
#7618=CARTESIAN_POINT('',(1.00143828180549,0.883057849514939,2.13189023665898));
#7619=CARTESIAN_POINT('',(0.984563281805493,1.50747404308696,1.50747404308696));
#7620=CARTESIAN_POINT('',(0.967688281805493,2.13189023665898,0.883057849514939));
#7621=CARTESIAN_POINT('',(0.950813281805493,2.13189023665898,1.30540627722896E-16));
#7622=CARTESIAN_POINT('',(0.933938281805493,2.13189023665898,-0.883057849514938));
#7623=CARTESIAN_POINT('',(0.917063281805493,1.50747404308696,-1.50747404308696));
#7624=CARTESIAN_POINT('',(0.900188281805493,0.883057849514939,-2.13189023665898));
#7625=CARTESIAN_POINT('',(0.883313281805493,2.61081255445792E-16,-2.13189023665898));
#7626=CARTESIAN_POINT('',(0.866438281805493,-0.883057849514938,-2.13189023665898));
#7627=CARTESIAN_POINT('',(0.849563281805493,-1.50747404308696,-1.50747404308696));
#7628=CARTESIAN_POINT('',(0.832688281805493,-2.13189023665898,-0.88305784951494));
#7629=CARTESIAN_POINT('',(0.815813281805493,-2.13189023665898,-3.91621883168688E-16));
#7630=CARTESIAN_POINT('',(0.798938281805493,-2.13189023665898,0.883057849514939));
#7631=CARTESIAN_POINT('',(0.782063281805493,-1.50747404308696,1.50747404308696));
#7632=CARTESIAN_POINT('',(0.765188281805493,-0.88305784951494,2.13189023665898));
#7633=CARTESIAN_POINT('',(0.748313281805493,0.,2.13189023665898));
#7634=CARTESIAN_POINT('',(0.731438281805493,0.883057849514939,2.13189023665898));
#7635=CARTESIAN_POINT('',(0.714563281805493,1.50747404308696,1.50747404308696));
#7636=CARTESIAN_POINT('',(0.697688281805493,2.13189023665898,0.883057849514939));
#7637=CARTESIAN_POINT('',(0.680813281805493,2.13189023665898,1.30540627722896E-16));
#7638=CARTESIAN_POINT('',(0.663938281805493,2.13189023665898,-0.883057849514938));
#7639=CARTESIAN_POINT('',(0.647063281805493,1.50747404308696,-1.50747404308696));
#7640=CARTESIAN_POINT('',(0.630188281805493,0.883057849514939,-2.13189023665898));
#7641=CARTESIAN_POINT('',(0.613313281805493,2.61081255445792E-16,-2.13189023665898));
#7642=CARTESIAN_POINT('',(0.596438281805493,-0.883057849514938,-2.13189023665898));
#7643=CARTESIAN_POINT('',(0.579563281805493,-1.50747404308696,-1.50747404308696));
#7644=CARTESIAN_POINT('',(0.562688281805493,-2.13189023665898,-0.88305784951494));
#7645=CARTESIAN_POINT('',(0.545813281805493,-2.13189023665898,-3.91621883168688E-16));
#7646=CARTESIAN_POINT('',(0.528938281805493,-2.13189023665898,0.883057849514939));
#7647=CARTESIAN_POINT('',(0.512063281805493,-1.50747404308696,1.50747404308696));
#7648=CARTESIAN_POINT('',(0.495188281805493,-0.88305784951494,2.13189023665898));
#7649=CARTESIAN_POINT('',(0.478313281805493,0.,2.13189023665898));
#7650=CARTESIAN_POINT('',(0.461438281805493,0.883057849514939,2.13189023665898));
#7651=CARTESIAN_POINT('',(0.444563281805493,1.50747404308696,1.50747404308696));
#7652=CARTESIAN_POINT('',(0.427688281805493,2.13189023665898,0.883057849514939));
#7653=CARTESIAN_POINT('',(0.410813281805493,2.13189023665898,1.30540627722896E-16));
#7654=CARTESIAN_POINT('',(0.393938281805493,2.13189023665898,-0.883057849514938));
#7655=CARTESIAN_POINT('',(0.377063281805493,1.50747404308696,-1.50747404308696));
#7656=CARTESIAN_POINT('',(0.360188281805493,0.883057849514939,-2.13189023665898));
#7657=CARTESIAN_POINT('',(0.343313281805493,2.61081255445792E-16,-2.13189023665898));
#7658=CARTESIAN_POINT('',(0.326438281805493,-0.883057849514938,-2.13189023665898));
#7659=CARTESIAN_POINT('',(0.309563281805493,-1.50747404308696,-1.50747404308696));
#7660=CARTESIAN_POINT('',(0.292688281805493,-2.13189023665898,-0.88305784951494));
#7661=CARTESIAN_POINT('',(0.275813281805493,-2.13189023665898,-3.91621883168688E-16));
#7662=CARTESIAN_POINT('',(0.258938281805493,-2.13189023665898,0.883057849514939));
#7663=CARTESIAN_POINT('',(0.242063281805493,-1.50747404308696,1.50747404308696));
#7664=CARTESIAN_POINT('',(0.225188281805493,-0.88305784951494,2.13189023665898));
#7665=CARTESIAN_POINT('',(0.208313281805493,0.,2.13189023665898));
#7666=CARTESIAN_POINT('',(0.191438281805493,0.883057849514939,2.13189023665898));
#7667=CARTESIAN_POINT('',(0.174563281805493,1.50747404308696,1.50747404308696));
#7668=CARTESIAN_POINT('',(0.157688281805493,2.13189023665898,0.883057849514939));
#7669=CARTESIAN_POINT('',(0.140813281805493,2.13189023665898,1.30540627722896E-16));
#7670=CARTESIAN_POINT('',(0.123938281805493,2.13189023665898,-0.883057849514938));
#7671=CARTESIAN_POINT('',(0.107063281805493,1.50747404308696,-1.50747404308696));
#7672=CARTESIAN_POINT('',(0.0901882818054932,0.883057849514939,-2.13189023665898));
#7673=CARTESIAN_POINT('',(0.0733132818054928,2.61081255445792E-16,-2.13189023665898));
#7674=CARTESIAN_POINT('',(0.0564382818054928,-0.883057849514938,-2.13189023665898));
#7675=CARTESIAN_POINT('',(0.0395632818054928,-1.50747404308696,-1.50747404308696));
#7676=CARTESIAN_POINT('',(0.0226882818054929,-2.13189023665898,-0.88305784951494));
#7677=CARTESIAN_POINT('',(0.00581328180549292,-2.13189023665898,-3.91621883168688E-16));
#7678=CARTESIAN_POINT('',(-9.95197477683354E-5,-2.13189023665898,0.309413085880384));
#7679=CARTESIAN_POINT('',(-0.00646461675558599,-2.04392938935824,0.606059924825547));
#7680=CARTESIAN_POINT('',(3.42919267013977,-1.7633456411435,-0.943722496213911));
#7681=CARTESIAN_POINT('',(3.41818854729653,-2.,-0.501533787328214));
#7682=CARTESIAN_POINT('',(3.40797234069447,-2.,-3.67394039744206E-16));
#7683=CARTESIAN_POINT('',(3.39109734069447,-2.,0.828427124746191));
#7684=CARTESIAN_POINT('',(3.37422234069447,-1.4142135623731,1.41421356237309));
#7685=CARTESIAN_POINT('',(3.35734734069447,-0.828427124746191,2.));
#7686=CARTESIAN_POINT('',(3.34047234069447,0.,2.));
#7687=CARTESIAN_POINT('',(3.32359734069447,0.82842712474619,2.));
#7688=CARTESIAN_POINT('',(3.30672234069447,1.4142135623731,1.4142135623731));
#7689=CARTESIAN_POINT('',(3.28984734069447,2.,0.82842712474619));
#7690=CARTESIAN_POINT('',(3.27297234069447,2.,1.22464679914735E-16));
#7691=CARTESIAN_POINT('',(3.25609734069447,2.,-0.82842712474619));
#7692=CARTESIAN_POINT('',(3.23922234069447,1.4142135623731,-1.41421356237309));
#7693=CARTESIAN_POINT('',(3.22234734069447,0.82842712474619,-2.));
#7694=CARTESIAN_POINT('',(3.20547234069447,2.44929359829471E-16,-2.));
#7695=CARTESIAN_POINT('',(3.18859734069447,-0.82842712474619,-2.));
#7696=CARTESIAN_POINT('',(3.17172234069447,-1.41421356237309,-1.4142135623731));
#7697=CARTESIAN_POINT('',(3.15484734069447,-2.,-0.828427124746191));
#7698=CARTESIAN_POINT('',(3.13797234069447,-2.,-3.67394039744206E-16));
#7699=CARTESIAN_POINT('',(3.12109734069447,-2.,0.828427124746191));
#7700=CARTESIAN_POINT('',(3.10422234069447,-1.4142135623731,1.41421356237309));
#7701=CARTESIAN_POINT('',(3.08734734069447,-0.828427124746191,2.));
#7702=CARTESIAN_POINT('',(3.07047234069447,0.,2.));
#7703=CARTESIAN_POINT('',(3.05359734069447,0.82842712474619,2.));
#7704=CARTESIAN_POINT('',(3.03672234069447,1.4142135623731,1.4142135623731));
#7705=CARTESIAN_POINT('',(3.01984734069447,2.,0.82842712474619));
#7706=CARTESIAN_POINT('',(3.00297234069447,2.,1.22464679914735E-16));
#7707=CARTESIAN_POINT('',(2.98609734069447,2.,-0.82842712474619));
#7708=CARTESIAN_POINT('',(2.96922234069447,1.4142135623731,-1.41421356237309));
#7709=CARTESIAN_POINT('',(2.95234734069447,0.82842712474619,-2.));
#7710=CARTESIAN_POINT('',(2.93547234069447,2.44929359829471E-16,-2.));
#7711=CARTESIAN_POINT('',(2.91859734069447,-0.82842712474619,-2.));
#7712=CARTESIAN_POINT('',(2.90172234069447,-1.41421356237309,-1.4142135623731));
#7713=CARTESIAN_POINT('',(2.88484734069447,-2.,-0.828427124746191));
#7714=CARTESIAN_POINT('',(2.86797234069447,-2.,-3.67394039744206E-16));
#7715=CARTESIAN_POINT('',(2.85109734069447,-2.,0.828427124746191));
#7716=CARTESIAN_POINT('',(2.83422234069447,-1.4142135623731,1.41421356237309));
#7717=CARTESIAN_POINT('',(2.81734734069447,-0.828427124746191,2.));
#7718=CARTESIAN_POINT('',(2.80047234069447,0.,2.));
#7719=CARTESIAN_POINT('',(2.78359734069447,0.82842712474619,2.));
#7720=CARTESIAN_POINT('',(2.76672234069447,1.4142135623731,1.4142135623731));
#7721=CARTESIAN_POINT('',(2.74984734069447,2.,0.82842712474619));
#7722=CARTESIAN_POINT('',(2.73297234069447,2.,1.22464679914735E-16));
#7723=CARTESIAN_POINT('',(2.71609734069447,2.,-0.82842712474619));
#7724=CARTESIAN_POINT('',(2.69922234069447,1.4142135623731,-1.41421356237309));
#7725=CARTESIAN_POINT('',(2.68234734069447,0.82842712474619,-2.));
#7726=CARTESIAN_POINT('',(2.66547234069447,2.44929359829471E-16,-2.));
#7727=CARTESIAN_POINT('',(2.64859734069447,-0.82842712474619,-2.));
#7728=CARTESIAN_POINT('',(2.63172234069447,-1.41421356237309,-1.4142135623731));
#7729=CARTESIAN_POINT('',(2.61484734069447,-2.,-0.828427124746191));
#7730=CARTESIAN_POINT('',(2.59797234069447,-2.,-3.67394039744206E-16));
#7731=CARTESIAN_POINT('',(2.58109734069447,-2.,0.828427124746191));
#7732=CARTESIAN_POINT('',(2.56422234069447,-1.4142135623731,1.41421356237309));
#7733=CARTESIAN_POINT('',(2.54734734069447,-0.828427124746191,2.));
#7734=CARTESIAN_POINT('',(2.53047234069447,0.,2.));
#7735=CARTESIAN_POINT('',(2.51359734069447,0.82842712474619,2.));
#7736=CARTESIAN_POINT('',(2.49672234069447,1.4142135623731,1.4142135623731));
#7737=CARTESIAN_POINT('',(2.47984734069447,2.,0.82842712474619));
#7738=CARTESIAN_POINT('',(2.46297234069447,2.,1.22464679914735E-16));
#7739=CARTESIAN_POINT('',(2.44609734069447,2.,-0.82842712474619));
#7740=CARTESIAN_POINT('',(2.42922234069447,1.4142135623731,-1.41421356237309));
#7741=CARTESIAN_POINT('',(2.41234734069447,0.82842712474619,-2.));
#7742=CARTESIAN_POINT('',(2.39547234069447,2.44929359829471E-16,-2.));
#7743=CARTESIAN_POINT('',(2.37859734069447,-0.82842712474619,-2.));
#7744=CARTESIAN_POINT('',(2.36172234069447,-1.41421356237309,-1.4142135623731));
#7745=CARTESIAN_POINT('',(2.34484734069447,-2.,-0.828427124746191));
#7746=CARTESIAN_POINT('',(2.32797234069447,-2.,-3.67394039744206E-16));
#7747=CARTESIAN_POINT('',(2.31109734069447,-2.,0.828427124746191));
#7748=CARTESIAN_POINT('',(2.29422234069447,-1.4142135623731,1.41421356237309));
#7749=CARTESIAN_POINT('',(2.27734734069447,-0.828427124746191,2.));
#7750=CARTESIAN_POINT('',(2.26047234069447,0.,2.));
#7751=CARTESIAN_POINT('',(2.24359734069447,0.82842712474619,2.));
#7752=CARTESIAN_POINT('',(2.22672234069447,1.4142135623731,1.4142135623731));
#7753=CARTESIAN_POINT('',(2.20984734069447,2.,0.82842712474619));
#7754=CARTESIAN_POINT('',(2.19297234069447,2.,1.22464679914735E-16));
#7755=CARTESIAN_POINT('',(2.17609734069447,2.,-0.82842712474619));
#7756=CARTESIAN_POINT('',(2.15922234069447,1.4142135623731,-1.41421356237309));
#7757=CARTESIAN_POINT('',(2.14234734069447,0.82842712474619,-2.));
#7758=CARTESIAN_POINT('',(2.12547234069447,2.44929359829471E-16,-2.));
#7759=CARTESIAN_POINT('',(2.10859734069447,-0.82842712474619,-2.));
#7760=CARTESIAN_POINT('',(2.09172234069447,-1.41421356237309,-1.4142135623731));
#7761=CARTESIAN_POINT('',(2.07484734069447,-2.,-0.828427124746191));
#7762=CARTESIAN_POINT('',(2.05797234069447,-2.,-3.67394039744206E-16));
#7763=CARTESIAN_POINT('',(2.04109734069447,-2.,0.828427124746191));
#7764=CARTESIAN_POINT('',(2.02422234069447,-1.4142135623731,1.41421356237309));
#7765=CARTESIAN_POINT('',(2.00734734069447,-0.828427124746191,2.));
#7766=CARTESIAN_POINT('',(1.99047234069447,0.,2.));
#7767=CARTESIAN_POINT('',(1.97359734069447,0.82842712474619,2.));
#7768=CARTESIAN_POINT('',(1.95672234069447,1.4142135623731,1.4142135623731));
#7769=CARTESIAN_POINT('',(1.93984734069447,2.,0.82842712474619));
#7770=CARTESIAN_POINT('',(1.92297234069447,2.,1.22464679914735E-16));
#7771=CARTESIAN_POINT('',(1.90609734069447,2.,-0.82842712474619));
#7772=CARTESIAN_POINT('',(1.88922234069447,1.4142135623731,-1.41421356237309));
#7773=CARTESIAN_POINT('',(1.87234734069447,0.82842712474619,-2.));
#7774=CARTESIAN_POINT('',(1.85547234069447,2.44929359829471E-16,-2.));
#7775=CARTESIAN_POINT('',(1.83859734069447,-0.82842712474619,-2.));
#7776=CARTESIAN_POINT('',(1.82172234069447,-1.41421356237309,-1.4142135623731));
#7777=CARTESIAN_POINT('',(1.80484734069447,-2.,-0.828427124746191));
#7778=CARTESIAN_POINT('',(1.78797234069447,-2.,-3.67394039744206E-16));
#7779=CARTESIAN_POINT('',(1.77109734069447,-2.,0.828427124746191));
#7780=CARTESIAN_POINT('',(1.75422234069447,-1.4142135623731,1.41421356237309));
#7781=CARTESIAN_POINT('',(1.73734734069447,-0.828427124746191,2.));
#7782=CARTESIAN_POINT('',(1.72047234069447,0.,2.));
#7783=CARTESIAN_POINT('',(1.70359734069447,0.82842712474619,2.));
#7784=CARTESIAN_POINT('',(1.68672234069447,1.4142135623731,1.4142135623731));
#7785=CARTESIAN_POINT('',(1.66984734069447,2.,0.82842712474619));
#7786=CARTESIAN_POINT('',(1.65297234069447,2.,1.22464679914735E-16));
#7787=CARTESIAN_POINT('',(1.63609734069447,2.,-0.82842712474619));
#7788=CARTESIAN_POINT('',(1.61922234069447,1.4142135623731,-1.41421356237309));
#7789=CARTESIAN_POINT('',(1.60234734069447,0.82842712474619,-2.));
#7790=CARTESIAN_POINT('',(1.58547234069447,2.44929359829471E-16,-2.));
#7791=CARTESIAN_POINT('',(1.56859734069447,-0.82842712474619,-2.));
#7792=CARTESIAN_POINT('',(1.55172234069447,-1.41421356237309,-1.4142135623731));
#7793=CARTESIAN_POINT('',(1.53484734069447,-2.,-0.828427124746191));
#7794=CARTESIAN_POINT('',(1.51797234069447,-2.,-3.67394039744206E-16));
#7795=CARTESIAN_POINT('',(1.50109734069447,-2.,0.828427124746191));
#7796=CARTESIAN_POINT('',(1.48422234069447,-1.4142135623731,1.41421356237309));
#7797=CARTESIAN_POINT('',(1.46734734069447,-0.828427124746191,2.));
#7798=CARTESIAN_POINT('',(1.45047234069447,0.,2.));
#7799=CARTESIAN_POINT('',(1.43359734069447,0.82842712474619,2.));
#7800=CARTESIAN_POINT('',(1.41672234069447,1.4142135623731,1.4142135623731));
#7801=CARTESIAN_POINT('',(1.39984734069447,2.,0.82842712474619));
#7802=CARTESIAN_POINT('',(1.38297234069447,2.,1.22464679914735E-16));
#7803=CARTESIAN_POINT('',(1.36609734069447,2.,-0.82842712474619));
#7804=CARTESIAN_POINT('',(1.34922234069447,1.4142135623731,-1.41421356237309));
#7805=CARTESIAN_POINT('',(1.33234734069447,0.82842712474619,-2.));
#7806=CARTESIAN_POINT('',(1.31547234069447,2.44929359829471E-16,-2.));
#7807=CARTESIAN_POINT('',(1.29859734069447,-0.82842712474619,-2.));
#7808=CARTESIAN_POINT('',(1.28172234069447,-1.41421356237309,-1.4142135623731));
#7809=CARTESIAN_POINT('',(1.26484734069447,-2.,-0.828427124746191));
#7810=CARTESIAN_POINT('',(1.24797234069447,-2.,-3.67394039744206E-16));
#7811=CARTESIAN_POINT('',(1.23109734069447,-2.,0.828427124746191));
#7812=CARTESIAN_POINT('',(1.21422234069447,-1.4142135623731,1.41421356237309));
#7813=CARTESIAN_POINT('',(1.19734734069447,-0.828427124746191,2.));
#7814=CARTESIAN_POINT('',(1.18047234069447,0.,2.));
#7815=CARTESIAN_POINT('',(1.16359734069447,0.82842712474619,2.));
#7816=CARTESIAN_POINT('',(1.14672234069447,1.4142135623731,1.4142135623731));
#7817=CARTESIAN_POINT('',(1.12984734069447,2.,0.82842712474619));
#7818=CARTESIAN_POINT('',(1.11297234069447,2.,1.22464679914735E-16));
#7819=CARTESIAN_POINT('',(1.09609734069447,2.,-0.82842712474619));
#7820=CARTESIAN_POINT('',(1.07922234069447,1.4142135623731,-1.41421356237309));
#7821=CARTESIAN_POINT('',(1.06234734069447,0.82842712474619,-2.));
#7822=CARTESIAN_POINT('',(1.04547234069447,2.44929359829471E-16,-2.));
#7823=CARTESIAN_POINT('',(1.02859734069447,-0.82842712474619,-2.));
#7824=CARTESIAN_POINT('',(1.01172234069447,-1.41421356237309,-1.4142135623731));
#7825=CARTESIAN_POINT('',(0.994847340694467,-2.,-0.828427124746191));
#7826=CARTESIAN_POINT('',(0.977972340694466,-2.,-3.67394039744206E-16));
#7827=CARTESIAN_POINT('',(0.961097340694467,-2.,0.828427124746191));
#7828=CARTESIAN_POINT('',(0.944222340694466,-1.4142135623731,1.41421356237309));
#7829=CARTESIAN_POINT('',(0.927347340694466,-0.828427124746191,2.));
#7830=CARTESIAN_POINT('',(0.910472340694466,0.,2.));
#7831=CARTESIAN_POINT('',(0.893597340694466,0.82842712474619,2.));
#7832=CARTESIAN_POINT('',(0.876722340694466,1.4142135623731,1.4142135623731));
#7833=CARTESIAN_POINT('',(0.859847340694466,2.,0.82842712474619));
#7834=CARTESIAN_POINT('',(0.842972340694466,2.,1.22464679914735E-16));
#7835=CARTESIAN_POINT('',(0.826097340694466,2.,-0.82842712474619));
#7836=CARTESIAN_POINT('',(0.809222340694467,1.4142135623731,-1.41421356237309));
#7837=CARTESIAN_POINT('',(0.792347340694467,0.82842712474619,-2.));
#7838=CARTESIAN_POINT('',(0.775472340694467,2.44929359829471E-16,-2.));
#7839=CARTESIAN_POINT('',(0.758597340694466,-0.82842712474619,-2.));
#7840=CARTESIAN_POINT('',(0.741722340694466,-1.41421356237309,-1.4142135623731));
#7841=CARTESIAN_POINT('',(0.724847340694466,-2.,-0.828427124746191));
#7842=CARTESIAN_POINT('',(0.707972340694466,-2.,-3.67394039744206E-16));
#7843=CARTESIAN_POINT('',(0.691097340694466,-2.,0.828427124746191));
#7844=CARTESIAN_POINT('',(0.674222340694466,-1.4142135623731,1.41421356237309));
#7845=CARTESIAN_POINT('',(0.657347340694466,-0.828427124746191,2.));
#7846=CARTESIAN_POINT('',(0.640472340694466,0.,2.));
#7847=CARTESIAN_POINT('',(0.623597340694467,0.82842712474619,2.));
#7848=CARTESIAN_POINT('',(0.606722340694467,1.4142135623731,1.4142135623731));
#7849=CARTESIAN_POINT('',(0.589847340694467,2.,0.82842712474619));
#7850=CARTESIAN_POINT('',(0.572972340694467,2.,1.22464679914735E-16));
#7851=CARTESIAN_POINT('',(0.556097340694466,2.,-0.82842712474619));
#7852=CARTESIAN_POINT('',(0.539222340694466,1.4142135623731,-1.41421356237309));
#7853=CARTESIAN_POINT('',(0.522347340694466,0.82842712474619,-2.));
#7854=CARTESIAN_POINT('',(0.505472340694466,2.44929359829471E-16,-2.));
#7855=CARTESIAN_POINT('',(0.488597340694466,-0.82842712474619,-2.));
#7856=CARTESIAN_POINT('',(0.471722340694466,-1.41421356237309,-1.4142135623731));
#7857=CARTESIAN_POINT('',(0.454847340694466,-2.,-0.828427124746191));
#7858=CARTESIAN_POINT('',(0.437972340694466,-2.,-3.67394039744206E-16));
#7859=CARTESIAN_POINT('',(0.421097340694467,-2.,0.828427124746191));
#7860=CARTESIAN_POINT('',(0.404222340694467,-1.4142135623731,1.41421356237309));
#7861=CARTESIAN_POINT('',(0.387347340694467,-0.828427124746191,2.));
#7862=CARTESIAN_POINT('',(0.370472340694467,0.,2.));
#7863=CARTESIAN_POINT('',(0.353597340694466,0.82842712474619,2.));
#7864=CARTESIAN_POINT('',(0.336722340694466,1.4142135623731,1.4142135623731));
#7865=CARTESIAN_POINT('',(0.319847340694466,2.,0.82842712474619));
#7866=CARTESIAN_POINT('',(0.302972340694466,2.,1.22464679914735E-16));
#7867=CARTESIAN_POINT('',(0.286097340694466,2.,-0.82842712474619));
#7868=CARTESIAN_POINT('',(0.269222340694466,1.4142135623731,-1.41421356237309));
#7869=CARTESIAN_POINT('',(0.252347340694466,0.82842712474619,-2.));
#7870=CARTESIAN_POINT('',(0.235472340694467,2.44929359829471E-16,-2.));
#7871=CARTESIAN_POINT('',(0.218597340694467,-0.82842712474619,-2.));
#7872=CARTESIAN_POINT('',(0.201722340694467,-1.41421356237309,-1.4142135623731));
#7873=CARTESIAN_POINT('',(0.184847340694467,-2.,-0.828427124746191));
#7874=CARTESIAN_POINT('',(0.167972340694466,-2.,-3.67394039744206E-16));
#7875=CARTESIAN_POINT('',(0.151097340694466,-2.,0.828427124746191));
#7876=CARTESIAN_POINT('',(0.134222340694466,-1.4142135623731,1.41421356237309));
#7877=CARTESIAN_POINT('',(0.117347340694466,-0.828427124746191,2.));
#7878=CARTESIAN_POINT('',(0.100472340694466,0.,2.));
#7879=CARTESIAN_POINT('',(0.0835973406944664,0.82842712474619,2.));
#7880=CARTESIAN_POINT('',(0.0667223406944664,1.4142135623731,1.4142135623731));
#7881=CARTESIAN_POINT('',(0.0498473406944665,2.,0.82842712474619));
#7882=CARTESIAN_POINT('',(0.0329723406944665,2.,1.22464679914735E-16));
#7883=CARTESIAN_POINT('',(0.0160973406944666,2.,-0.82842712474619));
#7884=CARTESIAN_POINT('',(-0.000777659305533416,1.4142135623731,-1.41421356237309));
#7885=CARTESIAN_POINT('',(-0.0176526593055334,0.82842712474619,-2.));
#7886=CARTESIAN_POINT('',(-0.0345276593055338,2.44929359829471E-16,-2.));
#7887=CARTESIAN_POINT('',(-0.0514026593055337,-0.82842712474619,-2.));
#7888=CARTESIAN_POINT('',(-0.0682776593055337,-1.41421356237309,-1.4142135623731));
#7889=CARTESIAN_POINT('',(-0.0851526593055337,-2.,-0.828427124746191));
#7890=CARTESIAN_POINT('',(-0.102027659305534,-2.,-3.67394039744206E-16));
#7891=CARTESIAN_POINT('',(-0.107940460858795,-2.,0.29027112236818));
#7892=CARTESIAN_POINT('',(-0.114305557866613,-1.9174808854713,0.568565786740822));
#7893=CARTESIAN_POINT('',(3.61047234069447,0.,2.));
#7894=CARTESIAN_POINT('',(3.59359734069447,0.82842712474619,2.));
#7895=CARTESIAN_POINT('',(3.57672234069447,1.41421356237309,1.41421356237309));
#7896=CARTESIAN_POINT('',(3.55984734069447,2.,0.82842712474619));
#7897=CARTESIAN_POINT('',(3.54297234069447,2.,1.22464679914735E-16));
#7898=CARTESIAN_POINT('',(3.52609734069447,2.,-0.82842712474619));
#7899=CARTESIAN_POINT('',(3.50922234069447,1.41421356237309,-1.41421356237309));
#7900=CARTESIAN_POINT('',(3.49234734069447,0.82842712474619,-2.));
#7901=CARTESIAN_POINT('',(3.47547234069447,2.44929359829471E-16,-2.));
#7902=CARTESIAN_POINT('',(3.45859734069447,-0.82842712474619,-2.));
#7903=CARTESIAN_POINT('',(3.44172234069447,-1.41421356237309,-1.4142135623731));
#7904=CARTESIAN_POINT('',(3.42484734069447,-2.,-0.828427124746191));
#7905=CARTESIAN_POINT('',(3.40797234069447,-2.,-3.67394039744206E-16));
#7906=CARTESIAN_POINT('',(3.39109734069447,-2.,0.828427124746191));
#7907=CARTESIAN_POINT('',(3.37422234069447,-1.4142135623731,1.41421356237309));
#7908=CARTESIAN_POINT('',(3.35734734069447,-0.828427124746192,2.));
#7909=CARTESIAN_POINT('',(3.34047234069447,0.,2.));
#7910=CARTESIAN_POINT('',(3.32359734069447,0.82842712474619,2.));
#7911=CARTESIAN_POINT('',(3.30672234069447,1.41421356237309,1.41421356237309));
#7912=CARTESIAN_POINT('',(3.28984734069447,2.,0.82842712474619));
#7913=CARTESIAN_POINT('',(3.27297234069447,2.,1.22464679914735E-16));
#7914=CARTESIAN_POINT('',(3.25609734069447,2.,-0.82842712474619));
#7915=CARTESIAN_POINT('',(3.23922234069447,1.41421356237309,-1.41421356237309));
#7916=CARTESIAN_POINT('',(3.22234734069447,0.82842712474619,-2.));
#7917=CARTESIAN_POINT('',(3.20547234069447,2.44929359829471E-16,-2.));
#7918=CARTESIAN_POINT('',(3.18859734069447,-0.82842712474619,-2.));
#7919=CARTESIAN_POINT('',(3.17172234069447,-1.41421356237309,-1.4142135623731));
#7920=CARTESIAN_POINT('',(3.15484734069447,-2.,-0.828427124746191));
#7921=CARTESIAN_POINT('',(3.13797234069447,-2.,-3.67394039744206E-16));
#7922=CARTESIAN_POINT('',(3.12109734069447,-2.,0.828427124746191));
#7923=CARTESIAN_POINT('',(3.10422234069447,-1.4142135623731,1.41421356237309));
#7924=CARTESIAN_POINT('',(3.08734734069447,-0.828427124746192,2.));
#7925=CARTESIAN_POINT('',(3.07047234069447,0.,2.));
#7926=CARTESIAN_POINT('',(3.05359734069447,0.82842712474619,2.));
#7927=CARTESIAN_POINT('',(3.03672234069447,1.41421356237309,1.41421356237309));
#7928=CARTESIAN_POINT('',(3.01984734069447,2.,0.82842712474619));
#7929=CARTESIAN_POINT('',(3.00297234069447,2.,1.22464679914735E-16));
#7930=CARTESIAN_POINT('',(2.98609734069447,2.,-0.82842712474619));
#7931=CARTESIAN_POINT('',(2.96922234069447,1.41421356237309,-1.41421356237309));
#7932=CARTESIAN_POINT('',(2.95234734069447,0.82842712474619,-2.));
#7933=CARTESIAN_POINT('',(2.93547234069447,2.44929359829471E-16,-2.));
#7934=CARTESIAN_POINT('',(2.91859734069447,-0.82842712474619,-2.));
#7935=CARTESIAN_POINT('',(2.90172234069447,-1.41421356237309,-1.4142135623731));
#7936=CARTESIAN_POINT('',(2.88484734069447,-2.,-0.828427124746191));
#7937=CARTESIAN_POINT('',(2.86797234069447,-2.,-3.67394039744206E-16));
#7938=CARTESIAN_POINT('',(2.85109734069447,-2.,0.828427124746191));
#7939=CARTESIAN_POINT('',(2.83422234069447,-1.4142135623731,1.41421356237309));
#7940=CARTESIAN_POINT('',(2.81734734069447,-0.828427124746192,2.));
#7941=CARTESIAN_POINT('',(2.80047234069447,0.,2.));
#7942=CARTESIAN_POINT('',(2.78359734069447,0.82842712474619,2.));
#7943=CARTESIAN_POINT('',(2.76672234069447,1.41421356237309,1.41421356237309));
#7944=CARTESIAN_POINT('',(2.74984734069447,2.,0.82842712474619));
#7945=CARTESIAN_POINT('',(2.73297234069447,2.,1.22464679914735E-16));
#7946=CARTESIAN_POINT('',(2.71609734069447,2.,-0.82842712474619));
#7947=CARTESIAN_POINT('',(2.69922234069447,1.41421356237309,-1.41421356237309));
#7948=CARTESIAN_POINT('',(2.68234734069447,0.82842712474619,-2.));
#7949=CARTESIAN_POINT('',(2.66547234069447,2.44929359829471E-16,-2.));
#7950=CARTESIAN_POINT('',(2.64859734069447,-0.82842712474619,-2.));
#7951=CARTESIAN_POINT('',(2.63172234069447,-1.41421356237309,-1.4142135623731));
#7952=CARTESIAN_POINT('',(2.61484734069447,-2.,-0.828427124746191));
#7953=CARTESIAN_POINT('',(2.59797234069447,-2.,-3.67394039744206E-16));
#7954=CARTESIAN_POINT('',(2.58109734069447,-2.,0.828427124746191));
#7955=CARTESIAN_POINT('',(2.56422234069447,-1.4142135623731,1.41421356237309));
#7956=CARTESIAN_POINT('',(2.54734734069447,-0.828427124746192,2.));
#7957=CARTESIAN_POINT('',(2.53047234069447,0.,2.));
#7958=CARTESIAN_POINT('',(2.51359734069447,0.82842712474619,2.));
#7959=CARTESIAN_POINT('',(2.49672234069447,1.41421356237309,1.41421356237309));
#7960=CARTESIAN_POINT('',(2.47984734069447,2.,0.82842712474619));
#7961=CARTESIAN_POINT('',(2.46297234069447,2.,1.22464679914735E-16));
#7962=CARTESIAN_POINT('',(2.44609734069447,2.,-0.82842712474619));
#7963=CARTESIAN_POINT('',(2.42922234069447,1.41421356237309,-1.41421356237309));
#7964=CARTESIAN_POINT('',(2.41234734069447,0.82842712474619,-2.));
#7965=CARTESIAN_POINT('',(2.39547234069447,2.44929359829471E-16,-2.));
#7966=CARTESIAN_POINT('',(2.37859734069447,-0.82842712474619,-2.));
#7967=CARTESIAN_POINT('',(2.36172234069447,-1.41421356237309,-1.4142135623731));
#7968=CARTESIAN_POINT('',(2.34484734069447,-2.,-0.828427124746191));
#7969=CARTESIAN_POINT('',(2.32797234069447,-2.,-3.67394039744206E-16));
#7970=CARTESIAN_POINT('',(2.31109734069447,-2.,0.828427124746191));
#7971=CARTESIAN_POINT('',(2.29422234069447,-1.4142135623731,1.41421356237309));
#7972=CARTESIAN_POINT('',(2.27734734069447,-0.828427124746192,2.));
#7973=CARTESIAN_POINT('',(2.26047234069447,0.,2.));
#7974=CARTESIAN_POINT('',(2.24359734069447,0.82842712474619,2.));
#7975=CARTESIAN_POINT('',(2.22672234069447,1.41421356237309,1.41421356237309));
#7976=CARTESIAN_POINT('',(2.20984734069447,2.,0.82842712474619));
#7977=CARTESIAN_POINT('',(2.19297234069447,2.,1.22464679914735E-16));
#7978=CARTESIAN_POINT('',(2.17609734069447,2.,-0.82842712474619));
#7979=CARTESIAN_POINT('',(2.15922234069447,1.41421356237309,-1.41421356237309));
#7980=CARTESIAN_POINT('',(2.14234734069447,0.82842712474619,-2.));
#7981=CARTESIAN_POINT('',(2.12547234069447,2.44929359829471E-16,-2.));
#7982=CARTESIAN_POINT('',(2.10859734069447,-0.82842712474619,-2.));
#7983=CARTESIAN_POINT('',(2.09172234069447,-1.41421356237309,-1.4142135623731));
#7984=CARTESIAN_POINT('',(2.07484734069447,-2.,-0.828427124746191));
#7985=CARTESIAN_POINT('',(2.05797234069447,-2.,-3.67394039744206E-16));
#7986=CARTESIAN_POINT('',(2.04109734069447,-2.,0.828427124746191));
#7987=CARTESIAN_POINT('',(2.02422234069447,-1.4142135623731,1.41421356237309));
#7988=CARTESIAN_POINT('',(2.00734734069447,-0.828427124746192,2.));
#7989=CARTESIAN_POINT('',(1.99047234069447,0.,2.));
#7990=CARTESIAN_POINT('',(1.97359734069447,0.82842712474619,2.));
#7991=CARTESIAN_POINT('',(1.95672234069447,1.41421356237309,1.41421356237309));
#7992=CARTESIAN_POINT('',(1.93984734069447,2.,0.82842712474619));
#7993=CARTESIAN_POINT('',(1.92297234069447,2.,1.22464679914735E-16));
#7994=CARTESIAN_POINT('',(1.90609734069447,2.,-0.82842712474619));
#7995=CARTESIAN_POINT('',(1.88922234069447,1.41421356237309,-1.41421356237309));
#7996=CARTESIAN_POINT('',(1.87234734069447,0.82842712474619,-2.));
#7997=CARTESIAN_POINT('',(1.85547234069447,2.44929359829471E-16,-2.));
#7998=CARTESIAN_POINT('',(1.83859734069447,-0.82842712474619,-2.));
#7999=CARTESIAN_POINT('',(1.82172234069447,-1.41421356237309,-1.4142135623731));
#8000=CARTESIAN_POINT('',(1.80484734069447,-2.,-0.828427124746191));
#8001=CARTESIAN_POINT('',(1.78797234069447,-2.,-3.67394039744206E-16));
#8002=CARTESIAN_POINT('',(1.77109734069447,-2.,0.828427124746191));
#8003=CARTESIAN_POINT('',(1.75422234069447,-1.4142135623731,1.41421356237309));
#8004=CARTESIAN_POINT('',(1.73734734069447,-0.828427124746192,2.));
#8005=CARTESIAN_POINT('',(1.72047234069447,0.,2.));
#8006=CARTESIAN_POINT('',(1.70359734069447,0.82842712474619,2.));
#8007=CARTESIAN_POINT('',(1.68672234069447,1.41421356237309,1.41421356237309));
#8008=CARTESIAN_POINT('',(1.66984734069447,2.,0.82842712474619));
#8009=CARTESIAN_POINT('',(1.65297234069447,2.,1.22464679914735E-16));
#8010=CARTESIAN_POINT('',(1.63609734069447,2.,-0.82842712474619));
#8011=CARTESIAN_POINT('',(1.61922234069447,1.41421356237309,-1.41421356237309));
#8012=CARTESIAN_POINT('',(1.60234734069447,0.82842712474619,-2.));
#8013=CARTESIAN_POINT('',(1.58547234069447,2.44929359829471E-16,-2.));
#8014=CARTESIAN_POINT('',(1.56859734069447,-0.82842712474619,-2.));
#8015=CARTESIAN_POINT('',(1.55172234069447,-1.41421356237309,-1.4142135623731));
#8016=CARTESIAN_POINT('',(1.53484734069447,-2.,-0.828427124746191));
#8017=CARTESIAN_POINT('',(1.51797234069447,-2.,-3.67394039744206E-16));
#8018=CARTESIAN_POINT('',(1.50109734069447,-2.,0.828427124746191));
#8019=CARTESIAN_POINT('',(1.48422234069447,-1.4142135623731,1.41421356237309));
#8020=CARTESIAN_POINT('',(1.46734734069447,-0.828427124746192,2.));
#8021=CARTESIAN_POINT('',(1.45047234069447,0.,2.));
#8022=CARTESIAN_POINT('',(1.43359734069447,0.82842712474619,2.));
#8023=CARTESIAN_POINT('',(1.41672234069447,1.41421356237309,1.41421356237309));
#8024=CARTESIAN_POINT('',(1.39984734069447,2.,0.82842712474619));
#8025=CARTESIAN_POINT('',(1.38297234069447,2.,1.22464679914735E-16));
#8026=CARTESIAN_POINT('',(1.36609734069447,2.,-0.82842712474619));
#8027=CARTESIAN_POINT('',(1.34922234069447,1.41421356237309,-1.41421356237309));
#8028=CARTESIAN_POINT('',(1.33234734069447,0.82842712474619,-2.));
#8029=CARTESIAN_POINT('',(1.31547234069447,2.44929359829471E-16,-2.));
#8030=CARTESIAN_POINT('',(1.29859734069447,-0.82842712474619,-2.));
#8031=CARTESIAN_POINT('',(1.28172234069447,-1.41421356237309,-1.4142135623731));
#8032=CARTESIAN_POINT('',(1.26484734069447,-2.,-0.828427124746191));
#8033=CARTESIAN_POINT('',(1.24797234069447,-2.,-3.67394039744206E-16));
#8034=CARTESIAN_POINT('',(1.23109734069447,-2.,0.828427124746191));
#8035=CARTESIAN_POINT('',(1.21422234069447,-1.4142135623731,1.41421356237309));
#8036=CARTESIAN_POINT('',(1.19734734069447,-0.828427124746192,2.));
#8037=CARTESIAN_POINT('',(1.18047234069447,0.,2.));
#8038=CARTESIAN_POINT('',(1.16359734069447,0.82842712474619,2.));
#8039=CARTESIAN_POINT('',(1.14672234069447,1.41421356237309,1.41421356237309));
#8040=CARTESIAN_POINT('',(1.12984734069447,2.,0.82842712474619));
#8041=CARTESIAN_POINT('',(1.11297234069447,2.,1.22464679914735E-16));
#8042=CARTESIAN_POINT('',(1.09609734069447,2.,-0.82842712474619));
#8043=CARTESIAN_POINT('',(1.07922234069447,1.41421356237309,-1.41421356237309));
#8044=CARTESIAN_POINT('',(1.06234734069447,0.82842712474619,-2.));
#8045=CARTESIAN_POINT('',(1.04547234069447,2.44929359829471E-16,-2.));
#8046=CARTESIAN_POINT('',(1.02859734069447,-0.82842712474619,-2.));
#8047=CARTESIAN_POINT('',(1.01172234069447,-1.41421356237309,-1.4142135623731));
#8048=CARTESIAN_POINT('',(0.994847340694467,-2.,-0.828427124746191));
#8049=CARTESIAN_POINT('',(0.977972340694466,-2.,-3.67394039744206E-16));
#8050=CARTESIAN_POINT('',(0.961097340694467,-2.,0.828427124746191));
#8051=CARTESIAN_POINT('',(0.944222340694466,-1.4142135623731,1.41421356237309));
#8052=CARTESIAN_POINT('',(0.927347340694466,-0.828427124746192,2.));
#8053=CARTESIAN_POINT('',(0.910472340694466,0.,2.));
#8054=CARTESIAN_POINT('',(0.893597340694466,0.82842712474619,2.));
#8055=CARTESIAN_POINT('',(0.876722340694466,1.41421356237309,1.41421356237309));
#8056=CARTESIAN_POINT('',(0.859847340694466,2.,0.82842712474619));
#8057=CARTESIAN_POINT('',(0.842972340694466,2.,1.22464679914735E-16));
#8058=CARTESIAN_POINT('',(0.826097340694466,2.,-0.82842712474619));
#8059=CARTESIAN_POINT('',(0.809222340694466,1.41421356237309,-1.41421356237309));
#8060=CARTESIAN_POINT('',(0.792347340694467,0.82842712474619,-2.));
#8061=CARTESIAN_POINT('',(0.775472340694467,2.44929359829471E-16,-2.));
#8062=CARTESIAN_POINT('',(0.758597340694466,-0.82842712474619,-2.));
#8063=CARTESIAN_POINT('',(0.741722340694466,-1.41421356237309,-1.4142135623731));
#8064=CARTESIAN_POINT('',(0.724847340694466,-2.,-0.828427124746191));
#8065=CARTESIAN_POINT('',(0.707972340694466,-2.,-3.67394039744206E-16));
#8066=CARTESIAN_POINT('',(0.691097340694466,-2.,0.828427124746191));
#8067=CARTESIAN_POINT('',(0.674222340694466,-1.4142135623731,1.41421356237309));
#8068=CARTESIAN_POINT('',(0.657347340694466,-0.828427124746192,2.));
#8069=CARTESIAN_POINT('',(0.640472340694466,0.,2.));
#8070=CARTESIAN_POINT('',(0.623597340694466,0.82842712474619,2.));
#8071=CARTESIAN_POINT('',(0.606722340694467,1.41421356237309,1.41421356237309));
#8072=CARTESIAN_POINT('',(0.589847340694467,2.,0.82842712474619));
#8073=CARTESIAN_POINT('',(0.572972340694467,2.,1.22464679914735E-16));
#8074=CARTESIAN_POINT('',(0.556097340694466,2.,-0.82842712474619));
#8075=CARTESIAN_POINT('',(0.539222340694466,1.41421356237309,-1.41421356237309));
#8076=CARTESIAN_POINT('',(0.522347340694466,0.82842712474619,-2.));
#8077=CARTESIAN_POINT('',(0.505472340694466,2.44929359829471E-16,-2.));
#8078=CARTESIAN_POINT('',(0.488597340694466,-0.82842712474619,-2.));
#8079=CARTESIAN_POINT('',(0.471722340694466,-1.41421356237309,-1.4142135623731));
#8080=CARTESIAN_POINT('',(0.454847340694466,-2.,-0.828427124746191));
#8081=CARTESIAN_POINT('',(0.437972340694466,-2.,-3.67394039744206E-16));
#8082=CARTESIAN_POINT('',(0.421097340694467,-2.,0.828427124746191));
#8083=CARTESIAN_POINT('',(0.404222340694467,-1.4142135623731,1.41421356237309));
#8084=CARTESIAN_POINT('',(0.387347340694467,-0.828427124746192,2.));
#8085=CARTESIAN_POINT('',(0.370472340694467,0.,2.));
#8086=CARTESIAN_POINT('',(0.353597340694466,0.82842712474619,2.));
#8087=CARTESIAN_POINT('',(0.336722340694466,1.41421356237309,1.41421356237309));
#8088=CARTESIAN_POINT('',(0.319847340694466,2.,0.82842712474619));
#8089=CARTESIAN_POINT('',(0.302972340694466,2.,1.22464679914735E-16));
#8090=CARTESIAN_POINT('',(0.286097340694466,2.,-0.82842712474619));
#8091=CARTESIAN_POINT('',(0.269222340694466,1.41421356237309,-1.41421356237309));
#8092=CARTESIAN_POINT('',(0.252347340694466,0.82842712474619,-2.));
#8093=CARTESIAN_POINT('',(0.235472340694466,2.44929359829471E-16,-2.));
#8094=CARTESIAN_POINT('',(0.218597340694467,-0.82842712474619,-2.));
#8095=CARTESIAN_POINT('',(0.201722340694467,-1.41421356237309,-1.4142135623731));
#8096=CARTESIAN_POINT('',(0.184847340694467,-2.,-0.828427124746191));
#8097=CARTESIAN_POINT('',(0.167972340694466,-2.,-3.67394039744206E-16));
#8098=CARTESIAN_POINT('',(0.151097340694466,-2.,0.828427124746191));
#8099=CARTESIAN_POINT('',(0.134222340694466,-1.4142135623731,1.41421356237309));
#8100=CARTESIAN_POINT('',(0.117347340694466,-0.828427124746192,2.));
#8101=CARTESIAN_POINT('',(0.100472340694466,0.,2.));
#8102=CARTESIAN_POINT('',(0.0835973406944664,0.82842712474619,2.));
#8103=CARTESIAN_POINT('',(0.0667223406944664,1.41421356237309,1.41421356237309));
#8104=CARTESIAN_POINT('',(0.0498473406944665,2.,0.82842712474619));
#8105=CARTESIAN_POINT('',(0.0329723406944665,2.,1.22464679914735E-16));
#8106=CARTESIAN_POINT('',(0.0160973406944665,2.,-0.82842712474619));
#8107=CARTESIAN_POINT('',(-0.000777659305533431,1.41421356237309,-1.41421356237309));
#8108=CARTESIAN_POINT('',(-0.0176526593055334,0.82842712474619,-2.));
#8109=CARTESIAN_POINT('',(-0.0345276593055338,2.44929359829471E-16,-2.));
#8110=CARTESIAN_POINT('',(-0.0514026593055338,-0.82842712474619,-2.));
#8111=CARTESIAN_POINT('',(-0.0682776593055337,-1.41421356237309,-1.4142135623731));
#8112=CARTESIAN_POINT('',(-0.0851526593055337,-2.,-0.828427124746191));
#8113=CARTESIAN_POINT('',(-0.102027659305534,-2.,-3.67394039744206E-16));
#8114=CARTESIAN_POINT('',(-0.118902659305534,-2.,0.828427124746191));
#8115=CARTESIAN_POINT('',(-0.135777659305534,-1.4142135623731,1.41421356237309));
#8116=CARTESIAN_POINT('',(-0.152652659305534,-0.828427124746192,2.));
#8117=CARTESIAN_POINT('',(-0.169527659305534,0.,2.));
#8118=CARTESIAN_POINT('',(-0.186402659305533,0.82842712474619,2.));
#8119=CARTESIAN_POINT('',(-0.203277659305533,1.41421356237309,1.41421356237309));
#8120=CARTESIAN_POINT('',(-0.220152659305534,2.,0.82842712474619));
#8121=CARTESIAN_POINT('',(-0.237027659305534,2.,1.22464679914735E-16));
#8122=CARTESIAN_POINT('',(-0.253902659305534,2.,-0.82842712474619));
#8123=CARTESIAN_POINT('',(-0.270777659305534,1.41421356237309,-1.41421356237309));
#8124=CARTESIAN_POINT('',(-0.287652659305534,0.82842712474619,-2.));
#8125=CARTESIAN_POINT('',(-0.304527659305534,2.44929359829471E-16,-2.));
#8126=CARTESIAN_POINT('',(-0.321402659305534,-0.82842712474619,-2.));
#8127=CARTESIAN_POINT('',(-0.338277659305534,-1.41421356237309,-1.4142135623731));
#8128=CARTESIAN_POINT('',(-0.355152659305534,-2.,-0.828427124746191));
#8129=CARTESIAN_POINT('',(-0.372027659305533,-2.,-3.67394039744206E-16));
#8130=CARTESIAN_POINT('',(-0.388902659305534,-2.,0.828427124746191));
#8131=CARTESIAN_POINT('',(-0.405777659305533,-1.4142135623731,1.41421356237309));
#8132=CARTESIAN_POINT('',(-0.422652659305534,-0.828427124746192,2.));
#8133=CARTESIAN_POINT('',(-0.439527659305533,0.,2.));
#8134=CARTESIAN_POINT('',(-0.456402659305534,0.82842712474619,2.));
#8135=CARTESIAN_POINT('',(-0.473277659305533,1.41421356237309,1.41421356237309));
#8136=CARTESIAN_POINT('',(-0.490152659305534,2.,0.82842712474619));
#8137=CARTESIAN_POINT('',(-0.507027659305533,2.,1.22464679914735E-16));
#8138=CARTESIAN_POINT('',(-0.523902659305534,2.,-0.82842712474619));
#8139=CARTESIAN_POINT('',(-0.540777659305534,1.41421356237309,-1.41421356237309));
#8140=CARTESIAN_POINT('',(-0.557652659305534,0.82842712474619,-2.));
#8141=CARTESIAN_POINT('',(-0.574527659305534,2.44929359829471E-16,-2.));
#8142=CARTESIAN_POINT('',(-0.591402659305533,-0.82842712474619,-2.));
#8143=CARTESIAN_POINT('',(-0.608277659305534,-1.41421356237309,-1.4142135623731));
#8144=CARTESIAN_POINT('',(-0.625152659305533,-2.,-0.828427124746191));
#8145=CARTESIAN_POINT('',(-0.642027659305534,-2.,-3.67394039744206E-16));
#8146=CARTESIAN_POINT('',(-0.658902659305533,-2.,0.828427124746191));
#8147=CARTESIAN_POINT('',(-0.675777659305534,-1.4142135623731,1.41421356237309));
#8148=CARTESIAN_POINT('',(-0.692652659305533,-0.828427124746192,2.));
#8149=CARTESIAN_POINT('',(-0.709527659305534,0.,2.));
#8150=CARTESIAN_POINT('',(-0.726402659305534,0.82842712474619,2.));
#8151=CARTESIAN_POINT('',(-0.743277659305534,1.41421356237309,1.41421356237309));
#8152=CARTESIAN_POINT('',(-0.760152659305534,2.,0.82842712474619));
#8153=CARTESIAN_POINT('',(-0.777027659305533,2.,1.22464679914735E-16));
#8154=CARTESIAN_POINT('',(-0.793902659305534,2.,-0.82842712474619));
#8155=CARTESIAN_POINT('',(-0.810777659305533,1.41421356237309,-1.41421356237309));
#8156=CARTESIAN_POINT('',(-0.827652659305534,0.82842712474619,-2.));
#8157=CARTESIAN_POINT('',(-0.844527659305533,2.44929359829471E-16,-2.));
#8158=CARTESIAN_POINT('',(-0.861402659305534,-0.82842712474619,-2.));
#8159=CARTESIAN_POINT('',(-0.878277659305533,-1.41421356237309,-1.4142135623731));
#8160=CARTESIAN_POINT('',(-0.895152659305534,-2.,-0.828427124746191));
#8161=CARTESIAN_POINT('',(-0.912027659305534,-2.,-3.67394039744206E-16));
#8162=CARTESIAN_POINT('',(-0.928902659305534,-2.,0.828427124746191));
#8163=CARTESIAN_POINT('',(-0.945777659305534,-1.4142135623731,1.41421356237309));
#8164=CARTESIAN_POINT('',(-0.962652659305534,-0.828427124746192,2.));
#8165=CARTESIAN_POINT('',(-0.979527659305534,0.,2.));
#8166=CARTESIAN_POINT('',(-0.996402659305533,0.82842712474619,2.));
#8167=CARTESIAN_POINT('',(-1.01327765930553,1.41421356237309,1.41421356237309));
#8168=CARTESIAN_POINT('',(-1.03015265930553,2.,0.82842712474619));
#8169=CARTESIAN_POINT('',(-1.04702765930553,2.,1.22464679914735E-16));
#8170=CARTESIAN_POINT('',(-1.06390265930553,2.,-0.82842712474619));
#8171=CARTESIAN_POINT('',(-1.08077765930553,1.41421356237309,-1.41421356237309));
#8172=CARTESIAN_POINT('',(-1.09765265930553,0.82842712474619,-2.));
#8173=CARTESIAN_POINT('',(-1.11452765930553,2.44929359829471E-16,-2.));
#8174=CARTESIAN_POINT('',(-1.13140265930553,-0.82842712474619,-2.));
#8175=CARTESIAN_POINT('',(-1.14827765930553,-1.41421356237309,-1.4142135623731));
#8176=CARTESIAN_POINT('',(-1.16515265930553,-2.,-0.828427124746191));
#8177=CARTESIAN_POINT('',(-1.18202765930553,-2.,-3.67394039744206E-16));
#8178=CARTESIAN_POINT('',(-1.19890265930553,-2.,0.828427124746191));
#8179=CARTESIAN_POINT('',(-1.21577765930553,-1.4142135623731,1.41421356237309));
#8180=CARTESIAN_POINT('',(-1.23265265930553,-0.828427124746192,2.));
#8181=CARTESIAN_POINT('',(-1.24952765930553,0.,2.));
#8182=CARTESIAN_POINT('',(-1.26640265930553,0.82842712474619,2.));
#8183=CARTESIAN_POINT('',(-1.28327765930553,1.41421356237309,1.41421356237309));
#8184=CARTESIAN_POINT('',(-1.30015265930553,2.,0.82842712474619));
#8185=CARTESIAN_POINT('',(-1.31702765930553,2.,1.22464679914735E-16));
#8186=CARTESIAN_POINT('',(-1.33390265930553,2.,-0.82842712474619));
#8187=CARTESIAN_POINT('',(-1.35077765930553,1.41421356237309,-1.41421356237309));
#8188=CARTESIAN_POINT('',(-1.36765265930553,0.82842712474619,-2.));
#8189=CARTESIAN_POINT('',(-1.38452765930553,2.44929359829471E-16,-2.));
#8190=CARTESIAN_POINT('',(-1.40140265930553,-0.82842712474619,-2.));
#8191=CARTESIAN_POINT('',(-1.41827765930553,-1.41421356237309,-1.4142135623731));
#8192=CARTESIAN_POINT('',(-1.43515265930553,-2.,-0.828427124746191));
#8193=CARTESIAN_POINT('',(-1.45202765930553,-2.,-3.67394039744206E-16));
#8194=CARTESIAN_POINT('',(-1.46890265930553,-2.,0.828427124746191));
#8195=CARTESIAN_POINT('',(-1.48577765930553,-1.4142135623731,1.41421356237309));
#8196=CARTESIAN_POINT('',(-1.50265265930553,-0.828427124746192,2.));
#8197=CARTESIAN_POINT('',(-1.51952765930553,0.,2.));
#8198=CARTESIAN_POINT('',(-1.53640265930553,0.82842712474619,2.));
#8199=CARTESIAN_POINT('',(-1.55327765930553,1.41421356237309,1.41421356237309));
#8200=CARTESIAN_POINT('',(-1.57015265930553,2.,0.82842712474619));
#8201=CARTESIAN_POINT('',(-1.58702765930553,2.,1.22464679914735E-16));
#8202=CARTESIAN_POINT('',(-1.60390265930553,2.,-0.82842712474619));
#8203=CARTESIAN_POINT('',(-1.62077765930553,1.41421356237309,-1.41421356237309));
#8204=CARTESIAN_POINT('',(-1.63765265930553,0.82842712474619,-2.));
#8205=CARTESIAN_POINT('',(-1.65452765930553,2.44929359829471E-16,-2.));
#8206=CARTESIAN_POINT('',(-1.67140265930553,-0.82842712474619,-2.));
#8207=CARTESIAN_POINT('',(-1.68827765930553,-1.41421356237309,-1.4142135623731));
#8208=CARTESIAN_POINT('',(-1.70515265930553,-2.,-0.828427124746191));
#8209=CARTESIAN_POINT('',(-1.72202765930553,-2.,-3.67394039744206E-16));
#8210=CARTESIAN_POINT('',(-1.73890265930553,-2.,0.828427124746191));
#8211=CARTESIAN_POINT('',(-1.75577765930553,-1.4142135623731,1.41421356237309));
#8212=CARTESIAN_POINT('',(-1.77265265930553,-0.828427124746192,2.));
#8213=CARTESIAN_POINT('',(-1.78952765930553,0.,2.));
#8214=CARTESIAN_POINT('',(-1.80640265930553,0.82842712474619,2.));
#8215=CARTESIAN_POINT('',(-1.82327765930553,1.41421356237309,1.41421356237309));
#8216=CARTESIAN_POINT('',(-1.84015265930553,2.,0.82842712474619));
#8217=CARTESIAN_POINT('',(-1.85702765930553,2.,1.22464679914735E-16));
#8218=CARTESIAN_POINT('',(-1.87390265930553,2.,-0.82842712474619));
#8219=CARTESIAN_POINT('',(-1.89077765930553,1.41421356237309,-1.41421356237309));
#8220=CARTESIAN_POINT('',(-1.90765265930553,0.82842712474619,-2.));
#8221=CARTESIAN_POINT('',(-1.92452765930553,2.44929359829471E-16,-2.));
#8222=CARTESIAN_POINT('',(-1.94140265930553,-0.82842712474619,-2.));
#8223=CARTESIAN_POINT('',(-1.95827765930553,-1.41421356237309,-1.4142135623731));
#8224=CARTESIAN_POINT('',(-1.97515265930553,-2.,-0.828427124746191));
#8225=CARTESIAN_POINT('',(-1.99202765930553,-2.,-3.67394039744206E-16));
#8226=CARTESIAN_POINT('',(-2.00890265930553,-2.,0.828427124746191));
#8227=CARTESIAN_POINT('',(-2.02577765930553,-1.4142135623731,1.41421356237309));
#8228=CARTESIAN_POINT('',(-2.04265265930553,-0.828427124746192,2.));
#8229=CARTESIAN_POINT('',(-2.05952765930553,0.,2.));
#8230=CARTESIAN_POINT('',(0.146025,-1.74745529365638,0.972830918850903));
#8231=CARTESIAN_POINT('',(0.0141347633410171,-2.09045133441469,-0.418293198134674));
#8232=CARTESIAN_POINT('',(0.0195429987845674,-1.9900938558243,-0.892273319213014));
#8233=CARTESIAN_POINT('',(0.0301390474314701,-1.46067791521042,-1.75663778194302));
#8234=CARTESIAN_POINT('',(0.0464343825529156,-0.0236367538433465,-2.27080477330508));
#8235=CARTESIAN_POINT('',(0.0627748723472427,1.41478738182218,-1.75685884808712));
#8236=CARTESIAN_POINT('',(0.0791763122662743,2.19657991912184,-0.443131388888174));
#8237=CARTESIAN_POINT('',(0.0956824326301943,1.95305839720982,1.06752500175378));
#8238=CARTESIAN_POINT('',(0.112279147907186,0.790258423116865,2.06526216459032));
#8239=CARTESIAN_POINT('',(0.129131030258771,-0.744379380129493,2.06439708653142));
#8240=CARTESIAN_POINT('',(0.140184161584576,-1.51677549994319,1.39919925836099));
#8241=CARTESIAN_POINT('',(0.146025,-1.74745529365638,0.972830918850903));
#8242=CARTESIAN_POINT('',(0.0141347633410171,-2.09045133441469,-0.418293198134674));
#8243=CARTESIAN_POINT('',(3.71831328180549,0.,2.13189023665898));
#8244=CARTESIAN_POINT('',(3.70143828180549,0.883057849514939,2.13189023665898));
#8245=CARTESIAN_POINT('',(3.68456328180549,1.50747404308696,1.50747404308696));
#8246=CARTESIAN_POINT('',(3.66768828180549,2.13189023665898,0.883057849514939));
#8247=CARTESIAN_POINT('',(3.65081328180549,2.13189023665898,1.30540627722896E-16));
#8248=CARTESIAN_POINT('',(3.63393828180549,2.13189023665898,-0.883057849514938));
#8249=CARTESIAN_POINT('',(3.61706328180549,1.50747404308696,-1.50747404308696));
#8250=CARTESIAN_POINT('',(3.60018828180549,0.883057849514939,-2.13189023665898));
#8251=CARTESIAN_POINT('',(3.58331328180549,2.61081255445792E-16,-2.13189023665898));
#8252=CARTESIAN_POINT('',(3.56643828180549,-0.883057849514938,-2.13189023665898));
#8253=CARTESIAN_POINT('',(3.54956328180549,-1.50747404308696,-1.50747404308696));
#8254=CARTESIAN_POINT('',(3.53268828180549,-2.13189023665898,-0.88305784951494));
#8255=CARTESIAN_POINT('',(3.51581328180549,-2.13189023665898,-3.91621883168688E-16));
#8256=CARTESIAN_POINT('',(3.49893828180549,-2.13189023665898,0.883057849514939));
#8257=CARTESIAN_POINT('',(3.48206328180549,-1.50747404308696,1.50747404308696));
#8258=CARTESIAN_POINT('',(3.46518828180549,-0.88305784951494,2.13189023665898));
#8259=CARTESIAN_POINT('',(3.44831328180549,-5.22162510891584E-16,2.13189023665898));
#8260=CARTESIAN_POINT('',(3.43143828180549,0.883057849514939,2.13189023665898));
#8261=CARTESIAN_POINT('',(3.41456328180549,1.50747404308696,1.50747404308696));
#8262=CARTESIAN_POINT('',(3.39768828180549,2.13189023665898,0.88305784951494));
#8263=CARTESIAN_POINT('',(3.38081328180549,2.13189023665898,6.5270313861448E-16));
#8264=CARTESIAN_POINT('',(3.36393828180549,2.13189023665898,-0.883057849514939));
#8265=CARTESIAN_POINT('',(3.34706328180549,1.50747404308696,-1.50747404308696));
#8266=CARTESIAN_POINT('',(3.33018828180549,0.88305784951494,-2.13189023665898));
#8267=CARTESIAN_POINT('',(3.31331328180549,7.83243766337375E-16,-2.13189023665898));
#8268=CARTESIAN_POINT('',(3.29643828180549,-0.883057849514939,-2.13189023665898));
#8269=CARTESIAN_POINT('',(3.27956328180549,-1.50747404308696,-1.50747404308696));
#8270=CARTESIAN_POINT('',(3.26268828180549,-2.13189023665898,-0.88305784951494));
#8271=CARTESIAN_POINT('',(3.24581328180549,-2.13189023665898,-9.13784394060271E-16));
#8272=CARTESIAN_POINT('',(3.22893828180549,-2.13189023665898,0.883057849514939));
#8273=CARTESIAN_POINT('',(3.21206328180549,-1.50747404308696,1.50747404308696));
#8274=CARTESIAN_POINT('',(3.19518828180549,-0.88305784951494,2.13189023665898));
#8275=CARTESIAN_POINT('',(3.17831328180549,-1.04432502178317E-15,2.13189023665898));
#8276=CARTESIAN_POINT('',(3.16143828180549,0.883057849514938,2.13189023665898));
#8277=CARTESIAN_POINT('',(3.14456328180549,1.50747404308696,1.50747404308696));
#8278=CARTESIAN_POINT('',(3.12768828180549,2.13189023665898,0.883057849514941));
#8279=CARTESIAN_POINT('',(3.11081328180549,2.13189023665898,1.17486564950606E-15));
#8280=CARTESIAN_POINT('',(3.09393828180549,2.13189023665898,-0.883057849514938));
#8281=CARTESIAN_POINT('',(3.07706328180549,1.50747404308696,-1.50747404308696));
#8282=CARTESIAN_POINT('',(3.06018828180549,0.883057849514941,-2.13189023665898));
#8283=CARTESIAN_POINT('',(3.04331328180549,1.30540627722896E-15,-2.13189023665898));
#8284=CARTESIAN_POINT('',(3.02643828180549,-0.883057849514934,-2.13189023665899));
#8285=CARTESIAN_POINT('',(3.00956328180549,-1.50747404308696,-1.50747404308696));
#8286=CARTESIAN_POINT('',(2.99268828180549,-2.13189023665898,-0.883057849514941));
#8287=CARTESIAN_POINT('',(2.97581328180549,-2.13189023665898,-5.22294470769166E-15));
#8288=CARTESIAN_POINT('',(2.95893828180549,-2.13189023665898,0.883057849514938));
#8289=CARTESIAN_POINT('',(2.94206328180549,-1.50747404308696,1.50747404308696));
#8290=CARTESIAN_POINT('',(2.92518828180549,-0.883057849514937,2.13189023665898));
#8291=CARTESIAN_POINT('',(2.90831328180549,-1.56648753267475E-15,2.13189023665898));
#8292=CARTESIAN_POINT('',(2.89143828180549,0.883057849514934,2.13189023665899));
#8293=CARTESIAN_POINT('',(2.87456328180549,1.50747404308696,1.50747404308696));
#8294=CARTESIAN_POINT('',(2.85768828180549,2.13189023665898,0.883057849514941));
#8295=CARTESIAN_POINT('',(2.84081328180549,2.13189023665898,-2.08996964234216E-15));
#8296=CARTESIAN_POINT('',(2.82393828180549,2.13189023665898,-0.883057849514938));
#8297=CARTESIAN_POINT('',(2.80706328180549,1.50747404308696,-1.50747404308696));
#8298=CARTESIAN_POINT('',(2.79018828180549,0.883057849514937,-2.13189023665898));
#8299=CARTESIAN_POINT('',(2.77331328180549,1.82756878812054E-15,-2.13189023665898));
#8300=CARTESIAN_POINT('',(2.75643828180549,-0.883057849514934,-2.13189023665899));
#8301=CARTESIAN_POINT('',(2.73956328180549,-1.50747404308696,-1.50747404308696));
#8302=CARTESIAN_POINT('',(2.72268828180549,-2.13189023665898,-0.883057849514941));
#8303=CARTESIAN_POINT('',(2.70581328180549,-2.13189023665898,-5.74510721858324E-15));
#8304=CARTESIAN_POINT('',(2.68893828180549,-2.13189023665898,0.883057849514937));
#8305=CARTESIAN_POINT('',(2.67206328180549,-1.50747404308696,1.50747404308696));
#8306=CARTESIAN_POINT('',(2.65518828180549,-0.883057849514938,2.13189023665898));
#8307=CARTESIAN_POINT('',(2.63831328180549,-2.08865004356633E-15,2.13189023665898));
#8308=CARTESIAN_POINT('',(2.62143828180549,0.883057849514933,2.13189023665899));
#8309=CARTESIAN_POINT('',(2.60456328180549,1.50747404308696,1.50747404308696));
#8310=CARTESIAN_POINT('',(2.58768828180549,2.13189023665898,0.883057849514942));
#8311=CARTESIAN_POINT('',(2.57081328180549,2.13189023665898,-1.56780713145057E-15));
#8312=CARTESIAN_POINT('',(2.55393828180549,2.13189023665898,-0.883057849514937));
#8313=CARTESIAN_POINT('',(2.53706328180549,1.50747404308696,-1.50747404308696));
#8314=CARTESIAN_POINT('',(2.52018828180549,0.883057849514938,-2.13189023665898));
#8315=CARTESIAN_POINT('',(2.50331328180549,2.34973129901213E-15,-2.13189023665898));
#8316=CARTESIAN_POINT('',(2.48643828180549,-0.883057849514933,-2.13189023665899));
#8317=CARTESIAN_POINT('',(2.46956328180549,-1.50747404308696,-1.50747404308696));
#8318=CARTESIAN_POINT('',(2.45268828180549,-2.13189023665898,-0.883057849514942));
#8319=CARTESIAN_POINT('',(2.43581328180549,-2.13189023665898,-6.26726972947483E-15));
#8320=CARTESIAN_POINT('',(2.41893828180549,-2.13189023665899,0.883057849514937));
#8321=CARTESIAN_POINT('',(2.40206328180549,-1.50747404308696,1.50747404308696));
#8322=CARTESIAN_POINT('',(2.38518828180549,-0.883057849514938,2.13189023665898));
#8323=CARTESIAN_POINT('',(2.36831328180549,-2.61081255445792E-15,2.13189023665898));
#8324=CARTESIAN_POINT('',(2.35143828180549,0.883057849514933,2.13189023665899));
#8325=CARTESIAN_POINT('',(2.33456328180549,1.50747404308696,1.50747404308697));
#8326=CARTESIAN_POINT('',(2.31768828180549,2.13189023665899,0.883057849514935));
#8327=CARTESIAN_POINT('',(2.30081328180549,2.13189023665898,-1.04564462055899E-15));
#8328=CARTESIAN_POINT('',(2.28393828180549,2.13189023665899,-0.883057849514937));
#8329=CARTESIAN_POINT('',(2.26706328180549,1.50747404308696,-1.50747404308696));
#8330=CARTESIAN_POINT('',(2.25018828180549,0.883057849514946,-2.13189023665898));
#8331=CARTESIAN_POINT('',(2.23331328180549,1.04458894153833E-14,-2.13189023665898));
#8332=CARTESIAN_POINT('',(2.21643828180549,-0.88305784951494,-2.13189023665898));
#8333=CARTESIAN_POINT('',(2.19956328180549,-1.50747404308696,-1.50747404308696));
#8334=CARTESIAN_POINT('',(2.18268828180549,-2.13189023665898,-0.883057849514942));
#8335=CARTESIAN_POINT('',(2.16581328180549,-2.13189023665898,-6.78943224036641E-15));
#8336=CARTESIAN_POINT('',(2.14893828180549,-2.13189023665899,0.883057849514929));
#8337=CARTESIAN_POINT('',(2.13206328180549,-1.50747404308696,1.50747404308696));
#8338=CARTESIAN_POINT('',(2.11518828180549,-0.883057849514939,2.13189023665898));
#8339=CARTESIAN_POINT('',(2.09831328180549,-3.1329750653495E-15,2.13189023665898));
#8340=CARTESIAN_POINT('',(2.08143828180549,0.883057849514932,2.13189023665899));
#8341=CARTESIAN_POINT('',(2.06456328180549,1.50747404308695,1.50747404308697));
#8342=CARTESIAN_POINT('',(2.04768828180549,2.13189023665899,0.883057849514935));
#8343=CARTESIAN_POINT('',(2.03081328180549,2.13189023665898,-5.23482109667407E-16));
#8344=CARTESIAN_POINT('',(2.01393828180549,2.13189023665899,-0.883057849514936));
#8345=CARTESIAN_POINT('',(1.99706328180549,1.50747404308696,-1.50747404308696));
#8346=CARTESIAN_POINT('',(1.98018828180549,0.883057849514947,-2.13189023665898));
#8347=CARTESIAN_POINT('',(1.96331328180549,-4.17993928468432E-15,-2.13189023665898));
#8348=CARTESIAN_POINT('',(1.94643828180549,-0.88305784951494,-2.13189023665898));
#8349=CARTESIAN_POINT('',(1.92956328180549,-1.50747404308696,-1.50747404308696));
#8350=CARTESIAN_POINT('',(1.91268828180549,-2.13189023665898,-0.883057849514943));
#8351=CARTESIAN_POINT('',(1.89581328180549,-2.13189023665898,-7.31159475125799E-15));
#8352=CARTESIAN_POINT('',(1.87893828180549,-2.13189023665899,0.883057849514928));
#8353=CARTESIAN_POINT('',(1.86206328180549,-1.50747404308696,1.50747404308696));
#8354=CARTESIAN_POINT('',(1.84518828180549,-0.883057849514939,2.13189023665898));
#8355=CARTESIAN_POINT('',(1.82831328180549,-3.65513757624109E-15,2.13189023665898));
#8356=CARTESIAN_POINT('',(1.81143828180549,0.883057849514932,2.13189023665899));
#8357=CARTESIAN_POINT('',(1.79456328180549,1.50747404308695,1.50747404308697));
#8358=CARTESIAN_POINT('',(1.77768828180549,2.13189023665899,0.883057849514936));
#8359=CARTESIAN_POINT('',(1.76081328180549,2.13189023665898,-1.31959877582368E-18));
#8360=CARTESIAN_POINT('',(1.74393828180549,2.13189023665899,-0.883057849514936));
#8361=CARTESIAN_POINT('',(1.72706328180549,1.50747404308697,-1.50747404308696));
#8362=CARTESIAN_POINT('',(1.71018828180549,0.883057849514947,-2.13189023665898));
#8363=CARTESIAN_POINT('',(1.69331328180549,1.14902144371665E-14,-2.13189023665898));
#8364=CARTESIAN_POINT('',(1.67643828180549,-0.883057849514939,-2.13189023665898));
#8365=CARTESIAN_POINT('',(1.65956328180549,-1.50747404308696,-1.50747404308696));
#8366=CARTESIAN_POINT('',(1.64268828180549,-2.13189023665898,-0.883057849514944));
#8367=CARTESIAN_POINT('',(1.62581328180549,-2.13189023665898,-7.83375726214958E-15));
#8368=CARTESIAN_POINT('',(1.60893828180549,-2.13189023665899,0.883057849514928));
#8369=CARTESIAN_POINT('',(1.59206328180549,-1.50747404308696,1.50747404308696));
#8370=CARTESIAN_POINT('',(1.57518828180549,-0.88305784951494,2.13189023665898));
#8371=CARTESIAN_POINT('',(1.55831328180549,-4.17730008713267E-15,2.13189023665898));
#8372=CARTESIAN_POINT('',(1.54143828180549,0.883057849514931,2.13189023665899));
#8373=CARTESIAN_POINT('',(1.52456328180549,1.50747404308695,1.50747404308697));
#8374=CARTESIAN_POINT('',(1.50768828180549,2.13189023665899,0.883057849514936));
#8375=CARTESIAN_POINT('',(1.49081328180549,2.13189023665898,5.2084291211576E-16));
#8376=CARTESIAN_POINT('',(1.47393828180549,2.13189023665899,-0.883057849514935));
#8377=CARTESIAN_POINT('',(1.45706328180549,1.50747404308697,-1.50747404308696));
#8378=CARTESIAN_POINT('',(1.44018828180549,0.883057849514948,-2.13189023665898));
#8379=CARTESIAN_POINT('',(1.42331328180549,-3.13561426290115E-15,-2.13189023665898));
#8380=CARTESIAN_POINT('',(1.40643828180549,-0.883057849514939,-2.13189023665898));
#8381=CARTESIAN_POINT('',(1.38956328180549,-1.50747404308696,-1.50747404308696));
#8382=CARTESIAN_POINT('',(1.37268828180549,-2.13189023665898,-0.883057849514944));
#8383=CARTESIAN_POINT('',(1.35581328180549,-2.13189023665898,-8.35591977304116E-15));
#8384=CARTESIAN_POINT('',(1.33893828180549,-2.13189023665899,0.883057849514927));
#8385=CARTESIAN_POINT('',(1.32206328180549,-1.50747404308696,1.50747404308696));
#8386=CARTESIAN_POINT('',(1.30518828180549,-0.88305784951494,2.13189023665898));
#8387=CARTESIAN_POINT('',(1.28831328180549,-4.69946259802425E-15,2.13189023665898));
#8388=CARTESIAN_POINT('',(1.27143828180549,0.883057849514931,2.13189023665899));
#8389=CARTESIAN_POINT('',(1.25456328180549,1.50747404308695,1.50747404308697));
#8390=CARTESIAN_POINT('',(1.23768828180549,2.13189023665899,0.883057849514937));
#8391=CARTESIAN_POINT('',(1.22081328180549,2.13189023665898,1.04300542300734E-15));
#8392=CARTESIAN_POINT('',(1.20393828180549,2.13189023665899,-0.883057849514935));
#8393=CARTESIAN_POINT('',(1.18706328180549,1.50747404308697,-1.50747404308696));
#8394=CARTESIAN_POINT('',(1.17018828180549,0.883057849514948,-2.13189023665898));
#8395=CARTESIAN_POINT('',(1.15331328180549,1.25345394589497E-14,-2.13189023665898));
#8396=CARTESIAN_POINT('',(1.13643828180549,-0.883057849514938,-2.13189023665898));
#8397=CARTESIAN_POINT('',(1.11956328180549,-1.50747404308696,-1.50747404308696));
#8398=CARTESIAN_POINT('',(1.10268828180549,-2.13189023665898,-0.883057849514944));
#8399=CARTESIAN_POINT('',(1.08581328180549,-2.13189023665898,-8.87808228393275E-15));
#8400=CARTESIAN_POINT('',(1.06893828180549,-2.13189023665899,0.883057849514927));
#8401=CARTESIAN_POINT('',(1.05206328180549,-1.50747404308696,1.50747404308696));
#8402=CARTESIAN_POINT('',(1.03518828180549,-0.883057849514941,2.13189023665898));
#8403=CARTESIAN_POINT('',(1.01831328180549,-5.22162510891584E-15,2.13189023665898));
#8404=CARTESIAN_POINT('',(1.00143828180549,0.88305784951493,2.13189023665899));
#8405=CARTESIAN_POINT('',(0.984563281805493,1.50747404308695,1.50747404308697));
#8406=CARTESIAN_POINT('',(0.967688281805493,2.13189023665898,0.883057849514952));
#8407=CARTESIAN_POINT('',(0.950813281805493,2.13189023665898,1.67131591448581E-14));
#8408=CARTESIAN_POINT('',(0.933938281805493,2.13189023665899,-0.883057849514919));
#8409=CARTESIAN_POINT('',(0.917063281805493,1.50747404308696,-1.50747404308697));
#8410=CARTESIAN_POINT('',(0.900188281805493,0.883057849514933,-2.13189023665899));
#8411=CARTESIAN_POINT('',(0.883313281805493,-2.09128924111798E-15,-2.13189023665898));
#8412=CARTESIAN_POINT('',(0.866438281805493,-0.883057849514938,-2.13189023665898));
#8413=CARTESIAN_POINT('',(0.849563281805493,-1.50747404308696,-1.50747404308696));
#8414=CARTESIAN_POINT('',(0.832688281805493,-2.13189023665898,-0.883057849514945));
#8415=CARTESIAN_POINT('',(0.815813281805493,-2.13189023665898,-9.40024479482433E-15));
#8416=CARTESIAN_POINT('',(0.798938281805493,-2.13189023665899,0.883057849514926));
#8417=CARTESIAN_POINT('',(0.782063281805493,-1.50747404308697,1.50747404308695));
#8418=CARTESIAN_POINT('',(0.765188281805493,-0.883057849514957,2.13189023665898));
#8419=CARTESIAN_POINT('',(0.748313281805493,-2.08917788307666E-14,2.13189023665898));
#8420=CARTESIAN_POINT('',(0.731438281805493,0.883057849514945,2.13189023665898));
#8421=CARTESIAN_POINT('',(0.714563281805493,1.50747404308696,1.50747404308696));
#8422=CARTESIAN_POINT('',(0.697688281805493,2.13189023665898,0.883057849514938));
#8423=CARTESIAN_POINT('',(0.680813281805493,2.13189023665898,2.08733044479051E-15));
#8424=CARTESIAN_POINT('',(0.663938281805493,2.13189023665899,-0.883057849514933));
#8425=CARTESIAN_POINT('',(0.647063281805493,1.50747404308697,-1.50747404308696));
#8426=CARTESIAN_POINT('',(0.630188281805493,0.883057849514949,-2.13189023665898));
#8427=CARTESIAN_POINT('',(0.613313281805493,1.35788644807328E-14,-2.13189023665898));
#8428=CARTESIAN_POINT('',(0.596438281805493,-0.883057849514922,-2.13189023665899));
#8429=CARTESIAN_POINT('',(0.579563281805493,-1.50747404308695,-1.50747404308697));
#8430=CARTESIAN_POINT('',(0.562688281805493,-2.13189023665899,-0.88305784951493));
#8431=CARTESIAN_POINT('',(0.545813281805493,-2.13189023665898,5.22558390524331E-15));
#8432=CARTESIAN_POINT('',(0.528938281805493,-2.13189023665898,0.883057849514941));
#8433=CARTESIAN_POINT('',(0.512063281805493,-1.50747404308696,1.50747404308696));
#8434=CARTESIAN_POINT('',(0.495188281805493,-0.883057849514942,2.13189023665898));
#8435=CARTESIAN_POINT('',(0.478313281805493,-6.265950130699E-15,2.13189023665898));
#8436=CARTESIAN_POINT('',(0.461438281805493,0.883057849514929,2.13189023665899));
#8437=CARTESIAN_POINT('',(0.444563281805493,1.50747404308695,1.50747404308697));
#8438=CARTESIAN_POINT('',(0.427688281805493,2.13189023665898,0.883057849514953));
#8439=CARTESIAN_POINT('',(0.410813281805493,2.13189023665898,1.77574841666413E-14));
#8440=CARTESIAN_POINT('',(0.393938281805493,2.13189023665899,-0.883057849514918));
#8441=CARTESIAN_POINT('',(0.377063281805493,1.50747404308696,-1.50747404308697));
#8442=CARTESIAN_POINT('',(0.360188281805493,0.883057849514935,-2.13189023665899));
#8443=CARTESIAN_POINT('',(0.343313281805493,-1.04696421933481E-15,-2.13189023665898));
#8444=CARTESIAN_POINT('',(0.326438281805493,-0.883057849514937,-2.13189023665899));
#8445=CARTESIAN_POINT('',(0.309563281805493,-1.50747404308696,-1.50747404308696));
#8446=CARTESIAN_POINT('',(0.292688281805493,-2.13189023665898,-0.883057849514946));
#8447=CARTESIAN_POINT('',(0.275813281805493,-2.13189023665898,-1.04445698166075E-14));
#8448=CARTESIAN_POINT('',(0.258938281805493,-2.13189023665899,0.883057849514925));
#8449=CARTESIAN_POINT('',(0.242063281805493,-1.50747404308697,1.50747404308695));
#8450=CARTESIAN_POINT('',(0.225188281805493,-0.883057849514958,2.13189023665898));
#8451=CARTESIAN_POINT('',(0.208313281805493,8.35987856936863E-15,2.13189023665898));
#8452=CARTESIAN_POINT('',(0.191438281805493,0.883057849514944,2.13189023665898));
#8453=CARTESIAN_POINT('',(0.174563281805493,1.50747404308696,1.50747404308696));
#8454=CARTESIAN_POINT('',(0.157688281805493,2.13189023665898,0.883057849514939));
#8455=CARTESIAN_POINT('',(0.140813281805493,2.13189023665898,3.13165546657368E-15));
#8456=CARTESIAN_POINT('',(0.123938281805493,2.13189023665899,-0.883057849514932));
#8457=CARTESIAN_POINT('',(0.107063281805493,1.50747404308697,-1.50747404308695));
#8458=CARTESIAN_POINT('',(0.0901882818054932,0.88305784951495,-2.13189023665898));
#8459=CARTESIAN_POINT('',(0.0733132818054928,1.4623189502516E-14,-2.13189023665898));
#8460=CARTESIAN_POINT('',(0.0564382818054928,-0.883057849514921,-2.13189023665899));
#8461=CARTESIAN_POINT('',(0.0395632818054928,-1.50747404308695,-1.50747404308698));
#8462=CARTESIAN_POINT('',(0.0226882818054929,-2.13189023665899,-0.883057849514931));
#8463=CARTESIAN_POINT('',(0.00581328180549292,-2.13189023665898,4.18125888346014E-15));
#8464=CARTESIAN_POINT('',(-0.011061718194507,-2.13189023665898,0.88305784951494));
#8465=CARTESIAN_POINT('',(-0.027936718194507,-1.50747404308696,1.50747404308696));
#8466=CARTESIAN_POINT('',(-0.044811718194507,-0.883057849514943,2.13189023665898));
#8467=CARTESIAN_POINT('',(-0.0616867181945069,-7.31027515248217E-15,2.13189023665898));
#8468=CARTESIAN_POINT('',(-0.0785617181945069,0.883057849514928,2.13189023665899));
#8469=CARTESIAN_POINT('',(-0.0954367181945069,1.50747404308695,1.50747404308697));
#8470=CARTESIAN_POINT('',(-0.112311718194507,2.13189023665898,0.883057849514954));
#8471=CARTESIAN_POINT('',(-0.129186718194507,2.13189023665898,1.88018091884245E-14));
#8472=CARTESIAN_POINT('',(-0.146061718194507,2.13189023665899,-0.883057849514917));
#8473=CARTESIAN_POINT('',(-0.162936718194507,1.50747404308696,-1.50747404308697));
#8474=CARTESIAN_POINT('',(-0.179811718194507,0.883057849514936,-2.13189023665899));
#8475=CARTESIAN_POINT('',(-0.196686718194507,-2.63919755164737E-18,-2.13189023665898));
#8476=CARTESIAN_POINT('',(-0.213561718194507,-0.883057849514936,-2.13189023665899));
#8477=CARTESIAN_POINT('',(-0.230436718194507,-1.50747404308696,-1.50747404308697));
#8478=CARTESIAN_POINT('',(-0.247311718194507,-2.13189023665898,-0.883057849514947));
#8479=CARTESIAN_POINT('',(-0.264186718194507,-2.13189023665898,-1.14888948383907E-14));
#8480=CARTESIAN_POINT('',(-0.281061718194507,-2.13189023665899,0.883057849514924));
#8481=CARTESIAN_POINT('',(-0.297936718194507,-1.50747404308697,1.50747404308695));
#8482=CARTESIAN_POINT('',(-0.314811718194507,-0.883057849514959,2.13189023665898));
#8483=CARTESIAN_POINT('',(-0.331686718194507,-2.2980428874333E-14,2.13189023665898));
#8484=CARTESIAN_POINT('',(-0.348561718194507,0.883057849514943,2.13189023665898));
#8485=CARTESIAN_POINT('',(-0.365436718194507,1.50747404308696,1.50747404308696));
#8486=CARTESIAN_POINT('',(-0.382311718194507,2.13189023665898,0.88305784951494));
#8487=CARTESIAN_POINT('',(-0.399186718194507,2.13189023665898,4.17598048835685E-15));
#8488=CARTESIAN_POINT('',(-0.416061718194507,2.13189023665899,-0.883057849514931));
#8489=CARTESIAN_POINT('',(-0.432936718194507,1.50747404308697,-1.50747404308695));
#8490=CARTESIAN_POINT('',(-0.449811718194507,0.883057849514951,-2.13189023665898));
#8491=CARTESIAN_POINT('',(-0.466686718194507,1.56675145242992E-14,-2.13189023665898));
#8492=CARTESIAN_POINT('',(-0.483561718194507,-0.88305784951492,-2.13189023665899));
#8493=CARTESIAN_POINT('',(-0.500436718194507,-1.50747404308695,-1.50747404308698));
#8494=CARTESIAN_POINT('',(-0.517311718194507,-2.13189023665899,-0.883057849514932));
#8495=CARTESIAN_POINT('',(-0.534186718194507,-2.13189023665898,3.13693386167697E-15));
#8496=CARTESIAN_POINT('',(-0.551061718194507,-2.13189023665898,0.883057849514939));
#8497=CARTESIAN_POINT('',(-0.567936718194507,-1.50747404308696,1.50747404308696));
#8498=CARTESIAN_POINT('',(-0.584811718194507,-0.883057849514944,2.13189023665898));
#8499=CARTESIAN_POINT('',(-0.601686718194507,-8.35460017426534E-15,2.13189023665898));
#8500=CARTESIAN_POINT('',(-0.618561718194507,0.883057849514927,2.13189023665899));
#8501=CARTESIAN_POINT('',(-0.635436718194507,1.50747404308695,1.50747404308697));
#8502=CARTESIAN_POINT('',(-0.652311718194507,2.13189023665898,0.883057849514955));
#8503=CARTESIAN_POINT('',(-0.669186718194507,2.13189023665898,1.98461342102076E-14));
#8504=CARTESIAN_POINT('',(-0.686061718194507,2.13189023665899,-0.883057849514916));
#8505=CARTESIAN_POINT('',(-0.702936718194507,1.50747404308696,-1.50747404308696));
#8506=CARTESIAN_POINT('',(-0.719811718194507,0.883057849514937,-2.13189023665899));
#8507=CARTESIAN_POINT('',(-0.736686718194507,1.04168582423152E-15,-2.13189023665898));
#8508=CARTESIAN_POINT('',(-0.753561718194507,-0.883057849514935,-2.13189023665899));
#8509=CARTESIAN_POINT('',(-0.770436718194507,-1.50747404308696,-1.50747404308697));
#8510=CARTESIAN_POINT('',(-0.787311718194507,-2.13189023665898,-0.883057849514948));
#8511=CARTESIAN_POINT('',(-0.804186718194507,-2.13189023665898,-1.25332198601738E-14));
#8512=CARTESIAN_POINT('',(-0.821061718194507,-2.13189023665899,0.883057849514923));
#8513=CARTESIAN_POINT('',(-0.837936718194507,-1.50747404308697,1.50747404308695));
#8514=CARTESIAN_POINT('',(-0.854811718194507,-0.88305784951496,2.13189023665898));
#8515=CARTESIAN_POINT('',(-0.871686718194507,6.2712285258023E-15,2.13189023665898));
#8516=CARTESIAN_POINT('',(-0.888561718194507,0.883057849514942,2.13189023665898));
#8517=CARTESIAN_POINT('',(-0.905436718194507,1.50747404308696,1.50747404308696));
#8518=CARTESIAN_POINT('',(-0.922311718194507,2.13189023665898,0.883057849514941));
#8519=CARTESIAN_POINT('',(-0.939186718194507,2.13189023665898,5.22030551014001E-15));
#8520=CARTESIAN_POINT('',(-0.956061718194507,2.13189023665899,-0.88305784951493));
#8521=CARTESIAN_POINT('',(-0.972936718194507,1.50747404308697,-1.50747404308695));
#8522=CARTESIAN_POINT('',(-0.989811718194507,0.883057849514952,-2.13189023665898));
#8523=CARTESIAN_POINT('',(-1.00668671819451,1.67118395460823E-14,-2.13189023665898));
#8524=CARTESIAN_POINT('',(-1.02356171819451,-0.883057849514919,-2.13189023665899));
#8525=CARTESIAN_POINT('',(-1.04043671819451,-1.50747404308695,-1.50747404308698));
#8526=CARTESIAN_POINT('',(-1.05731171819451,-2.13189023665899,-0.883057849514933));
#8527=CARTESIAN_POINT('',(-1.07418671819451,-2.13189023665898,2.09260883989381E-15));
#8528=CARTESIAN_POINT('',(-1.09106171819451,-2.13189023665898,0.883057849514938));
#8529=CARTESIAN_POINT('',(-1.10793671819451,-1.50747404308696,1.50747404308696));
#8530=CARTESIAN_POINT('',(-1.12481171819451,-0.883057849514945,2.13189023665898));
#8531=CARTESIAN_POINT('',(-1.14168671819451,-9.39892519604851E-15,2.13189023665898));
#8532=CARTESIAN_POINT('',(-1.15856171819451,0.883057849514926,2.13189023665899));
#8533=CARTESIAN_POINT('',(-1.17543671819451,1.50747404308695,1.50747404308697));
#8534=CARTESIAN_POINT('',(-1.19231171819451,2.13189023665898,0.883057849514957));
#8535=CARTESIAN_POINT('',(-1.20918671819451,2.13189023665898,2.08904592319908E-14));
#8536=CARTESIAN_POINT('',(-1.22606171819451,2.13189023665899,-0.883057849514915));
#8537=CARTESIAN_POINT('',(-1.24293671819451,1.50747404308696,-1.50747404308696));
#8538=CARTESIAN_POINT('',(-1.25981171819451,0.883057849514938,-2.13189023665898));
#8539=CARTESIAN_POINT('',(-1.27668671819451,2.08601084601469E-15,-2.13189023665898));
#8540=CARTESIAN_POINT('',(-1.29356171819451,-0.883057849514933,-2.13189023665899));
#8541=CARTESIAN_POINT('',(-1.31043671819451,-1.50747404308696,-1.50747404308697));
#8542=CARTESIAN_POINT('',(-1.32731171819451,-2.13189023665898,-0.883057849514949));
#8543=CARTESIAN_POINT('',(-1.34418671819451,-2.13189023665898,-1.3577544881957E-14));
#8544=CARTESIAN_POINT('',(-1.36106171819451,-2.13189023665899,0.883057849514922));
#8545=CARTESIAN_POINT('',(-1.37793671819451,-1.50747404308697,1.50747404308695));
#8546=CARTESIAN_POINT('',(-1.39481171819451,-0.883057849514961,2.13189023665897));
#8547=CARTESIAN_POINT('',(-1.41168671819451,-2.50690789178993E-14,2.13189023665898));
#8548=CARTESIAN_POINT('',(-1.42856171819451,0.883057849514941,2.13189023665898));
#8549=CARTESIAN_POINT('',(-1.44543671819451,1.50747404308696,1.50747404308696));
#8550=CARTESIAN_POINT('',(-1.46231171819451,2.13189023665898,0.883057849514942));
#8551=CARTESIAN_POINT('',(-1.47918671819451,2.13189023665898,6.26463053192318E-15));
#8552=CARTESIAN_POINT('',(-1.49606171819451,2.13189023665899,-0.883057849514929));
#8553=CARTESIAN_POINT('',(-1.51293671819451,1.50747404308697,-1.50747404308695));
#8554=CARTESIAN_POINT('',(-1.52981171819451,0.883057849514953,-2.13189023665898));
#8555=CARTESIAN_POINT('',(-1.54668671819451,1.77561645678655E-14,-2.13189023665898));
#8556=CARTESIAN_POINT('',(-1.56356171819451,-0.883057849514918,-2.13189023665899));
#8557=CARTESIAN_POINT('',(-1.58043671819451,-1.50747404308694,-1.50747404308698));
#8558=CARTESIAN_POINT('',(-1.59731171819451,-2.13189023665899,-0.883057849514935));
#8559=CARTESIAN_POINT('',(-1.61418671819451,-2.13189023665898,1.04828381811064E-15));
#8560=CARTESIAN_POINT('',(-1.63106171819451,-2.13189023665899,0.883057849514937));
#8561=CARTESIAN_POINT('',(-1.64793671819451,-1.50747404308696,1.50747404308696));
#8562=CARTESIAN_POINT('',(-1.66481171819451,-0.883057849514946,2.13189023665898));
#8563=CARTESIAN_POINT('',(-1.68168671819451,-1.04432502178317E-14,2.13189023665898));
#8564=CARTESIAN_POINT('',(-1.69856171819451,0.883057849514925,2.13189023665899));
#8565=CARTESIAN_POINT('',(-1.71543671819451,1.50747404308695,1.50747404308697));
#8566=CARTESIAN_POINT('',(-1.73231171819451,2.13189023665898,0.883057849514958));
#8567=CARTESIAN_POINT('',(-1.74918671819451,2.13189023665898,2.1934784253774E-14));
#8568=CARTESIAN_POINT('',(-1.76606171819451,2.13189023665899,-0.883057849514914));
#8569=CARTESIAN_POINT('',(-1.78293671819451,1.50747404308698,-1.50747404308694));
#8570=CARTESIAN_POINT('',(-1.79981171819451,0.883057849514939,-2.13189023665898));
#8571=CARTESIAN_POINT('',(-1.81668671819451,3.34263182897163E-14,-2.13189023665898));
#8572=CARTESIAN_POINT('',(-1.83356171819451,-0.883057849514932,-2.13189023665899));
#8573=CARTESIAN_POINT('',(-1.85043671819451,-1.50747404308693,-1.50747404308699));
#8574=CARTESIAN_POINT('',(-1.86731171819451,-2.13189023665898,-0.88305784951495));
#8575=CARTESIAN_POINT('',(-1.88418671819451,-2.13189023665898,1.56741125181783E-14));
#8576=CARTESIAN_POINT('',(-1.90106171819451,-2.13189023665899,0.883057849514921));
#8577=CARTESIAN_POINT('',(-1.91793671819451,-1.50747404308695,1.50747404308697));
#8578=CARTESIAN_POINT('',(-1.93481171819451,-0.883057849514962,2.13189023665897));
#8579=CARTESIAN_POINT('',(-1.95168671819451,4.18257848223596E-15,2.13189023665898));
#8580=CARTESIAN_POINT('',(3.64487455236183,-1.7633456411435,-0.943722496213908));
#8581=CARTESIAN_POINT('',(3.63387042951859,-2.,-0.501533787328212));
#8582=CARTESIAN_POINT('',(3.62365422291652,-2.,-3.67394039744206E-16));
#8583=CARTESIAN_POINT('',(3.60677922291652,-2.,0.828427124746191));
#8584=CARTESIAN_POINT('',(3.58990422291652,-1.41421356237309,1.41421356237309));
#8585=CARTESIAN_POINT('',(3.57302922291652,-0.828427124746191,2.));
#8586=CARTESIAN_POINT('',(3.55615422291652,0.,2.));
#8587=CARTESIAN_POINT('',(3.53927922291652,0.82842712474619,2.));
#8588=CARTESIAN_POINT('',(3.52240422291652,1.41421356237309,1.41421356237309));
#8589=CARTESIAN_POINT('',(3.50552922291652,2.,0.82842712474619));
#8590=CARTESIAN_POINT('',(3.48865422291652,2.,1.22464679914735E-16));
#8591=CARTESIAN_POINT('',(3.47177922291652,2.,-0.82842712474619));
#8592=CARTESIAN_POINT('',(3.45490422291652,1.41421356237309,-1.41421356237309));
#8593=CARTESIAN_POINT('',(3.43802922291652,0.82842712474619,-2.));
#8594=CARTESIAN_POINT('',(3.42115422291652,2.44929359829471E-16,-2.));
#8595=CARTESIAN_POINT('',(3.40427922291652,-0.82842712474619,-2.));
#8596=CARTESIAN_POINT('',(3.38740422291652,-1.41421356237309,-1.41421356237309));
#8597=CARTESIAN_POINT('',(3.37052922291652,-2.,-0.828427124746191));
#8598=CARTESIAN_POINT('',(3.35365422291652,-2.,-3.67394039744206E-16));
#8599=CARTESIAN_POINT('',(3.33677922291652,-2.,0.828427124746191));
#8600=CARTESIAN_POINT('',(3.31990422291652,-1.41421356237309,1.41421356237309));
#8601=CARTESIAN_POINT('',(3.30302922291652,-0.828427124746191,2.));
#8602=CARTESIAN_POINT('',(3.28615422291652,0.,2.));
#8603=CARTESIAN_POINT('',(3.26927922291652,0.82842712474619,2.));
#8604=CARTESIAN_POINT('',(3.25240422291652,1.41421356237309,1.41421356237309));
#8605=CARTESIAN_POINT('',(3.23552922291652,2.,0.82842712474619));
#8606=CARTESIAN_POINT('',(3.21865422291652,2.,1.22464679914735E-16));
#8607=CARTESIAN_POINT('',(3.20177922291652,2.,-0.82842712474619));
#8608=CARTESIAN_POINT('',(3.18490422291652,1.41421356237309,-1.41421356237309));
#8609=CARTESIAN_POINT('',(3.16802922291652,0.82842712474619,-2.));
#8610=CARTESIAN_POINT('',(3.15115422291652,2.44929359829471E-16,-2.));
#8611=CARTESIAN_POINT('',(3.13427922291652,-0.82842712474619,-2.));
#8612=CARTESIAN_POINT('',(3.11740422291652,-1.41421356237309,-1.41421356237309));
#8613=CARTESIAN_POINT('',(3.10052922291652,-2.,-0.828427124746191));
#8614=CARTESIAN_POINT('',(3.08365422291652,-2.,-3.67394039744206E-16));
#8615=CARTESIAN_POINT('',(3.06677922291652,-2.,0.828427124746191));
#8616=CARTESIAN_POINT('',(3.04990422291652,-1.41421356237309,1.41421356237309));
#8617=CARTESIAN_POINT('',(3.03302922291652,-0.828427124746191,2.));
#8618=CARTESIAN_POINT('',(3.01615422291652,0.,2.));
#8619=CARTESIAN_POINT('',(2.99927922291652,0.82842712474619,2.));
#8620=CARTESIAN_POINT('',(2.98240422291652,1.41421356237309,1.41421356237309));
#8621=CARTESIAN_POINT('',(2.96552922291652,2.,0.82842712474619));
#8622=CARTESIAN_POINT('',(2.94865422291652,2.,1.22464679914735E-16));
#8623=CARTESIAN_POINT('',(2.93177922291652,2.,-0.82842712474619));
#8624=CARTESIAN_POINT('',(2.91490422291652,1.41421356237309,-1.41421356237309));
#8625=CARTESIAN_POINT('',(2.89802922291652,0.82842712474619,-2.));
#8626=CARTESIAN_POINT('',(2.88115422291652,2.44929359829471E-16,-2.));
#8627=CARTESIAN_POINT('',(2.86427922291652,-0.82842712474619,-2.));
#8628=CARTESIAN_POINT('',(2.84740422291652,-1.41421356237309,-1.41421356237309));
#8629=CARTESIAN_POINT('',(2.83052922291652,-2.,-0.828427124746191));
#8630=CARTESIAN_POINT('',(2.81365422291652,-2.,-3.67394039744206E-16));
#8631=CARTESIAN_POINT('',(2.79677922291652,-2.,0.828427124746191));
#8632=CARTESIAN_POINT('',(2.77990422291652,-1.41421356237309,1.41421356237309));
#8633=CARTESIAN_POINT('',(2.76302922291652,-0.828427124746191,2.));
#8634=CARTESIAN_POINT('',(2.74615422291652,0.,2.));
#8635=CARTESIAN_POINT('',(2.72927922291652,0.82842712474619,2.));
#8636=CARTESIAN_POINT('',(2.71240422291652,1.41421356237309,1.41421356237309));
#8637=CARTESIAN_POINT('',(2.69552922291652,2.,0.82842712474619));
#8638=CARTESIAN_POINT('',(2.67865422291652,2.,1.22464679914735E-16));
#8639=CARTESIAN_POINT('',(2.66177922291652,2.,-0.82842712474619));
#8640=CARTESIAN_POINT('',(2.64490422291652,1.41421356237309,-1.41421356237309));
#8641=CARTESIAN_POINT('',(2.62802922291652,0.82842712474619,-2.));
#8642=CARTESIAN_POINT('',(2.61115422291652,2.44929359829471E-16,-2.));
#8643=CARTESIAN_POINT('',(2.59427922291652,-0.82842712474619,-2.));
#8644=CARTESIAN_POINT('',(2.57740422291652,-1.41421356237309,-1.41421356237309));
#8645=CARTESIAN_POINT('',(2.56052922291652,-2.,-0.828427124746191));
#8646=CARTESIAN_POINT('',(2.54365422291652,-2.,-3.67394039744206E-16));
#8647=CARTESIAN_POINT('',(2.52677922291652,-2.,0.828427124746191));
#8648=CARTESIAN_POINT('',(2.50990422291652,-1.41421356237309,1.41421356237309));
#8649=CARTESIAN_POINT('',(2.49302922291652,-0.828427124746191,2.));
#8650=CARTESIAN_POINT('',(2.47615422291652,0.,2.));
#8651=CARTESIAN_POINT('',(2.45927922291652,0.82842712474619,2.));
#8652=CARTESIAN_POINT('',(2.44240422291652,1.41421356237309,1.41421356237309));
#8653=CARTESIAN_POINT('',(2.42552922291652,2.,0.82842712474619));
#8654=CARTESIAN_POINT('',(2.40865422291652,2.,1.22464679914735E-16));
#8655=CARTESIAN_POINT('',(2.39177922291652,2.,-0.82842712474619));
#8656=CARTESIAN_POINT('',(2.37490422291652,1.41421356237309,-1.41421356237309));
#8657=CARTESIAN_POINT('',(2.35802922291652,0.82842712474619,-2.));
#8658=CARTESIAN_POINT('',(2.34115422291652,2.44929359829471E-16,-2.));
#8659=CARTESIAN_POINT('',(2.32427922291652,-0.82842712474619,-2.));
#8660=CARTESIAN_POINT('',(2.30740422291652,-1.41421356237309,-1.41421356237309));
#8661=CARTESIAN_POINT('',(2.29052922291652,-2.,-0.828427124746191));
#8662=CARTESIAN_POINT('',(2.27365422291652,-2.,-3.67394039744206E-16));
#8663=CARTESIAN_POINT('',(2.25677922291652,-2.,0.828427124746191));
#8664=CARTESIAN_POINT('',(2.23990422291652,-1.41421356237309,1.41421356237309));
#8665=CARTESIAN_POINT('',(2.22302922291652,-0.828427124746191,2.));
#8666=CARTESIAN_POINT('',(2.20615422291652,0.,2.));
#8667=CARTESIAN_POINT('',(2.18927922291652,0.82842712474619,2.));
#8668=CARTESIAN_POINT('',(2.17240422291652,1.41421356237309,1.41421356237309));
#8669=CARTESIAN_POINT('',(2.15552922291652,2.,0.82842712474619));
#8670=CARTESIAN_POINT('',(2.13865422291652,2.,1.22464679914735E-16));
#8671=CARTESIAN_POINT('',(2.12177922291652,2.,-0.82842712474619));
#8672=CARTESIAN_POINT('',(2.10490422291652,1.41421356237309,-1.41421356237309));
#8673=CARTESIAN_POINT('',(2.08802922291652,0.82842712474619,-2.));
#8674=CARTESIAN_POINT('',(2.07115422291652,2.44929359829471E-16,-2.));
#8675=CARTESIAN_POINT('',(2.05427922291652,-0.82842712474619,-2.));
#8676=CARTESIAN_POINT('',(2.03740422291652,-1.41421356237309,-1.41421356237309));
#8677=CARTESIAN_POINT('',(2.02052922291652,-2.,-0.828427124746191));
#8678=CARTESIAN_POINT('',(2.00365422291652,-2.,-3.67394039744206E-16));
#8679=CARTESIAN_POINT('',(1.98677922291652,-2.,0.828427124746191));
#8680=CARTESIAN_POINT('',(1.96990422291652,-1.41421356237309,1.41421356237309));
#8681=CARTESIAN_POINT('',(1.95302922291652,-0.828427124746191,2.));
#8682=CARTESIAN_POINT('',(1.93615422291652,0.,2.));
#8683=CARTESIAN_POINT('',(1.91927922291652,0.82842712474619,2.));
#8684=CARTESIAN_POINT('',(1.90240422291652,1.41421356237309,1.41421356237309));
#8685=CARTESIAN_POINT('',(1.88552922291652,2.,0.82842712474619));
#8686=CARTESIAN_POINT('',(1.86865422291652,2.,1.22464679914735E-16));
#8687=CARTESIAN_POINT('',(1.85177922291652,2.,-0.82842712474619));
#8688=CARTESIAN_POINT('',(1.83490422291652,1.41421356237309,-1.41421356237309));
#8689=CARTESIAN_POINT('',(1.81802922291652,0.82842712474619,-2.));
#8690=CARTESIAN_POINT('',(1.80115422291652,2.44929359829471E-16,-2.));
#8691=CARTESIAN_POINT('',(1.78427922291652,-0.82842712474619,-2.));
#8692=CARTESIAN_POINT('',(1.76740422291652,-1.41421356237309,-1.41421356237309));
#8693=CARTESIAN_POINT('',(1.75052922291652,-2.,-0.828427124746191));
#8694=CARTESIAN_POINT('',(1.73365422291652,-2.,-3.67394039744206E-16));
#8695=CARTESIAN_POINT('',(1.71677922291652,-2.,0.828427124746191));
#8696=CARTESIAN_POINT('',(1.69990422291652,-1.41421356237309,1.41421356237309));
#8697=CARTESIAN_POINT('',(1.68302922291652,-0.828427124746191,2.));
#8698=CARTESIAN_POINT('',(1.66615422291652,0.,2.));
#8699=CARTESIAN_POINT('',(1.64927922291652,0.82842712474619,2.));
#8700=CARTESIAN_POINT('',(1.63240422291652,1.41421356237309,1.41421356237309));
#8701=CARTESIAN_POINT('',(1.61552922291652,2.,0.82842712474619));
#8702=CARTESIAN_POINT('',(1.59865422291652,2.,1.22464679914735E-16));
#8703=CARTESIAN_POINT('',(1.58177922291652,2.,-0.82842712474619));
#8704=CARTESIAN_POINT('',(1.56490422291652,1.41421356237309,-1.41421356237309));
#8705=CARTESIAN_POINT('',(1.54802922291652,0.82842712474619,-2.));
#8706=CARTESIAN_POINT('',(1.53115422291652,2.44929359829471E-16,-2.));
#8707=CARTESIAN_POINT('',(1.51427922291652,-0.82842712474619,-2.));
#8708=CARTESIAN_POINT('',(1.49740422291652,-1.41421356237309,-1.41421356237309));
#8709=CARTESIAN_POINT('',(1.48052922291652,-2.,-0.828427124746191));
#8710=CARTESIAN_POINT('',(1.46365422291652,-2.,-3.67394039744206E-16));
#8711=CARTESIAN_POINT('',(1.44677922291652,-2.,0.828427124746191));
#8712=CARTESIAN_POINT('',(1.42990422291652,-1.41421356237309,1.41421356237309));
#8713=CARTESIAN_POINT('',(1.41302922291652,-0.828427124746191,2.));
#8714=CARTESIAN_POINT('',(1.39615422291652,0.,2.));
#8715=CARTESIAN_POINT('',(1.37927922291652,0.82842712474619,2.));
#8716=CARTESIAN_POINT('',(1.36240422291652,1.41421356237309,1.41421356237309));
#8717=CARTESIAN_POINT('',(1.34552922291652,2.,0.82842712474619));
#8718=CARTESIAN_POINT('',(1.32865422291652,2.,1.22464679914735E-16));
#8719=CARTESIAN_POINT('',(1.31177922291652,2.,-0.82842712474619));
#8720=CARTESIAN_POINT('',(1.29490422291652,1.41421356237309,-1.41421356237309));
#8721=CARTESIAN_POINT('',(1.27802922291652,0.82842712474619,-2.));
#8722=CARTESIAN_POINT('',(1.26115422291652,2.44929359829471E-16,-2.));
#8723=CARTESIAN_POINT('',(1.24427922291652,-0.82842712474619,-2.));
#8724=CARTESIAN_POINT('',(1.22740422291652,-1.41421356237309,-1.41421356237309));
#8725=CARTESIAN_POINT('',(1.21052922291652,-2.,-0.828427124746191));
#8726=CARTESIAN_POINT('',(1.19365422291652,-2.,-3.67394039744206E-16));
#8727=CARTESIAN_POINT('',(1.17677922291652,-2.,0.828427124746191));
#8728=CARTESIAN_POINT('',(1.15990422291652,-1.41421356237309,1.41421356237309));
#8729=CARTESIAN_POINT('',(1.14302922291652,-0.828427124746191,2.));
#8730=CARTESIAN_POINT('',(1.12615422291652,0.,2.));
#8731=CARTESIAN_POINT('',(1.10927922291652,0.82842712474619,2.));
#8732=CARTESIAN_POINT('',(1.09240422291652,1.41421356237309,1.41421356237309));
#8733=CARTESIAN_POINT('',(1.07552922291652,2.,0.82842712474619));
#8734=CARTESIAN_POINT('',(1.05865422291652,2.,1.22464679914735E-16));
#8735=CARTESIAN_POINT('',(1.04177922291652,2.,-0.82842712474619));
#8736=CARTESIAN_POINT('',(1.02490422291652,1.41421356237309,-1.41421356237309));
#8737=CARTESIAN_POINT('',(1.00802922291652,0.82842712474619,-2.));
#8738=CARTESIAN_POINT('',(0.99115422291652,2.44929359829471E-16,-2.));
#8739=CARTESIAN_POINT('',(0.97427922291652,-0.82842712474619,-2.));
#8740=CARTESIAN_POINT('',(0.95740422291652,-1.41421356237309,-1.41421356237309));
#8741=CARTESIAN_POINT('',(0.94052922291652,-2.,-0.828427124746191));
#8742=CARTESIAN_POINT('',(0.92365422291652,-2.,-3.67394039744206E-16));
#8743=CARTESIAN_POINT('',(0.90677922291652,-2.,0.828427124746191));
#8744=CARTESIAN_POINT('',(0.88990422291652,-1.41421356237309,1.41421356237309));
#8745=CARTESIAN_POINT('',(0.87302922291652,-0.828427124746191,2.));
#8746=CARTESIAN_POINT('',(0.85615422291652,0.,2.));
#8747=CARTESIAN_POINT('',(0.83927922291652,0.82842712474619,2.));
#8748=CARTESIAN_POINT('',(0.82240422291652,1.41421356237309,1.41421356237309));
#8749=CARTESIAN_POINT('',(0.80552922291652,2.,0.82842712474619));
#8750=CARTESIAN_POINT('',(0.78865422291652,2.,1.22464679914735E-16));
#8751=CARTESIAN_POINT('',(0.77177922291652,2.,-0.82842712474619));
#8752=CARTESIAN_POINT('',(0.75490422291652,1.41421356237309,-1.41421356237309));
#8753=CARTESIAN_POINT('',(0.73802922291652,0.82842712474619,-2.));
#8754=CARTESIAN_POINT('',(0.72115422291652,2.44929359829471E-16,-2.));
#8755=CARTESIAN_POINT('',(0.70427922291652,-0.82842712474619,-2.));
#8756=CARTESIAN_POINT('',(0.68740422291652,-1.41421356237309,-1.41421356237309));
#8757=CARTESIAN_POINT('',(0.67052922291652,-2.,-0.828427124746191));
#8758=CARTESIAN_POINT('',(0.65365422291652,-2.,-3.67394039744206E-16));
#8759=CARTESIAN_POINT('',(0.63677922291652,-2.,0.828427124746191));
#8760=CARTESIAN_POINT('',(0.61990422291652,-1.41421356237309,1.41421356237309));
#8761=CARTESIAN_POINT('',(0.60302922291652,-0.828427124746191,2.));
#8762=CARTESIAN_POINT('',(0.58615422291652,0.,2.));
#8763=CARTESIAN_POINT('',(0.56927922291652,0.82842712474619,2.));
#8764=CARTESIAN_POINT('',(0.55240422291652,1.41421356237309,1.41421356237309));
#8765=CARTESIAN_POINT('',(0.53552922291652,2.,0.82842712474619));
#8766=CARTESIAN_POINT('',(0.51865422291652,2.,1.22464679914735E-16));
#8767=CARTESIAN_POINT('',(0.50177922291652,2.,-0.82842712474619));
#8768=CARTESIAN_POINT('',(0.48490422291652,1.41421356237309,-1.41421356237309));
#8769=CARTESIAN_POINT('',(0.46802922291652,0.82842712474619,-2.));
#8770=CARTESIAN_POINT('',(0.45115422291652,2.44929359829471E-16,-2.));
#8771=CARTESIAN_POINT('',(0.43427922291652,-0.82842712474619,-2.));
#8772=CARTESIAN_POINT('',(0.41740422291652,-1.41421356237309,-1.41421356237309));
#8773=CARTESIAN_POINT('',(0.40052922291652,-2.,-0.828427124746191));
#8774=CARTESIAN_POINT('',(0.38365422291652,-2.,-3.67394039744206E-16));
#8775=CARTESIAN_POINT('',(0.36677922291652,-2.,0.828427124746191));
#8776=CARTESIAN_POINT('',(0.34990422291652,-1.41421356237309,1.41421356237309));
#8777=CARTESIAN_POINT('',(0.33302922291652,-0.828427124746191,2.));
#8778=CARTESIAN_POINT('',(0.31615422291652,0.,2.));
#8779=CARTESIAN_POINT('',(0.29927922291652,0.82842712474619,2.));
#8780=CARTESIAN_POINT('',(0.28240422291652,1.41421356237309,1.41421356237309));
#8781=CARTESIAN_POINT('',(0.26552922291652,2.,0.82842712474619));
#8782=CARTESIAN_POINT('',(0.24865422291652,2.,1.22464679914735E-16));
#8783=CARTESIAN_POINT('',(0.23177922291652,2.,-0.82842712474619));
#8784=CARTESIAN_POINT('',(0.21490422291652,1.41421356237309,-1.41421356237309));
#8785=CARTESIAN_POINT('',(0.19802922291652,0.82842712474619,-2.));
#8786=CARTESIAN_POINT('',(0.18115422291652,2.44929359829471E-16,-2.));
#8787=CARTESIAN_POINT('',(0.16427922291652,-0.82842712474619,-2.));
#8788=CARTESIAN_POINT('',(0.14740422291652,-1.41421356237309,-1.41421356237309));
#8789=CARTESIAN_POINT('',(0.13052922291652,-2.,-0.828427124746191));
#8790=CARTESIAN_POINT('',(0.11365422291652,-2.,-3.67394039744206E-16));
#8791=CARTESIAN_POINT('',(0.107741421363259,-2.,0.29027112236818));
#8792=CARTESIAN_POINT('',(0.101376324355441,-1.9174808854713,0.568565786740822));
#8793=CARTESIAN_POINT('',(3.5370336112508,-1.87962967810451,-1.00595638789694));
#8794=CARTESIAN_POINT('',(3.52602948840756,-2.13189023665898,-0.534607492279809));
#8795=CARTESIAN_POINT('',(3.51581328180549,-2.13189023665898,-3.91621883168688E-16));
#8796=CARTESIAN_POINT('',(3.49893828180549,-2.13189023665898,0.883057849514939));
#8797=CARTESIAN_POINT('',(3.48206328180549,-1.50747404308696,1.50747404308696));
#8798=CARTESIAN_POINT('',(3.46518828180549,-0.88305784951494,2.13189023665898));
#8799=CARTESIAN_POINT('',(3.44831328180549,0.,2.13189023665898));
#8800=CARTESIAN_POINT('',(3.43143828180549,0.883057849514939,2.13189023665898));
#8801=CARTESIAN_POINT('',(3.41456328180549,1.50747404308696,1.50747404308696));
#8802=CARTESIAN_POINT('',(3.39768828180549,2.13189023665898,0.883057849514939));
#8803=CARTESIAN_POINT('',(3.38081328180549,2.13189023665898,1.30540627722896E-16));
#8804=CARTESIAN_POINT('',(3.36393828180549,2.13189023665898,-0.883057849514938));
#8805=CARTESIAN_POINT('',(3.34706328180549,1.50747404308696,-1.50747404308696));
#8806=CARTESIAN_POINT('',(3.33018828180549,0.883057849514939,-2.13189023665898));
#8807=CARTESIAN_POINT('',(3.31331328180549,2.61081255445792E-16,-2.13189023665898));
#8808=CARTESIAN_POINT('',(3.29643828180549,-0.883057849514938,-2.13189023665898));
#8809=CARTESIAN_POINT('',(3.27956328180549,-1.50747404308696,-1.50747404308696));
#8810=CARTESIAN_POINT('',(3.26268828180549,-2.13189023665898,-0.88305784951494));
#8811=CARTESIAN_POINT('',(3.24581328180549,-2.13189023665898,-3.91621883168688E-16));
#8812=CARTESIAN_POINT('',(3.22893828180549,-2.13189023665898,0.883057849514939));
#8813=CARTESIAN_POINT('',(3.21206328180549,-1.50747404308696,1.50747404308696));
#8814=CARTESIAN_POINT('',(3.19518828180549,-0.88305784951494,2.13189023665898));
#8815=CARTESIAN_POINT('',(3.17831328180549,0.,2.13189023665898));
#8816=CARTESIAN_POINT('',(3.16143828180549,0.883057849514939,2.13189023665898));
#8817=CARTESIAN_POINT('',(3.14456328180549,1.50747404308696,1.50747404308696));
#8818=CARTESIAN_POINT('',(3.12768828180549,2.13189023665898,0.883057849514939));
#8819=CARTESIAN_POINT('',(3.11081328180549,2.13189023665898,1.30540627722896E-16));
#8820=CARTESIAN_POINT('',(3.09393828180549,2.13189023665898,-0.883057849514938));
#8821=CARTESIAN_POINT('',(3.07706328180549,1.50747404308696,-1.50747404308696));
#8822=CARTESIAN_POINT('',(3.06018828180549,0.883057849514939,-2.13189023665898));
#8823=CARTESIAN_POINT('',(3.04331328180549,2.61081255445792E-16,-2.13189023665898));
#8824=CARTESIAN_POINT('',(3.02643828180549,-0.883057849514938,-2.13189023665898));
#8825=CARTESIAN_POINT('',(3.00956328180549,-1.50747404308696,-1.50747404308696));
#8826=CARTESIAN_POINT('',(2.99268828180549,-2.13189023665898,-0.88305784951494));
#8827=CARTESIAN_POINT('',(2.97581328180549,-2.13189023665898,-3.91621883168688E-16));
#8828=CARTESIAN_POINT('',(2.95893828180549,-2.13189023665898,0.883057849514939));
#8829=CARTESIAN_POINT('',(2.94206328180549,-1.50747404308696,1.50747404308696));
#8830=CARTESIAN_POINT('',(2.92518828180549,-0.88305784951494,2.13189023665898));
#8831=CARTESIAN_POINT('',(2.90831328180549,0.,2.13189023665898));
#8832=CARTESIAN_POINT('',(2.89143828180549,0.883057849514939,2.13189023665898));
#8833=CARTESIAN_POINT('',(2.87456328180549,1.50747404308696,1.50747404308696));
#8834=CARTESIAN_POINT('',(2.85768828180549,2.13189023665898,0.883057849514939));
#8835=CARTESIAN_POINT('',(2.84081328180549,2.13189023665898,1.30540627722896E-16));
#8836=CARTESIAN_POINT('',(2.82393828180549,2.13189023665898,-0.883057849514938));
#8837=CARTESIAN_POINT('',(2.80706328180549,1.50747404308696,-1.50747404308696));
#8838=CARTESIAN_POINT('',(2.79018828180549,0.883057849514939,-2.13189023665898));
#8839=CARTESIAN_POINT('',(2.77331328180549,2.61081255445792E-16,-2.13189023665898));
#8840=CARTESIAN_POINT('',(2.75643828180549,-0.883057849514938,-2.13189023665898));
#8841=CARTESIAN_POINT('',(2.73956328180549,-1.50747404308696,-1.50747404308696));
#8842=CARTESIAN_POINT('',(2.72268828180549,-2.13189023665898,-0.88305784951494));
#8843=CARTESIAN_POINT('',(2.70581328180549,-2.13189023665898,-3.91621883168688E-16));
#8844=CARTESIAN_POINT('',(2.68893828180549,-2.13189023665898,0.883057849514939));
#8845=CARTESIAN_POINT('',(2.67206328180549,-1.50747404308696,1.50747404308696));
#8846=CARTESIAN_POINT('',(2.65518828180549,-0.88305784951494,2.13189023665898));
#8847=CARTESIAN_POINT('',(2.63831328180549,0.,2.13189023665898));
#8848=CARTESIAN_POINT('',(2.62143828180549,0.883057849514939,2.13189023665898));
#8849=CARTESIAN_POINT('',(2.60456328180549,1.50747404308696,1.50747404308696));
#8850=CARTESIAN_POINT('',(2.58768828180549,2.13189023665898,0.883057849514939));
#8851=CARTESIAN_POINT('',(2.57081328180549,2.13189023665898,1.30540627722896E-16));
#8852=CARTESIAN_POINT('',(2.55393828180549,2.13189023665898,-0.883057849514938));
#8853=CARTESIAN_POINT('',(2.53706328180549,1.50747404308696,-1.50747404308696));
#8854=CARTESIAN_POINT('',(2.52018828180549,0.883057849514939,-2.13189023665898));
#8855=CARTESIAN_POINT('',(2.50331328180549,2.61081255445792E-16,-2.13189023665898));
#8856=CARTESIAN_POINT('',(2.48643828180549,-0.883057849514938,-2.13189023665898));
#8857=CARTESIAN_POINT('',(2.46956328180549,-1.50747404308696,-1.50747404308696));
#8858=CARTESIAN_POINT('',(2.45268828180549,-2.13189023665898,-0.88305784951494));
#8859=CARTESIAN_POINT('',(2.43581328180549,-2.13189023665898,-3.91621883168688E-16));
#8860=CARTESIAN_POINT('',(2.41893828180549,-2.13189023665898,0.883057849514939));
#8861=CARTESIAN_POINT('',(2.40206328180549,-1.50747404308696,1.50747404308696));
#8862=CARTESIAN_POINT('',(2.38518828180549,-0.88305784951494,2.13189023665898));
#8863=CARTESIAN_POINT('',(2.36831328180549,0.,2.13189023665898));
#8864=CARTESIAN_POINT('',(2.35143828180549,0.883057849514939,2.13189023665898));
#8865=CARTESIAN_POINT('',(2.33456328180549,1.50747404308696,1.50747404308696));
#8866=CARTESIAN_POINT('',(2.31768828180549,2.13189023665898,0.883057849514939));
#8867=CARTESIAN_POINT('',(2.30081328180549,2.13189023665898,1.30540627722896E-16));
#8868=CARTESIAN_POINT('',(2.28393828180549,2.13189023665898,-0.883057849514938));
#8869=CARTESIAN_POINT('',(2.26706328180549,1.50747404308696,-1.50747404308696));
#8870=CARTESIAN_POINT('',(2.25018828180549,0.883057849514939,-2.13189023665898));
#8871=CARTESIAN_POINT('',(2.23331328180549,2.61081255445792E-16,-2.13189023665898));
#8872=CARTESIAN_POINT('',(2.21643828180549,-0.883057849514938,-2.13189023665898));
#8873=CARTESIAN_POINT('',(2.19956328180549,-1.50747404308696,-1.50747404308696));
#8874=CARTESIAN_POINT('',(2.18268828180549,-2.13189023665898,-0.88305784951494));
#8875=CARTESIAN_POINT('',(2.16581328180549,-2.13189023665898,-3.91621883168688E-16));
#8876=CARTESIAN_POINT('',(2.14893828180549,-2.13189023665898,0.883057849514939));
#8877=CARTESIAN_POINT('',(2.13206328180549,-1.50747404308696,1.50747404308696));
#8878=CARTESIAN_POINT('',(2.11518828180549,-0.88305784951494,2.13189023665898));
#8879=CARTESIAN_POINT('',(2.09831328180549,0.,2.13189023665898));
#8880=CARTESIAN_POINT('',(2.08143828180549,0.883057849514939,2.13189023665898));
#8881=CARTESIAN_POINT('',(2.06456328180549,1.50747404308696,1.50747404308696));
#8882=CARTESIAN_POINT('',(2.04768828180549,2.13189023665898,0.883057849514939));
#8883=CARTESIAN_POINT('',(2.03081328180549,2.13189023665898,1.30540627722896E-16));
#8884=CARTESIAN_POINT('',(2.01393828180549,2.13189023665898,-0.883057849514938));
#8885=CARTESIAN_POINT('',(1.99706328180549,1.50747404308696,-1.50747404308696));
#8886=CARTESIAN_POINT('',(1.98018828180549,0.883057849514939,-2.13189023665898));
#8887=CARTESIAN_POINT('',(1.96331328180549,2.61081255445792E-16,-2.13189023665898));
#8888=CARTESIAN_POINT('',(1.94643828180549,-0.883057849514938,-2.13189023665898));
#8889=CARTESIAN_POINT('',(1.92956328180549,-1.50747404308696,-1.50747404308696));
#8890=CARTESIAN_POINT('',(1.91268828180549,-2.13189023665898,-0.88305784951494));
#8891=CARTESIAN_POINT('',(1.89581328180549,-2.13189023665898,-3.91621883168688E-16));
#8892=CARTESIAN_POINT('',(1.87893828180549,-2.13189023665898,0.883057849514939));
#8893=CARTESIAN_POINT('',(1.86206328180549,-1.50747404308696,1.50747404308696));
#8894=CARTESIAN_POINT('',(1.84518828180549,-0.88305784951494,2.13189023665898));
#8895=CARTESIAN_POINT('',(1.82831328180549,0.,2.13189023665898));
#8896=CARTESIAN_POINT('',(1.81143828180549,0.883057849514939,2.13189023665898));
#8897=CARTESIAN_POINT('',(1.79456328180549,1.50747404308696,1.50747404308696));
#8898=CARTESIAN_POINT('',(1.77768828180549,2.13189023665898,0.883057849514939));
#8899=CARTESIAN_POINT('',(1.76081328180549,2.13189023665898,1.30540627722896E-16));
#8900=CARTESIAN_POINT('',(1.74393828180549,2.13189023665898,-0.883057849514938));
#8901=CARTESIAN_POINT('',(1.72706328180549,1.50747404308696,-1.50747404308696));
#8902=CARTESIAN_POINT('',(1.71018828180549,0.883057849514939,-2.13189023665898));
#8903=CARTESIAN_POINT('',(1.69331328180549,2.61081255445792E-16,-2.13189023665898));
#8904=CARTESIAN_POINT('',(1.67643828180549,-0.883057849514938,-2.13189023665898));
#8905=CARTESIAN_POINT('',(1.65956328180549,-1.50747404308696,-1.50747404308696));
#8906=CARTESIAN_POINT('',(1.64268828180549,-2.13189023665898,-0.88305784951494));
#8907=CARTESIAN_POINT('',(1.62581328180549,-2.13189023665898,-3.91621883168688E-16));
#8908=CARTESIAN_POINT('',(1.60893828180549,-2.13189023665898,0.883057849514939));
#8909=CARTESIAN_POINT('',(1.59206328180549,-1.50747404308696,1.50747404308696));
#8910=CARTESIAN_POINT('',(1.57518828180549,-0.88305784951494,2.13189023665898));
#8911=CARTESIAN_POINT('',(1.55831328180549,0.,2.13189023665898));
#8912=CARTESIAN_POINT('',(1.54143828180549,0.883057849514939,2.13189023665898));
#8913=CARTESIAN_POINT('',(1.52456328180549,1.50747404308696,1.50747404308696));
#8914=CARTESIAN_POINT('',(1.50768828180549,2.13189023665898,0.883057849514939));
#8915=CARTESIAN_POINT('',(1.49081328180549,2.13189023665898,1.30540627722896E-16));
#8916=CARTESIAN_POINT('',(1.47393828180549,2.13189023665898,-0.883057849514938));
#8917=CARTESIAN_POINT('',(1.45706328180549,1.50747404308696,-1.50747404308696));
#8918=CARTESIAN_POINT('',(1.44018828180549,0.883057849514939,-2.13189023665898));
#8919=CARTESIAN_POINT('',(1.42331328180549,2.61081255445792E-16,-2.13189023665898));
#8920=CARTESIAN_POINT('',(1.40643828180549,-0.883057849514938,-2.13189023665898));
#8921=CARTESIAN_POINT('',(1.38956328180549,-1.50747404308696,-1.50747404308696));
#8922=CARTESIAN_POINT('',(1.37268828180549,-2.13189023665898,-0.88305784951494));
#8923=CARTESIAN_POINT('',(1.35581328180549,-2.13189023665898,-3.91621883168688E-16));
#8924=CARTESIAN_POINT('',(1.33893828180549,-2.13189023665898,0.883057849514939));
#8925=CARTESIAN_POINT('',(1.32206328180549,-1.50747404308696,1.50747404308696));
#8926=CARTESIAN_POINT('',(1.30518828180549,-0.88305784951494,2.13189023665898));
#8927=CARTESIAN_POINT('',(1.28831328180549,0.,2.13189023665898));
#8928=CARTESIAN_POINT('',(1.27143828180549,0.883057849514939,2.13189023665898));
#8929=CARTESIAN_POINT('',(1.25456328180549,1.50747404308696,1.50747404308696));
#8930=CARTESIAN_POINT('',(1.23768828180549,2.13189023665898,0.883057849514939));
#8931=CARTESIAN_POINT('',(1.22081328180549,2.13189023665898,1.30540627722896E-16));
#8932=CARTESIAN_POINT('',(1.20393828180549,2.13189023665898,-0.883057849514938));
#8933=CARTESIAN_POINT('',(1.18706328180549,1.50747404308696,-1.50747404308696));
#8934=CARTESIAN_POINT('',(1.17018828180549,0.883057849514939,-2.13189023665898));
#8935=CARTESIAN_POINT('',(1.15331328180549,2.61081255445792E-16,-2.13189023665898));
#8936=CARTESIAN_POINT('',(1.13643828180549,-0.883057849514938,-2.13189023665898));
#8937=CARTESIAN_POINT('',(1.11956328180549,-1.50747404308696,-1.50747404308696));
#8938=CARTESIAN_POINT('',(1.10268828180549,-2.13189023665898,-0.88305784951494));
#8939=CARTESIAN_POINT('',(1.08581328180549,-2.13189023665898,-3.91621883168688E-16));
#8940=CARTESIAN_POINT('',(1.06893828180549,-2.13189023665898,0.883057849514939));
#8941=CARTESIAN_POINT('',(1.05206328180549,-1.50747404308696,1.50747404308696));
#8942=CARTESIAN_POINT('',(1.03518828180549,-0.88305784951494,2.13189023665898));
#8943=CARTESIAN_POINT('',(1.01831328180549,0.,2.13189023665898));
#8944=CARTESIAN_POINT('',(1.00143828180549,0.883057849514939,2.13189023665898));
#8945=CARTESIAN_POINT('',(0.984563281805493,1.50747404308696,1.50747404308696));
#8946=CARTESIAN_POINT('',(0.967688281805493,2.13189023665898,0.883057849514939));
#8947=CARTESIAN_POINT('',(0.950813281805493,2.13189023665898,1.30540627722896E-16));
#8948=CARTESIAN_POINT('',(0.933938281805493,2.13189023665898,-0.883057849514938));
#8949=CARTESIAN_POINT('',(0.917063281805493,1.50747404308696,-1.50747404308696));
#8950=CARTESIAN_POINT('',(0.900188281805493,0.883057849514939,-2.13189023665898));
#8951=CARTESIAN_POINT('',(0.883313281805493,2.61081255445792E-16,-2.13189023665898));
#8952=CARTESIAN_POINT('',(0.866438281805493,-0.883057849514938,-2.13189023665898));
#8953=CARTESIAN_POINT('',(0.849563281805493,-1.50747404308696,-1.50747404308696));
#8954=CARTESIAN_POINT('',(0.832688281805493,-2.13189023665898,-0.88305784951494));
#8955=CARTESIAN_POINT('',(0.815813281805493,-2.13189023665898,-3.91621883168688E-16));
#8956=CARTESIAN_POINT('',(0.798938281805493,-2.13189023665898,0.883057849514939));
#8957=CARTESIAN_POINT('',(0.782063281805493,-1.50747404308696,1.50747404308696));
#8958=CARTESIAN_POINT('',(0.765188281805493,-0.88305784951494,2.13189023665898));
#8959=CARTESIAN_POINT('',(0.748313281805493,0.,2.13189023665898));
#8960=CARTESIAN_POINT('',(0.731438281805493,0.883057849514939,2.13189023665898));
#8961=CARTESIAN_POINT('',(0.714563281805493,1.50747404308696,1.50747404308696));
#8962=CARTESIAN_POINT('',(0.697688281805493,2.13189023665898,0.883057849514939));
#8963=CARTESIAN_POINT('',(0.680813281805493,2.13189023665898,1.30540627722896E-16));
#8964=CARTESIAN_POINT('',(0.663938281805493,2.13189023665898,-0.883057849514938));
#8965=CARTESIAN_POINT('',(0.647063281805493,1.50747404308696,-1.50747404308696));
#8966=CARTESIAN_POINT('',(0.630188281805493,0.883057849514939,-2.13189023665898));
#8967=CARTESIAN_POINT('',(0.613313281805493,2.61081255445792E-16,-2.13189023665898));
#8968=CARTESIAN_POINT('',(0.596438281805493,-0.883057849514938,-2.13189023665898));
#8969=CARTESIAN_POINT('',(0.579563281805493,-1.50747404308696,-1.50747404308696));
#8970=CARTESIAN_POINT('',(0.562688281805493,-2.13189023665898,-0.88305784951494));
#8971=CARTESIAN_POINT('',(0.545813281805493,-2.13189023665898,-3.91621883168688E-16));
#8972=CARTESIAN_POINT('',(0.528938281805493,-2.13189023665898,0.883057849514939));
#8973=CARTESIAN_POINT('',(0.512063281805493,-1.50747404308696,1.50747404308696));
#8974=CARTESIAN_POINT('',(0.495188281805493,-0.88305784951494,2.13189023665898));
#8975=CARTESIAN_POINT('',(0.478313281805493,0.,2.13189023665898));
#8976=CARTESIAN_POINT('',(0.461438281805493,0.883057849514939,2.13189023665898));
#8977=CARTESIAN_POINT('',(0.444563281805493,1.50747404308696,1.50747404308696));
#8978=CARTESIAN_POINT('',(0.427688281805493,2.13189023665898,0.883057849514939));
#8979=CARTESIAN_POINT('',(0.410813281805493,2.13189023665898,1.30540627722896E-16));
#8980=CARTESIAN_POINT('',(0.393938281805493,2.13189023665898,-0.883057849514938));
#8981=CARTESIAN_POINT('',(0.377063281805493,1.50747404308696,-1.50747404308696));
#8982=CARTESIAN_POINT('',(0.360188281805493,0.883057849514939,-2.13189023665898));
#8983=CARTESIAN_POINT('',(0.343313281805493,2.61081255445792E-16,-2.13189023665898));
#8984=CARTESIAN_POINT('',(0.326438281805493,-0.883057849514938,-2.13189023665898));
#8985=CARTESIAN_POINT('',(0.309563281805493,-1.50747404308696,-1.50747404308696));
#8986=CARTESIAN_POINT('',(0.292688281805493,-2.13189023665898,-0.88305784951494));
#8987=CARTESIAN_POINT('',(0.275813281805493,-2.13189023665898,-3.91621883168688E-16));
#8988=CARTESIAN_POINT('',(0.258938281805493,-2.13189023665898,0.883057849514939));
#8989=CARTESIAN_POINT('',(0.242063281805493,-1.50747404308696,1.50747404308696));
#8990=CARTESIAN_POINT('',(0.225188281805493,-0.88305784951494,2.13189023665898));
#8991=CARTESIAN_POINT('',(0.208313281805493,0.,2.13189023665898));
#8992=CARTESIAN_POINT('',(0.191438281805493,0.883057849514939,2.13189023665898));
#8993=CARTESIAN_POINT('',(0.174563281805493,1.50747404308696,1.50747404308696));
#8994=CARTESIAN_POINT('',(0.157688281805493,2.13189023665898,0.883057849514939));
#8995=CARTESIAN_POINT('',(0.140813281805493,2.13189023665898,1.30540627722896E-16));
#8996=CARTESIAN_POINT('',(0.123938281805493,2.13189023665898,-0.883057849514938));
#8997=CARTESIAN_POINT('',(0.107063281805493,1.50747404308696,-1.50747404308696));
#8998=CARTESIAN_POINT('',(0.0901882818054932,0.883057849514939,-2.13189023665898));
#8999=CARTESIAN_POINT('',(0.0733132818054928,2.61081255445792E-16,-2.13189023665898));
#9000=CARTESIAN_POINT('',(0.0564382818054928,-0.883057849514938,-2.13189023665898));
#9001=CARTESIAN_POINT('',(0.0395632818054928,-1.50747404308696,-1.50747404308696));
#9002=CARTESIAN_POINT('',(0.0226882818054929,-2.13189023665898,-0.88305784951494));
#9003=CARTESIAN_POINT('',(0.00581328180549292,-2.13189023665898,-3.91621883168688E-16));
#9004=CARTESIAN_POINT('',(-9.95197477683354E-5,-2.13189023665898,0.309413085880384));
#9005=CARTESIAN_POINT('',(-0.00646461675558599,-2.04392938935824,0.606059924825547));
#9006=CARTESIAN_POINT('',(0.146024999999999,-1.46096026111471,-1.3658678982404));
#9007=CARTESIAN_POINT('',(0.10268146472798,-1.75410231519329,-1.11578381487746));
#9008=CARTESIAN_POINT('',(0.056759831280489,-1.973499532679,-0.785523850003993));
#9009=CARTESIAN_POINT('',(0.0141347633410219,-2.09045133441469,-0.418293198134678));
#9010=CARTESIAN_POINT('',(0.146024999999999,-1.46096026111471,-1.3658678982404));
#9011=CARTESIAN_POINT('',(3.82615422291652,0.,2.));
#9012=CARTESIAN_POINT('',(3.80927922291652,0.82842712474619,2.));
#9013=CARTESIAN_POINT('',(3.79240422291652,1.41421356237309,1.41421356237309));
#9014=CARTESIAN_POINT('',(3.77552922291652,2.,0.82842712474619));
#9015=CARTESIAN_POINT('',(3.75865422291652,2.,1.22464679914735E-16));
#9016=CARTESIAN_POINT('',(3.74177922291652,2.,-0.82842712474619));
#9017=CARTESIAN_POINT('',(3.72490422291652,1.41421356237309,-1.41421356237309));
#9018=CARTESIAN_POINT('',(3.70802922291652,0.82842712474619,-2.));
#9019=CARTESIAN_POINT('',(3.69115422291652,2.44929359829471E-16,-2.));
#9020=CARTESIAN_POINT('',(3.67427922291652,-0.82842712474619,-2.));
#9021=CARTESIAN_POINT('',(3.65740422291652,-1.41421356237309,-1.4142135623731));
#9022=CARTESIAN_POINT('',(3.64052922291652,-2.,-0.828427124746191));
#9023=CARTESIAN_POINT('',(3.62365422291652,-2.,-3.67394039744206E-16));
#9024=CARTESIAN_POINT('',(3.60677922291652,-2.,0.828427124746191));
#9025=CARTESIAN_POINT('',(3.58990422291652,-1.4142135623731,1.41421356237309));
#9026=CARTESIAN_POINT('',(3.57302922291652,-0.828427124746191,2.));
#9027=CARTESIAN_POINT('',(3.55615422291652,0.,2.));
#9028=CARTESIAN_POINT('',(3.53927922291652,0.82842712474619,2.));
#9029=CARTESIAN_POINT('',(3.52240422291652,1.41421356237309,1.41421356237309));
#9030=CARTESIAN_POINT('',(3.50552922291652,2.,0.82842712474619));
#9031=CARTESIAN_POINT('',(3.48865422291652,2.,1.22464679914735E-16));
#9032=CARTESIAN_POINT('',(3.47177922291652,2.,-0.82842712474619));
#9033=CARTESIAN_POINT('',(3.45490422291652,1.41421356237309,-1.41421356237309));
#9034=CARTESIAN_POINT('',(3.43802922291652,0.82842712474619,-2.));
#9035=CARTESIAN_POINT('',(3.42115422291652,2.44929359829471E-16,-2.));
#9036=CARTESIAN_POINT('',(3.40427922291652,-0.82842712474619,-2.));
#9037=CARTESIAN_POINT('',(3.38740422291652,-1.41421356237309,-1.4142135623731));
#9038=CARTESIAN_POINT('',(3.37052922291652,-2.,-0.828427124746191));
#9039=CARTESIAN_POINT('',(3.35365422291652,-2.,-3.67394039744206E-16));
#9040=CARTESIAN_POINT('',(3.33677922291652,-2.,0.828427124746191));
#9041=CARTESIAN_POINT('',(3.31990422291652,-1.4142135623731,1.41421356237309));
#9042=CARTESIAN_POINT('',(3.30302922291652,-0.828427124746191,2.));
#9043=CARTESIAN_POINT('',(3.28615422291652,0.,2.));
#9044=CARTESIAN_POINT('',(3.26927922291652,0.82842712474619,2.));
#9045=CARTESIAN_POINT('',(3.25240422291652,1.41421356237309,1.41421356237309));
#9046=CARTESIAN_POINT('',(3.23552922291652,2.,0.82842712474619));
#9047=CARTESIAN_POINT('',(3.21865422291652,2.,1.22464679914735E-16));
#9048=CARTESIAN_POINT('',(3.20177922291652,2.,-0.82842712474619));
#9049=CARTESIAN_POINT('',(3.18490422291652,1.41421356237309,-1.41421356237309));
#9050=CARTESIAN_POINT('',(3.16802922291652,0.82842712474619,-2.));
#9051=CARTESIAN_POINT('',(3.15115422291652,2.44929359829471E-16,-2.));
#9052=CARTESIAN_POINT('',(3.13427922291652,-0.82842712474619,-2.));
#9053=CARTESIAN_POINT('',(3.11740422291652,-1.41421356237309,-1.4142135623731));
#9054=CARTESIAN_POINT('',(3.10052922291652,-2.,-0.828427124746191));
#9055=CARTESIAN_POINT('',(3.08365422291652,-2.,-3.67394039744206E-16));
#9056=CARTESIAN_POINT('',(3.06677922291652,-2.,0.828427124746191));
#9057=CARTESIAN_POINT('',(3.04990422291652,-1.4142135623731,1.41421356237309));
#9058=CARTESIAN_POINT('',(3.03302922291652,-0.828427124746191,2.));
#9059=CARTESIAN_POINT('',(3.01615422291652,0.,2.));
#9060=CARTESIAN_POINT('',(2.99927922291652,0.82842712474619,2.));
#9061=CARTESIAN_POINT('',(2.98240422291652,1.41421356237309,1.41421356237309));
#9062=CARTESIAN_POINT('',(2.96552922291652,2.,0.82842712474619));
#9063=CARTESIAN_POINT('',(2.94865422291652,2.,1.22464679914735E-16));
#9064=CARTESIAN_POINT('',(2.93177922291652,2.,-0.82842712474619));
#9065=CARTESIAN_POINT('',(2.91490422291652,1.41421356237309,-1.41421356237309));
#9066=CARTESIAN_POINT('',(2.89802922291652,0.82842712474619,-2.));
#9067=CARTESIAN_POINT('',(2.88115422291652,2.44929359829471E-16,-2.));
#9068=CARTESIAN_POINT('',(2.86427922291652,-0.82842712474619,-2.));
#9069=CARTESIAN_POINT('',(2.84740422291652,-1.41421356237309,-1.4142135623731));
#9070=CARTESIAN_POINT('',(2.83052922291652,-2.,-0.828427124746191));
#9071=CARTESIAN_POINT('',(2.81365422291652,-2.,-3.67394039744206E-16));
#9072=CARTESIAN_POINT('',(2.79677922291652,-2.,0.828427124746191));
#9073=CARTESIAN_POINT('',(2.77990422291652,-1.4142135623731,1.41421356237309));
#9074=CARTESIAN_POINT('',(2.76302922291652,-0.828427124746191,2.));
#9075=CARTESIAN_POINT('',(2.74615422291652,0.,2.));
#9076=CARTESIAN_POINT('',(2.72927922291652,0.82842712474619,2.));
#9077=CARTESIAN_POINT('',(2.71240422291652,1.41421356237309,1.41421356237309));
#9078=CARTESIAN_POINT('',(2.69552922291652,2.,0.82842712474619));
#9079=CARTESIAN_POINT('',(2.67865422291652,2.,1.22464679914735E-16));
#9080=CARTESIAN_POINT('',(2.66177922291652,2.,-0.82842712474619));
#9081=CARTESIAN_POINT('',(2.64490422291652,1.41421356237309,-1.41421356237309));
#9082=CARTESIAN_POINT('',(2.62802922291652,0.82842712474619,-2.));
#9083=CARTESIAN_POINT('',(2.61115422291652,2.44929359829471E-16,-2.));
#9084=CARTESIAN_POINT('',(2.59427922291652,-0.82842712474619,-2.));
#9085=CARTESIAN_POINT('',(2.57740422291652,-1.41421356237309,-1.4142135623731));
#9086=CARTESIAN_POINT('',(2.56052922291652,-2.,-0.828427124746191));
#9087=CARTESIAN_POINT('',(2.54365422291652,-2.,-3.67394039744206E-16));
#9088=CARTESIAN_POINT('',(2.52677922291652,-2.,0.828427124746191));
#9089=CARTESIAN_POINT('',(2.50990422291652,-1.4142135623731,1.41421356237309));
#9090=CARTESIAN_POINT('',(2.49302922291652,-0.828427124746191,2.));
#9091=CARTESIAN_POINT('',(2.47615422291652,0.,2.));
#9092=CARTESIAN_POINT('',(2.45927922291652,0.82842712474619,2.));
#9093=CARTESIAN_POINT('',(2.44240422291652,1.41421356237309,1.41421356237309));
#9094=CARTESIAN_POINT('',(2.42552922291652,2.,0.82842712474619));
#9095=CARTESIAN_POINT('',(2.40865422291652,2.,1.22464679914735E-16));
#9096=CARTESIAN_POINT('',(2.39177922291652,2.,-0.82842712474619));
#9097=CARTESIAN_POINT('',(2.37490422291652,1.41421356237309,-1.41421356237309));
#9098=CARTESIAN_POINT('',(2.35802922291652,0.82842712474619,-2.));
#9099=CARTESIAN_POINT('',(2.34115422291652,2.44929359829471E-16,-2.));
#9100=CARTESIAN_POINT('',(2.32427922291652,-0.82842712474619,-2.));
#9101=CARTESIAN_POINT('',(2.30740422291652,-1.41421356237309,-1.4142135623731));
#9102=CARTESIAN_POINT('',(2.29052922291652,-2.,-0.828427124746191));
#9103=CARTESIAN_POINT('',(2.27365422291652,-2.,-3.67394039744206E-16));
#9104=CARTESIAN_POINT('',(2.25677922291652,-2.,0.828427124746191));
#9105=CARTESIAN_POINT('',(2.23990422291652,-1.4142135623731,1.41421356237309));
#9106=CARTESIAN_POINT('',(2.22302922291652,-0.828427124746191,2.));
#9107=CARTESIAN_POINT('',(2.20615422291652,0.,2.));
#9108=CARTESIAN_POINT('',(2.18927922291652,0.82842712474619,2.));
#9109=CARTESIAN_POINT('',(2.17240422291652,1.41421356237309,1.41421356237309));
#9110=CARTESIAN_POINT('',(2.15552922291652,2.,0.82842712474619));
#9111=CARTESIAN_POINT('',(2.13865422291652,2.,1.22464679914735E-16));
#9112=CARTESIAN_POINT('',(2.12177922291652,2.,-0.82842712474619));
#9113=CARTESIAN_POINT('',(2.10490422291652,1.41421356237309,-1.41421356237309));
#9114=CARTESIAN_POINT('',(2.08802922291652,0.82842712474619,-2.));
#9115=CARTESIAN_POINT('',(2.07115422291652,2.44929359829471E-16,-2.));
#9116=CARTESIAN_POINT('',(2.05427922291652,-0.82842712474619,-2.));
#9117=CARTESIAN_POINT('',(2.03740422291652,-1.41421356237309,-1.4142135623731));
#9118=CARTESIAN_POINT('',(2.02052922291652,-2.,-0.828427124746191));
#9119=CARTESIAN_POINT('',(2.00365422291652,-2.,-3.67394039744206E-16));
#9120=CARTESIAN_POINT('',(1.98677922291652,-2.,0.828427124746191));
#9121=CARTESIAN_POINT('',(1.96990422291652,-1.4142135623731,1.41421356237309));
#9122=CARTESIAN_POINT('',(1.95302922291652,-0.828427124746191,2.));
#9123=CARTESIAN_POINT('',(1.93615422291652,0.,2.));
#9124=CARTESIAN_POINT('',(1.91927922291652,0.82842712474619,2.));
#9125=CARTESIAN_POINT('',(1.90240422291652,1.41421356237309,1.41421356237309));
#9126=CARTESIAN_POINT('',(1.88552922291652,2.,0.82842712474619));
#9127=CARTESIAN_POINT('',(1.86865422291652,2.,1.22464679914735E-16));
#9128=CARTESIAN_POINT('',(1.85177922291652,2.,-0.82842712474619));
#9129=CARTESIAN_POINT('',(1.83490422291652,1.41421356237309,-1.41421356237309));
#9130=CARTESIAN_POINT('',(1.81802922291652,0.82842712474619,-2.));
#9131=CARTESIAN_POINT('',(1.80115422291652,2.44929359829471E-16,-2.));
#9132=CARTESIAN_POINT('',(1.78427922291652,-0.82842712474619,-2.));
#9133=CARTESIAN_POINT('',(1.76740422291652,-1.41421356237309,-1.4142135623731));
#9134=CARTESIAN_POINT('',(1.75052922291652,-2.,-0.828427124746191));
#9135=CARTESIAN_POINT('',(1.73365422291652,-2.,-3.67394039744206E-16));
#9136=CARTESIAN_POINT('',(1.71677922291652,-2.,0.828427124746191));
#9137=CARTESIAN_POINT('',(1.69990422291652,-1.4142135623731,1.41421356237309));
#9138=CARTESIAN_POINT('',(1.68302922291652,-0.828427124746191,2.));
#9139=CARTESIAN_POINT('',(1.66615422291652,0.,2.));
#9140=CARTESIAN_POINT('',(1.64927922291652,0.82842712474619,2.));
#9141=CARTESIAN_POINT('',(1.63240422291652,1.41421356237309,1.41421356237309));
#9142=CARTESIAN_POINT('',(1.61552922291652,2.,0.82842712474619));
#9143=CARTESIAN_POINT('',(1.59865422291652,2.,1.22464679914735E-16));
#9144=CARTESIAN_POINT('',(1.58177922291652,2.,-0.82842712474619));
#9145=CARTESIAN_POINT('',(1.56490422291652,1.41421356237309,-1.41421356237309));
#9146=CARTESIAN_POINT('',(1.54802922291652,0.82842712474619,-2.));
#9147=CARTESIAN_POINT('',(1.53115422291652,2.44929359829471E-16,-2.));
#9148=CARTESIAN_POINT('',(1.51427922291652,-0.82842712474619,-2.));
#9149=CARTESIAN_POINT('',(1.49740422291652,-1.41421356237309,-1.4142135623731));
#9150=CARTESIAN_POINT('',(1.48052922291652,-2.,-0.828427124746191));
#9151=CARTESIAN_POINT('',(1.46365422291652,-2.,-3.67394039744206E-16));
#9152=CARTESIAN_POINT('',(1.44677922291652,-2.,0.828427124746191));
#9153=CARTESIAN_POINT('',(1.42990422291652,-1.4142135623731,1.41421356237309));
#9154=CARTESIAN_POINT('',(1.41302922291652,-0.828427124746191,2.));
#9155=CARTESIAN_POINT('',(1.39615422291652,0.,2.));
#9156=CARTESIAN_POINT('',(1.37927922291652,0.82842712474619,2.));
#9157=CARTESIAN_POINT('',(1.36240422291652,1.41421356237309,1.41421356237309));
#9158=CARTESIAN_POINT('',(1.34552922291652,2.,0.82842712474619));
#9159=CARTESIAN_POINT('',(1.32865422291652,2.,1.22464679914735E-16));
#9160=CARTESIAN_POINT('',(1.31177922291652,2.,-0.82842712474619));
#9161=CARTESIAN_POINT('',(1.29490422291652,1.41421356237309,-1.41421356237309));
#9162=CARTESIAN_POINT('',(1.27802922291652,0.82842712474619,-2.));
#9163=CARTESIAN_POINT('',(1.26115422291652,2.44929359829471E-16,-2.));
#9164=CARTESIAN_POINT('',(1.24427922291652,-0.82842712474619,-2.));
#9165=CARTESIAN_POINT('',(1.22740422291652,-1.41421356237309,-1.4142135623731));
#9166=CARTESIAN_POINT('',(1.21052922291652,-2.,-0.828427124746191));
#9167=CARTESIAN_POINT('',(1.19365422291652,-2.,-3.67394039744206E-16));
#9168=CARTESIAN_POINT('',(1.17677922291652,-2.,0.828427124746191));
#9169=CARTESIAN_POINT('',(1.15990422291652,-1.4142135623731,1.41421356237309));
#9170=CARTESIAN_POINT('',(1.14302922291652,-0.828427124746191,2.));
#9171=CARTESIAN_POINT('',(1.12615422291652,0.,2.));
#9172=CARTESIAN_POINT('',(1.10927922291652,0.82842712474619,2.));
#9173=CARTESIAN_POINT('',(1.09240422291652,1.41421356237309,1.41421356237309));
#9174=CARTESIAN_POINT('',(1.07552922291652,2.,0.82842712474619));
#9175=CARTESIAN_POINT('',(1.05865422291652,2.,1.22464679914735E-16));
#9176=CARTESIAN_POINT('',(1.04177922291652,2.,-0.82842712474619));
#9177=CARTESIAN_POINT('',(1.02490422291652,1.41421356237309,-1.41421356237309));
#9178=CARTESIAN_POINT('',(1.00802922291652,0.82842712474619,-2.));
#9179=CARTESIAN_POINT('',(0.99115422291652,2.44929359829471E-16,-2.));
#9180=CARTESIAN_POINT('',(0.974279222916519,-0.82842712474619,-2.));
#9181=CARTESIAN_POINT('',(0.957404222916519,-1.41421356237309,-1.4142135623731));
#9182=CARTESIAN_POINT('',(0.940529222916519,-2.,-0.828427124746191));
#9183=CARTESIAN_POINT('',(0.923654222916519,-2.,-3.67394039744206E-16));
#9184=CARTESIAN_POINT('',(0.906779222916519,-2.,0.828427124746191));
#9185=CARTESIAN_POINT('',(0.88990422291652,-1.4142135623731,1.41421356237309));
#9186=CARTESIAN_POINT('',(0.873029222916519,-0.828427124746191,2.));
#9187=CARTESIAN_POINT('',(0.85615422291652,0.,2.));
#9188=CARTESIAN_POINT('',(0.839279222916519,0.82842712474619,2.));
#9189=CARTESIAN_POINT('',(0.82240422291652,1.41421356237309,1.41421356237309));
#9190=CARTESIAN_POINT('',(0.80552922291652,2.,0.82842712474619));
#9191=CARTESIAN_POINT('',(0.78865422291652,2.,1.22464679914735E-16));
#9192=CARTESIAN_POINT('',(0.771779222916519,2.,-0.82842712474619));
#9193=CARTESIAN_POINT('',(0.754904222916519,1.41421356237309,-1.41421356237309));
#9194=CARTESIAN_POINT('',(0.738029222916519,0.82842712474619,-2.));
#9195=CARTESIAN_POINT('',(0.721154222916519,2.44929359829471E-16,-2.));
#9196=CARTESIAN_POINT('',(0.704279222916519,-0.82842712474619,-2.));
#9197=CARTESIAN_POINT('',(0.687404222916519,-1.41421356237309,-1.4142135623731));
#9198=CARTESIAN_POINT('',(0.67052922291652,-2.,-0.828427124746191));
#9199=CARTESIAN_POINT('',(0.65365422291652,-2.,-3.67394039744206E-16));
#9200=CARTESIAN_POINT('',(0.63677922291652,-2.,0.828427124746191));
#9201=CARTESIAN_POINT('',(0.61990422291652,-1.4142135623731,1.41421356237309));
#9202=CARTESIAN_POINT('',(0.60302922291652,-0.828427124746191,2.));
#9203=CARTESIAN_POINT('',(0.58615422291652,0.,2.));
#9204=CARTESIAN_POINT('',(0.569279222916519,0.82842712474619,2.));
#9205=CARTESIAN_POINT('',(0.552404222916519,1.41421356237309,1.41421356237309));
#9206=CARTESIAN_POINT('',(0.535529222916519,2.,0.82842712474619));
#9207=CARTESIAN_POINT('',(0.518654222916519,2.,1.22464679914735E-16));
#9208=CARTESIAN_POINT('',(0.501779222916519,2.,-0.82842712474619));
#9209=CARTESIAN_POINT('',(0.48490422291652,1.41421356237309,-1.41421356237309));
#9210=CARTESIAN_POINT('',(0.468029222916519,0.82842712474619,-2.));
#9211=CARTESIAN_POINT('',(0.45115422291652,2.44929359829471E-16,-2.));
#9212=CARTESIAN_POINT('',(0.43427922291652,-0.82842712474619,-2.));
#9213=CARTESIAN_POINT('',(0.41740422291652,-1.41421356237309,-1.4142135623731));
#9214=CARTESIAN_POINT('',(0.40052922291652,-2.,-0.828427124746191));
#9215=CARTESIAN_POINT('',(0.383654222916519,-2.,-3.67394039744206E-16));
#9216=CARTESIAN_POINT('',(0.366779222916519,-2.,0.828427124746191));
#9217=CARTESIAN_POINT('',(0.349904222916519,-1.4142135623731,1.41421356237309));
#9218=CARTESIAN_POINT('',(0.333029222916519,-0.828427124746191,2.));
#9219=CARTESIAN_POINT('',(0.316154222916519,0.,2.));
#9220=CARTESIAN_POINT('',(0.299279222916519,0.82842712474619,2.));
#9221=CARTESIAN_POINT('',(0.28240422291652,1.41421356237309,1.41421356237309));
#9222=CARTESIAN_POINT('',(0.26552922291652,2.,0.82842712474619));
#9223=CARTESIAN_POINT('',(0.24865422291652,2.,1.22464679914735E-16));
#9224=CARTESIAN_POINT('',(0.23177922291652,2.,-0.82842712474619));
#9225=CARTESIAN_POINT('',(0.21490422291652,1.41421356237309,-1.41421356237309));
#9226=CARTESIAN_POINT('',(0.19802922291652,0.82842712474619,-2.));
#9227=CARTESIAN_POINT('',(0.181154222916519,2.44929359829471E-16,-2.));
#9228=CARTESIAN_POINT('',(0.164279222916519,-0.82842712474619,-2.));
#9229=CARTESIAN_POINT('',(0.147404222916519,-1.41421356237309,-1.4142135623731));
#9230=CARTESIAN_POINT('',(0.130529222916519,-2.,-0.828427124746191));
#9231=CARTESIAN_POINT('',(0.113654222916519,-2.,-3.67394039744206E-16));
#9232=CARTESIAN_POINT('',(0.0967792229165195,-2.,0.828427124746191));
#9233=CARTESIAN_POINT('',(0.0799042229165196,-1.4142135623731,1.41421356237309));
#9234=CARTESIAN_POINT('',(0.0630292229165196,-0.828427124746191,2.));
#9235=CARTESIAN_POINT('',(0.0461542229165196,0.,2.));
#9236=CARTESIAN_POINT('',(0.0292792229165196,0.82842712474619,2.));
#9237=CARTESIAN_POINT('',(0.0124042229165197,1.41421356237309,1.41421356237309));
#9238=CARTESIAN_POINT('',(-0.0044707770834807,2.,0.82842712474619));
#9239=CARTESIAN_POINT('',(-0.0213457770834807,2.,1.22464679914735E-16));
#9240=CARTESIAN_POINT('',(-0.0382207770834806,2.,-0.82842712474619));
#9241=CARTESIAN_POINT('',(-0.0550957770834806,1.41421356237309,-1.41421356237309));
#9242=CARTESIAN_POINT('',(-0.0719707770834805,0.82842712474619,-2.));
#9243=CARTESIAN_POINT('',(-0.0888457770834805,2.44929359829471E-16,-2.));
#9244=CARTESIAN_POINT('',(-0.105720777083481,-0.82842712474619,-2.));
#9245=CARTESIAN_POINT('',(-0.12259577708348,-1.41421356237309,-1.4142135623731));
#9246=CARTESIAN_POINT('',(-0.139470777083481,-2.,-0.828427124746191));
#9247=CARTESIAN_POINT('',(-0.15634577708348,-2.,-3.67394039744206E-16));
#9248=CARTESIAN_POINT('',(-0.173220777083481,-2.,0.828427124746191));
#9249=CARTESIAN_POINT('',(-0.19009577708348,-1.4142135623731,1.41421356237309));
#9250=CARTESIAN_POINT('',(-0.206970777083481,-0.828427124746191,2.));
#9251=CARTESIAN_POINT('',(-0.22384577708348,0.,2.));
#9252=CARTESIAN_POINT('',(-0.240720777083481,0.82842712474619,2.));
#9253=CARTESIAN_POINT('',(-0.25759577708348,1.41421356237309,1.41421356237309));
#9254=CARTESIAN_POINT('',(-0.274470777083481,2.,0.82842712474619));
#9255=CARTESIAN_POINT('',(-0.29134577708348,2.,1.22464679914735E-16));
#9256=CARTESIAN_POINT('',(-0.30822077708348,2.,-0.82842712474619));
#9257=CARTESIAN_POINT('',(-0.325095777083481,1.41421356237309,-1.41421356237309));
#9258=CARTESIAN_POINT('',(-0.34197077708348,0.82842712474619,-2.));
#9259=CARTESIAN_POINT('',(-0.358845777083481,2.44929359829471E-16,-2.));
#9260=CARTESIAN_POINT('',(-0.37572077708348,-0.82842712474619,-2.));
#9261=CARTESIAN_POINT('',(-0.392595777083481,-1.41421356237309,-1.4142135623731));
#9262=CARTESIAN_POINT('',(-0.40947077708348,-2.,-0.828427124746191));
#9263=CARTESIAN_POINT('',(-0.426345777083481,-2.,-3.67394039744206E-16));
#9264=CARTESIAN_POINT('',(-0.44322077708348,-2.,0.828427124746191));
#9265=CARTESIAN_POINT('',(-0.460095777083481,-1.4142135623731,1.41421356237309));
#9266=CARTESIAN_POINT('',(-0.47697077708348,-0.828427124746191,2.));
#9267=CARTESIAN_POINT('',(-0.49384577708348,0.,2.));
#9268=CARTESIAN_POINT('',(-0.510720777083481,0.82842712474619,2.));
#9269=CARTESIAN_POINT('',(-0.52759577708348,1.41421356237309,1.41421356237309));
#9270=CARTESIAN_POINT('',(-0.544470777083481,2.,0.82842712474619));
#9271=CARTESIAN_POINT('',(-0.56134577708348,2.,1.22464679914735E-16));
#9272=CARTESIAN_POINT('',(-0.578220777083481,2.,-0.82842712474619));
#9273=CARTESIAN_POINT('',(-0.59509577708348,1.41421356237309,-1.41421356237309));
#9274=CARTESIAN_POINT('',(-0.611970777083481,0.82842712474619,-2.));
#9275=CARTESIAN_POINT('',(-0.62884577708348,2.44929359829471E-16,-2.));
#9276=CARTESIAN_POINT('',(-0.64572077708348,-0.82842712474619,-2.));
#9277=CARTESIAN_POINT('',(-0.66259577708348,-1.41421356237309,-1.4142135623731));
#9278=CARTESIAN_POINT('',(-0.67947077708348,-2.,-0.828427124746191));
#9279=CARTESIAN_POINT('',(-0.696345777083481,-2.,-3.67394039744206E-16));
#9280=CARTESIAN_POINT('',(-0.71322077708348,-2.,0.828427124746191));
#9281=CARTESIAN_POINT('',(-0.730095777083481,-1.4142135623731,1.41421356237309));
#9282=CARTESIAN_POINT('',(-0.74697077708348,-0.828427124746191,2.));
#9283=CARTESIAN_POINT('',(-0.763845777083481,0.,2.));
#9284=CARTESIAN_POINT('',(-0.78072077708348,0.82842712474619,2.));
#9285=CARTESIAN_POINT('',(-0.797595777083481,1.41421356237309,1.41421356237309));
#9286=CARTESIAN_POINT('',(-0.81447077708348,2.,0.82842712474619));
#9287=CARTESIAN_POINT('',(-0.831345777083481,2.,1.22464679914735E-16));
#9288=CARTESIAN_POINT('',(-0.84822077708348,2.,-0.82842712474619));
#9289=CARTESIAN_POINT('',(-0.865095777083481,1.41421356237309,-1.41421356237309));
#9290=CARTESIAN_POINT('',(-0.88197077708348,0.82842712474619,-2.));
#9291=CARTESIAN_POINT('',(-0.898845777083481,2.44929359829471E-16,-2.));
#9292=CARTESIAN_POINT('',(-0.915720777083481,-0.82842712474619,-2.));
#9293=CARTESIAN_POINT('',(-0.93259577708348,-1.41421356237309,-1.4142135623731));
#9294=CARTESIAN_POINT('',(-0.949470777083481,-2.,-0.828427124746191));
#9295=CARTESIAN_POINT('',(-0.96634577708348,-2.,-3.67394039744206E-16));
#9296=CARTESIAN_POINT('',(-0.983220777083481,-2.,0.828427124746191));
#9297=CARTESIAN_POINT('',(-1.00009577708348,-1.4142135623731,1.41421356237309));
#9298=CARTESIAN_POINT('',(-1.01697077708348,-0.828427124746191,2.));
#9299=CARTESIAN_POINT('',(-1.03384577708348,0.,2.));
#9300=CARTESIAN_POINT('',(-1.05072077708348,0.82842712474619,2.));
#9301=CARTESIAN_POINT('',(-1.06759577708348,1.41421356237309,1.41421356237309));
#9302=CARTESIAN_POINT('',(-1.08447077708348,2.,0.82842712474619));
#9303=CARTESIAN_POINT('',(-1.10134577708348,2.,1.22464679914735E-16));
#9304=CARTESIAN_POINT('',(-1.11822077708348,2.,-0.82842712474619));
#9305=CARTESIAN_POINT('',(-1.13509577708348,1.41421356237309,-1.41421356237309));
#9306=CARTESIAN_POINT('',(-1.15197077708348,0.82842712474619,-2.));
#9307=CARTESIAN_POINT('',(-1.16884577708348,2.44929359829471E-16,-2.));
#9308=CARTESIAN_POINT('',(-1.18572077708348,-0.82842712474619,-2.));
#9309=CARTESIAN_POINT('',(-1.20259577708348,-1.41421356237309,-1.4142135623731));
#9310=CARTESIAN_POINT('',(-1.21947077708348,-2.,-0.828427124746191));
#9311=CARTESIAN_POINT('',(-1.23634577708348,-2.,-3.67394039744206E-16));
#9312=CARTESIAN_POINT('',(-1.25322077708348,-2.,0.828427124746191));
#9313=CARTESIAN_POINT('',(-1.27009577708348,-1.4142135623731,1.41421356237309));
#9314=CARTESIAN_POINT('',(-1.28697077708348,-0.828427124746191,2.));
#9315=CARTESIAN_POINT('',(-1.30384577708348,0.,2.));
#9316=CARTESIAN_POINT('',(-1.32072077708348,0.82842712474619,2.));
#9317=CARTESIAN_POINT('',(-1.33759577708348,1.41421356237309,1.41421356237309));
#9318=CARTESIAN_POINT('',(-1.35447077708348,2.,0.82842712474619));
#9319=CARTESIAN_POINT('',(-1.37134577708348,2.,1.22464679914735E-16));
#9320=CARTESIAN_POINT('',(-1.38822077708348,2.,-0.82842712474619));
#9321=CARTESIAN_POINT('',(-1.40509577708348,1.41421356237309,-1.41421356237309));
#9322=CARTESIAN_POINT('',(-1.42197077708348,0.82842712474619,-2.));
#9323=CARTESIAN_POINT('',(-1.43884577708348,2.44929359829471E-16,-2.));
#9324=CARTESIAN_POINT('',(-1.45572077708348,-0.82842712474619,-2.));
#9325=CARTESIAN_POINT('',(-1.47259577708348,-1.41421356237309,-1.4142135623731));
#9326=CARTESIAN_POINT('',(-1.48947077708348,-2.,-0.828427124746191));
#9327=CARTESIAN_POINT('',(-1.50634577708348,-2.,-3.67394039744206E-16));
#9328=CARTESIAN_POINT('',(-1.52322077708348,-2.,0.828427124746191));
#9329=CARTESIAN_POINT('',(-1.54009577708348,-1.4142135623731,1.41421356237309));
#9330=CARTESIAN_POINT('',(-1.55697077708348,-0.828427124746191,2.));
#9331=CARTESIAN_POINT('',(-1.57384577708348,0.,2.));
#9332=CARTESIAN_POINT('',(-1.59072077708348,0.82842712474619,2.));
#9333=CARTESIAN_POINT('',(-1.60759577708348,1.41421356237309,1.41421356237309));
#9334=CARTESIAN_POINT('',(-1.62447077708348,2.,0.82842712474619));
#9335=CARTESIAN_POINT('',(-1.64134577708348,2.,1.22464679914735E-16));
#9336=CARTESIAN_POINT('',(-1.65822077708348,2.,-0.82842712474619));
#9337=CARTESIAN_POINT('',(-1.67509577708348,1.41421356237309,-1.41421356237309));
#9338=CARTESIAN_POINT('',(-1.69197077708348,0.82842712474619,-2.));
#9339=CARTESIAN_POINT('',(-1.70884577708348,2.44929359829471E-16,-2.));
#9340=CARTESIAN_POINT('',(-1.72572077708348,-0.82842712474619,-2.));
#9341=CARTESIAN_POINT('',(-1.74259577708348,-1.41421356237309,-1.4142135623731));
#9342=CARTESIAN_POINT('',(-1.75947077708348,-2.,-0.828427124746191));
#9343=CARTESIAN_POINT('',(-1.77634577708348,-2.,-3.67394039744206E-16));
#9344=CARTESIAN_POINT('',(-1.79322077708348,-2.,0.828427124746191));
#9345=CARTESIAN_POINT('',(-1.81009577708348,-1.4142135623731,1.41421356237309));
#9346=CARTESIAN_POINT('',(-1.82697077708348,-0.828427124746191,2.));
#9347=CARTESIAN_POINT('',(-1.84384577708348,0.,2.));
#9348=CARTESIAN_POINT('',(-0.0607586778145319,0.,0.));
#9349=CARTESIAN_POINT('',(0.146025,0.,0.));
#9350=CARTESIAN_POINT('',(1.53,0.,0.));
#9351=CARTESIAN_POINT('',(1.53,0.,0.));
#9352=CARTESIAN_POINT('',(1.53,0.,4.27563970832163));
#9353=CARTESIAN_POINT('',(0.146025,0.,0.));
#9354=CARTESIAN_POINT('',(-2.78200406136766E-16,0.,0.));
#9355=CARTESIAN_POINT('',(-2.78200406136766E-16,0.,2.146025));
#9356=CARTESIAN_POINT('',(1.53,0.,3.88041048452374));
#9357=CARTESIAN_POINT('',(1.53,0.,0.));
#9358=CARTESIAN_POINT('',(1.53,0.,3.20561227076639));
#9359=CARTESIAN_POINT('',(1.30413661394384,0.,3.405));
#9360=CARTESIAN_POINT('',(1.30413661394384,0.,0.));
#9361=CARTESIAN_POINT('',(1.30413661394384,2.21581775399116,2.58537747361919));
#9362=CARTESIAN_POINT('',(1.30413661394384,2.23545226719576,2.58917518699815));
#9363=CARTESIAN_POINT('',(1.30413661394383,1.95771485612679,2.53545513441201));
#9364=CARTESIAN_POINT('',(1.30413661394384,0.,0.));
#9365=CARTESIAN_POINT('',(-0.0607586778145319,0.,0.));
#9366=CARTESIAN_POINT('',(0.492374440762124,0.,0.));
#9367=CARTESIAN_POINT('',(0.492374440762124,2.21581775399116,2.58537747361919));
#9368=CARTESIAN_POINT('',(-0.0607586778145319,2.21581775399116,2.58537747361919));
#9369=CARTESIAN_POINT('',(1.30413661394384,0.,3.405));
#9370=CARTESIAN_POINT('',(1.30413661394384,0.,0.));
#9371=CARTESIAN_POINT('',(1.30413661394384,2.98296240324596,1.6419379710638));
#9372=CARTESIAN_POINT('',(1.30413661394384,3.00267934004658,1.63859444913469));
#9373=CARTESIAN_POINT('',(1.30413661394383,2.72377601689552,1.6858897966061));
#9374=CARTESIAN_POINT('',(1.30413661394384,0.,0.));
#9375=CARTESIAN_POINT('',(-0.0607586778145319,0.,0.));
#9376=CARTESIAN_POINT('',(0.492374440762124,0.,0.));
#9377=CARTESIAN_POINT('',(0.492374440762124,2.98296240324596,1.6419379710638));
#9378=CARTESIAN_POINT('',(-0.0607586778145319,2.98296240324596,1.6419379710638));
#9379=CARTESIAN_POINT('',(1.30413661394384,0.,3.405));
#9380=CARTESIAN_POINT('',(1.30413661394384,0.,0.));
#9381=CARTESIAN_POINT('',(1.30413661394384,3.3696890854612,0.489101694255579));
#9382=CARTESIAN_POINT('',(1.30413661394384,3.38697393980649,0.479043337235054));
#9383=CARTESIAN_POINT('',(1.30413661394383,3.14247331753279,0.621322496864721));
#9384=CARTESIAN_POINT('',(1.30413661394384,0.,0.));
#9385=CARTESIAN_POINT('',(-0.0607586778145319,0.,0.));
#9386=CARTESIAN_POINT('',(0.492374440762124,0.,0.));
#9387=CARTESIAN_POINT('',(0.492374440762124,3.3696890854612,0.489101694255579));
#9388=CARTESIAN_POINT('',(-0.0607586778145319,3.3696890854612,0.489101694255579));
#9389=CARTESIAN_POINT('',(1.30413661394384,0.,3.405));
#9390=CARTESIAN_POINT('',(1.30413661394384,0.,0.));
#9391=CARTESIAN_POINT('',(1.30413661394384,3.32667844679984,-0.726109848161701));
#9392=CARTESIAN_POINT('',(1.30413661394384,3.3393268767432,-0.741600295400508));
#9393=CARTESIAN_POINT('',(1.30413661394383,3.16041018296276,-0.522482221650696));
#9394=CARTESIAN_POINT('',(1.30413661394384,0.,0.));
#9395=CARTESIAN_POINT('',(-0.0607586778145319,0.,0.));
#9396=CARTESIAN_POINT('',(0.492374440762124,0.,0.));
#9397=CARTESIAN_POINT('',(0.492374440762124,3.32667844679984,-0.726109848161701));
#9398=CARTESIAN_POINT('',(-0.0607586778145319,3.32667844679984,-0.726109848161701));
#9399=CARTESIAN_POINT('',(1.30413661394384,0.,3.405));
#9400=CARTESIAN_POINT('',(1.30413661394384,0.,0.));
#9401=CARTESIAN_POINT('',(1.30413661394384,2.8594156451381,-1.8487204137834));
#9402=CARTESIAN_POINT('',(1.30413661394384,2.86581459313644,-1.86766745049643));
#9403=CARTESIAN_POINT('',(1.30413661394383,2.7752991200965,-1.59965464726213));
#9404=CARTESIAN_POINT('',(1.30413661394384,0.,0.));
#9405=CARTESIAN_POINT('',(-0.0607586778145319,0.,0.));
#9406=CARTESIAN_POINT('',(0.492374440762124,0.,0.));
#9407=CARTESIAN_POINT('',(0.492374440762124,2.8594156451381,-1.8487204137834));
#9408=CARTESIAN_POINT('',(-0.0607586778145319,2.8594156451381,-1.8487204137834));
#9409=CARTESIAN_POINT('',(1.30413661394384,0.,3.405));
#9410=CARTESIAN_POINT('',(1.30413661394384,0.,0.));
#9411=CARTESIAN_POINT('',(1.30413661394384,2.02749082646238,-2.73556318673338));
#9412=CARTESIAN_POINT('',(1.30413661394384,2.02682423302193,-2.75555049242663));
#9413=CARTESIAN_POINT('',(1.30413661394383,2.0362534424175,-2.47282270184473));
#9414=CARTESIAN_POINT('',(1.30413661394384,0.,0.));
#9415=CARTESIAN_POINT('',(-0.0607586778145319,0.,0.));
#9416=CARTESIAN_POINT('',(0.492374440762124,0.,0.));
#9417=CARTESIAN_POINT('',(0.492374440762124,2.02749082646238,-2.73556318673338));
#9418=CARTESIAN_POINT('',(-0.0607586778145319,2.02749082646238,-2.73556318673338));
#9419=CARTESIAN_POINT('',(1.30413661394384,0.,3.405));
#9420=CARTESIAN_POINT('',(1.30413661394384,0.,0.));
#9421=CARTESIAN_POINT('',(1.30413661394384,0.936999578134424,-3.27353887873291));
#9422=CARTESIAN_POINT('',(1.30413661394384,0.92935245408911,-3.29201746714019));
#9423=CARTESIAN_POINT('',(1.30413661394383,1.03752383640642,-3.03063103749108));
#9424=CARTESIAN_POINT('',(1.30413661394384,0.,0.));
#9425=CARTESIAN_POINT('',(-0.0607586778145319,0.,0.));
#9426=CARTESIAN_POINT('',(0.492374440762124,0.,0.));
#9427=CARTESIAN_POINT('',(0.492374440762124,0.936999578134424,-3.27353887873291));
#9428=CARTESIAN_POINT('',(-0.0607586778145319,0.936999578134424,-3.27353887873291));
#9429=CARTESIAN_POINT('',(1.30413661394384,0.,3.405));
#9430=CARTESIAN_POINT('',(1.30413661394384,0.,0.));
#9431=CARTESIAN_POINT('',(1.30413661394384,-0.272987468814041,-3.39403931059593));
#9432=CARTESIAN_POINT('',(1.30413661394384,-0.286639883756253,-3.40865260255688));
#9433=CARTESIAN_POINT('',(1.30413661394383,-0.0935214528902735,-3.20194221283974));
#9434=CARTESIAN_POINT('',(1.30413661394384,0.,0.));
#9435=CARTESIAN_POINT('',(-0.0607586778145319,0.,0.));
#9436=CARTESIAN_POINT('',(0.492374440762124,0.,0.));
#9437=CARTESIAN_POINT('',(0.492374440762124,-0.272987468814041,-3.39403931059593));
#9438=CARTESIAN_POINT('',(-0.0607586778145319,-0.272987468814041,-3.39403931059593));
#9439=CARTESIAN_POINT('',(1.30413661394384,0.,3.405));
#9440=CARTESIAN_POINT('',(1.30413661394384,0.,0.));
#9441=CARTESIAN_POINT('',(1.30413661394384,-1.44816035323719,-3.08169703107102));
#9442=CARTESIAN_POINT('',(1.30413661394384,-1.46607696306656,-3.09058138968109));
#9443=CARTESIAN_POINT('',(1.30413661394383,-1.21263992710395,-2.96490886937677));
#9444=CARTESIAN_POINT('',(1.30413661394384,0.,0.));
#9445=CARTESIAN_POINT('',(-0.0607586778145319,0.,0.));
#9446=CARTESIAN_POINT('',(0.492374440762124,0.,0.));
#9447=CARTESIAN_POINT('',(0.492374440762124,-1.44816035323719,-3.08169703107102));
#9448=CARTESIAN_POINT('',(-0.0607586778145319,-1.44816035323719,-3.08169703107102));
#9449=CARTESIAN_POINT('',(1.30413661394384,0.,3.405));
#9450=CARTESIAN_POINT('',(1.30413661394384,0.,0.));
#9451=CARTESIAN_POINT('',(1.30413661394384,-2.43864897314319,-2.37634513187535));
#9452=CARTESIAN_POINT('',(1.30413661394384,-2.45854486797279,-2.37836753258244));
#9453=CARTESIAN_POINT('',(1.30413661394383,-2.17711011767923,-2.34975993071941));
#9454=CARTESIAN_POINT('',(1.30413661394384,0.,0.));
#9455=CARTESIAN_POINT('',(-0.0607586778145319,0.,0.));
#9456=CARTESIAN_POINT('',(0.492374440762124,0.,0.));
#9457=CARTESIAN_POINT('',(0.492374440762124,-2.43864897314319,-2.37634513187535));
#9458=CARTESIAN_POINT('',(-0.0607586778145319,-2.43864897314319,-2.37634513187535));
#9459=CARTESIAN_POINT('',(1.30413661394384,0.,3.405));
#9460=CARTESIAN_POINT('',(1.30413661394384,0.,0.));
#9461=CARTESIAN_POINT('',(1.30413661394384,-3.1181360585757,-1.36793732320235));
#9462=CARTESIAN_POINT('',(1.30413661394384,-3.13747390979042,-1.36283984872104));
#9463=CARTESIAN_POINT('',(1.30413661394383,-2.8639328916838,-1.43494550016628));
#9464=CARTESIAN_POINT('',(1.30413661394384,0.,0.));
#9465=CARTESIAN_POINT('',(-0.0607586778145319,0.,0.));
#9466=CARTESIAN_POINT('',(0.492374440762124,0.,0.));
#9467=CARTESIAN_POINT('',(0.492374440762124,-3.1181360585757,-1.36793732320235));
#9468=CARTESIAN_POINT('',(-0.0607586778145319,-3.1181360585757,-1.36793732320235));
#9469=CARTESIAN_POINT('',(1.30413661394384,0.,3.405));
#9470=CARTESIAN_POINT('',(1.30413661394384,0.,0.));
#9471=CARTESIAN_POINT('',(1.30413661394384,-3.39996644573225,-0.185076113787891));
#9472=CARTESIAN_POINT('',(1.30413661394384,-3.41628009216359,-0.173508846357614));
#9473=CARTESIAN_POINT('',(1.30413661394383,-3.18551756305371,-0.337132098727081));
#9474=CARTESIAN_POINT('',(1.30413661394384,0.,0.));
#9475=CARTESIAN_POINT('',(-0.0607586778145319,0.,0.));
#9476=CARTESIAN_POINT('',(0.492374440762124,0.,0.));
#9477=CARTESIAN_POINT('',(0.492374440762124,-3.39996644573225,-0.185076113787891));
#9478=CARTESIAN_POINT('',(-0.0607586778145319,-3.39996644573225,-0.185076113787891));
#9479=CARTESIAN_POINT('',(1.30413661394384,0.,3.405));
#9480=CARTESIAN_POINT('',(1.30413661394384,0.,0.));
#9481=CARTESIAN_POINT('',(1.30413661394384,-3.24819823242346,1.02138790030093));
#9482=CARTESIAN_POINT('',(1.30413661394384,-3.25940719052135,1.0379497840721));
#9483=CARTESIAN_POINT('',(1.30413661394383,-3.1008523554486,0.803675846485772));
#9484=CARTESIAN_POINT('',(1.30413661394384,0.,0.));
#9485=CARTESIAN_POINT('',(-0.0607586778145319,0.,0.));
#9486=CARTESIAN_POINT('',(0.492374440762124,0.,0.));
#9487=CARTESIAN_POINT('',(0.492374440762124,-3.24819823242346,1.02138790030093));
#9488=CARTESIAN_POINT('',(-0.0607586778145319,-3.24819823242346,1.02138790030093));
#9489=CARTESIAN_POINT('',(1.30413661394384,0.,3.405));
#9490=CARTESIAN_POINT('',(1.30413661394384,0.,0.));
#9491=CARTESIAN_POINT('',(1.30413661394384,-2.68218645815815,2.09759405121035));
#9492=CARTESIAN_POINT('',(1.30413661394384,-2.68686124659638,2.11703841000019));
#9493=CARTESIAN_POINT('',(1.30413661394383,-2.62073464469898,1.84199080306886));
#9494=CARTESIAN_POINT('',(1.30413661394384,0.,0.));
#9495=CARTESIAN_POINT('',(-0.0607586778145319,0.,0.));
#9496=CARTESIAN_POINT('',(0.492374440762124,0.,0.));
#9497=CARTESIAN_POINT('',(0.492374440762124,-2.68218645815815,2.09759405121035));
#9498=CARTESIAN_POINT('',(-0.0607586778145319,-2.68218645815815,2.09759405121035));
#9499=CARTESIAN_POINT('',(1.30413661394384,0.,3.405));
#9500=CARTESIAN_POINT('',(1.30413661394384,0.,0.));
#9501=CARTESIAN_POINT('',(1.30413661394384,-1.77411475094724,2.90629349007828));
#9502=CARTESIAN_POINT('',(1.30413661394384,-1.75776531733677,2.9162109130116));
#9503=CARTESIAN_POINT('',(1.30413661394384,-1.77165919274682,2.92614057977966));
#9504=CARTESIAN_POINT('',(1.30413661394383,-1.80639396667306,2.64539619597574));
#9505=CARTESIAN_POINT('',(1.30413661394384,0.,0.));
#9506=CARTESIAN_POINT('',(1.30413661394384,-1.48340565639702,2.83913505404112));
#9507=CARTESIAN_POINT('',(1.30413661394384,-1.30822932580655,2.78992276785695));
#9508=CARTESIAN_POINT('',(-0.0607586778145319,0.,0.));
#9509=CARTESIAN_POINT('',(0.492374440762124,0.,0.));
#9510=CARTESIAN_POINT('',(0.492374440762124,-1.77411475094724,2.90629349007828));
#9511=CARTESIAN_POINT('',(0.492374440762124,-1.75776531733677,2.9162109130116));
#9512=CARTESIAN_POINT('',(-0.0607586778145319,-1.77411475094724,2.90629349007828));
#9513=CARTESIAN_POINT('',(-0.0607586778145319,-1.75776531733677,2.9162109130116));
#9514=CARTESIAN_POINT('',(1.30413661394384,0.,3.405));
#9515=CARTESIAN_POINT('',(1.30413661394384,0.,0.));
#9516=CARTESIAN_POINT('',(1.30413661394384,-1.22666525606441,3.1763685789852));
#9517=CARTESIAN_POINT('',(1.30413661394384,-1.20880774033486,3.18320732075473));
#9518=CARTESIAN_POINT('',(1.30413661394384,-1.22070532498662,3.19545826094269));
#9519=CARTESIAN_POINT('',(1.30413661394383,-1.30501074221012,2.92542768825892));
#9520=CARTESIAN_POINT('',(1.30413661394384,0.,0.));
#9521=CARTESIAN_POINT('',(1.30413661394384,-0.952619578060062,3.05838129343161));
#9522=CARTESIAN_POINT('',(1.30413661394384,-0.789045596176949,2.97868092729997));
#9523=CARTESIAN_POINT('',(-0.0607586778145319,0.,0.));
#9524=CARTESIAN_POINT('',(0.492374440762124,0.,0.));
#9525=CARTESIAN_POINT('',(0.492374440762124,-1.22666525606441,3.1763685789852));
#9526=CARTESIAN_POINT('',(0.492374440762124,-1.20880774033486,3.18320732075473));
#9527=CARTESIAN_POINT('',(-0.0607586778145319,-1.22666525606441,3.1763685789852));
#9528=CARTESIAN_POINT('',(-0.0607586778145319,-1.20880774033486,3.18320732075473));
#9529=CARTESIAN_POINT('',(1.30413661394384,0.,3.405));
#9530=CARTESIAN_POINT('',(1.30413661394384,0.,0.));
#9531=CARTESIAN_POINT('',(1.30413661394384,-0.639789730548132,3.34435256823875));
#9532=CARTESIAN_POINT('',(1.30413661394384,-0.620998087948266,3.3478928260571));
#9533=CARTESIAN_POINT('',(1.30413661394384,-0.630516983681666,3.36207128436721));
#9534=CARTESIAN_POINT('',(1.30413661394383,-0.761683398726123,3.11143352759155));
#9535=CARTESIAN_POINT('',(1.30413661394384,0.,0.));
#9536=CARTESIAN_POINT('',(1.30413661394384,-0.39121552266625,3.1793286416067));
#9537=CARTESIAN_POINT('',(1.30413661394384,-0.244501291857338,3.07170183087274));
#9538=CARTESIAN_POINT('',(-0.0607586778145319,0.,0.));
#9539=CARTESIAN_POINT('',(0.492374440762124,0.,0.));
#9540=CARTESIAN_POINT('',(0.492374440762124,-0.639789730548132,3.34435256823875));
#9541=CARTESIAN_POINT('',(0.492374440762124,-0.620998087948266,3.3478928260571));
#9542=CARTESIAN_POINT('',(-0.0607586778145319,-0.639789730548132,3.34435256823875));
#9543=CARTESIAN_POINT('',(-0.0607586778145319,-0.620998087948266,3.3478928260571));
#9544=CARTESIAN_POINT('',(1.30413661394384,0.,3.405));
#9545=CARTESIAN_POINT('',(1.30413661394384,0.,0.));
#9546=CARTESIAN_POINT('',(1.30413661394384,-0.0323508366712932,3.40484631420666));
#9547=CARTESIAN_POINT('',(1.30413661394384,-0.0132290460560851,3.4049743012746));
#9548=CARTESIAN_POINT('',(1.30413661394384,-0.0200633077300768,3.42062457039069));
#9549=CARTESIAN_POINT('',(1.30413661394383,-0.193874924091885,3.19743533325134));
#9550=CARTESIAN_POINT('',(1.30413661394384,0.,0.));
#9551=CARTESIAN_POINT('',(1.30413661394384,0.182762521519259,3.19808975128024));
#9552=CARTESIAN_POINT('',(1.30413661394384,0.3079014851589,3.06599571019658));
#9553=CARTESIAN_POINT('',(-0.0607586778145319,0.,0.));
#9554=CARTESIAN_POINT('',(0.492374440762124,0.,0.));
#9555=CARTESIAN_POINT('',(0.492374440762124,-0.0323508366712932,3.40484631420666));
#9556=CARTESIAN_POINT('',(0.492374440762124,-0.0132290460560851,3.4049743012746));
#9557=CARTESIAN_POINT('',(-0.0607586778145319,-0.0323508366712932,3.40484631420666));
#9558=CARTESIAN_POINT('',(-0.0607586778145319,-0.0132290460560851,3.4049743012746));
#9559=CARTESIAN_POINT('',(1.30413661394384,0.,3.405));
#9560=CARTESIAN_POINT('',(1.30413661394384,0.,0.));
#9561=CARTESIAN_POINT('',(1.30413661394384,0.576127839714517,3.35590549811908));
#9562=CARTESIAN_POINT('',(1.30413661394384,0.594965188261234,3.35261710082695));
#9563=CARTESIAN_POINT('',(1.30413661394384,0.591035219440101,3.36923616822255));
#9564=CARTESIAN_POINT('',(1.30413661394383,0.380164850123484,3.18066893644188));
#9565=CARTESIAN_POINT('',(1.30413661394384,0.,0.));
#9566=CARTESIAN_POINT('',(1.30413661394384,0.750866427885636,3.11406162495061));
#9567=CARTESIAN_POINT('',(1.30413661394384,0.850408055099945,2.96174596468502));
#9568=CARTESIAN_POINT('',(-0.0607586778145319,0.,0.));
#9569=CARTESIAN_POINT('',(0.492374440762124,0.,0.));
#9570=CARTESIAN_POINT('',(0.492374440762124,0.576127839714517,3.35590549811908));
#9571=CARTESIAN_POINT('',(0.492374440762124,0.594965188261234,3.35261710082695));
#9572=CARTESIAN_POINT('',(-0.0607586778145319,0.576127839714517,3.35590549811908));
#9573=CARTESIAN_POINT('',(-0.0607586778145319,0.594965188261234,3.35261710082695));
#9574=CARTESIAN_POINT('',(-2.78200406136766E-16,0.,2.));
#9575=CARTESIAN_POINT('',(-5.55653613398821E-16,0.,0.));
#9576=CARTESIAN_POINT('',(-5.55653613398821E-16,0.,3.10594256655563));
#9577=CARTESIAN_POINT('',(0.234291943133258,0.,0.));
#9578=CARTESIAN_POINT('',(0.234291943133257,-1.34416450475382,2.80001803760299));
#9579=CARTESIAN_POINT('',(0.317037742819764,-1.48392940749263,2.83928219143531));
#9580=CARTESIAN_POINT('',(0.403430249642131,-1.62158524350233,2.87795384515585));
#9581=CARTESIAN_POINT('',(0.492374440762123,-1.75776531733677,2.9162109130116));
#9582=CARTESIAN_POINT('',(0.234291943133258,-1.34416450475382,2.80001803760299));
#9583=CARTESIAN_POINT('',(0.234291943133258,0.,0.));
#9584=CARTESIAN_POINT('',(0.492374440762124,-1.77411475094724,2.90629349007828));
#9585=CARTESIAN_POINT('',(0.404413773090323,-1.79009637248696,2.77712177009291));
#9586=CARTESIAN_POINT('',(0.318156478967991,-1.80621490371369,2.64684347530152));
#9587=CARTESIAN_POINT('',(0.234291943133258,-1.82252575434587,2.51501075574007));
#9588=CARTESIAN_POINT('',(0.234291943133258,0.,0.));
#9589=CARTESIAN_POINT('',(0.234291943133258,0.,0.));
#9590=CARTESIAN_POINT('',(0.492374440762124,-2.68218645815815,2.09759405121035));
#9591=CARTESIAN_POINT('',(0.404413773090323,-2.65176131914685,1.97104344320248));
#9592=CARTESIAN_POINT('',(0.318156478967991,-2.62107553723088,1.84340871465705));
#9593=CARTESIAN_POINT('',(0.234291943133258,-2.59002362571844,1.71425110324085));
#9594=CARTESIAN_POINT('',(0.234291943133258,0.,0.));
#9595=CARTESIAN_POINT('',(0.234291943133258,0.,0.));
#9596=CARTESIAN_POINT('',(0.492374440762124,-3.24819823242346,1.02138790030093));
#9597=CARTESIAN_POINT('',(0.404413773090323,-3.17524645871087,0.913597436051044));
#9598=CARTESIAN_POINT('',(0.318156478967992,-3.10166972935897,0.8048835637047));
#9599=CARTESIAN_POINT('',(0.234291943133258,-3.02721511401087,0.694872564033387));
#9600=CARTESIAN_POINT('',(0.234291943133258,0.,0.));
#9601=CARTESIAN_POINT('',(0.234291943133258,0.,0.));
#9602=CARTESIAN_POINT('',(0.492374440762124,-3.39996644573225,-0.185076113787891));
#9603=CARTESIAN_POINT('',(0.404413773090323,-3.29379159589406,-0.260359888486394));
#9604=CARTESIAN_POINT('',(0.318156478967991,-3.18670717843628,-0.336288596366812));
#9605=CARTESIAN_POINT('',(0.234291943133258,-3.07834507561081,-0.413123253043053));
#9606=CARTESIAN_POINT('',(0.234291943133258,0.,0.));
#9607=CARTESIAN_POINT('',(0.234291943133258,0.,0.));
#9608=CARTESIAN_POINT('',(0.492374440762124,-3.1181360585757,-1.36793732320235));
#9609=CARTESIAN_POINT('',(0.404413773090323,-2.99227863868138,-1.40111344908471));
#9610=CARTESIAN_POINT('',(0.318156478967992,-2.86534303658106,-1.4345737847389));
#9611=CARTESIAN_POINT('',(0.234291943133258,-2.73689289328704,-1.46843335477545));
#9612=CARTESIAN_POINT('',(0.234291943133258,0.,0.));
#9613=CARTESIAN_POINT('',(0.234291943133258,0.,0.));
#9614=CARTESIAN_POINT('',(0.492374440762124,-2.43864897314319,-2.37634513187535));
#9615=CARTESIAN_POINT('',(0.404413773090323,-2.30915961251377,-2.36318264902445));
#9616=CARTESIAN_POINT('',(0.318156478967992,-2.17856095594761,-2.34990740718956));
#9617=CARTESIAN_POINT('',(0.234291943133258,-2.04640405219201,-2.33647377085948));
#9618=CARTESIAN_POINT('',(0.234291943133258,0.,0.));
#9619=CARTESIAN_POINT('',(0.234291943133258,0.,0.));
#9620=CARTESIAN_POINT('',(0.492374440762124,-1.44816035323719,-3.08169703107102));
#9621=CARTESIAN_POINT('',(0.404413773090323,-1.33155286353528,-3.02387455433025));
#9622=CARTESIAN_POINT('',(0.318156478967991,-1.21394643296372,-2.96555673003205));
#9623=CARTESIAN_POINT('',(0.234291943133258,-1.0949367728742,-2.90654308245208));
#9624=CARTESIAN_POINT('',(0.234291943133258,0.,0.));
#9625=CARTESIAN_POINT('',(0.234291943133258,0.,0.));
#9626=CARTESIAN_POINT('',(0.492374440762124,-0.272987468814041,-3.39403931059593));
#9627=CARTESIAN_POINT('',(0.404413773090323,-0.184132833370089,-3.29893095538389));
#9628=CARTESIAN_POINT('',(0.318156478967991,-0.0945170073111031,-3.20300783584316));
#9629=CARTESIAN_POINT('',(0.234291943133258,-0.00383192362912982,-3.10594020275721));
#9630=CARTESIAN_POINT('',(0.234291943133258,0.,0.));
#9631=CARTESIAN_POINT('',(0.234291943133258,0.,0.));
#9632=CARTESIAN_POINT('',(0.492374440762124,0.936999578134424,-3.27353887873291));
#9633=CARTESIAN_POINT('',(0.404413773090323,0.986769704673736,-3.15327383819627));
#9634=CARTESIAN_POINT('',(0.318156478967991,1.03696619673738,-3.03197852366531));
#9635=CARTESIAN_POINT('',(0.234291943133258,1.08776161182776,-2.90923596543423));
#9636=CARTESIAN_POINT('',(0.234291943133258,0.,0.));
#9637=CARTESIAN_POINT('',(0.234291943133258,0.,0.));
#9638=CARTESIAN_POINT('',(0.492374440762124,2.02749082646238,-2.73556318673338));
#9639=CARTESIAN_POINT('',(0.404413773090323,2.03182924698294,-2.60547889260682));
#9640=CARTESIAN_POINT('',(0.318156478967992,2.03620483343152,-2.47428020592936));
#9641=CARTESIAN_POINT('',(0.234291943133258,2.04063262750201,-2.34151611276037));
#9642=CARTESIAN_POINT('',(0.234291943133258,0.,0.));
#9643=CARTESIAN_POINT('',(0.234291943133258,0.,0.));
#9644=CARTESIAN_POINT('',(0.492374440762124,2.8594156451381,-1.8487204137834));
#9645=CARTESIAN_POINT('',(0.404413773090323,2.81776907974848,-1.72540654975236));
#9646=CARTESIAN_POINT('',(0.318156478967991,2.77576574091014,-1.60103629338416));
#9647=CARTESIAN_POINT('',(0.234291943133258,2.73326123623738,-1.4751821044279));
#9648=CARTESIAN_POINT('',(0.234291943133258,0.,0.));
#9649=CARTESIAN_POINT('',(0.234291943133258,0.,0.));
#9650=CARTESIAN_POINT('',(0.492374440762124,3.32667844679984,-0.726109848161701));
#9651=CARTESIAN_POINT('',(0.404413773090323,3.244358092759,-0.625292663209883));
#9652=CARTESIAN_POINT('',(0.318156478967992,3.16133252530292,-0.523611808122724));
#9653=CARTESIAN_POINT('',(0.234291943133258,3.07731633236461,-0.420717740657851));
#9654=CARTESIAN_POINT('',(0.234291943133258,0.,0.));
#9655=CARTESIAN_POINT('',(0.234291943133258,0.,0.));
#9656=CARTESIAN_POINT('',(0.492374440762124,3.3696890854612,0.489101694255578));
#9657=CARTESIAN_POINT('',(0.404413773090323,3.25719327881794,0.554564958447795));
#9658=CARTESIAN_POINT('',(0.318156478967991,3.14373375484221,0.620589026497724));
#9659=CARTESIAN_POINT('',(0.234291943133258,3.02892048046048,0.687400865426611));
#9660=CARTESIAN_POINT('',(0.234291943133258,0.,0.));
#9661=CARTESIAN_POINT('',(0.234291943133258,0.,0.));
#9662=CARTESIAN_POINT('',(0.492374440762124,2.98296240324596,1.6419379710638));
#9663=CARTESIAN_POINT('',(0.404413773090323,2.85463776332646,1.66369876747729));
#9664=CARTESIAN_POINT('',(0.318156478967992,2.72521380527802,1.6856459820098));
#9665=CARTESIAN_POINT('',(0.234291943133258,2.59424561603933,1.7078550612985));
#9666=CARTESIAN_POINT('',(0.234291943133258,0.,0.));
#9667=CARTESIAN_POINT('',(0.234291943133258,0.,0.));
#9668=CARTESIAN_POINT('',(0.234291943133258,1.82872593702009,2.51050605934584));
#9669=CARTESIAN_POINT('',(0.492374440762124,2.21581775399116,2.58537747361919));
#9670=CARTESIAN_POINT('',(0.404413773090323,2.08802955532458,2.56066064225738));
#9671=CARTESIAN_POINT('',(0.318156478967992,1.95914663405798,2.53573206932495));
#9672=CARTESIAN_POINT('',(0.234291943133258,1.8287259370201,2.51050605934584));
#9673=CARTESIAN_POINT('',(0.234291943133258,0.,0.));
#9674=CARTESIAN_POINT('',(0.234291943133257,0.829988366123751,2.99299157012535));
#9675=CARTESIAN_POINT('',(0.317037742819765,0.750568813269914,3.11451702605231));
#9676=CARTESIAN_POINT('',(0.403430249642131,0.672347709621013,3.23420865037481));
#9677=CARTESIAN_POINT('',(0.492374440762123,0.594965188261233,3.35261710082695));
#9678=CARTESIAN_POINT('',(0.234291943133258,0.829988366123751,2.99299157012535));
#9679=CARTESIAN_POINT('',(0.234291943133258,0.,0.));
#9680=CARTESIAN_POINT('',(0.234291943133258,0.282230830701713,3.09309310964666));
#9681=CARTESIAN_POINT('',(0.492374440762124,0.576127839714517,3.35590549811908));
#9682=CARTESIAN_POINT('',(0.404413773090323,0.479105459677873,3.26914488929778));
#9683=CARTESIAN_POINT('',(0.318156478967992,0.381251918444482,3.18164102875012));
#9684=CARTESIAN_POINT('',(0.234291943133258,0.282230830701713,3.09309310964666));
#9685=CARTESIAN_POINT('',(0.234291943133258,0.,0.));
#9686=CARTESIAN_POINT('',(0.234291943133257,0.282230830701712,3.09309310964666));
#9687=CARTESIAN_POINT('',(0.317037742819765,0.182388374686244,3.19848469275725));
#9688=CARTESIAN_POINT('',(0.403430249642131,0.0840525515808201,3.30228590606032));
#9689=CARTESIAN_POINT('',(0.492374440762123,-0.0132290460560854,3.4049743012746));
#9690=CARTESIAN_POINT('',(0.234291943133258,0.,0.));
#9691=CARTESIAN_POINT('',(0.234291943133258,-0.27459783583938,3.09378009161843));
#9692=CARTESIAN_POINT('',(0.492374440762124,-0.0323508366712932,3.40484631420666));
#9693=CARTESIAN_POINT('',(0.404413773090323,-0.112322322243637,3.30215596915723));
#9694=CARTESIAN_POINT('',(0.318156478967992,-0.192978899190043,3.19858590718009));
#9695=CARTESIAN_POINT('',(0.234291943133258,-0.27459783583938,3.09378009161843));
#9696=CARTESIAN_POINT('',(0.234291943133258,0.,0.));
#9697=CARTESIAN_POINT('',(0.234291943133257,-0.27459783583938,3.09378009161843));
#9698=CARTESIAN_POINT('',(0.317037742819765,-0.391654176329497,3.179650429715));
#9699=CARTESIAN_POINT('',(0.403430249642131,-0.506944124625851,3.26422497559515));
#9700=CARTESIAN_POINT('',(0.492374440762123,-0.620998087948267,3.3478928260571));
#9701=CARTESIAN_POINT('',(0.234291943133258,0.,0.));
#9702=CARTESIAN_POINT('',(0.234291943133258,-0.822600701996744,2.99503043587484));
#9703=CARTESIAN_POINT('',(0.492374440762124,-0.639789730548132,3.34435256823875));
#9704=CARTESIAN_POINT('',(0.404413773090323,-0.700139972309124,3.22903303914499));
#9705=CARTESIAN_POINT('',(0.318156478967991,-0.761007216221034,3.11272560274805));
#9706=CARTESIAN_POINT('',(0.234291943133258,-0.822600701996744,2.99503043587484));
#9707=CARTESIAN_POINT('',(0.234291943133258,0.,0.));
#9708=CARTESIAN_POINT('',(0.234291943133257,-0.822600701996744,2.99503043587484));
#9709=CARTESIAN_POINT('',(0.317037742819765,-0.953108639863879,3.05861958563662));
#9710=CARTESIAN_POINT('',(0.403430249642131,-1.08164719955203,3.12124916860111));
#9711=CARTESIAN_POINT('',(0.492374440762123,-1.20880774033486,3.18320732075473));
#9712=CARTESIAN_POINT('',(0.234291943133258,0.,0.));
#9713=CARTESIAN_POINT('',(0.492374440762124,-1.22666525606441,3.1763685789852));
#9714=CARTESIAN_POINT('',(0.404413773090323,-1.26545454758751,3.05212633039739));
#9715=CARTESIAN_POINT('',(0.318156478967991,-1.30457613516386,2.92681973628453));
#9716=CARTESIAN_POINT('',(0.234291943133258,-1.34416450475382,2.80001803760299));
#9717=CARTESIAN_POINT('',(-0.0607586778145319,0.,0.));
#9718=CARTESIAN_POINT('',(1.30413661394384,0.,0.));
#9719=CARTESIAN_POINT('',(1.30413661394384,1.73505240008207,2.92978124933747));
#9720=CARTESIAN_POINT('',(-0.0607586778145319,1.73505240008207,2.92978124933747));
#9721=CARTESIAN_POINT('',(0.492374440762124,1.73505240008207,2.92978124933747));
#9722=CARTESIAN_POINT('',(0.492374440762124,0.,0.));
#9723=CARTESIAN_POINT('',(1.46400720760437,0.,0.));
#9724=CARTESIAN_POINT('',(1.46400720760437,0.,0.));
#9725=CARTESIAN_POINT('',(1.46400720760437,0.,3.13961947837076));
#9726=CARTESIAN_POINT('',(1.3678248317702,0.,0.));
#9727=CARTESIAN_POINT('',(1.3678248317702,0.,0.));
#9728=CARTESIAN_POINT('',(1.3678248317702,1.81768402676409,2.55992875834696));
#9729=CARTESIAN_POINT('',(1.30413661394384,1.79719018862471,2.6516575235929));
#9730=CARTESIAN_POINT('',(1.30413661394384,1.8063051994331,2.61085947097968));
#9731=CARTESIAN_POINT('',(1.32562959467483,1.81768402681043,2.55992875813951));
#9732=CARTESIAN_POINT('',(1.36782483173275,1.81768402681852,2.55992875810334));
#9733=CARTESIAN_POINT('',(1.30413661394384,1.79719018862471,2.6516575235929));
#9734=CARTESIAN_POINT('',(1.30413661394384,0.,0.));
#9735=CARTESIAN_POINT('',(1.3808635513039,1.82872593702009,2.51050605934584));
#9736=CARTESIAN_POINT('',(0.234291943133257,1.82872593702009,2.51050605934584));
#9737=CARTESIAN_POINT('',(0.317037742819765,1.79707156792546,2.65218846026768));
#9738=CARTESIAN_POINT('',(0.403430249642131,1.76589486650976,2.791732859216));
#9739=CARTESIAN_POINT('',(0.492374440762123,1.73505240008207,2.92978124933747));
#9740=CARTESIAN_POINT('',(1.30413661394384,1.83686464277231,2.47407786935654));
#9741=CARTESIAN_POINT('',(-0.0607586778145319,1.81768402676409,2.55992875834696));
#9742=CARTESIAN_POINT('',(1.3808635513039,1.81768402676409,2.55992875834696));
#9743=CARTESIAN_POINT('',(1.3808635513039,1.82872593702009,2.51050605934584));
#9744=CARTESIAN_POINT('',(1.3808635513039,1.82872593702009,2.51050605934584));
#9745=CARTESIAN_POINT('',(1.3808635513039,1.82872593702009,2.51050605934584));
#9746=CARTESIAN_POINT('',(1.3808635513039,-1.28284683826658E-32,1.12078952987558E-32));
#9747=CARTESIAN_POINT('',(1.3808635513039,2.24379783928249,2.59078939003128));
#9748=CARTESIAN_POINT('',(1.3808635513039,1.87371380125499,2.51920762541551));
#9749=CARTESIAN_POINT('',(1.3808635513039,0.,0.));
#9750=CARTESIAN_POINT('',(1.3808635513039,2.24379783928249,2.59078939003128));
#9751=CARTESIAN_POINT('',(-0.0607586778145319,1.87371380125499,2.51920762541551));
#9752=CARTESIAN_POINT('',(1.3678248317702,1.87371380125499,2.51920762541551));
#9753=CARTESIAN_POINT('',(1.3678248317702,1.87371380125499,2.51920762541551));
#9754=CARTESIAN_POINT('',(1.32804457431504,1.87371380125499,2.51920762541551));
#9755=CARTESIAN_POINT('',(1.30413661394384,1.91926070486871,2.52801732104797));
#9756=CARTESIAN_POINT('',(1.30413661394384,1.95771485612679,2.53545513441201));
#9757=CARTESIAN_POINT('',(1.3678248317702,0.,0.));
#9758=CARTESIAN_POINT('',(1.3678248317702,0.,0.));
#9759=CARTESIAN_POINT('',(1.3808635513039,2.59424561603933,1.7078550612985));
#9760=CARTESIAN_POINT('',(-0.0607586778145319,2.60127368678632,1.75800616477821));
#9761=CARTESIAN_POINT('',(1.3808635513039,2.60127368678632,1.75800616477821));
#9762=CARTESIAN_POINT('',(1.3808635513039,2.59424561603933,1.7078550612985));
#9763=CARTESIAN_POINT('',(1.3808635513039,2.59424561603933,1.7078550612985));
#9764=CARTESIAN_POINT('',(1.3808635513039,2.59424561603933,1.7078550612985));
#9765=CARTESIAN_POINT('',(1.3808635513039,-8.07228719782865E-33,1.50008232263666E-32));
#9766=CARTESIAN_POINT('',(1.3808635513039,3.01105994595642,1.63717329837876));
#9767=CARTESIAN_POINT('',(1.3808635513039,2.63942233453861,1.70019416800078));
#9768=CARTESIAN_POINT('',(1.3808635513039,0.,0.));
#9769=CARTESIAN_POINT('',(1.3808635513039,3.01105994595642,1.63717329837876));
#9770=CARTESIAN_POINT('',(-0.0607586778145319,2.63942233453861,1.70019416800078));
#9771=CARTESIAN_POINT('',(1.3678248317702,2.63942233453861,1.70019416800078));
#9772=CARTESIAN_POINT('',(1.3678248317702,2.63942233453861,1.70019416800078));
#9773=CARTESIAN_POINT('',(1.32804457431504,2.63942233453861,1.70019416800078));
#9774=CARTESIAN_POINT('',(1.30413661394384,2.68516043920451,1.69243807700689));
#9775=CARTESIAN_POINT('',(1.30413661394384,2.72377601689552,1.6858897966061));
#9776=CARTESIAN_POINT('',(1.3678248317702,0.,0.));
#9777=CARTESIAN_POINT('',(1.3678248317702,0.,0.));
#9778=CARTESIAN_POINT('',(1.3808635513039,3.02892048046048,0.687400865426611));
#9779=CARTESIAN_POINT('',(-0.0607586778145319,3.05312224052981,0.731884590183015));
#9780=CARTESIAN_POINT('',(1.3808635513039,3.0531222405298,0.731884590183015));
#9781=CARTESIAN_POINT('',(1.3808635513039,3.02892048046048,0.687400865426611));
#9782=CARTESIAN_POINT('',(1.3808635513039,3.02892048046048,0.687400865426611));
#9783=CARTESIAN_POINT('',(1.3808635513039,3.02892048046048,0.687400865426611));
#9784=CARTESIAN_POINT('',(1.3808635513039,-2.28664513818601E-33,1.68806922868981E-32));
#9785=CARTESIAN_POINT('',(1.3808635513039,3.39432079869951,0.474768072413656));
#9786=CARTESIAN_POINT('',(1.3808635513039,3.06852465462579,0.664354508465772));
#9787=CARTESIAN_POINT('',(1.3808635513039,0.,0.));
#9788=CARTESIAN_POINT('',(1.3808635513039,3.39432079869951,0.474768072413656));
#9789=CARTESIAN_POINT('',(-0.0607586778145319,3.06852465462579,0.664354508465773));
#9790=CARTESIAN_POINT('',(1.3678248317702,3.06852465462579,0.664354508465773));
#9791=CARTESIAN_POINT('',(1.3678248317702,3.06852465462579,0.664354508465773));
#9792=CARTESIAN_POINT('',(1.32804457431504,3.06852465462579,0.664354508465772));
#9793=CARTESIAN_POINT('',(1.30413661394384,3.10862096802243,0.641021767136646));
#9794=CARTESIAN_POINT('',(1.30413661394384,3.14247331753279,0.621322496864721));
#9795=CARTESIAN_POINT('',(1.3678248317702,0.,0.));
#9796=CARTESIAN_POINT('',(1.3678248317702,0.,0.));
#9797=CARTESIAN_POINT('',(1.3808635513039,3.07731633236461,-0.420717740657851));
#9798=CARTESIAN_POINT('',(-0.0607586778145319,3.11560532503313,-0.387574415551783));
#9799=CARTESIAN_POINT('',(1.3808635513039,3.11560532503313,-0.387574415551783));
#9800=CARTESIAN_POINT('',(1.3808635513039,3.07731633236461,-0.420717740657851));
#9801=CARTESIAN_POINT('',(1.3808635513039,3.07731633236461,-0.42071774065785));
#9802=CARTESIAN_POINT('',(1.3808635513039,3.07731633236461,-0.42071774065785));
#9803=CARTESIAN_POINT('',(1.3808635513039,3.79061336753152E-33,1.66077622926998E-32));
#9804=CARTESIAN_POINT('',(1.3808635513039,3.34470304180399,-0.748184448658606));
#9805=CARTESIAN_POINT('',(1.3808635513039,3.10629723161822,-0.45621045341602));
#9806=CARTESIAN_POINT('',(1.3808635513039,0.,0.));
#9807=CARTESIAN_POINT('',(1.3808635513039,3.34470304180399,-0.748184448658606));
#9808=CARTESIAN_POINT('',(-0.0607586778145319,3.10629723161822,-0.456210453416019));
#9809=CARTESIAN_POINT('',(1.3678248317702,3.10629723161822,-0.456210453416019));
#9810=CARTESIAN_POINT('',(1.3678248317702,3.10629723161822,-0.456210453416019));
#9811=CARTESIAN_POINT('',(1.32804457431504,3.10629723161822,-0.456210453416019));
#9812=CARTESIAN_POINT('',(1.30413661394384,3.13563826052441,-0.492144214542022));
#9813=CARTESIAN_POINT('',(1.30413661394384,3.16041018296276,-0.522482221650697));
#9814=CARTESIAN_POINT('',(1.3678248317702,0.,0.));
#9815=CARTESIAN_POINT('',(1.3678248317702,0.,0.));
#9816=CARTESIAN_POINT('',(1.3808635513039,2.73326123623738,-1.4751821044279));
#9817=CARTESIAN_POINT('',(-0.0607586778145319,2.78075445636393,-1.45760595579781));
#9818=CARTESIAN_POINT('',(1.3808635513039,2.78075445636393,-1.45760595579781));
#9819=CARTESIAN_POINT('',(1.3808635513039,2.73326123623738,-1.4751821044279));
#9820=CARTESIAN_POINT('',(1.3808635513039,2.73326123623738,-1.4751821044279));
#9821=CARTESIAN_POINT('',(1.3808635513039,2.73326123623738,-1.4751821044279));
#9822=CARTESIAN_POINT('',(1.3808635513039,9.38445396977827E-33,1.42168400765445E-32));
#9823=CARTESIAN_POINT('',(1.3808635513039,2.86853444064388,-1.87572081342276));
#9824=CARTESIAN_POINT('',(1.3808635513039,2.74792291899954,-1.51859477814266));
#9825=CARTESIAN_POINT('',(1.3808635513039,0.,0.));
#9826=CARTESIAN_POINT('',(1.3808635513039,2.86853444064388,-1.87572081342276));
#9827=CARTESIAN_POINT('',(-0.0607586778145319,2.74792291899954,-1.51859477814266));
#9828=CARTESIAN_POINT('',(1.3678248317702,2.74792291899954,-1.51859477814266));
#9829=CARTESIAN_POINT('',(1.3678248317702,2.74792291899954,-1.51859477814266));
#9830=CARTESIAN_POINT('',(1.32804457431504,2.74792291899954,-1.51859477814266));
#9831=CARTESIAN_POINT('',(1.30413661394384,2.76276679440773,-1.56254691721234));
#9832=CARTESIAN_POINT('',(1.30413661394384,2.77529912009651,-1.59965464726213));
#9833=CARTESIAN_POINT('',(1.3678248317702,0.,0.));
#9834=CARTESIAN_POINT('',(1.3678248317702,0.,0.));
#9835=CARTESIAN_POINT('',(1.3808635513039,2.04063262750201,-2.34151611276037));
#9836=CARTESIAN_POINT('',(-0.0607586778145319,2.09127325243639,-2.34174863138835));
#9837=CARTESIAN_POINT('',(1.3808635513039,2.09127325243639,-2.34174863138835));
#9838=CARTESIAN_POINT('',(1.3808635513039,2.04063262750201,-2.34151611276037));
#9839=CARTESIAN_POINT('',(1.3808635513039,2.04063262750201,-2.34151611276037));
#9840=CARTESIAN_POINT('',(1.3808635513039,2.04063262750201,-2.34151611276037));
#9841=CARTESIAN_POINT('',(1.3808635513039,1.37814927293083E-32,1.00128405672392E-32));
#9842=CARTESIAN_POINT('',(1.3808635513039,2.02654090011972,-2.76404601756364));
#9843=CARTESIAN_POINT('',(1.3808635513039,2.03910528557678,-2.38731231792112));
#9844=CARTESIAN_POINT('',(1.3808635513039,0.,0.));
#9845=CARTESIAN_POINT('',(1.3808635513039,2.02654090011972,-2.76404601756364));
#9846=CARTESIAN_POINT('',(-0.0607586778145319,2.03910528557678,-2.38731231792112));
#9847=CARTESIAN_POINT('',(1.3678248317702,2.03910528557678,-2.38731231792112));
#9848=CARTESIAN_POINT('',(1.3678248317702,2.03910528557678,-2.38731231792112));
#9849=CARTESIAN_POINT('',(1.32804457431504,2.03910528557678,-2.38731231792112));
#9850=CARTESIAN_POINT('',(1.30413661394384,2.03755896421575,-2.4336776072676));
#9851=CARTESIAN_POINT('',(1.30413661394384,2.0362534424175,-2.47282270184473));
#9852=CARTESIAN_POINT('',(1.3678248317702,0.,0.));
#9853=CARTESIAN_POINT('',(1.3678248317702,0.,0.));
#9854=CARTESIAN_POINT('',(1.3808635513039,1.08776161182776,-2.90923596543423));
#9855=CARTESIAN_POINT('',(-0.0607586778145319,1.13509142957031,-2.92724749815951));
#9856=CARTESIAN_POINT('',(1.3808635513039,1.13509142957031,-2.92724749815951));
#9857=CARTESIAN_POINT('',(1.3808635513039,1.08776161182776,-2.90923596543423));
#9858=CARTESIAN_POINT('',(1.3808635513039,1.08776161182776,-2.90923596543423));
#9859=CARTESIAN_POINT('',(1.3808635513039,1.08776161182776,-2.90923596543423));
#9860=CARTESIAN_POINT('',(1.3808635513039,1.64209741555147E-32,4.53190090986647E-33));
#9861=CARTESIAN_POINT('',(1.3808635513039,0.926102074295562,-3.29987171796919));
#9862=CARTESIAN_POINT('',(1.3808635513039,1.07024002752602,-2.95157530014841));
#9863=CARTESIAN_POINT('',(1.3808635513039,0.,0.));
#9864=CARTESIAN_POINT('',(1.3808635513039,0.926102074295562,-3.29987171796919));
#9865=CARTESIAN_POINT('',(-0.0607586778145319,1.07024002752602,-2.95157530014841));
#9866=CARTESIAN_POINT('',(1.3678248317702,1.07024002752602,-2.95157530014841));
#9867=CARTESIAN_POINT('',(1.3678248317702,1.07024002752602,-2.95157530014841));
#9868=CARTESIAN_POINT('',(1.32804457431504,1.07024002752602,-2.95157530014841));
#9869=CARTESIAN_POINT('',(1.30413661394384,1.05250071215901,-2.99444076242568));
#9870=CARTESIAN_POINT('',(1.30413661394384,1.03752383640642,-3.03063103749108));
#9871=CARTESIAN_POINT('',(1.3678248317702,0.,0.));
#9872=CARTESIAN_POINT('',(1.3678248317702,0.,0.));
#9873=CARTESIAN_POINT('',(1.3808635513039,-0.00383192362912976,-3.10594020275721));
#9874=CARTESIAN_POINT('',(-0.0607586778145319,0.0341511030196889,-3.13943373415137));
#9875=CARTESIAN_POINT('',(1.3808635513039,0.0341511030196892,-3.13943373415137));
#9876=CARTESIAN_POINT('',(1.3808635513039,-0.00383192362912976,-3.10594020275721));
#9877=CARTESIAN_POINT('',(1.3808635513039,-0.00383192362912971,-3.10594020275721));
#9878=CARTESIAN_POINT('',(1.3808635513039,-0.00383192362912971,-3.10594020275721));
#9879=CARTESIAN_POINT('',(1.3808635513039,1.69662844992252E-32,-1.5269932430373E-33));
#9880=CARTESIAN_POINT('',(1.3808635513039,-0.292442788665123,-3.41486392443758));
#9881=CARTESIAN_POINT('',(1.3808635513039,-0.0351132181281899,-3.13942312071466));
#9882=CARTESIAN_POINT('',(1.3808635513039,0.,0.));
#9883=CARTESIAN_POINT('',(1.3808635513039,-0.292442788665123,-3.41486392443758));
#9884=CARTESIAN_POINT('',(-0.0607586778145319,-0.0351132181281891,-3.13942312071466));
#9885=CARTESIAN_POINT('',(1.3678248317702,-0.0351132181281891,-3.13942312071466));
#9886=CARTESIAN_POINT('',(1.3678248317702,-0.0351132181281887,-3.13942312071466));
#9887=CARTESIAN_POINT('',(1.32804457431504,-0.035113218128189,-3.13942312071466));
#9888=CARTESIAN_POINT('',(1.30413661394384,-0.0667832280229003,-3.17332211242832));
#9889=CARTESIAN_POINT('',(1.30413661394384,-0.0935214528902738,-3.20194221283974));
#9890=CARTESIAN_POINT('',(1.3678248317702,0.,0.));
#9891=CARTESIAN_POINT('',(1.3678248317702,0.,0.));
#9892=CARTESIAN_POINT('',(1.3808635513039,-1.0949367728742,-2.90654308245208));
#9893=CARTESIAN_POINT('',(-0.0607586778145319,-1.07114452253463,-2.95124717379096));
#9894=CARTESIAN_POINT('',(1.3808635513039,-1.07114452253463,-2.95124717379096));
#9895=CARTESIAN_POINT('',(1.3808635513039,-1.0949367728742,-2.90654308245208));
#9896=CARTESIAN_POINT('',(1.3808635513039,-1.0949367728742,-2.90654308245208));
#9897=CARTESIAN_POINT('',(1.3808635513039,-1.0949367728742,-2.90654308245208));
#9898=CARTESIAN_POINT('',(1.3808635513039,1.53478801912234E-32,-7.39114955259203E-33));
#9899=CARTESIAN_POINT('',(1.3808635513039,-1.47369234712639,-3.09435765112706));
#9900=CARTESIAN_POINT('',(1.3808635513039,-1.13598846599,-2.92689949846297));
#9901=CARTESIAN_POINT('',(1.3808635513039,0.,0.));
#9902=CARTESIAN_POINT('',(1.3808635513039,-1.47369234712639,-3.09435765112706));
#9903=CARTESIAN_POINT('',(-0.0607586778145319,-1.13598846599,-2.92689949846297));
#9904=CARTESIAN_POINT('',(1.3678248317702,-1.13598846599,-2.92689949846297));
#9905=CARTESIAN_POINT('',(1.3678248317702,-1.13598846599,-2.92689949846297));
#9906=CARTESIAN_POINT('',(1.32804457431504,-1.13598846599,-2.92689949846297));
#9907=CARTESIAN_POINT('',(1.30413661394384,-1.17755028585686,-2.94750887242942));
#9908=CARTESIAN_POINT('',(1.30413661394384,-1.21263992710395,-2.96490886937677));
#9909=CARTESIAN_POINT('',(1.3678248317702,0.,0.));
#9910=CARTESIAN_POINT('',(1.3678248317702,0.,0.));
#9911=CARTESIAN_POINT('',(1.3808635513039,-2.04640405219201,-2.33647377085948));
#9912=CARTESIAN_POINT('',(-0.0607586778145319,-2.03983681000303,-2.38668729780877));
#9913=CARTESIAN_POINT('',(1.3808635513039,-2.03983681000303,-2.38668729780877));
#9914=CARTESIAN_POINT('',(1.3808635513039,-2.04640405219201,-2.33647377085948));
#9915=CARTESIAN_POINT('',(1.3808635513039,-2.04640405219201,-2.33647377085948));
#9916=CARTESIAN_POINT('',(1.3808635513039,-2.04640405219201,-2.33647377085948));
#9917=CARTESIAN_POINT('',(1.3808635513039,1.17721567516233E-32,-1.23127106474626E-32));
#9918=CARTESIAN_POINT('',(1.3808635513039,-2.46700153928418,-2.37922714599446));
#9919=CARTESIAN_POINT('',(1.3808635513039,-2.09199081088058,-2.34110762592332));
#9920=CARTESIAN_POINT('',(1.3808635513039,0.,0.));
#9921=CARTESIAN_POINT('',(1.3808635513039,-2.46700153928418,-2.37922714599446));
#9922=CARTESIAN_POINT('',(-0.0607586778145319,-2.09199081088058,-2.34110762592332));
#9923=CARTESIAN_POINT('',(1.3678248317702,-2.09199081088058,-2.34110762592332));
#9924=CARTESIAN_POINT('',(1.3678248317702,-2.09199081088058,-2.34110762592332));
#9925=CARTESIAN_POINT('',(1.32804457431504,-2.09199081088058,-2.34110762592332));
#9926=CARTESIAN_POINT('',(1.30413661394384,-2.13814405107907,-2.34579906334854));
#9927=CARTESIAN_POINT('',(1.30413661394384,-2.17711011767923,-2.34975993071941));
#9928=CARTESIAN_POINT('',(1.3678248317702,0.,0.));
#9929=CARTESIAN_POINT('',(1.3678248317702,0.,0.));
#9930=CARTESIAN_POINT('',(1.3808635513039,-2.73689289328704,-1.46843335477545));
#9931=CARTESIAN_POINT('',(-0.0607586778145319,-2.7483881813441,-1.51775257325204));
#9932=CARTESIAN_POINT('',(1.3808635513039,-2.7483881813441,-1.51775257325204));
#9933=CARTESIAN_POINT('',(1.3808635513039,-2.73689289328704,-1.46843335477545));
#9934=CARTESIAN_POINT('',(1.3808635513039,-2.73689289328704,-1.46843335477545));
#9935=CARTESIAN_POINT('',(1.3808635513039,-2.73689289328704,-1.46843335477545));
#9936=CARTESIAN_POINT('',(1.3808635513039,6.69512711579011E-33,-1.56640285679113E-32));
#9937=CARTESIAN_POINT('',(1.3808635513039,-3.14569338687311,-1.3606731873783));
#9938=CARTESIAN_POINT('',(1.3808635513039,-2.78120102641859,-1.45675369215707));
#9939=CARTESIAN_POINT('',(1.3808635513039,0.,0.));
#9940=CARTESIAN_POINT('',(1.3808635513039,-3.14569338687311,-1.3606731873783));
#9941=CARTESIAN_POINT('',(-0.0607586778145319,-2.78120102641859,-1.45675369215707));
#9942=CARTESIAN_POINT('',(1.3678248317702,-2.78120102641859,-1.45675369215707));
#9943=CARTESIAN_POINT('',(1.3678248317702,-2.78120102641859,-1.45675369215707));
#9944=CARTESIAN_POINT('',(1.32804457431504,-2.78120102641859,-1.45675369215707));
#9945=CARTESIAN_POINT('',(1.30413661394384,-2.82605975228541,-1.44492889281246));
#9946=CARTESIAN_POINT('',(1.30413661394384,-2.8639328916838,-1.43494550016628));
#9947=CARTESIAN_POINT('',(1.3678248317702,0.,0.));
#9948=CARTESIAN_POINT('',(1.3678248317702,0.,0.));
#9949=CARTESIAN_POINT('',(1.3808635513039,-3.07834507561081,-0.413123253043052));
#9950=CARTESIAN_POINT('',(-0.0607586778145319,-3.10643689685391,-0.455258470354729));
#9951=CARTESIAN_POINT('',(1.3808635513039,-3.10643689685391,-0.455258470354729));
#9952=CARTESIAN_POINT('',(1.3808635513039,-3.07834507561081,-0.413123253043052));
#9953=CARTESIAN_POINT('',(1.3808635513039,-3.07834507561081,-0.413123253043052));
#9954=CARTESIAN_POINT('',(1.3808635513039,-3.07834507561081,-0.413123253043052));
#9955=CARTESIAN_POINT('',(1.3808635513039,7.64266186713396E-34,-1.70177088724886E-32));
#9956=CARTESIAN_POINT('',(1.3808635513039,-3.42321414297867,-0.168592225141698));
#9957=CARTESIAN_POINT('',(1.3808635513039,-3.11572395550365,-0.386619583137949));
#9958=CARTESIAN_POINT('',(1.3808635513039,0.,0.));
#9959=CARTESIAN_POINT('',(1.3808635513039,-3.42321414297867,-0.168592225141698));
#9960=CARTESIAN_POINT('',(-0.0607586778145319,-3.11572395550365,-0.38661958313795));
#9961=CARTESIAN_POINT('',(1.3678248317702,-3.11572395550365,-0.38661958313795));
#9962=CARTESIAN_POINT('',(1.3678248317702,-3.11572395550365,-0.38661958313795));
#9963=CARTESIAN_POINT('',(1.32804457431504,-3.11572395550365,-0.38661958313795));
#9964=CARTESIAN_POINT('',(1.30413661394384,-3.15356732212313,-0.359786566743249));
#9965=CARTESIAN_POINT('',(1.30413661394384,-3.18551756305371,-0.337132098727081));
#9966=CARTESIAN_POINT('',(1.3678248317702,0.,0.));
#9967=CARTESIAN_POINT('',(1.3678248317702,0.,0.));
#9968=CARTESIAN_POINT('',(1.3808635513039,-3.02721511401087,0.694872564033386));
#9969=CARTESIAN_POINT('',(-0.0607586778145319,-3.06832091120896,0.665294863051631));
#9970=CARTESIAN_POINT('',(1.3808635513039,-3.06832091120896,0.665294863051631));
#9971=CARTESIAN_POINT('',(1.3808635513039,-3.02721511401087,0.694872564033386));
#9972=CARTESIAN_POINT('',(1.3808635513039,-3.02721511401087,0.694872564033386));
#9973=CARTESIAN_POINT('',(1.3808635513039,-3.02721511401087,0.694872564033386));
#9974=CARTESIAN_POINT('',(1.3808635513039,-5.26406180688623E-33,-1.62011163617268E-32));
#9975=CARTESIAN_POINT('',(1.3808635513039,-3.2641715137744,1.04498934718549));
#9976=CARTESIAN_POINT('',(1.3808635513039,-3.05289780244159,0.732820221345174));
#9977=CARTESIAN_POINT('',(1.3808635513039,0.,0.));
#9978=CARTESIAN_POINT('',(1.3808635513039,-3.2641715137744,1.04498934718549));
#9979=CARTESIAN_POINT('',(-0.0607586778145319,-3.05289780244159,0.732820221345173));
#9980=CARTESIAN_POINT('',(1.3678248317702,-3.05289780244159,0.732820221345173));
#9981=CARTESIAN_POINT('',(1.3678248317702,-3.05289780244159,0.732820221345173));
#9982=CARTESIAN_POINT('',(1.32804457431504,-3.05289780244159,0.732820221345173));
#9983=CARTESIAN_POINT('',(1.30413661394384,-3.07889963547789,0.771239433266904));
#9984=CARTESIAN_POINT('',(1.30413661394384,-3.1008523554486,0.803675846485772));
#9985=CARTESIAN_POINT('',(1.3678248317702,0.,0.));
#9986=CARTESIAN_POINT('',(1.3678248317702,0.,0.));
#9987=CARTESIAN_POINT('',(1.3808635513039,-2.59002362571844,1.71425110324085));
#9988=CARTESIAN_POINT('',(-0.0607586778145319,-2.63890116591994,1.70100297044758));
#9989=CARTESIAN_POINT('',(1.3808635513039,-2.63890116591994,1.70100297044758));
#9990=CARTESIAN_POINT('',(1.3808635513039,-2.59002362571844,1.71425110324085));
#9991=CARTESIAN_POINT('',(1.3808635513039,-2.59002362571844,1.71425110324085));
#9992=CARTESIAN_POINT('',(1.3808635513039,-2.59002362571844,1.71425110324085));
#9993=CARTESIAN_POINT('',(1.3808635513039,-1.06210626363328E-32,-1.33183912897926E-32));
#9994=CARTESIAN_POINT('',(1.3808635513039,-2.68884824691032,2.12530315770593));
#9995=CARTESIAN_POINT('',(1.3808635513039,-2.60073480278683,1.75880327340451));
#9996=CARTESIAN_POINT('',(1.3808635513039,0.,0.));
#9997=CARTESIAN_POINT('',(1.3808635513039,-2.68884824691032,2.12530315770593));
#9998=CARTESIAN_POINT('',(-0.0607586778145319,-2.60073480278683,1.75880327340451));
#9999=CARTESIAN_POINT('',(1.3678248317702,-2.60073480278683,1.75880327340451));
#10000=CARTESIAN_POINT('',(1.3678248317702,-2.60073480278683,1.75880327340451));
#10001=CARTESIAN_POINT('',(1.32804457431504,-2.60073480278683,1.75880327340451));
#10002=CARTESIAN_POINT('',(1.30413661394384,-2.61157908174562,1.80390906881706));
#10003=CARTESIAN_POINT('',(1.30413661394384,-2.62073464469898,1.84199080306886));
#10004=CARTESIAN_POINT('',(1.3678248317702,0.,0.));
#10005=CARTESIAN_POINT('',(1.3678248317702,0.,0.));
#10006=CARTESIAN_POINT('',(1.3808635513039,-1.82252575434587,2.51501075574007));
#10007=CARTESIAN_POINT('',(-0.0607586778145319,-1.87294167220324,2.51978172893797));
#10008=CARTESIAN_POINT('',(1.3808635513039,-1.87294167220324,2.51978172893797));
#10009=CARTESIAN_POINT('',(1.3808635513039,-1.82252575434587,2.51501075574007));
#10010=CARTESIAN_POINT('',(1.3808635513039,-1.82252575434587,2.51501075574007));
#10011=CARTESIAN_POINT('',(1.3808635513039,-1.82252575434587,2.51501075574007));
#10012=CARTESIAN_POINT('',(1.3808635513039,-1.4623556599881E-32,-8.73716833093004E-33));
#10013=CARTESIAN_POINT('',(1.3808635513039,-1.77061546745752,2.93457650666457));
#10014=CARTESIAN_POINT('',(1.3808635513039,-1.81689942086919,2.56048568896807));
#10015=CARTESIAN_POINT('',(1.3808635513039,0.,0.));
#10016=CARTESIAN_POINT('',(1.3808635513039,-1.77061546745752,2.93457650666457));
#10017=CARTESIAN_POINT('',(-0.0607586778145319,-1.81689942086919,2.56048568896807));
#10018=CARTESIAN_POINT('',(1.3678248317702,-1.81689942086919,2.56048568896807));
#10019=CARTESIAN_POINT('',(1.3678248317702,-1.81689942086919,2.56048568896807));
#10020=CARTESIAN_POINT('',(1.32804457431504,-1.81689942086919,2.56048568896807));
#10021=CARTESIAN_POINT('',(1.30413661394384,-1.81120317204922,2.60652571411267));
#10022=CARTESIAN_POINT('',(1.30413661394384,-1.80639396667306,2.64539619597574));
#10023=CARTESIAN_POINT('',(1.3678248317702,0.,0.));
#10024=CARTESIAN_POINT('',(1.3678248317702,0.,0.));
#10025=CARTESIAN_POINT('',(1.3678248317702,-1.39291832791066,2.81371444903986));
#10026=CARTESIAN_POINT('',(1.30413661394384,-1.48340565639702,2.83913505404112));
#10027=CARTESIAN_POINT('',(1.30413661394384,-1.44315975557717,2.82782877320848));
#10028=CARTESIAN_POINT('',(1.32562959467483,-1.39291832770603,2.81371444898237));
#10029=CARTESIAN_POINT('',(1.36782483173275,-1.39291832767034,2.81371444897234));
#10030=CARTESIAN_POINT('',(1.3808635513039,-1.34416450475382,2.80001803760299));
#10031=CARTESIAN_POINT('',(-0.0607586778145319,-1.39291832791066,2.81371444903986));
#10032=CARTESIAN_POINT('',(1.3808635513039,-1.39291832791066,2.81371444903985));
#10033=CARTESIAN_POINT('',(1.3808635513039,-1.34416450475382,2.80001803760299));
#10034=CARTESIAN_POINT('',(1.3808635513039,-1.34416450475382,2.80001803760299));
#10035=CARTESIAN_POINT('',(1.3808635513039,-1.34416450475382,2.80001803760299));
#10036=CARTESIAN_POINT('',(1.3808635513039,-1.59486316756735E-32,-5.98562158398212E-33));
#10037=CARTESIAN_POINT('',(1.3808635513039,-1.21817207988279,3.20357225466533));
#10038=CARTESIAN_POINT('',(1.3808635513039,-1.33050872590242,2.84375754931088));
#10039=CARTESIAN_POINT('',(1.3808635513039,0.,0.));
#10040=CARTESIAN_POINT('',(1.3808635513039,-1.21817207988279,3.20357225466533));
#10041=CARTESIAN_POINT('',(-0.0607586778145319,-1.33050872590242,2.84375754931088));
#10042=CARTESIAN_POINT('',(1.3678248317702,-1.33050872590242,2.84375754931088));
#10043=CARTESIAN_POINT('',(1.3678248317702,-1.33050872590242,2.84375754931088));
#10044=CARTESIAN_POINT('',(1.32804457431504,-1.33050872590242,2.84375754931088));
#10045=CARTESIAN_POINT('',(1.30413661394384,-1.31668325421817,2.88804058780918));
#10046=CARTESIAN_POINT('',(1.30413661394384,-1.30501074221011,2.92542768825892));
#10047=CARTESIAN_POINT('',(1.3678248317702,0.,0.));
#10048=CARTESIAN_POINT('',(1.3678248317702,0.,0.));
#10049=CARTESIAN_POINT('',(1.3678248317702,-0.868125442462017,3.01721207161764));
#10050=CARTESIAN_POINT('',(1.30413661394384,-0.952619578060063,3.05838129343161));
#10051=CARTESIAN_POINT('',(1.30413661394384,-0.915039259820798,3.04007052610461));
#10052=CARTESIAN_POINT('',(1.32562959467483,-0.868125442270933,3.01721207152454));
#10053=CARTESIAN_POINT('',(1.36782483173275,-0.868125442237614,3.0172120715083));
#10054=CARTESIAN_POINT('',(1.3808635513039,-0.822600701996744,2.99503043587484));
#10055=CARTESIAN_POINT('',(-0.0607586778145319,-0.868125442462017,3.01721207161764));
#10056=CARTESIAN_POINT('',(1.3808635513039,-0.868125442462018,3.01721207161764));
#10057=CARTESIAN_POINT('',(1.3808635513039,-0.822600701996744,2.99503043587484));
#10058=CARTESIAN_POINT('',(1.3808635513039,-0.822600701996744,2.99503043587484));
#10059=CARTESIAN_POINT('',(1.3808635513039,-0.822600701996744,2.99503043587484));
#10060=CARTESIAN_POINT('',(1.3808635513039,-1.67611046068321E-32,-3.04169203433916E-33));
#10061=CARTESIAN_POINT('',(1.3808635513039,-0.626575639345306,3.36960255449311));
#10062=CARTESIAN_POINT('',(1.3808635513039,-0.801354385738928,3.03562870216733));
#10063=CARTESIAN_POINT('',(1.3808635513039,0.,0.));
#10064=CARTESIAN_POINT('',(1.3808635513039,-0.626575639345306,3.36960255449311));
#10065=CARTESIAN_POINT('',(-0.0607586778145319,-0.801354385738929,3.03562870216733));
#10066=CARTESIAN_POINT('',(1.3678248317702,-0.801354385738929,3.03562870216733));
#10067=CARTESIAN_POINT('',(1.3678248317702,-0.801354385738929,3.03562870216733));
#10068=CARTESIAN_POINT('',(1.32804457431504,-0.801354385738929,3.03562870216733));
#10069=CARTESIAN_POINT('',(1.30413661394384,-0.779844053225951,3.07673146072579));
#10070=CARTESIAN_POINT('',(1.30413661394384,-0.761683398726123,3.11143352759155));
#10071=CARTESIAN_POINT('',(1.3678248317702,0.,0.));
#10072=CARTESIAN_POINT('',(1.3678248317702,0.,0.));
#10073=CARTESIAN_POINT('',(1.3678248317702,-0.315430290996648,3.12373401564328));
#10074=CARTESIAN_POINT('',(1.30413661394384,-0.39121552266625,3.1793286416067));
#10075=CARTESIAN_POINT('',(1.30413661394384,-0.357508649356974,3.15460191091337));
#10076=CARTESIAN_POINT('',(1.32562959467483,-0.315430290825259,3.12373401551755));
#10077=CARTESIAN_POINT('',(1.36782483173275,-0.315430290795374,3.12373401549563));
#10078=CARTESIAN_POINT('',(1.3808635513039,-0.27459783583938,3.09378009161843));
#10079=CARTESIAN_POINT('',(-0.0607586778145319,-0.315430290996648,3.12373401564328));
#10080=CARTESIAN_POINT('',(1.3808635513039,-0.315430290996648,3.12373401564328));
#10081=CARTESIAN_POINT('',(1.3808635513039,-0.27459783583938,3.09378009161843));
#10082=CARTESIAN_POINT('',(1.3808635513039,-0.27459783583938,3.09378009161843));
#10083=CARTESIAN_POINT('',(1.3808635513039,-0.27459783583938,3.09378009161843));
#10084=CARTESIAN_POINT('',(1.3808635513039,-1.70348618448442E-32,2.35622339714208E-48));
#10085=CARTESIAN_POINT('',(1.3808635513039,-0.0148405422111063,3.42733105570126));
#10086=CARTESIAN_POINT('',(1.3808635513039,-0.246443856261197,3.1299322508125));
#10087=CARTESIAN_POINT('',(1.3808635513039,0.,0.));
#10088=CARTESIAN_POINT('',(1.3808635513039,-0.0148405422111063,3.42733105570126));
#10089=CARTESIAN_POINT('',(-0.0607586778145319,-0.246443856261198,3.1299322508125));
#10090=CARTESIAN_POINT('',(1.3678248317702,-0.246443856261198,3.1299322508125));
#10091=CARTESIAN_POINT('',(1.3678248317702,-0.246443856261198,3.1299322508125));
#10092=CARTESIAN_POINT('',(1.32804457431504,-0.246443856261198,3.1299322508125));
#10093=CARTESIAN_POINT('',(1.30413661394384,-0.217940022705227,3.16653365295159));
#10094=CARTESIAN_POINT('',(1.30413661394384,-0.193874924091885,3.19743533325134));
#10095=CARTESIAN_POINT('',(1.3678248317702,0.,0.));
#10096=CARTESIAN_POINT('',(1.3678248317702,0.,0.));
#10097=CARTESIAN_POINT('',(1.3678248317702,0.247403049558262,3.12985657818923));
#10098=CARTESIAN_POINT('',(1.30413661394384,0.18276252151926,3.19808975128024));
#10099=CARTESIAN_POINT('',(1.30413661394384,0.211512583256278,3.16774179469028));
#10100=CARTESIAN_POINT('',(1.32562959467483,0.247403049704447,3.12985657803492));
#10101=CARTESIAN_POINT('',(1.36782483173275,0.247403049729937,3.12985657800801));
#10102=CARTESIAN_POINT('',(1.3808635513039,0.282230830701713,3.09309310964666));
#10103=CARTESIAN_POINT('',(-0.0607586778145319,0.247403049558262,3.12985657818923));
#10104=CARTESIAN_POINT('',(1.3808635513039,0.247403049558261,3.12985657818923));
#10105=CARTESIAN_POINT('',(1.3808635513039,0.282230830701713,3.09309310964666));
#10106=CARTESIAN_POINT('',(1.3808635513039,0.282230830701713,3.09309310964666));
#10107=CARTESIAN_POINT('',(1.3808635513039,0.282230830701713,3.09309310964666));
#10108=CARTESIAN_POINT('',(1.3808635513039,-1.67611046068321E-32,3.04169203433916E-33));
#10109=CARTESIAN_POINT('',(1.3808635513039,0.597371542160596,3.37490231676179));
#10110=CARTESIAN_POINT('',(1.3808635513039,0.316387581531448,3.12363720159973));
#10111=CARTESIAN_POINT('',(1.3808635513039,0.,0.));
#10112=CARTESIAN_POINT('',(1.3808635513039,0.597371542160596,3.37490231676179));
#10113=CARTESIAN_POINT('',(-0.0607586778145319,0.316387581531447,3.12363720159973));
#10114=CARTESIAN_POINT('',(1.3678248317702,0.316387581531447,3.12363720159973));
#10115=CARTESIAN_POINT('',(1.3678248317702,0.316387581531447,3.12363720159973));
#10116=CARTESIAN_POINT('',(1.32804457431504,0.316387581531447,3.12363720159973));
#10117=CARTESIAN_POINT('',(1.30413661394384,0.35096877946689,3.15456084813897));
#10118=CARTESIAN_POINT('',(1.30413661394384,0.380164850123485,3.18066893644188));
#10119=CARTESIAN_POINT('',(1.3678248317702,0.,0.));
#10120=CARTESIAN_POINT('',(1.3678248317702,0.,0.));
#10121=CARTESIAN_POINT('',(1.3678248317702,0.802284652536461,3.0353829750576));
#10122=CARTESIAN_POINT('',(1.30413661394384,0.750866427885636,3.11406162495061));
#10123=CARTESIAN_POINT('',(1.30413661394384,0.773735627410541,3.07906785075922));
#10124=CARTESIAN_POINT('',(1.32562959467483,0.802284652652743,3.03538297487967));
#10125=CARTESIAN_POINT('',(1.36782483173275,0.802284652673019,3.03538297484864));
#10126=CARTESIAN_POINT('',(1.3808635513039,0.829988366123752,2.99299157012535));
#10127=CARTESIAN_POINT('',(-0.0607586778145319,0.802284652536461,3.0353829750576));
#10128=CARTESIAN_POINT('',(1.3808635513039,0.802284652536461,3.0353829750576));
#10129=CARTESIAN_POINT('',(1.3808635513039,0.829988366123752,2.99299157012535));
#10130=CARTESIAN_POINT('',(1.3808635513039,0.829988366123751,2.99299157012535));
#10131=CARTESIAN_POINT('',(1.3808635513039,0.829988366123751,2.99299157012535));
#10132=CARTESIAN_POINT('',(1.3808635513039,-1.59486316756735E-32,5.98562158398212E-33));
#10133=CARTESIAN_POINT('',(1.3808635513039,1.19038361364832,3.21400144048272));
#10134=CARTESIAN_POINT('',(1.3808635513039,0.869050062129103,3.01694588259029));
#10135=CARTESIAN_POINT('',(1.3808635513039,0.,0.));
#10136=CARTESIAN_POINT('',(1.3808635513039,1.19038361364832,3.21400144048272));
#10137=CARTESIAN_POINT('',(0.492374440762124,1.16608929329234,3.19910311807372));
#10138=CARTESIAN_POINT('',(0.404413773090323,1.05513439791605,3.13106080283493));
#10139=CARTESIAN_POINT('',(0.318156478967991,0.943228985725078,3.06243558979315));
#10140=CARTESIAN_POINT('',(0.234291943133258,0.829988366123752,2.99299157012535));
#10141=CARTESIAN_POINT('',(0.492374440762124,1.16608929329234,3.19910311807372));
#10142=CARTESIAN_POINT('',(-0.0607586778145319,0.869050062129102,3.01694588259029));
#10143=CARTESIAN_POINT('',(1.3678248317702,0.869050062129102,3.01694588259029));
#10144=CARTESIAN_POINT('',(1.3678248317702,0.869050062129102,3.01694588259029));
#10145=CARTESIAN_POINT('',(1.32804457431504,0.869050062129102,3.01694588259029));
#10146=CARTESIAN_POINT('',(1.30413661394384,0.908597156288868,3.04119786208584));
#10147=CARTESIAN_POINT('',(1.30413661394384,0.941985813255205,3.06167322295206));
#10148=CARTESIAN_POINT('',(1.30413661394383,0.941985813255204,3.06167322295206));
#10149=CARTESIAN_POINT('',(1.30413661394384,1.18313738835207,3.20955774339098));
#10150=CARTESIAN_POINT('',(1.30413661394384,1.16608929329234,3.19910311807372));
#10151=CARTESIAN_POINT('',(-0.0607586778145319,1.16608929329234,3.19910311807372));
#10152=CARTESIAN_POINT('',(1.3678248317702,0.,0.));
#10153=CARTESIAN_POINT('',(1.30413661394384,0.,0.));
#10154=CARTESIAN_POINT('',(1.3678248317702,0.,0.));
#10155=CARTESIAN_POINT('',(-0.0607586778145319,0.,0.));
#10156=CARTESIAN_POINT('',(-0.0607586778145319,0.,0.));
#10157=CARTESIAN_POINT('',(0.492374440762124,0.,0.));
#10158=CARTESIAN_POINT('',(1.30413661394384,0.,0.));
#10159=CARTESIAN_POINT('',(1.30413661394384,0.,3.405));
#10160=CARTESIAN_POINT('',(1.30413661394384,0.,3.405));
#10161=CARTESIAN_POINT('',(-0.0607586778145319,0.,0.));
#10162=CARTESIAN_POINT('',(0.234291943133258,0.,0.));
#10163=CARTESIAN_POINT('',(0.234291943133258,0.,0.));
#10164=CARTESIAN_POINT('',(0.234291943133258,0.,0.));
#10165=CARTESIAN_POINT('',(0.234291943133258,0.,0.));
#10166=MECHANICAL_DESIGN_GEOMETRIC_PRESENTATION_REPRESENTATION('',(#4649),
#10167);
#10167=(
GEOMETRIC_REPRESENTATION_CONTEXT(3)
GLOBAL_UNCERTAINTY_ASSIGNED_CONTEXT((#10168))
GLOBAL_UNIT_ASSIGNED_CONTEXT((#10171,#10170,#10169))
REPRESENTATION_CONTEXT('KF2-M4-ET','TOP_LEVEL_ASSEMBLY_PART')
);
#10168=UNCERTAINTY_MEASURE_WITH_UNIT(LENGTH_MEASURE(0.005),#10171,
'DISTANCE_ACCURACY_VALUE','Maximum Tolerance applied to model');
#10169=(
NAMED_UNIT(*)
SI_UNIT($,.STERADIAN.)
SOLID_ANGLE_UNIT()
);
#10170=(
NAMED_UNIT(*)
PLANE_ANGLE_UNIT()
SI_UNIT($,.RADIAN.)
);
#10171=(
LENGTH_UNIT()
NAMED_UNIT(*)
SI_UNIT(.MILLI.,.METRE.)
);
#10172=PRODUCT_DEFINITION_SHAPE('','',#10173);
#10173=PRODUCT_DEFINITION('','',#10175,#10174);
#10174=PRODUCT_DEFINITION_CONTEXT('',#10181,'design');
#10175=PRODUCT_DEFINITION_FORMATION_WITH_SPECIFIED_SOURCE('','',#10177,
 .NOT_KNOWN.);
#10176=PRODUCT_RELATED_PRODUCT_CATEGORY('','',(#10177));
#10177=PRODUCT('KF2-M4-ET','KF2-M4-ET','KF2-M4-ET',(#10179));
#10178=PRODUCT_CATEGORY('','');
#10179=PRODUCT_CONTEXT('',#10181,'mechanical');
#10180=APPLICATION_PROTOCOL_DEFINITION('international standard',
'automotive_design',2010,#10181);
#10181=APPLICATION_CONTEXT(
'core data for automotive mechanical design processes');
ENDSEC;
END-ISO-10303-21;
