ISO-10303-21;
HEADER;
FILE_DESCRIPTION(('KiCad electronic assembly'),'2;1');
FILE_NAME('_____ _______.step','2024-12-01T19:09:07',('Pcbnew'),('Kicad'
    ),'Open CASCADE STEP processor 7.8','KiCad to STEP converter',
  'Unknown');
FILE_SCHEMA(('AUTOMOTIVE_DESIGN { 1 0 10303 214 1 1 1 1 }'));
ENDSEC;
DATA;
#1 = APPLICATION_PROTOCOL_DEFINITION('international standard',
  'automotive_design',2000,#2);
#2 = APPLICATION_CONTEXT(
  'core data for automotive mechanical design processes');
#3 = SHAPE_DEFINITION_REPRESENTATION(#4,#10);
#4 = PRODUCT_DEFINITION_SHAPE('','',#5);
#5 = PRODUCT_DEFINITION('design','',#6,#9);
#6 = PRODUCT_DEFINITION_FORMATION('','',#7);
#7 = PRODUCT('_____ _______ 1','_____ _______ 1','',(#8));
#8 = PRODUCT_CONTEXT('',#2,'mechanical');
#9 = PRODUCT_DEFINITION_CONTEXT('part definition',#2,'design');
#10 = SHAPE_REPRESENTATION('',(#11,#15,#19,#23,#27,#31,#35,#39,#43,#47,
    #51,#55,#59,#63,#67,#71),#75);
#11 = AXIS2_PLACEMENT_3D('',#12,#13,#14);
#12 = CARTESIAN_POINT('',(0.,0.,0.));
#13 = DIRECTION('',(0.,0.,1.));
#14 = DIRECTION('',(1.,0.,-0.));
#15 = AXIS2_PLACEMENT_3D('',#16,#17,#18);
#16 = CARTESIAN_POINT('',(131.60724,-51.91325,-3.55));
#17 = DIRECTION('',(-1.224646799147E-16,1.224646799147E-16,1.));
#18 = DIRECTION('',(-1.110223024625E-16,-1.,1.224646799147E-16));
#19 = AXIS2_PLACEMENT_3D('',#20,#21,#22);
#20 = CARTESIAN_POINT('',(171.63224,-74.71325,-3.55));
#21 = DIRECTION('',(-1.224646799147E-16,-1.224646799147E-16,1.));
#22 = DIRECTION('',(1.,-1.224646799147E-16,1.224646799147E-16));
#23 = AXIS2_PLACEMENT_3D('',#24,#25,#26);
#24 = CARTESIAN_POINT('',(160.18224,-51.91325,-3.55));
#25 = DIRECTION('',(-1.224646799147E-16,1.224646799147E-16,1.));
#26 = DIRECTION('',(-1.110223024625E-16,-1.,1.224646799147E-16));
#27 = AXIS2_PLACEMENT_3D('',#28,#29,#30);
#28 = CARTESIAN_POINT('',(165.87724,-90.60825,-5.E-02));
#29 = DIRECTION('',(1.224646799147E-16,-1.359631073447E-32,-1.));
#30 = DIRECTION('',(1.110223024625E-16,1.,0.));
#31 = AXIS2_PLACEMENT_3D('',#32,#33,#34);
#32 = CARTESIAN_POINT('',(127.10224,-76.65825,-3.55));
#33 = DIRECTION('',(1.224646799147E-16,1.224646799147E-16,1.));
#34 = DIRECTION('',(-1.,1.499759782662E-32,1.224646799147E-16));
#35 = AXIS2_PLACEMENT_3D('',#36,#37,#38);
#36 = CARTESIAN_POINT('',(171.63224,-83.60325,-3.55));
#37 = DIRECTION('',(-1.224646799147E-16,-1.224646799147E-16,1.));
#38 = DIRECTION('',(1.,-1.224646799147E-16,1.224646799147E-16));
#39 = AXIS2_PLACEMENT_3D('',#40,#41,#42);
#40 = CARTESIAN_POINT('',(149.352,-55.372,2.95));
#41 = DIRECTION('',(-1.,1.224646799147E-16,-1.110223024625E-16));
#42 = DIRECTION('',(-1.110223024625E-16,-1.224646799147E-16,1.));
#43 = AXIS2_PLACEMENT_3D('',#44,#45,#46);
#44 = CARTESIAN_POINT('',(134.874,-67.31,2.95));
#45 = DIRECTION('',(-1.,1.224646799147E-16,-1.110223024625E-16));
#46 = DIRECTION('',(-1.110223024625E-16,-1.224646799147E-16,1.));
#47 = AXIS2_PLACEMENT_3D('',#48,#49,#50);
#48 = CARTESIAN_POINT('',(136.05224,-51.91325,-3.55));
#49 = DIRECTION('',(-1.224646799147E-16,1.224646799147E-16,1.));
#50 = DIRECTION('',(-1.110223024625E-16,-1.,1.224646799147E-16));
#51 = AXIS2_PLACEMENT_3D('',#52,#53,#54);
#52 = CARTESIAN_POINT('',(171.63224,-79.15825,-3.55));
#53 = DIRECTION('',(-1.224646799147E-16,-1.224646799147E-16,1.));
#54 = DIRECTION('',(1.,-1.224646799147E-16,1.224646799147E-16));
#55 = AXIS2_PLACEMENT_3D('',#56,#57,#58);
#56 = CARTESIAN_POINT('',(164.084,-67.31,2.95));
#57 = DIRECTION('',(1.110223024625E-16,1.,-1.110223024625E-16));
#58 = DIRECTION('',(-1.224646799147E-16,1.110223024625E-16,1.));
#59 = AXIS2_PLACEMENT_3D('',#60,#61,#62);
#60 = CARTESIAN_POINT('',(127.10224,-81.10325,-3.55));
#61 = DIRECTION('',(1.224646799147E-16,1.224646799147E-16,1.));
#62 = DIRECTION('',(-1.,1.499759782662E-32,1.224646799147E-16));
#63 = AXIS2_PLACEMENT_3D('',#64,#65,#66);
#64 = CARTESIAN_POINT('',(164.62724,-51.91325,-3.55));
#65 = DIRECTION('',(-1.224646799147E-16,1.224646799147E-16,1.));
#66 = DIRECTION('',(-1.110223024625E-16,-1.,1.224646799147E-16));
#67 = AXIS2_PLACEMENT_3D('',#68,#69,#70);
#68 = CARTESIAN_POINT('',(127.10224,-72.21325,-3.55));
#69 = DIRECTION('',(1.224646799147E-16,1.224646799147E-16,1.));
#70 = DIRECTION('',(-1.,1.499759782662E-32,1.224646799147E-16));
#71 = AXIS2_PLACEMENT_3D('',#72,#73,#74);
#72 = CARTESIAN_POINT('',(0.,0.,0.));
#73 = DIRECTION('',(0.,0.,1.));
#74 = DIRECTION('',(1.,0.,-0.));
#75 = ( GEOMETRIC_REPRESENTATION_CONTEXT(3) 
GLOBAL_UNCERTAINTY_ASSIGNED_CONTEXT((#79)) GLOBAL_UNIT_ASSIGNED_CONTEXT(
(#76,#77,#78)) REPRESENTATION_CONTEXT('Context #1',
  '3D Context with UNIT and UNCERTAINTY') );
#76 = ( LENGTH_UNIT() NAMED_UNIT(*) SI_UNIT(.MILLI.,.METRE.) );
#77 = ( NAMED_UNIT(*) PLANE_ANGLE_UNIT() SI_UNIT($,.RADIAN.) );
#78 = ( NAMED_UNIT(*) SI_UNIT($,.STERADIAN.) SOLID_ANGLE_UNIT() );
#79 = UNCERTAINTY_MEASURE_WITH_UNIT(LENGTH_MEASURE(2.E-05),#76,
  'distance_accuracy_value','confusion accuracy');
#80 = PRODUCT_RELATED_PRODUCT_CATEGORY('part',$,(#7));
#81 = SHAPE_DEFINITION_REPRESENTATION(#82,#88);
#82 = PRODUCT_DEFINITION_SHAPE('','',#83);
#83 = PRODUCT_DEFINITION('design','',#84,#87);
#84 = PRODUCT_DEFINITION_FORMATION('','',#85);
#85 = PRODUCT('doc_2023-12-07_01-29-29.187 x .030 Quick-Fit terminal',
  'doc_2023-12-07_01-29-29.187 x .030 Quick-Fit terminal','',(#86));
#86 = PRODUCT_CONTEXT('',#2,'mechanical');
#87 = PRODUCT_DEFINITION_CONTEXT('part definition',#2,'design');
#88 = SHAPE_REPRESENTATION('',(#11,#89),#93);
#89 = AXIS2_PLACEMENT_3D('',#90,#91,#92);
#90 = CARTESIAN_POINT('',(0.,0.,0.));
#91 = DIRECTION('',(0.,0.,1.));
#92 = DIRECTION('',(1.,0.,-0.));
#93 = ( GEOMETRIC_REPRESENTATION_CONTEXT(3) 
GLOBAL_UNCERTAINTY_ASSIGNED_CONTEXT((#97)) GLOBAL_UNIT_ASSIGNED_CONTEXT(
(#94,#95,#96)) REPRESENTATION_CONTEXT('Context #1',
  '3D Context with UNIT and UNCERTAINTY') );
#94 = ( LENGTH_UNIT() NAMED_UNIT(*) SI_UNIT(.MILLI.,.METRE.) );
#95 = ( NAMED_UNIT(*) PLANE_ANGLE_UNIT() SI_UNIT($,.RADIAN.) );
#96 = ( NAMED_UNIT(*) SI_UNIT($,.STERADIAN.) SOLID_ANGLE_UNIT() );
#97 = UNCERTAINTY_MEASURE_WITH_UNIT(LENGTH_MEASURE(2.E-05),#94,
  'distance_accuracy_value','confusion accuracy');
#98 = CONTEXT_DEPENDENT_SHAPE_REPRESENTATION(#99,#101);
#99 = ( REPRESENTATION_RELATIONSHIP('','',#88,#10) 
REPRESENTATION_RELATIONSHIP_WITH_TRANSFORMATION(#100) 
SHAPE_REPRESENTATION_RELATIONSHIP() );
#100 = ITEM_DEFINED_TRANSFORMATION('','',#11,#15);
#101 = PRODUCT_DEFINITION_SHAPE('Placement','Placement of an item',#102
  );
#102 = NEXT_ASSEMBLY_USAGE_OCCURRENCE('2','J13','',#5,#83,$);
#103 = PRODUCT_RELATED_PRODUCT_CATEGORY('part',$,(#85));
#104 = SHAPE_DEFINITION_REPRESENTATION(#105,#111);
#105 = PRODUCT_DEFINITION_SHAPE('','',#106);
#106 = PRODUCT_DEFINITION('design','',#107,#110);
#107 = PRODUCT_DEFINITION_FORMATION('','',#108);
#108 = PRODUCT('.187 x .030 Quick-Fit terminal',
  '.187 x .030 Quick-Fit terminal','',(#109));
#109 = PRODUCT_CONTEXT('',#2,'mechanical');
#110 = PRODUCT_DEFINITION_CONTEXT('part definition',#2,'design');
#111 = ADVANCED_BREP_SHAPE_REPRESENTATION('',(#11,#112),#2222);
#112 = MANIFOLD_SOLID_BREP('',#113);
#113 = CLOSED_SHELL('',(#114,#156,#198,#332,#374,#414,#454,#477,#510,
    #598,#638,#678,#719,#801,#832,#873,#913,#944,#985,#1016,#1047,#1087,
    #1119,#1137,#1154,#1166,#1256,#1273,#1290,#1307,#1333,#1376,#1401,
    #1421,#1453,#1496,#1521,#1535,#1562,#1589,#1609,#1621,#1643,#1661,
    #1678,#1691,#1713,#1731,#1748,#1761,#1819,#1859,#1890,#1948,#1965,
    #1983,#2000,#2026,#2045,#2072,#2097,#2115,#2133,#2146,#2171,#2191,
    #2209));
#114 = ADVANCED_FACE('',(#115),#151,.T.);
#115 = FACE_BOUND('',#116,.T.);
#116 = EDGE_LOOP('',(#117,#128,#136,#145));
#117 = ORIENTED_EDGE('',*,*,#118,.F.);
#118 = EDGE_CURVE('',#119,#121,#123,.T.);
#119 = VERTEX_POINT('',#120);
#120 = CARTESIAN_POINT('',(-2.296226440302,1.815,7.09));
#121 = VERTEX_POINT('',#122);
#122 = CARTESIAN_POINT('',(-2.296350415848,1.815,7.08390268142));
#123 = CIRCLE('',#124,0.15);
#124 = AXIS2_PLACEMENT_3D('',#125,#126,#127);
#125 = CARTESIAN_POINT('',(-2.446226440302,1.815,7.09));
#126 = DIRECTION('',(4.336808689942E-16,1.,-1.764318495908E-17));
#127 = DIRECTION('',(1.,-4.336808689942E-16,7.65151178488E-33));
#128 = ORIENTED_EDGE('',*,*,#129,.T.);
#129 = EDGE_CURVE('',#119,#130,#132,.T.);
#130 = VERTEX_POINT('',#131);
#131 = CARTESIAN_POINT('',(-2.296226440302,0.545,7.09));
#132 = LINE('',#133,#134);
#133 = CARTESIAN_POINT('',(-2.296226440302,1.565,7.09));
#134 = VECTOR('',#135,1.);
#135 = DIRECTION('',(-7.503129221353E-17,-1.,0.));
#136 = ORIENTED_EDGE('',*,*,#137,.F.);
#137 = EDGE_CURVE('',#138,#130,#140,.T.);
#138 = VERTEX_POINT('',#139);
#139 = CARTESIAN_POINT('',(-2.296350415848,0.545,7.08390268142));
#140 = CIRCLE('',#141,0.15);
#141 = AXIS2_PLACEMENT_3D('',#142,#143,#144);
#142 = CARTESIAN_POINT('',(-2.446226440302,0.545,7.09));
#143 = DIRECTION('',(-1.02148910197E-16,-1.,-1.4228374967E-17));
#144 = DIRECTION('',(-1.,1.02148910197E-16,1.453412996753E-33));
#145 = ORIENTED_EDGE('',*,*,#146,.F.);
#146 = EDGE_CURVE('',#121,#138,#147,.T.);
#147 = LINE('',#148,#149);
#148 = CARTESIAN_POINT('',(-2.296350415848,1.565,7.08390268142));
#149 = VECTOR('',#150,1.);
#150 = DIRECTION('',(-7.503129221353E-17,-1.,0.));
#151 = CYLINDRICAL_SURFACE('',#152,0.15);
#152 = AXIS2_PLACEMENT_3D('',#153,#154,#155);
#153 = CARTESIAN_POINT('',(-2.446226440302,1.565,7.09));
#154 = DIRECTION('',(-7.503129221353E-17,-1.,0.));
#155 = DIRECTION('',(1.,-7.503129221353E-17,0.));
#156 = ADVANCED_FACE('',(#157),#193,.T.);
#157 = FACE_BOUND('',#158,.T.);
#158 = EDGE_LOOP('',(#159,#170,#178,#187));
#159 = ORIENTED_EDGE('',*,*,#160,.F.);
#160 = EDGE_CURVE('',#161,#163,#165,.T.);
#161 = VERTEX_POINT('',#162);
#162 = CARTESIAN_POINT('',(-0.95,0.445,0.28));
#163 = VERTEX_POINT('',#164);
#164 = CARTESIAN_POINT('',(0.95,0.445,0.28));
#165 = CIRCLE('',#166,0.95);
#166 = AXIS2_PLACEMENT_3D('',#167,#168,#169);
#167 = CARTESIAN_POINT('',(1.125469383203E-17,0.445,0.28));
#168 = DIRECTION('',(7.503129221353E-17,1.,0.));
#169 = DIRECTION('',(1.,-7.503129221353E-17,0.));
#170 = ORIENTED_EDGE('',*,*,#171,.T.);
#171 = EDGE_CURVE('',#161,#172,#174,.T.);
#172 = VERTEX_POINT('',#173);
#173 = CARTESIAN_POINT('',(-0.95,0.295,0.28));
#174 = LINE('',#175,#176);
#175 = CARTESIAN_POINT('',(-0.95,0.445,0.28));
#176 = VECTOR('',#177,1.);
#177 = DIRECTION('',(-7.503129221353E-17,-1.,-0.));
#178 = ORIENTED_EDGE('',*,*,#179,.T.);
#179 = EDGE_CURVE('',#172,#180,#182,.T.);
#180 = VERTEX_POINT('',#181);
#181 = CARTESIAN_POINT('',(0.95,0.295,0.28));
#182 = CIRCLE('',#183,0.95);
#183 = AXIS2_PLACEMENT_3D('',#184,#185,#186);
#184 = CARTESIAN_POINT('',(3.009265538105E-33,0.295,0.28));
#185 = DIRECTION('',(7.503129221353E-17,1.,0.));
#186 = DIRECTION('',(1.,-7.503129221353E-17,0.));
#187 = ORIENTED_EDGE('',*,*,#188,.F.);
#188 = EDGE_CURVE('',#163,#180,#189,.T.);
#189 = LINE('',#190,#191);
#190 = CARTESIAN_POINT('',(0.95,0.445,0.28));
#191 = VECTOR('',#192,1.);
#192 = DIRECTION('',(-7.503129221353E-17,-1.,-0.));
#193 = CYLINDRICAL_SURFACE('',#194,0.95);
#194 = AXIS2_PLACEMENT_3D('',#195,#196,#197);
#195 = CARTESIAN_POINT('',(1.125469383203E-17,0.445,0.28));
#196 = DIRECTION('',(-7.503129221353E-17,-1.,-0.));
#197 = DIRECTION('',(1.,-7.503129221353E-17,0.));
#198 = ADVANCED_FACE('',(#199,#235),#327,.F.);
#199 = FACE_BOUND('',#200,.F.);
#200 = EDGE_LOOP('',(#201,#211,#220,#228));
#201 = ORIENTED_EDGE('',*,*,#202,.F.);
#202 = EDGE_CURVE('',#203,#205,#207,.T.);
#203 = VERTEX_POINT('',#204);
#204 = CARTESIAN_POINT('',(1.25,2.275803242246,-1.43));
#205 = VERTEX_POINT('',#206);
#206 = CARTESIAN_POINT('',(1.25,2.275803242246,1.43));
#207 = LINE('',#208,#209);
#208 = CARTESIAN_POINT('',(1.25,2.275803242246,-29.16));
#209 = VECTOR('',#210,1.);
#210 = DIRECTION('',(-0.,-0.,1.));
#211 = ORIENTED_EDGE('',*,*,#212,.F.);
#212 = EDGE_CURVE('',#213,#203,#215,.T.);
#213 = VERTEX_POINT('',#214);
#214 = CARTESIAN_POINT('',(2.25,1.888274809848,-0.5));
#215 = ( BOUNDED_CURVE() B_SPLINE_CURVE(3,(#216,#217,#218,#219),
.UNSPECIFIED.,.F.,.F.) B_SPLINE_CURVE_WITH_KNOTS((4,4),(0.635120858583,
1.767053776959),.PIECEWISE_BEZIER_KNOTS.) CURVE() 
GEOMETRIC_REPRESENTATION_ITEM() RATIONAL_B_SPLINE_CURVE((1.,
0.896047165685,0.896047165685,1.)) REPRESENTATION_ITEM('') );
#216 = CARTESIAN_POINT('',(2.25,1.888274809848,-0.5));
#217 = CARTESIAN_POINT('',(2.013306481375,2.209438424636,-0.720124972322
    ));
#218 = CARTESIAN_POINT('',(1.641302254255,2.353600639617,-1.066088903543
    ));
#219 = CARTESIAN_POINT('',(1.25,2.275803242246,-1.43));
#220 = ORIENTED_EDGE('',*,*,#221,.F.);
#221 = EDGE_CURVE('',#222,#213,#224,.T.);
#222 = VERTEX_POINT('',#223);
#223 = CARTESIAN_POINT('',(2.25,1.888274809848,0.5));
#224 = LINE('',#225,#226);
#225 = CARTESIAN_POINT('',(2.25,1.888274809848,-29.16));
#226 = VECTOR('',#227,1.);
#227 = DIRECTION('',(0.,0.,-1.));
#228 = ORIENTED_EDGE('',*,*,#229,.F.);
#229 = EDGE_CURVE('',#205,#222,#230,.T.);
#230 = ( BOUNDED_CURVE() B_SPLINE_CURVE(3,(#231,#232,#233,#234),
.UNSPECIFIED.,.F.,.F.) B_SPLINE_CURVE_WITH_KNOTS((4,4),(1.374538876631,
2.506471795007),.PIECEWISE_BEZIER_KNOTS.) CURVE() 
GEOMETRIC_REPRESENTATION_ITEM() RATIONAL_B_SPLINE_CURVE((1.,
0.896047165685,0.896047165685,1.)) REPRESENTATION_ITEM('') );
#231 = CARTESIAN_POINT('',(1.25,2.275803242246,1.43));
#232 = CARTESIAN_POINT('',(1.641302254255,2.353600639617,1.066088903543)
  );
#233 = CARTESIAN_POINT('',(2.013306481375,2.209438424636,0.720124972322)
  );
#234 = CARTESIAN_POINT('',(2.25,1.888274809848,0.5));
#235 = FACE_BOUND('',#236,.F.);
#236 = EDGE_LOOP('',(#237,#258,#267,#275,#284,#303,#312,#320));
#237 = ORIENTED_EDGE('',*,*,#238,.F.);
#238 = EDGE_CURVE('',#239,#241,#243,.T.);
#239 = VERTEX_POINT('',#240);
#240 = CARTESIAN_POINT('',(0.489502747257,1.59,-3.43));
#241 = VERTEX_POINT('',#242);
#242 = CARTESIAN_POINT('',(2.400497252743,1.59,-3.43));
#243 = B_SPLINE_CURVE_WITH_KNOTS('',3,(#244,#245,#246,#247,#248,#249,
    #250,#251,#252,#253,#254,#255,#256,#257),.UNSPECIFIED.,.F.,.F.,(4,2,
    2,2,2,2,4),(0.,6.50870212557E-04,9.763053188355E-04,
    1.301740425114E-03,1.627175531392E-03,1.952610637671E-03,
    2.603480850228E-03),.UNSPECIFIED.);
#244 = CARTESIAN_POINT('',(0.489502747257,1.59,-3.43));
#245 = CARTESIAN_POINT('',(0.554679988839,1.801107373806,-3.43));
#246 = CARTESIAN_POINT('',(0.68629051259,1.978276063244,-3.362433530845)
  );
#247 = CARTESIAN_POINT('',(0.935384349719,2.161555511904,-3.253633379906
    ));
#248 = CARTESIAN_POINT('',(1.027291329427,2.209685067735,-3.216097593123
    ));
#249 = CARTESIAN_POINT('',(1.227352769967,2.276712274482,-3.158275539315
    ));
#250 = CARTESIAN_POINT('',(1.336394726188,2.294990735884,-3.139216513124
    ));
#251 = CARTESIAN_POINT('',(1.553434605179,2.295009256834,-3.139198102048
    ));
#252 = CARTESIAN_POINT('',(1.662600332285,2.276656599042,-3.158307872593
    ));
#253 = CARTESIAN_POINT('',(1.86153522836,2.210149160841,-3.215712835963)
  );
#254 = CARTESIAN_POINT('',(1.954330636025,2.161694285675,-3.253519463159
    ));
#255 = CARTESIAN_POINT('',(2.202940394046,1.978983249455,-3.362076542752
    ));
#256 = CARTESIAN_POINT('',(2.335374791775,1.800929940838,-3.43));
#257 = CARTESIAN_POINT('',(2.400497252743,1.59,-3.43));
#258 = ORIENTED_EDGE('',*,*,#259,.T.);
#259 = EDGE_CURVE('',#239,#260,#262,.T.);
#260 = VERTEX_POINT('',#261);
#261 = CARTESIAN_POINT('',(0.445,1.295,-3.43));
#262 = CIRCLE('',#263,1.);
#263 = AXIS2_PLACEMENT_3D('',#264,#265,#266);
#264 = CARTESIAN_POINT('',(1.445,1.295,-3.43));
#265 = DIRECTION('',(0.,0.,1.));
#266 = DIRECTION('',(1.,0.,-0.));
#267 = ORIENTED_EDGE('',*,*,#268,.T.);
#268 = EDGE_CURVE('',#260,#269,#271,.T.);
#269 = VERTEX_POINT('',#270);
#270 = CARTESIAN_POINT('',(0.445,1.295,3.43));
#271 = LINE('',#272,#273);
#272 = CARTESIAN_POINT('',(0.445,1.295,-29.16));
#273 = VECTOR('',#274,1.);
#274 = DIRECTION('',(-0.,-0.,1.));
#275 = ORIENTED_EDGE('',*,*,#276,.F.);
#276 = EDGE_CURVE('',#277,#269,#279,.T.);
#277 = VERTEX_POINT('',#278);
#278 = CARTESIAN_POINT('',(0.489502747257,1.59,3.43));
#279 = CIRCLE('',#280,1.);
#280 = AXIS2_PLACEMENT_3D('',#281,#282,#283);
#281 = CARTESIAN_POINT('',(1.445,1.295,3.43));
#282 = DIRECTION('',(0.,0.,1.));
#283 = DIRECTION('',(1.,0.,-0.));
#284 = ORIENTED_EDGE('',*,*,#285,.F.);
#285 = EDGE_CURVE('',#286,#277,#288,.T.);
#286 = VERTEX_POINT('',#287);
#287 = CARTESIAN_POINT('',(2.400497252743,1.59,3.43));
#288 = B_SPLINE_CURVE_WITH_KNOTS('',3,(#289,#290,#291,#292,#293,#294,
    #295,#296,#297,#298,#299,#300,#301,#302),.UNSPECIFIED.,.F.,.F.,(4,2,
    2,2,2,2,4),(0.,6.50870212557E-04,9.763053188355E-04,
    1.301740425114E-03,1.627175531392E-03,1.952610637671E-03,
    2.603480850228E-03),.UNSPECIFIED.);
#289 = CARTESIAN_POINT('',(2.400497252743,1.59,3.43));
#290 = CARTESIAN_POINT('',(2.335320011161,1.801107373806,3.43));
#291 = CARTESIAN_POINT('',(2.20370948741,1.978276063244,3.362433530845)
  );
#292 = CARTESIAN_POINT('',(1.954615650281,2.161555511904,3.253633379906)
  );
#293 = CARTESIAN_POINT('',(1.862708670573,2.209685067735,3.216097593123)
  );
#294 = CARTESIAN_POINT('',(1.662647230033,2.276712274482,3.158275539315)
  );
#295 = CARTESIAN_POINT('',(1.553605273812,2.294990735884,3.139216513124)
  );
#296 = CARTESIAN_POINT('',(1.336565394821,2.295009256834,3.139198102048)
  );
#297 = CARTESIAN_POINT('',(1.227399667715,2.276656599042,3.158307872593)
  );
#298 = CARTESIAN_POINT('',(1.02846477164,2.210149160841,3.215712835963)
  );
#299 = CARTESIAN_POINT('',(0.935669363975,2.161694285675,3.253519463159)
  );
#300 = CARTESIAN_POINT('',(0.687059605954,1.978983249455,3.362076542752)
  );
#301 = CARTESIAN_POINT('',(0.554625208225,1.800929940838,3.43));
#302 = CARTESIAN_POINT('',(0.489502747257,1.59,3.43));
#303 = ORIENTED_EDGE('',*,*,#304,.F.);
#304 = EDGE_CURVE('',#305,#286,#307,.T.);
#305 = VERTEX_POINT('',#306);
#306 = CARTESIAN_POINT('',(2.445,1.295,3.43));
#307 = CIRCLE('',#308,1.);
#308 = AXIS2_PLACEMENT_3D('',#309,#310,#311);
#309 = CARTESIAN_POINT('',(1.445,1.295,3.43));
#310 = DIRECTION('',(0.,0.,1.));
#311 = DIRECTION('',(1.,0.,-0.));
#312 = ORIENTED_EDGE('',*,*,#313,.F.);
#313 = EDGE_CURVE('',#314,#305,#316,.T.);
#314 = VERTEX_POINT('',#315);
#315 = CARTESIAN_POINT('',(2.445,1.295,-3.43));
#316 = LINE('',#317,#318);
#317 = CARTESIAN_POINT('',(2.445,1.295,-29.16));
#318 = VECTOR('',#319,1.);
#319 = DIRECTION('',(-0.,-0.,1.));
#320 = ORIENTED_EDGE('',*,*,#321,.T.);
#321 = EDGE_CURVE('',#314,#241,#322,.T.);
#322 = CIRCLE('',#323,1.);
#323 = AXIS2_PLACEMENT_3D('',#324,#325,#326);
#324 = CARTESIAN_POINT('',(1.445,1.295,-3.43));
#325 = DIRECTION('',(0.,0.,1.));
#326 = DIRECTION('',(1.,0.,-0.));
#327 = CYLINDRICAL_SURFACE('',#328,1.);
#328 = AXIS2_PLACEMENT_3D('',#329,#330,#331);
#329 = CARTESIAN_POINT('',(1.445,1.295,-29.16));
#330 = DIRECTION('',(-0.,-0.,1.));
#331 = DIRECTION('',(1.,0.,0.));
#332 = ADVANCED_FACE('',(#333),#369,.F.);
#333 = FACE_BOUND('',#334,.F.);
#334 = EDGE_LOOP('',(#335,#345,#354,#362));
#335 = ORIENTED_EDGE('',*,*,#336,.T.);
#336 = EDGE_CURVE('',#337,#339,#341,.T.);
#337 = VERTEX_POINT('',#338);
#338 = CARTESIAN_POINT('',(-4.513898307158E-33,0.445,-0.42));
#339 = VERTEX_POINT('',#340);
#340 = CARTESIAN_POINT('',(0.,0.,-0.42));
#341 = LINE('',#342,#343);
#342 = CARTESIAN_POINT('',(0.,0.5,-0.42));
#343 = VECTOR('',#344,1.);
#344 = DIRECTION('',(0.,-1.,-0.));
#345 = ORIENTED_EDGE('',*,*,#346,.T.);
#346 = EDGE_CURVE('',#339,#347,#349,.T.);
#347 = VERTEX_POINT('',#348);
#348 = CARTESIAN_POINT('',(8.572527594031E-17,0.,0.98));
#349 = CIRCLE('',#350,0.7);
#350 = AXIS2_PLACEMENT_3D('',#351,#352,#353);
#351 = CARTESIAN_POINT('',(0.,0.,0.28));
#352 = DIRECTION('',(0.,1.,0.));
#353 = DIRECTION('',(0.,-0.,1.));
#354 = ORIENTED_EDGE('',*,*,#355,.F.);
#355 = EDGE_CURVE('',#356,#347,#358,.T.);
#356 = VERTEX_POINT('',#357);
#357 = CARTESIAN_POINT('',(8.572527594031E-17,0.445,0.98));
#358 = LINE('',#359,#360);
#359 = CARTESIAN_POINT('',(8.572527594031E-17,0.5,0.98));
#360 = VECTOR('',#361,1.);
#361 = DIRECTION('',(0.,-1.,-0.));
#362 = ORIENTED_EDGE('',*,*,#363,.F.);
#363 = EDGE_CURVE('',#337,#356,#364,.T.);
#364 = CIRCLE('',#365,0.7);
#365 = AXIS2_PLACEMENT_3D('',#366,#367,#368);
#366 = CARTESIAN_POINT('',(1.125469383203E-17,0.445,0.28));
#367 = DIRECTION('',(7.503129221353E-17,1.,0.));
#368 = DIRECTION('',(-1.,7.503129221353E-17,0.));
#369 = CYLINDRICAL_SURFACE('',#370,0.7);
#370 = AXIS2_PLACEMENT_3D('',#371,#372,#373);
#371 = CARTESIAN_POINT('',(0.,0.5,0.28));
#372 = DIRECTION('',(0.,-1.,-0.));
#373 = DIRECTION('',(0.,0.,-1.));
#374 = ADVANCED_FACE('',(#375),#409,.F.);
#375 = FACE_BOUND('',#376,.T.);
#376 = EDGE_LOOP('',(#377,#387,#395,#403));
#377 = ORIENTED_EDGE('',*,*,#378,.T.);
#378 = EDGE_CURVE('',#379,#381,#383,.T.);
#379 = VERTEX_POINT('',#380);
#380 = CARTESIAN_POINT('',(2.645978284108,0.695,7.24));
#381 = VERTEX_POINT('',#382);
#382 = CARTESIAN_POINT('',(2.645978284108,1.665,7.24));
#383 = LINE('',#384,#385);
#384 = CARTESIAN_POINT('',(2.645978284108,1.565,7.24));
#385 = VECTOR('',#386,1.);
#386 = DIRECTION('',(7.503129221353E-17,1.,-0.));
#387 = ORIENTED_EDGE('',*,*,#388,.T.);
#388 = EDGE_CURVE('',#381,#389,#391,.T.);
#389 = VERTEX_POINT('',#390);
#390 = CARTESIAN_POINT('',(2.446226440302,1.665,7.24));
#391 = LINE('',#392,#393);
#392 = CARTESIAN_POINT('',(2.29,1.665,7.24));
#393 = VECTOR('',#394,1.);
#394 = DIRECTION('',(-1.,-0.,-0.));
#395 = ORIENTED_EDGE('',*,*,#396,.T.);
#396 = EDGE_CURVE('',#389,#397,#399,.T.);
#397 = VERTEX_POINT('',#398);
#398 = CARTESIAN_POINT('',(2.446226440302,0.695,7.24));
#399 = LINE('',#400,#401);
#400 = CARTESIAN_POINT('',(2.446226440302,1.565,7.24));
#401 = VECTOR('',#402,1.);
#402 = DIRECTION('',(-7.503129221353E-17,-1.,0.));
#403 = ORIENTED_EDGE('',*,*,#404,.T.);
#404 = EDGE_CURVE('',#397,#379,#405,.T.);
#405 = LINE('',#406,#407);
#406 = CARTESIAN_POINT('',(2.79,0.695,7.24));
#407 = VECTOR('',#408,1.);
#408 = DIRECTION('',(1.,-1.02148910197E-16,-0.));
#409 = PLANE('',#410);
#410 = AXIS2_PLACEMENT_3D('',#411,#412,#413);
#411 = CARTESIAN_POINT('',(2.79,1.565,7.24));
#412 = DIRECTION('',(0.,0.,-1.));
#413 = DIRECTION('',(-1.,0.,-0.));
#414 = ADVANCED_FACE('',(#415),#449,.F.);
#415 = FACE_BOUND('',#416,.T.);
#416 = EDGE_LOOP('',(#417,#427,#435,#443));
#417 = ORIENTED_EDGE('',*,*,#418,.T.);
#418 = EDGE_CURVE('',#419,#421,#423,.T.);
#419 = VERTEX_POINT('',#420);
#420 = CARTESIAN_POINT('',(-2.446226440302,0.695,7.24));
#421 = VERTEX_POINT('',#422);
#422 = CARTESIAN_POINT('',(-2.446226440302,1.665,7.24));
#423 = LINE('',#424,#425);
#424 = CARTESIAN_POINT('',(-2.446226440302,1.565,7.24));
#425 = VECTOR('',#426,1.);
#426 = DIRECTION('',(7.503129221353E-17,1.,-0.));
#427 = ORIENTED_EDGE('',*,*,#428,.T.);
#428 = EDGE_CURVE('',#421,#429,#431,.T.);
#429 = VERTEX_POINT('',#430);
#430 = CARTESIAN_POINT('',(-2.645978284108,1.665,7.24));
#431 = LINE('',#432,#433);
#432 = CARTESIAN_POINT('',(-2.79,1.665,7.24));
#433 = VECTOR('',#434,1.);
#434 = DIRECTION('',(-1.,4.336808689942E-16,-0.));
#435 = ORIENTED_EDGE('',*,*,#436,.T.);
#436 = EDGE_CURVE('',#429,#437,#439,.T.);
#437 = VERTEX_POINT('',#438);
#438 = CARTESIAN_POINT('',(-2.645978284108,0.695,7.24));
#439 = LINE('',#440,#441);
#440 = CARTESIAN_POINT('',(-2.645978284108,1.565,7.24));
#441 = VECTOR('',#442,1.);
#442 = DIRECTION('',(-7.503129221353E-17,-1.,0.));
#443 = ORIENTED_EDGE('',*,*,#444,.T.);
#444 = EDGE_CURVE('',#437,#419,#445,.T.);
#445 = LINE('',#446,#447);
#446 = CARTESIAN_POINT('',(-2.79,0.695,7.24));
#447 = VECTOR('',#448,1.);
#448 = DIRECTION('',(1.,-1.02148910197E-16,-0.));
#449 = PLANE('',#450);
#450 = AXIS2_PLACEMENT_3D('',#451,#452,#453);
#451 = CARTESIAN_POINT('',(-2.79,1.565,7.24));
#452 = DIRECTION('',(0.,0.,-1.));
#453 = DIRECTION('',(-1.,0.,-0.));
#454 = ADVANCED_FACE('',(#455),#472,.F.);
#455 = FACE_BOUND('',#456,.T.);
#456 = EDGE_LOOP('',(#457,#465,#471));
#457 = ORIENTED_EDGE('',*,*,#458,.F.);
#458 = EDGE_CURVE('',#459,#305,#461,.T.);
#459 = VERTEX_POINT('',#460);
#460 = CARTESIAN_POINT('',(2.445,1.59,3.43));
#461 = LINE('',#462,#463);
#462 = CARTESIAN_POINT('',(2.445,1.565,3.43));
#463 = VECTOR('',#464,1.);
#464 = DIRECTION('',(-7.503129221353E-17,-1.,-0.));
#465 = ORIENTED_EDGE('',*,*,#466,.T.);
#466 = EDGE_CURVE('',#459,#286,#467,.T.);
#467 = LINE('',#468,#469);
#468 = CARTESIAN_POINT('',(0.25,1.59,3.43));
#469 = VECTOR('',#470,1.);
#470 = DIRECTION('',(-1.,-0.,-0.));
#471 = ORIENTED_EDGE('',*,*,#304,.F.);
#472 = PLANE('',#473);
#473 = AXIS2_PLACEMENT_3D('',#474,#475,#476);
#474 = CARTESIAN_POINT('',(-2.945,2.59,3.43));
#475 = DIRECTION('',(0.,0.,-1.));
#476 = DIRECTION('',(-1.,0.,-0.));
#477 = ADVANCED_FACE('',(#478),#505,.F.);
#478 = FACE_BOUND('',#479,.T.);
#479 = EDGE_LOOP('',(#480,#490,#498));
#480 = ORIENTED_EDGE('',*,*,#481,.T.);
#481 = EDGE_CURVE('',#482,#484,#486,.T.);
#482 = VERTEX_POINT('',#483);
#483 = CARTESIAN_POINT('',(-2.400497252743,1.59,3.43));
#484 = VERTEX_POINT('',#485);
#485 = CARTESIAN_POINT('',(-2.445,1.59,3.43));
#486 = LINE('',#487,#488);
#487 = CARTESIAN_POINT('',(-2.945,1.59,3.43));
#488 = VECTOR('',#489,1.);
#489 = DIRECTION('',(-1.,-0.,-0.));
#490 = ORIENTED_EDGE('',*,*,#491,.T.);
#491 = EDGE_CURVE('',#484,#492,#494,.T.);
#492 = VERTEX_POINT('',#493);
#493 = CARTESIAN_POINT('',(-2.445,1.295,3.43));
#494 = LINE('',#495,#496);
#495 = CARTESIAN_POINT('',(-2.445,1.565,3.43));
#496 = VECTOR('',#497,1.);
#497 = DIRECTION('',(-7.503129221353E-17,-1.,-0.));
#498 = ORIENTED_EDGE('',*,*,#499,.F.);
#499 = EDGE_CURVE('',#482,#492,#500,.T.);
#500 = CIRCLE('',#501,1.);
#501 = AXIS2_PLACEMENT_3D('',#502,#503,#504);
#502 = CARTESIAN_POINT('',(-1.445,1.295,3.43));
#503 = DIRECTION('',(0.,0.,1.));
#504 = DIRECTION('',(-1.,0.,0.));
#505 = PLANE('',#506);
#506 = AXIS2_PLACEMENT_3D('',#507,#508,#509);
#507 = CARTESIAN_POINT('',(-2.945,2.59,3.43));
#508 = DIRECTION('',(0.,0.,-1.));
#509 = DIRECTION('',(-1.,0.,-0.));
#510 = ADVANCED_FACE('',(#511),#593,.F.);
#511 = FACE_BOUND('',#512,.T.);
#512 = EDGE_LOOP('',(#513,#521,#530,#538,#545,#553,#561,#570,#578,#587)
  );
#513 = ORIENTED_EDGE('',*,*,#514,.F.);
#514 = EDGE_CURVE('',#305,#515,#517,.T.);
#515 = VERTEX_POINT('',#516);
#516 = CARTESIAN_POINT('',(2.445,0.545,3.43));
#517 = LINE('',#518,#519);
#518 = CARTESIAN_POINT('',(2.445,1.565,3.43));
#519 = VECTOR('',#520,1.);
#520 = DIRECTION('',(-7.503129221353E-17,-1.,-0.));
#521 = ORIENTED_EDGE('',*,*,#522,.F.);
#522 = EDGE_CURVE('',#523,#305,#525,.T.);
#523 = VERTEX_POINT('',#524);
#524 = CARTESIAN_POINT('',(1.445,0.295,3.43));
#525 = CIRCLE('',#526,1.);
#526 = AXIS2_PLACEMENT_3D('',#527,#528,#529);
#527 = CARTESIAN_POINT('',(1.445,1.295,3.43));
#528 = DIRECTION('',(0.,0.,1.));
#529 = DIRECTION('',(1.,0.,-0.));
#530 = ORIENTED_EDGE('',*,*,#531,.F.);
#531 = EDGE_CURVE('',#532,#523,#534,.T.);
#532 = VERTEX_POINT('',#533);
#533 = CARTESIAN_POINT('',(-1.445,0.295,3.43));
#534 = LINE('',#535,#536);
#535 = CARTESIAN_POINT('',(1.445,0.295,3.43));
#536 = VECTOR('',#537,1.);
#537 = DIRECTION('',(1.,-7.503129221353E-17,-0.));
#538 = ORIENTED_EDGE('',*,*,#539,.F.);
#539 = EDGE_CURVE('',#492,#532,#540,.T.);
#540 = CIRCLE('',#541,1.);
#541 = AXIS2_PLACEMENT_3D('',#542,#543,#544);
#542 = CARTESIAN_POINT('',(-1.445,1.295,3.43));
#543 = DIRECTION('',(0.,0.,1.));
#544 = DIRECTION('',(-1.,0.,0.));
#545 = ORIENTED_EDGE('',*,*,#546,.T.);
#546 = EDGE_CURVE('',#492,#547,#549,.T.);
#547 = VERTEX_POINT('',#548);
#548 = CARTESIAN_POINT('',(-2.445,0.545,3.43));
#549 = LINE('',#550,#551);
#550 = CARTESIAN_POINT('',(-2.445,1.565,3.43));
#551 = VECTOR('',#552,1.);
#552 = DIRECTION('',(-7.503129221353E-17,-1.,-0.));
#553 = ORIENTED_EDGE('',*,*,#554,.F.);
#554 = EDGE_CURVE('',#555,#547,#557,.T.);
#555 = VERTEX_POINT('',#556);
#556 = CARTESIAN_POINT('',(-2.835491437354,0.545,3.43));
#557 = LINE('',#558,#559);
#558 = CARTESIAN_POINT('',(-2.945,0.545,3.43));
#559 = VECTOR('',#560,1.);
#560 = DIRECTION('',(1.,-1.100065186737E-16,0.));
#561 = ORIENTED_EDGE('',*,*,#562,.T.);
#562 = EDGE_CURVE('',#555,#563,#565,.T.);
#563 = VERTEX_POINT('',#564);
#564 = CARTESIAN_POINT('',(-1.945,0.,3.43));
#565 = CIRCLE('',#566,1.);
#566 = AXIS2_PLACEMENT_3D('',#567,#568,#569);
#567 = CARTESIAN_POINT('',(-1.945,1.,3.43));
#568 = DIRECTION('',(0.,-0.,1.));
#569 = DIRECTION('',(-1.,0.,0.));
#570 = ORIENTED_EDGE('',*,*,#571,.T.);
#571 = EDGE_CURVE('',#563,#572,#574,.T.);
#572 = VERTEX_POINT('',#573);
#573 = CARTESIAN_POINT('',(1.945,0.,3.43));
#574 = LINE('',#575,#576);
#575 = CARTESIAN_POINT('',(-2.945,0.,3.43));
#576 = VECTOR('',#577,1.);
#577 = DIRECTION('',(1.,0.,0.));
#578 = ORIENTED_EDGE('',*,*,#579,.T.);
#579 = EDGE_CURVE('',#572,#580,#582,.T.);
#580 = VERTEX_POINT('',#581);
#581 = CARTESIAN_POINT('',(2.835491437354,0.545,3.43));
#582 = CIRCLE('',#583,1.);
#583 = AXIS2_PLACEMENT_3D('',#584,#585,#586);
#584 = CARTESIAN_POINT('',(1.945,1.,3.43));
#585 = DIRECTION('',(0.,-0.,1.));
#586 = DIRECTION('',(-1.,0.,0.));
#587 = ORIENTED_EDGE('',*,*,#588,.F.);
#588 = EDGE_CURVE('',#515,#580,#589,.T.);
#589 = LINE('',#590,#591);
#590 = CARTESIAN_POINT('',(-2.945,0.545,3.43));
#591 = VECTOR('',#592,1.);
#592 = DIRECTION('',(1.,-1.100065186737E-16,0.));
#593 = PLANE('',#594);
#594 = AXIS2_PLACEMENT_3D('',#595,#596,#597);
#595 = CARTESIAN_POINT('',(-2.945,2.59,3.43));
#596 = DIRECTION('',(0.,0.,-1.));
#597 = DIRECTION('',(-1.,0.,-0.));
#598 = ADVANCED_FACE('',(#599),#633,.T.);
#599 = FACE_BOUND('',#600,.T.);
#600 = EDGE_LOOP('',(#601,#611,#619,#627));
#601 = ORIENTED_EDGE('',*,*,#602,.F.);
#602 = EDGE_CURVE('',#603,#605,#607,.T.);
#603 = VERTEX_POINT('',#604);
#604 = CARTESIAN_POINT('',(-1.25,2.59,-1.43));
#605 = VERTEX_POINT('',#606);
#606 = CARTESIAN_POINT('',(-1.945,2.59,-0.78365));
#607 = LINE('',#608,#609);
#608 = CARTESIAN_POINT('',(-2.25,2.59,-0.5));
#609 = VECTOR('',#610,1.);
#610 = DIRECTION('',(-0.732271658149,-0.,0.681012642079));
#611 = ORIENTED_EDGE('',*,*,#612,.T.);
#612 = EDGE_CURVE('',#603,#613,#615,.T.);
#613 = VERTEX_POINT('',#614);
#614 = CARTESIAN_POINT('',(-1.25,2.59,-2.43));
#615 = LINE('',#616,#617);
#616 = CARTESIAN_POINT('',(-1.25,2.59,-3.43));
#617 = VECTOR('',#618,1.);
#618 = DIRECTION('',(0.,-0.,-1.));
#619 = ORIENTED_EDGE('',*,*,#620,.T.);
#620 = EDGE_CURVE('',#613,#621,#623,.T.);
#621 = VERTEX_POINT('',#622);
#622 = CARTESIAN_POINT('',(-1.945,2.59,-2.43));
#623 = LINE('',#624,#625);
#624 = CARTESIAN_POINT('',(-2.945,2.59,-2.43));
#625 = VECTOR('',#626,1.);
#626 = DIRECTION('',(-1.,0.,0.));
#627 = ORIENTED_EDGE('',*,*,#628,.T.);
#628 = EDGE_CURVE('',#621,#605,#629,.T.);
#629 = LINE('',#630,#631);
#630 = CARTESIAN_POINT('',(-1.945,2.59,3.43));
#631 = VECTOR('',#632,1.);
#632 = DIRECTION('',(1.264375711353E-16,-0.,1.));
#633 = PLANE('',#634);
#634 = AXIS2_PLACEMENT_3D('',#635,#636,#637);
#635 = CARTESIAN_POINT('',(0.,2.59,0.));
#636 = DIRECTION('',(0.,1.,0.));
#637 = DIRECTION('',(0.,-0.,1.));
#638 = ADVANCED_FACE('',(#639),#673,.T.);
#639 = FACE_BOUND('',#640,.T.);
#640 = EDGE_LOOP('',(#641,#651,#659,#667));
#641 = ORIENTED_EDGE('',*,*,#642,.F.);
#642 = EDGE_CURVE('',#643,#645,#647,.T.);
#643 = VERTEX_POINT('',#644);
#644 = CARTESIAN_POINT('',(1.25,2.59,1.43));
#645 = VERTEX_POINT('',#646);
#646 = CARTESIAN_POINT('',(1.945,2.59,0.78365));
#647 = LINE('',#648,#649);
#648 = CARTESIAN_POINT('',(2.25,2.59,0.5));
#649 = VECTOR('',#650,1.);
#650 = DIRECTION('',(0.732271658149,-0.,-0.681012642079));
#651 = ORIENTED_EDGE('',*,*,#652,.T.);
#652 = EDGE_CURVE('',#643,#653,#655,.T.);
#653 = VERTEX_POINT('',#654);
#654 = CARTESIAN_POINT('',(1.25,2.59,2.43));
#655 = LINE('',#656,#657);
#656 = CARTESIAN_POINT('',(1.25,2.59,3.43));
#657 = VECTOR('',#658,1.);
#658 = DIRECTION('',(-0.,-0.,1.));
#659 = ORIENTED_EDGE('',*,*,#660,.T.);
#660 = EDGE_CURVE('',#653,#661,#663,.T.);
#661 = VERTEX_POINT('',#662);
#662 = CARTESIAN_POINT('',(1.945,2.59,2.43));
#663 = LINE('',#664,#665);
#664 = CARTESIAN_POINT('',(2.945,2.59,2.43));
#665 = VECTOR('',#666,1.);
#666 = DIRECTION('',(1.,-0.,0.));
#667 = ORIENTED_EDGE('',*,*,#668,.T.);
#668 = EDGE_CURVE('',#661,#645,#669,.T.);
#669 = LINE('',#670,#671);
#670 = CARTESIAN_POINT('',(1.945,2.59,-3.43));
#671 = VECTOR('',#672,1.);
#672 = DIRECTION('',(-1.264375711353E-16,0.,-1.));
#673 = PLANE('',#674);
#674 = AXIS2_PLACEMENT_3D('',#675,#676,#677);
#675 = CARTESIAN_POINT('',(0.,2.59,0.));
#676 = DIRECTION('',(0.,1.,0.));
#677 = DIRECTION('',(0.,-0.,1.));
#678 = ADVANCED_FACE('',(#679,#704),#714,.F.);
#679 = FACE_BOUND('',#680,.T.);
#680 = EDGE_LOOP('',(#681,#689,#690,#698));
#681 = ORIENTED_EDGE('',*,*,#682,.T.);
#682 = EDGE_CURVE('',#683,#532,#685,.T.);
#683 = VERTEX_POINT('',#684);
#684 = CARTESIAN_POINT('',(-1.445,0.295,-3.43));
#685 = LINE('',#686,#687);
#686 = CARTESIAN_POINT('',(-1.445,0.295,-29.16));
#687 = VECTOR('',#688,1.);
#688 = DIRECTION('',(-0.,-0.,1.));
#689 = ORIENTED_EDGE('',*,*,#531,.T.);
#690 = ORIENTED_EDGE('',*,*,#691,.F.);
#691 = EDGE_CURVE('',#692,#523,#694,.T.);
#692 = VERTEX_POINT('',#693);
#693 = CARTESIAN_POINT('',(1.445,0.295,-3.43));
#694 = LINE('',#695,#696);
#695 = CARTESIAN_POINT('',(1.445,0.295,-29.16));
#696 = VECTOR('',#697,1.);
#697 = DIRECTION('',(-0.,-0.,1.));
#698 = ORIENTED_EDGE('',*,*,#699,.F.);
#699 = EDGE_CURVE('',#683,#692,#700,.T.);
#700 = LINE('',#701,#702);
#701 = CARTESIAN_POINT('',(-2.945,0.295,-3.43));
#702 = VECTOR('',#703,1.);
#703 = DIRECTION('',(1.,-7.503129221353E-17,0.));
#704 = FACE_BOUND('',#705,.T.);
#705 = EDGE_LOOP('',(#706,#713));
#706 = ORIENTED_EDGE('',*,*,#707,.F.);
#707 = EDGE_CURVE('',#180,#172,#708,.T.);
#708 = CIRCLE('',#709,0.95);
#709 = AXIS2_PLACEMENT_3D('',#710,#711,#712);
#710 = CARTESIAN_POINT('',(3.009265538105E-33,0.295,0.28));
#711 = DIRECTION('',(7.503129221353E-17,1.,0.));
#712 = DIRECTION('',(1.,-7.503129221353E-17,0.));
#713 = ORIENTED_EDGE('',*,*,#179,.F.);
#714 = PLANE('',#715);
#715 = AXIS2_PLACEMENT_3D('',#716,#717,#718);
#716 = CARTESIAN_POINT('',(1.445,0.295,-29.16));
#717 = DIRECTION('',(-7.503129221353E-17,-1.,0.));
#718 = DIRECTION('',(1.,-7.503129221353E-17,0.));
#719 = ADVANCED_FACE('',(#720),#796,.F.);
#720 = FACE_BOUND('',#721,.T.);
#721 = EDGE_LOOP('',(#722,#732,#740,#747,#748,#755,#756,#764,#772,#781,
    #789));
#722 = ORIENTED_EDGE('',*,*,#723,.F.);
#723 = EDGE_CURVE('',#724,#726,#728,.T.);
#724 = VERTEX_POINT('',#725);
#725 = CARTESIAN_POINT('',(-2.945,1.59,-3.43));
#726 = VERTEX_POINT('',#727);
#727 = CARTESIAN_POINT('',(-2.945,1.,-3.43));
#728 = LINE('',#729,#730);
#729 = CARTESIAN_POINT('',(-2.945,2.59,-3.43));
#730 = VECTOR('',#731,1.);
#731 = DIRECTION('',(-0.,-1.,-0.));
#732 = ORIENTED_EDGE('',*,*,#733,.T.);
#733 = EDGE_CURVE('',#724,#734,#736,.T.);
#734 = VERTEX_POINT('',#735);
#735 = CARTESIAN_POINT('',(-2.400497252743,1.59,-3.43));
#736 = LINE('',#737,#738);
#737 = CARTESIAN_POINT('',(-0.25,1.59,-3.43));
#738 = VECTOR('',#739,1.);
#739 = DIRECTION('',(1.,-0.,-0.));
#740 = ORIENTED_EDGE('',*,*,#741,.T.);
#741 = EDGE_CURVE('',#734,#683,#742,.T.);
#742 = CIRCLE('',#743,1.);
#743 = AXIS2_PLACEMENT_3D('',#744,#745,#746);
#744 = CARTESIAN_POINT('',(-1.445,1.295,-3.43));
#745 = DIRECTION('',(0.,0.,1.));
#746 = DIRECTION('',(1.,0.,-0.));
#747 = ORIENTED_EDGE('',*,*,#699,.T.);
#748 = ORIENTED_EDGE('',*,*,#749,.T.);
#749 = EDGE_CURVE('',#692,#314,#750,.T.);
#750 = CIRCLE('',#751,1.);
#751 = AXIS2_PLACEMENT_3D('',#752,#753,#754);
#752 = CARTESIAN_POINT('',(1.445,1.295,-3.43));
#753 = DIRECTION('',(0.,0.,1.));
#754 = DIRECTION('',(1.,0.,-0.));
#755 = ORIENTED_EDGE('',*,*,#321,.T.);
#756 = ORIENTED_EDGE('',*,*,#757,.T.);
#757 = EDGE_CURVE('',#241,#758,#760,.T.);
#758 = VERTEX_POINT('',#759);
#759 = CARTESIAN_POINT('',(2.945,1.59,-3.43));
#760 = LINE('',#761,#762);
#761 = CARTESIAN_POINT('',(2.945,1.59,-3.43));
#762 = VECTOR('',#763,1.);
#763 = DIRECTION('',(1.,-0.,-0.));
#764 = ORIENTED_EDGE('',*,*,#765,.T.);
#765 = EDGE_CURVE('',#758,#766,#768,.T.);
#766 = VERTEX_POINT('',#767);
#767 = CARTESIAN_POINT('',(2.945,1.,-3.43));
#768 = LINE('',#769,#770);
#769 = CARTESIAN_POINT('',(2.945,2.59,-3.43));
#770 = VECTOR('',#771,1.);
#771 = DIRECTION('',(-0.,-1.,-0.));
#772 = ORIENTED_EDGE('',*,*,#773,.T.);
#773 = EDGE_CURVE('',#766,#774,#776,.T.);
#774 = VERTEX_POINT('',#775);
#775 = CARTESIAN_POINT('',(1.945,0.,-3.43));
#776 = CIRCLE('',#777,1.);
#777 = AXIS2_PLACEMENT_3D('',#778,#779,#780);
#778 = CARTESIAN_POINT('',(1.945,1.,-3.43));
#779 = DIRECTION('',(0.,0.,-1.));
#780 = DIRECTION('',(1.,0.,0.));
#781 = ORIENTED_EDGE('',*,*,#782,.T.);
#782 = EDGE_CURVE('',#774,#783,#785,.T.);
#783 = VERTEX_POINT('',#784);
#784 = CARTESIAN_POINT('',(-1.945,0.,-3.43));
#785 = LINE('',#786,#787);
#786 = CARTESIAN_POINT('',(-2.945,0.,-3.43));
#787 = VECTOR('',#788,1.);
#788 = DIRECTION('',(-1.,-0.,-0.));
#789 = ORIENTED_EDGE('',*,*,#790,.T.);
#790 = EDGE_CURVE('',#783,#726,#791,.T.);
#791 = CIRCLE('',#792,1.);
#792 = AXIS2_PLACEMENT_3D('',#793,#794,#795);
#793 = CARTESIAN_POINT('',(-1.945,1.,-3.43));
#794 = DIRECTION('',(0.,0.,-1.));
#795 = DIRECTION('',(1.,0.,0.));
#796 = PLANE('',#797);
#797 = AXIS2_PLACEMENT_3D('',#798,#799,#800);
#798 = CARTESIAN_POINT('',(-2.945,2.59,-3.43));
#799 = DIRECTION('',(0.,0.,1.));
#800 = DIRECTION('',(1.,0.,-0.));
#801 = ADVANCED_FACE('',(#802),#827,.F.);
#802 = FACE_BOUND('',#803,.T.);
#803 = EDGE_LOOP('',(#804,#814,#820,#821));
#804 = ORIENTED_EDGE('',*,*,#805,.T.);
#805 = EDGE_CURVE('',#806,#808,#810,.T.);
#806 = VERTEX_POINT('',#807);
#807 = CARTESIAN_POINT('',(0.25,1.295,-3.43));
#808 = VERTEX_POINT('',#809);
#809 = CARTESIAN_POINT('',(0.25,1.59,-3.43));
#810 = LINE('',#811,#812);
#811 = CARTESIAN_POINT('',(0.25,2.59,-3.43));
#812 = VECTOR('',#813,1.);
#813 = DIRECTION('',(8.372217548151E-17,1.,-0.));
#814 = ORIENTED_EDGE('',*,*,#815,.T.);
#815 = EDGE_CURVE('',#808,#239,#816,.T.);
#816 = LINE('',#817,#818);
#817 = CARTESIAN_POINT('',(2.945,1.59,-3.43));
#818 = VECTOR('',#819,1.);
#819 = DIRECTION('',(1.,-0.,-0.));
#820 = ORIENTED_EDGE('',*,*,#259,.T.);
#821 = ORIENTED_EDGE('',*,*,#822,.T.);
#822 = EDGE_CURVE('',#260,#806,#823,.T.);
#823 = LINE('',#824,#825);
#824 = CARTESIAN_POINT('',(-2.945,1.295,-3.43));
#825 = VECTOR('',#826,1.);
#826 = DIRECTION('',(-1.,-1.11200222819E-15,0.));
#827 = PLANE('',#828);
#828 = AXIS2_PLACEMENT_3D('',#829,#830,#831);
#829 = CARTESIAN_POINT('',(-2.945,2.59,-3.43));
#830 = DIRECTION('',(0.,0.,1.));
#831 = DIRECTION('',(1.,0.,-0.));
#832 = ADVANCED_FACE('',(#833),#868,.F.);
#833 = FACE_BOUND('',#834,.T.);
#834 = EDGE_LOOP('',(#835,#845,#853,#862));
#835 = ORIENTED_EDGE('',*,*,#836,.F.);
#836 = EDGE_CURVE('',#837,#839,#841,.T.);
#837 = VERTEX_POINT('',#838);
#838 = CARTESIAN_POINT('',(-0.25,1.59,3.43));
#839 = VERTEX_POINT('',#840);
#840 = CARTESIAN_POINT('',(-0.25,1.295,3.43));
#841 = LINE('',#842,#843);
#842 = CARTESIAN_POINT('',(-0.25,1.295,3.43));
#843 = VECTOR('',#844,1.);
#844 = DIRECTION('',(4.186108774075E-17,-1.,-0.));
#845 = ORIENTED_EDGE('',*,*,#846,.T.);
#846 = EDGE_CURVE('',#837,#847,#849,.T.);
#847 = VERTEX_POINT('',#848);
#848 = CARTESIAN_POINT('',(-0.489502747257,1.59,3.43));
#849 = LINE('',#850,#851);
#850 = CARTESIAN_POINT('',(-2.945,1.59,3.43));
#851 = VECTOR('',#852,1.);
#852 = DIRECTION('',(-1.,-0.,-0.));
#853 = ORIENTED_EDGE('',*,*,#854,.F.);
#854 = EDGE_CURVE('',#855,#847,#857,.T.);
#855 = VERTEX_POINT('',#856);
#856 = CARTESIAN_POINT('',(-0.445,1.295,3.43));
#857 = CIRCLE('',#858,1.);
#858 = AXIS2_PLACEMENT_3D('',#859,#860,#861);
#859 = CARTESIAN_POINT('',(-1.445,1.295,3.43));
#860 = DIRECTION('',(0.,0.,1.));
#861 = DIRECTION('',(-1.,0.,0.));
#862 = ORIENTED_EDGE('',*,*,#863,.F.);
#863 = EDGE_CURVE('',#839,#855,#864,.T.);
#864 = LINE('',#865,#866);
#865 = CARTESIAN_POINT('',(-0.445,1.295,3.43));
#866 = VECTOR('',#867,1.);
#867 = DIRECTION('',(-1.,-0.,-0.));
#868 = PLANE('',#869);
#869 = AXIS2_PLACEMENT_3D('',#870,#871,#872);
#870 = CARTESIAN_POINT('',(-2.945,2.59,3.43));
#871 = DIRECTION('',(0.,0.,-1.));
#872 = DIRECTION('',(-1.,0.,-0.));
#873 = ADVANCED_FACE('',(#874),#908,.T.);
#874 = FACE_BOUND('',#875,.T.);
#875 = EDGE_LOOP('',(#876,#886,#894,#902));
#876 = ORIENTED_EDGE('',*,*,#877,.F.);
#877 = EDGE_CURVE('',#878,#880,#882,.T.);
#878 = VERTEX_POINT('',#879);
#879 = CARTESIAN_POINT('',(-1.945,2.59,0.78365));
#880 = VERTEX_POINT('',#881);
#881 = CARTESIAN_POINT('',(-1.25,2.59,1.43));
#882 = LINE('',#883,#884);
#883 = CARTESIAN_POINT('',(-2.25,2.59,0.5));
#884 = VECTOR('',#885,1.);
#885 = DIRECTION('',(0.732271658149,0.,0.681012642079));
#886 = ORIENTED_EDGE('',*,*,#887,.T.);
#887 = EDGE_CURVE('',#878,#888,#890,.T.);
#888 = VERTEX_POINT('',#889);
#889 = CARTESIAN_POINT('',(-1.945,2.59,2.43));
#890 = LINE('',#891,#892);
#891 = CARTESIAN_POINT('',(-1.945,2.59,3.43));
#892 = VECTOR('',#893,1.);
#893 = DIRECTION('',(1.264375711353E-16,-0.,1.));
#894 = ORIENTED_EDGE('',*,*,#895,.T.);
#895 = EDGE_CURVE('',#888,#896,#898,.T.);
#896 = VERTEX_POINT('',#897);
#897 = CARTESIAN_POINT('',(-1.25,2.59,2.43));
#898 = LINE('',#899,#900);
#899 = CARTESIAN_POINT('',(-0.25,2.59,2.43));
#900 = VECTOR('',#901,1.);
#901 = DIRECTION('',(1.,-0.,0.));
#902 = ORIENTED_EDGE('',*,*,#903,.T.);
#903 = EDGE_CURVE('',#896,#880,#904,.T.);
#904 = LINE('',#905,#906);
#905 = CARTESIAN_POINT('',(-1.25,2.59,-3.43));
#906 = VECTOR('',#907,1.);
#907 = DIRECTION('',(0.,-0.,-1.));
#908 = PLANE('',#909);
#909 = AXIS2_PLACEMENT_3D('',#910,#911,#912);
#910 = CARTESIAN_POINT('',(0.,2.59,0.));
#911 = DIRECTION('',(0.,1.,0.));
#912 = DIRECTION('',(0.,-0.,1.));
#913 = ADVANCED_FACE('',(#914),#939,.F.);
#914 = FACE_BOUND('',#915,.T.);
#915 = EDGE_LOOP('',(#916,#917,#925,#933));
#916 = ORIENTED_EDGE('',*,*,#765,.F.);
#917 = ORIENTED_EDGE('',*,*,#918,.T.);
#918 = EDGE_CURVE('',#758,#919,#921,.T.);
#919 = VERTEX_POINT('',#920);
#920 = CARTESIAN_POINT('',(2.945,1.59,3.43));
#921 = LINE('',#922,#923);
#922 = CARTESIAN_POINT('',(2.945,1.59,3.43));
#923 = VECTOR('',#924,1.);
#924 = DIRECTION('',(1.264375711353E-16,-0.,1.));
#925 = ORIENTED_EDGE('',*,*,#926,.T.);
#926 = EDGE_CURVE('',#919,#927,#929,.T.);
#927 = VERTEX_POINT('',#928);
#928 = CARTESIAN_POINT('',(2.945,1.,3.43));
#929 = LINE('',#930,#931);
#930 = CARTESIAN_POINT('',(2.945,2.59,3.43));
#931 = VECTOR('',#932,1.);
#932 = DIRECTION('',(-0.,-1.,-0.));
#933 = ORIENTED_EDGE('',*,*,#934,.T.);
#934 = EDGE_CURVE('',#927,#766,#935,.T.);
#935 = LINE('',#936,#937);
#936 = CARTESIAN_POINT('',(2.945,1.,-3.43));
#937 = VECTOR('',#938,1.);
#938 = DIRECTION('',(-1.264375711353E-16,0.,-1.));
#939 = PLANE('',#940);
#940 = AXIS2_PLACEMENT_3D('',#941,#942,#943);
#941 = CARTESIAN_POINT('',(2.945,2.59,-3.43));
#942 = DIRECTION('',(-1.,0.,1.264375711353E-16));
#943 = DIRECTION('',(1.264375711353E-16,0.,1.));
#944 = ADVANCED_FACE('',(#945),#980,.F.);
#945 = FACE_BOUND('',#946,.T.);
#946 = EDGE_LOOP('',(#947,#958,#966,#974));
#947 = ORIENTED_EDGE('',*,*,#948,.T.);
#948 = EDGE_CURVE('',#949,#951,#953,.T.);
#949 = VERTEX_POINT('',#950);
#950 = CARTESIAN_POINT('',(-0.445,1.295,-3.43));
#951 = VERTEX_POINT('',#952);
#952 = CARTESIAN_POINT('',(-0.489502747257,1.59,-3.43));
#953 = CIRCLE('',#954,1.);
#954 = AXIS2_PLACEMENT_3D('',#955,#956,#957);
#955 = CARTESIAN_POINT('',(-1.445,1.295,-3.43));
#956 = DIRECTION('',(0.,0.,1.));
#957 = DIRECTION('',(1.,0.,-0.));
#958 = ORIENTED_EDGE('',*,*,#959,.T.);
#959 = EDGE_CURVE('',#951,#960,#962,.T.);
#960 = VERTEX_POINT('',#961);
#961 = CARTESIAN_POINT('',(-0.25,1.59,-3.43));
#962 = LINE('',#963,#964);
#963 = CARTESIAN_POINT('',(-0.25,1.59,-3.43));
#964 = VECTOR('',#965,1.);
#965 = DIRECTION('',(1.,-0.,-0.));
#966 = ORIENTED_EDGE('',*,*,#967,.T.);
#967 = EDGE_CURVE('',#960,#968,#970,.T.);
#968 = VERTEX_POINT('',#969);
#969 = CARTESIAN_POINT('',(-0.25,1.295,-3.43));
#970 = LINE('',#971,#972);
#971 = CARTESIAN_POINT('',(-0.25,2.59,-3.43));
#972 = VECTOR('',#973,1.);
#973 = DIRECTION('',(4.186108774075E-17,-1.,0.));
#974 = ORIENTED_EDGE('',*,*,#975,.T.);
#975 = EDGE_CURVE('',#968,#949,#976,.T.);
#976 = LINE('',#977,#978);
#977 = CARTESIAN_POINT('',(-2.945,1.295,-3.43));
#978 = VECTOR('',#979,1.);
#979 = DIRECTION('',(-1.,-0.,0.));
#980 = PLANE('',#981);
#981 = AXIS2_PLACEMENT_3D('',#982,#983,#984);
#982 = CARTESIAN_POINT('',(-2.945,2.59,-3.43));
#983 = DIRECTION('',(0.,0.,1.));
#984 = DIRECTION('',(1.,0.,-0.));
#985 = ADVANCED_FACE('',(#986),#1011,.F.);
#986 = FACE_BOUND('',#987,.T.);
#987 = EDGE_LOOP('',(#988,#998,#1004,#1005));
#988 = ORIENTED_EDGE('',*,*,#989,.F.);
#989 = EDGE_CURVE('',#990,#992,#994,.T.);
#990 = VERTEX_POINT('',#991);
#991 = CARTESIAN_POINT('',(-2.945,1.59,3.43));
#992 = VERTEX_POINT('',#993);
#993 = CARTESIAN_POINT('',(-2.945,1.,3.43));
#994 = LINE('',#995,#996);
#995 = CARTESIAN_POINT('',(-2.945,2.59,3.43));
#996 = VECTOR('',#997,1.);
#997 = DIRECTION('',(-0.,-1.,-0.));
#998 = ORIENTED_EDGE('',*,*,#999,.T.);
#999 = EDGE_CURVE('',#990,#724,#1000,.T.);
#1000 = LINE('',#1001,#1002);
#1001 = CARTESIAN_POINT('',(-2.945,1.59,-3.43));
#1002 = VECTOR('',#1003,1.);
#1003 = DIRECTION('',(-1.264375711353E-16,-0.,-1.));
#1004 = ORIENTED_EDGE('',*,*,#723,.T.);
#1005 = ORIENTED_EDGE('',*,*,#1006,.T.);
#1006 = EDGE_CURVE('',#726,#992,#1007,.T.);
#1007 = LINE('',#1008,#1009);
#1008 = CARTESIAN_POINT('',(-2.945,1.,-3.43));
#1009 = VECTOR('',#1010,1.);
#1010 = DIRECTION('',(1.264375711353E-16,-0.,1.));
#1011 = PLANE('',#1012);
#1012 = AXIS2_PLACEMENT_3D('',#1013,#1014,#1015);
#1013 = CARTESIAN_POINT('',(-2.945,2.59,-3.43));
#1014 = DIRECTION('',(1.,0.,-1.264375711353E-16));
#1015 = DIRECTION('',(-1.264375711353E-16,0.,-1.));
#1016 = ADVANCED_FACE('',(#1017),#1042,.F.);
#1017 = FACE_BOUND('',#1018,.T.);
#1018 = EDGE_LOOP('',(#1019,#1020,#1028,#1036));
#1019 = ORIENTED_EDGE('',*,*,#276,.F.);
#1020 = ORIENTED_EDGE('',*,*,#1021,.T.);
#1021 = EDGE_CURVE('',#277,#1022,#1024,.T.);
#1022 = VERTEX_POINT('',#1023);
#1023 = CARTESIAN_POINT('',(0.25,1.59,3.43));
#1024 = LINE('',#1025,#1026);
#1025 = CARTESIAN_POINT('',(0.25,1.59,3.43));
#1026 = VECTOR('',#1027,1.);
#1027 = DIRECTION('',(-1.,-0.,-0.));
#1028 = ORIENTED_EDGE('',*,*,#1029,.F.);
#1029 = EDGE_CURVE('',#1030,#1022,#1032,.T.);
#1030 = VERTEX_POINT('',#1031);
#1031 = CARTESIAN_POINT('',(0.25,1.295,3.43));
#1032 = LINE('',#1033,#1034);
#1033 = CARTESIAN_POINT('',(0.25,2.59,3.43));
#1034 = VECTOR('',#1035,1.);
#1035 = DIRECTION('',(8.372217548151E-17,1.,-0.));
#1036 = ORIENTED_EDGE('',*,*,#1037,.F.);
#1037 = EDGE_CURVE('',#269,#1030,#1038,.T.);
#1038 = LINE('',#1039,#1040);
#1039 = CARTESIAN_POINT('',(0.25,1.295,3.43));
#1040 = VECTOR('',#1041,1.);
#1041 = DIRECTION('',(-1.,-1.11200222819E-15,-0.));
#1042 = PLANE('',#1043);
#1043 = AXIS2_PLACEMENT_3D('',#1044,#1045,#1046);
#1044 = CARTESIAN_POINT('',(-2.945,2.59,3.43));
#1045 = DIRECTION('',(0.,0.,-1.));
#1046 = DIRECTION('',(-1.,0.,-0.));
#1047 = ADVANCED_FACE('',(#1048),#1082,.T.);
#1048 = FACE_BOUND('',#1049,.T.);
#1049 = EDGE_LOOP('',(#1050,#1060,#1068,#1076));
#1050 = ORIENTED_EDGE('',*,*,#1051,.F.);
#1051 = EDGE_CURVE('',#1052,#1054,#1056,.T.);
#1052 = VERTEX_POINT('',#1053);
#1053 = CARTESIAN_POINT('',(1.945,2.59,-0.78365));
#1054 = VERTEX_POINT('',#1055);
#1055 = CARTESIAN_POINT('',(1.25,2.59,-1.43));
#1056 = LINE('',#1057,#1058);
#1057 = CARTESIAN_POINT('',(2.25,2.59,-0.5));
#1058 = VECTOR('',#1059,1.);
#1059 = DIRECTION('',(-0.732271658149,0.,-0.681012642079));
#1060 = ORIENTED_EDGE('',*,*,#1061,.T.);
#1061 = EDGE_CURVE('',#1052,#1062,#1064,.T.);
#1062 = VERTEX_POINT('',#1063);
#1063 = CARTESIAN_POINT('',(1.945,2.59,-2.43));
#1064 = LINE('',#1065,#1066);
#1065 = CARTESIAN_POINT('',(1.945,2.59,-3.43));
#1066 = VECTOR('',#1067,1.);
#1067 = DIRECTION('',(-1.264375711353E-16,0.,-1.));
#1068 = ORIENTED_EDGE('',*,*,#1069,.T.);
#1069 = EDGE_CURVE('',#1062,#1070,#1072,.T.);
#1070 = VERTEX_POINT('',#1071);
#1071 = CARTESIAN_POINT('',(1.25,2.59,-2.43));
#1072 = LINE('',#1073,#1074);
#1073 = CARTESIAN_POINT('',(0.25,2.59,-2.43));
#1074 = VECTOR('',#1075,1.);
#1075 = DIRECTION('',(-1.,0.,0.));
#1076 = ORIENTED_EDGE('',*,*,#1077,.T.);
#1077 = EDGE_CURVE('',#1070,#1054,#1078,.T.);
#1078 = LINE('',#1079,#1080);
#1079 = CARTESIAN_POINT('',(1.25,2.59,3.43));
#1080 = VECTOR('',#1081,1.);
#1081 = DIRECTION('',(-0.,-0.,1.));
#1082 = PLANE('',#1083);
#1083 = AXIS2_PLACEMENT_3D('',#1084,#1085,#1086);
#1084 = CARTESIAN_POINT('',(0.,2.59,0.));
#1085 = DIRECTION('',(0.,1.,0.));
#1086 = DIRECTION('',(0.,-0.,1.));
#1087 = ADVANCED_FACE('',(#1088,#1098),#1114,.F.);
#1088 = FACE_BOUND('',#1089,.T.);
#1089 = EDGE_LOOP('',(#1090,#1091));
#1090 = ORIENTED_EDGE('',*,*,#346,.T.);
#1091 = ORIENTED_EDGE('',*,*,#1092,.T.);
#1092 = EDGE_CURVE('',#347,#339,#1093,.T.);
#1093 = CIRCLE('',#1094,0.7);
#1094 = AXIS2_PLACEMENT_3D('',#1095,#1096,#1097);
#1095 = CARTESIAN_POINT('',(0.,0.,0.28));
#1096 = DIRECTION('',(0.,1.,0.));
#1097 = DIRECTION('',(0.,-0.,1.));
#1098 = FACE_BOUND('',#1099,.T.);
#1099 = EDGE_LOOP('',(#1100,#1101,#1107,#1108));
#1100 = ORIENTED_EDGE('',*,*,#782,.F.);
#1101 = ORIENTED_EDGE('',*,*,#1102,.T.);
#1102 = EDGE_CURVE('',#774,#572,#1103,.T.);
#1103 = LINE('',#1104,#1105);
#1104 = CARTESIAN_POINT('',(1.945,0.,-2.459210758582E-16));
#1105 = VECTOR('',#1106,1.);
#1106 = DIRECTION('',(1.264375711353E-16,-0.,1.));
#1107 = ORIENTED_EDGE('',*,*,#571,.F.);
#1108 = ORIENTED_EDGE('',*,*,#1109,.T.);
#1109 = EDGE_CURVE('',#563,#783,#1110,.T.);
#1110 = LINE('',#1111,#1112);
#1111 = CARTESIAN_POINT('',(-1.945,0.,2.459210758582E-16));
#1112 = VECTOR('',#1113,1.);
#1113 = DIRECTION('',(-1.264375711353E-16,0.,-1.));
#1114 = PLANE('',#1115);
#1115 = AXIS2_PLACEMENT_3D('',#1116,#1117,#1118);
#1116 = CARTESIAN_POINT('',(0.,0.,0.));
#1117 = DIRECTION('',(0.,1.,0.));
#1118 = DIRECTION('',(0.,-0.,1.));
#1119 = ADVANCED_FACE('',(#1120),#1132,.F.);
#1120 = FACE_BOUND('',#1121,.F.);
#1121 = EDGE_LOOP('',(#1122,#1123,#1124,#1131));
#1122 = ORIENTED_EDGE('',*,*,#1092,.T.);
#1123 = ORIENTED_EDGE('',*,*,#336,.F.);
#1124 = ORIENTED_EDGE('',*,*,#1125,.F.);
#1125 = EDGE_CURVE('',#356,#337,#1126,.T.);
#1126 = CIRCLE('',#1127,0.7);
#1127 = AXIS2_PLACEMENT_3D('',#1128,#1129,#1130);
#1128 = CARTESIAN_POINT('',(1.125469383203E-17,0.445,0.28));
#1129 = DIRECTION('',(7.503129221353E-17,1.,0.));
#1130 = DIRECTION('',(-1.,7.503129221353E-17,0.));
#1131 = ORIENTED_EDGE('',*,*,#355,.T.);
#1132 = CYLINDRICAL_SURFACE('',#1133,0.7);
#1133 = AXIS2_PLACEMENT_3D('',#1134,#1135,#1136);
#1134 = CARTESIAN_POINT('',(0.,0.5,0.28));
#1135 = DIRECTION('',(0.,-1.,-0.));
#1136 = DIRECTION('',(0.,0.,-1.));
#1137 = ADVANCED_FACE('',(#1138),#1149,.F.);
#1138 = FACE_BOUND('',#1139,.T.);
#1139 = EDGE_LOOP('',(#1140,#1141,#1142,#1148));
#1140 = ORIENTED_EDGE('',*,*,#268,.T.);
#1141 = ORIENTED_EDGE('',*,*,#1037,.T.);
#1142 = ORIENTED_EDGE('',*,*,#1143,.F.);
#1143 = EDGE_CURVE('',#806,#1030,#1144,.T.);
#1144 = LINE('',#1145,#1146);
#1145 = CARTESIAN_POINT('',(0.25,1.295,-29.16));
#1146 = VECTOR('',#1147,1.);
#1147 = DIRECTION('',(-0.,-0.,1.));
#1148 = ORIENTED_EDGE('',*,*,#822,.F.);
#1149 = PLANE('',#1150);
#1150 = AXIS2_PLACEMENT_3D('',#1151,#1152,#1153);
#1151 = CARTESIAN_POINT('',(0.25,1.295,-29.16));
#1152 = DIRECTION('',(-1.11200222819E-15,1.,0.));
#1153 = DIRECTION('',(-1.,-1.11200222819E-15,0.));
#1154 = ADVANCED_FACE('',(#1155),#1161,.F.);
#1155 = FACE_BOUND('',#1156,.F.);
#1156 = EDGE_LOOP('',(#1157,#1158,#1159,#1160));
#1157 = ORIENTED_EDGE('',*,*,#522,.F.);
#1158 = ORIENTED_EDGE('',*,*,#691,.F.);
#1159 = ORIENTED_EDGE('',*,*,#749,.T.);
#1160 = ORIENTED_EDGE('',*,*,#313,.T.);
#1161 = CYLINDRICAL_SURFACE('',#1162,1.);
#1162 = AXIS2_PLACEMENT_3D('',#1163,#1164,#1165);
#1163 = CARTESIAN_POINT('',(1.445,1.295,-29.16));
#1164 = DIRECTION('',(-0.,-0.,1.));
#1165 = DIRECTION('',(1.,0.,0.));
#1166 = ADVANCED_FACE('',(#1167,#1203),#1251,.F.);
#1167 = FACE_BOUND('',#1168,.F.);
#1168 = EDGE_LOOP('',(#1169,#1180,#1188,#1197));
#1169 = ORIENTED_EDGE('',*,*,#1170,.F.);
#1170 = EDGE_CURVE('',#1171,#1173,#1175,.T.);
#1171 = VERTEX_POINT('',#1172);
#1172 = CARTESIAN_POINT('',(-2.25,1.888274809848,0.5));
#1173 = VERTEX_POINT('',#1174);
#1174 = CARTESIAN_POINT('',(-1.25,2.275803242246,1.43));
#1175 = ( BOUNDED_CURVE() B_SPLINE_CURVE(3,(#1176,#1177,#1178,#1179),
.UNSPECIFIED.,.F.,.F.) B_SPLINE_CURVE_WITH_KNOTS((4,4),(3.776713512173,
4.908646430548),.PIECEWISE_BEZIER_KNOTS.) CURVE() 
GEOMETRIC_REPRESENTATION_ITEM() RATIONAL_B_SPLINE_CURVE((1.,
0.896047165685,0.896047165685,1.)) REPRESENTATION_ITEM('') );
#1176 = CARTESIAN_POINT('',(-2.25,1.888274809848,0.5));
#1177 = CARTESIAN_POINT('',(-2.013306481375,2.209438424636,
    0.720124972322));
#1178 = CARTESIAN_POINT('',(-1.641302254255,2.353600639617,
    1.066088903543));
#1179 = CARTESIAN_POINT('',(-1.25,2.275803242246,1.43));
#1180 = ORIENTED_EDGE('',*,*,#1181,.F.);
#1181 = EDGE_CURVE('',#1182,#1171,#1184,.T.);
#1182 = VERTEX_POINT('',#1183);
#1183 = CARTESIAN_POINT('',(-2.25,1.888274809848,-0.5));
#1184 = LINE('',#1185,#1186);
#1185 = CARTESIAN_POINT('',(-2.25,1.888274809848,-29.16));
#1186 = VECTOR('',#1187,1.);
#1187 = DIRECTION('',(-0.,-0.,1.));
#1188 = ORIENTED_EDGE('',*,*,#1189,.F.);
#1189 = EDGE_CURVE('',#1190,#1182,#1192,.T.);
#1190 = VERTEX_POINT('',#1191);
#1191 = CARTESIAN_POINT('',(-1.25,2.275803242246,-1.43));
#1192 = ( BOUNDED_CURVE() B_SPLINE_CURVE(3,(#1193,#1194,#1195,#1196),
.UNSPECIFIED.,.F.,.F.) B_SPLINE_CURVE_WITH_KNOTS((4,4),(4.516131530221,
5.648064448597),.PIECEWISE_BEZIER_KNOTS.) CURVE() 
GEOMETRIC_REPRESENTATION_ITEM() RATIONAL_B_SPLINE_CURVE((1.,
0.896047165685,0.896047165685,1.)) REPRESENTATION_ITEM('') );
#1193 = CARTESIAN_POINT('',(-1.25,2.275803242246,-1.43));
#1194 = CARTESIAN_POINT('',(-1.641302254255,2.353600639617,
    -1.066088903543));
#1195 = CARTESIAN_POINT('',(-2.013306481375,2.209438424636,
    -0.720124972322));
#1196 = CARTESIAN_POINT('',(-2.25,1.888274809848,-0.5));
#1197 = ORIENTED_EDGE('',*,*,#1198,.F.);
#1198 = EDGE_CURVE('',#1173,#1190,#1199,.T.);
#1199 = LINE('',#1200,#1201);
#1200 = CARTESIAN_POINT('',(-1.25,2.275803242246,-29.16));
#1201 = VECTOR('',#1202,1.);
#1202 = DIRECTION('',(0.,0.,-1.));
#1203 = FACE_BOUND('',#1204,.F.);
#1204 = EDGE_LOOP('',(#1205,#1211,#1212,#1229,#1230,#1231,#1232,#1233,
    #1250));
#1205 = ORIENTED_EDGE('',*,*,#1206,.F.);
#1206 = EDGE_CURVE('',#949,#855,#1207,.T.);
#1207 = LINE('',#1208,#1209);
#1208 = CARTESIAN_POINT('',(-0.445,1.295,-29.16));
#1209 = VECTOR('',#1210,1.);
#1210 = DIRECTION('',(-0.,-0.,1.));
#1211 = ORIENTED_EDGE('',*,*,#948,.T.);
#1212 = ORIENTED_EDGE('',*,*,#1213,.F.);
#1213 = EDGE_CURVE('',#734,#951,#1214,.T.);
#1214 = B_SPLINE_CURVE_WITH_KNOTS('',3,(#1215,#1216,#1217,#1218,#1219,
    #1220,#1221,#1222,#1223,#1224,#1225,#1226,#1227,#1228),
  .UNSPECIFIED.,.F.,.F.,(4,2,2,2,2,2,4),(0.,6.50870212557E-04,
    9.763053188355E-04,1.301740425114E-03,1.627175531392E-03,
    1.952610637671E-03,2.603480850228E-03),.UNSPECIFIED.);
#1215 = CARTESIAN_POINT('',(-2.400497252743,1.59,-3.43));
#1216 = CARTESIAN_POINT('',(-2.335320011161,1.801107373806,-3.43));
#1217 = CARTESIAN_POINT('',(-2.20370948741,1.978276063244,
    -3.362433530845));
#1218 = CARTESIAN_POINT('',(-1.954615650281,2.161555511904,
    -3.253633379906));
#1219 = CARTESIAN_POINT('',(-1.862708670573,2.209685067735,
    -3.216097593123));
#1220 = CARTESIAN_POINT('',(-1.662647230033,2.276712274482,
    -3.158275539315));
#1221 = CARTESIAN_POINT('',(-1.553605273812,2.294990735884,
    -3.139216513124));
#1222 = CARTESIAN_POINT('',(-1.336565394821,2.295009256834,
    -3.139198102048));
#1223 = CARTESIAN_POINT('',(-1.227399667715,2.276656599042,
    -3.158307872593));
#1224 = CARTESIAN_POINT('',(-1.02846477164,2.210149160841,
    -3.215712835963));
#1225 = CARTESIAN_POINT('',(-0.935669363975,2.161694285675,
    -3.253519463159));
#1226 = CARTESIAN_POINT('',(-0.687059605954,1.978983249455,
    -3.362076542752));
#1227 = CARTESIAN_POINT('',(-0.554625208225,1.800929940838,-3.43));
#1228 = CARTESIAN_POINT('',(-0.489502747257,1.59,-3.43));
#1229 = ORIENTED_EDGE('',*,*,#741,.T.);
#1230 = ORIENTED_EDGE('',*,*,#682,.T.);
#1231 = ORIENTED_EDGE('',*,*,#539,.F.);
#1232 = ORIENTED_EDGE('',*,*,#499,.F.);
#1233 = ORIENTED_EDGE('',*,*,#1234,.F.);
#1234 = EDGE_CURVE('',#847,#482,#1235,.T.);
#1235 = B_SPLINE_CURVE_WITH_KNOTS('',3,(#1236,#1237,#1238,#1239,#1240,
    #1241,#1242,#1243,#1244,#1245,#1246,#1247,#1248,#1249),
  .UNSPECIFIED.,.F.,.F.,(4,2,2,2,2,2,4),(0.,6.50870212557E-04,
    9.763053188355E-04,1.301740425114E-03,1.627175531392E-03,
    1.952610637671E-03,2.603480850228E-03),.UNSPECIFIED.);
#1236 = CARTESIAN_POINT('',(-0.489502747257,1.59,3.43));
#1237 = CARTESIAN_POINT('',(-0.554679988839,1.801107373806,3.43));
#1238 = CARTESIAN_POINT('',(-0.68629051259,1.978276063244,3.362433530845
    ));
#1239 = CARTESIAN_POINT('',(-0.935384349719,2.161555511904,
    3.253633379906));
#1240 = CARTESIAN_POINT('',(-1.027291329427,2.209685067735,
    3.216097593123));
#1241 = CARTESIAN_POINT('',(-1.227352769967,2.276712274482,
    3.158275539315));
#1242 = CARTESIAN_POINT('',(-1.336394726188,2.294990735884,
    3.139216513124));
#1243 = CARTESIAN_POINT('',(-1.553434605179,2.295009256834,
    3.139198102048));
#1244 = CARTESIAN_POINT('',(-1.662600332285,2.276656599042,
    3.158307872593));
#1245 = CARTESIAN_POINT('',(-1.86153522836,2.210149160841,3.215712835963
    ));
#1246 = CARTESIAN_POINT('',(-1.954330636025,2.161694285675,
    3.253519463159));
#1247 = CARTESIAN_POINT('',(-2.202940394046,1.978983249455,
    3.362076542752));
#1248 = CARTESIAN_POINT('',(-2.335374791775,1.800929940838,3.43));
#1249 = CARTESIAN_POINT('',(-2.400497252743,1.59,3.43));
#1250 = ORIENTED_EDGE('',*,*,#854,.F.);
#1251 = CYLINDRICAL_SURFACE('',#1252,1.);
#1252 = AXIS2_PLACEMENT_3D('',#1253,#1254,#1255);
#1253 = CARTESIAN_POINT('',(-1.445,1.295,-29.16));
#1254 = DIRECTION('',(-0.,-0.,1.));
#1255 = DIRECTION('',(1.,0.,0.));
#1256 = ADVANCED_FACE('',(#1257),#1268,.F.);
#1257 = FACE_BOUND('',#1258,.T.);
#1258 = EDGE_LOOP('',(#1259,#1265,#1266,#1267));
#1259 = ORIENTED_EDGE('',*,*,#1260,.T.);
#1260 = EDGE_CURVE('',#968,#839,#1261,.T.);
#1261 = LINE('',#1262,#1263);
#1262 = CARTESIAN_POINT('',(-0.25,1.295,-29.16));
#1263 = VECTOR('',#1264,1.);
#1264 = DIRECTION('',(-0.,-0.,1.));
#1265 = ORIENTED_EDGE('',*,*,#863,.T.);
#1266 = ORIENTED_EDGE('',*,*,#1206,.F.);
#1267 = ORIENTED_EDGE('',*,*,#975,.F.);
#1268 = PLANE('',#1269);
#1269 = AXIS2_PLACEMENT_3D('',#1270,#1271,#1272);
#1270 = CARTESIAN_POINT('',(-0.445,1.295,-29.16));
#1271 = DIRECTION('',(-0.,1.,0.));
#1272 = DIRECTION('',(0.,0.,1.));
#1273 = ADVANCED_FACE('',(#1274),#1285,.F.);
#1274 = FACE_BOUND('',#1275,.T.);
#1275 = EDGE_LOOP('',(#1276,#1277,#1283,#1284));
#1276 = ORIENTED_EDGE('',*,*,#967,.F.);
#1277 = ORIENTED_EDGE('',*,*,#1278,.T.);
#1278 = EDGE_CURVE('',#960,#837,#1279,.T.);
#1279 = LINE('',#1280,#1281);
#1280 = CARTESIAN_POINT('',(-0.25,1.59,3.43));
#1281 = VECTOR('',#1282,1.);
#1282 = DIRECTION('',(0.,0.,1.));
#1283 = ORIENTED_EDGE('',*,*,#836,.T.);
#1284 = ORIENTED_EDGE('',*,*,#1260,.F.);
#1285 = PLANE('',#1286);
#1286 = AXIS2_PLACEMENT_3D('',#1287,#1288,#1289);
#1287 = CARTESIAN_POINT('',(-0.25,1.295,-29.16));
#1288 = DIRECTION('',(-1.,-4.186108774075E-17,0.));
#1289 = DIRECTION('',(4.186108774075E-17,-1.,0.));
#1290 = ADVANCED_FACE('',(#1291),#1302,.F.);
#1291 = FACE_BOUND('',#1292,.T.);
#1292 = EDGE_LOOP('',(#1293,#1294,#1300,#1301));
#1293 = ORIENTED_EDGE('',*,*,#1029,.T.);
#1294 = ORIENTED_EDGE('',*,*,#1295,.T.);
#1295 = EDGE_CURVE('',#1022,#808,#1296,.T.);
#1296 = LINE('',#1297,#1298);
#1297 = CARTESIAN_POINT('',(0.25,1.59,-3.43));
#1298 = VECTOR('',#1299,1.);
#1299 = DIRECTION('',(0.,0.,-1.));
#1300 = ORIENTED_EDGE('',*,*,#805,.F.);
#1301 = ORIENTED_EDGE('',*,*,#1143,.T.);
#1302 = PLANE('',#1303);
#1303 = AXIS2_PLACEMENT_3D('',#1304,#1305,#1306);
#1304 = CARTESIAN_POINT('',(0.25,2.59,-29.16));
#1305 = DIRECTION('',(1.,-8.372217548151E-17,0.));
#1306 = DIRECTION('',(8.372217548151E-17,1.,0.));
#1307 = ADVANCED_FACE('',(#1308),#1328,.T.);
#1308 = FACE_BOUND('',#1309,.T.);
#1309 = EDGE_LOOP('',(#1310,#1311,#1312,#1319,#1320,#1327));
#1310 = ORIENTED_EDGE('',*,*,#1213,.F.);
#1311 = ORIENTED_EDGE('',*,*,#733,.F.);
#1312 = ORIENTED_EDGE('',*,*,#1313,.F.);
#1313 = EDGE_CURVE('',#621,#724,#1314,.T.);
#1314 = ( BOUNDED_CURVE() B_SPLINE_CURVE(3,(#1315,#1316,#1317,#1318),
.UNSPECIFIED.,.F.,.F.) B_SPLINE_CURVE_WITH_KNOTS((4,4),(1.570796326795,
3.14159265359),.PIECEWISE_BEZIER_KNOTS.) CURVE() 
GEOMETRIC_REPRESENTATION_ITEM() RATIONAL_B_SPLINE_CURVE((1.,
0.804737854124,0.804737854124,1.)) REPRESENTATION_ITEM('') );
#1315 = CARTESIAN_POINT('',(-1.945,2.59,-2.43));
#1316 = CARTESIAN_POINT('',(-2.530786437627,2.59,-3.015786437627));
#1317 = CARTESIAN_POINT('',(-2.945,2.175786437627,-3.43));
#1318 = CARTESIAN_POINT('',(-2.945,1.59,-3.43));
#1319 = ORIENTED_EDGE('',*,*,#620,.F.);
#1320 = ORIENTED_EDGE('',*,*,#1321,.F.);
#1321 = EDGE_CURVE('',#960,#613,#1322,.T.);
#1322 = ( BOUNDED_CURVE() B_SPLINE_CURVE(3,(#1323,#1324,#1325,#1326),
.UNSPECIFIED.,.F.,.F.) B_SPLINE_CURVE_WITH_KNOTS((4,4),(0.,
1.570796326795),.PIECEWISE_BEZIER_KNOTS.) CURVE() 
GEOMETRIC_REPRESENTATION_ITEM() RATIONAL_B_SPLINE_CURVE((1.,
0.804737854124,0.804737854124,1.)) REPRESENTATION_ITEM('') );
#1323 = CARTESIAN_POINT('',(-0.25,1.59,-3.43));
#1324 = CARTESIAN_POINT('',(-0.25,2.175786437627,-3.43));
#1325 = CARTESIAN_POINT('',(-0.664213562373,2.59,-3.015786437627));
#1326 = CARTESIAN_POINT('',(-1.25,2.59,-2.43));
#1327 = ORIENTED_EDGE('',*,*,#959,.F.);
#1328 = CYLINDRICAL_SURFACE('',#1329,1.);
#1329 = AXIS2_PLACEMENT_3D('',#1330,#1331,#1332);
#1330 = CARTESIAN_POINT('',(0.,1.59,-2.43));
#1331 = DIRECTION('',(1.,0.,0.));
#1332 = DIRECTION('',(0.,0.,-1.));
#1333 = ADVANCED_FACE('',(#1334),#1371,.T.);
#1334 = FACE_BOUND('',#1335,.T.);
#1335 = EDGE_LOOP('',(#1336,#1345,#1346,#1347,#1348,#1355,#1356,#1365));
#1336 = ORIENTED_EDGE('',*,*,#1337,.F.);
#1337 = EDGE_CURVE('',#605,#1338,#1340,.T.);
#1338 = VERTEX_POINT('',#1339);
#1339 = CARTESIAN_POINT('',(-2.25,2.542352350761,-0.5));
#1340 = ( BOUNDED_CURVE() B_SPLINE_CURVE(3,(#1341,#1342,#1343,#1344),
.UNSPECIFIED.,.F.,.F.) B_SPLINE_CURVE_WITH_KNOTS((4,4),(1.570796326795,
1.880734756073),.PIECEWISE_BEZIER_KNOTS.) CURVE() 
GEOMETRIC_REPRESENTATION_ITEM() RATIONAL_B_SPLINE_CURVE((1.,
0.992010855302,0.992010855302,1.)) REPRESENTATION_ITEM('') );
#1341 = CARTESIAN_POINT('',(-1.945,2.59,-0.78365));
#1342 = CARTESIAN_POINT('',(-2.048728490538,2.59,-0.6871825038));
#1343 = CARTESIAN_POINT('',(-2.151213928195,2.573989540375,
    -0.591871046778));
#1344 = CARTESIAN_POINT('',(-2.25,2.542352350761,-0.5));
#1345 = ORIENTED_EDGE('',*,*,#628,.F.);
#1346 = ORIENTED_EDGE('',*,*,#1313,.T.);
#1347 = ORIENTED_EDGE('',*,*,#999,.F.);
#1348 = ORIENTED_EDGE('',*,*,#1349,.F.);
#1349 = EDGE_CURVE('',#888,#990,#1350,.T.);
#1350 = ( BOUNDED_CURVE() B_SPLINE_CURVE(3,(#1351,#1352,#1353,#1354),
.UNSPECIFIED.,.F.,.F.) B_SPLINE_CURVE_WITH_KNOTS((4,4),(1.570796326795,
3.14159265359),.PIECEWISE_BEZIER_KNOTS.) CURVE() 
GEOMETRIC_REPRESENTATION_ITEM() RATIONAL_B_SPLINE_CURVE((1.,
0.804737854124,0.804737854124,1.)) REPRESENTATION_ITEM('') );
#1351 = CARTESIAN_POINT('',(-1.945,2.59,2.43));
#1352 = CARTESIAN_POINT('',(-2.530786437627,2.59,3.015786437627));
#1353 = CARTESIAN_POINT('',(-2.945,2.175786437627,3.43));
#1354 = CARTESIAN_POINT('',(-2.945,1.59,3.43));
#1355 = ORIENTED_EDGE('',*,*,#887,.F.);
#1356 = ORIENTED_EDGE('',*,*,#1357,.F.);
#1357 = EDGE_CURVE('',#1358,#878,#1360,.T.);
#1358 = VERTEX_POINT('',#1359);
#1359 = CARTESIAN_POINT('',(-2.25,2.542352350761,0.5));
#1360 = ( BOUNDED_CURVE() B_SPLINE_CURVE(3,(#1361,#1362,#1363,#1364),
.UNSPECIFIED.,.F.,.F.) B_SPLINE_CURVE_WITH_KNOTS((4,4),(1.260857897517,
1.570796326795),.PIECEWISE_BEZIER_KNOTS.) CURVE() 
GEOMETRIC_REPRESENTATION_ITEM() RATIONAL_B_SPLINE_CURVE((1.,
0.992010855302,0.992010855302,1.)) REPRESENTATION_ITEM('') );
#1361 = CARTESIAN_POINT('',(-2.25,2.542352350761,0.5));
#1362 = CARTESIAN_POINT('',(-2.151213928195,2.573989540375,
    0.591871046778));
#1363 = CARTESIAN_POINT('',(-2.048728490538,2.59,0.6871825038));
#1364 = CARTESIAN_POINT('',(-1.945,2.59,0.78365));
#1365 = ORIENTED_EDGE('',*,*,#1366,.F.);
#1366 = EDGE_CURVE('',#1338,#1358,#1367,.T.);
#1367 = LINE('',#1368,#1369);
#1368 = CARTESIAN_POINT('',(-2.25,2.542352350761,2.459210758582E-16));
#1369 = VECTOR('',#1370,1.);
#1370 = DIRECTION('',(1.264375711353E-16,-0.,1.));
#1371 = CYLINDRICAL_SURFACE('',#1372,1.);
#1372 = AXIS2_PLACEMENT_3D('',#1373,#1374,#1375);
#1373 = CARTESIAN_POINT('',(-1.945,1.59,2.459210758582E-16));
#1374 = DIRECTION('',(-1.264375711353E-16,0.,-1.));
#1375 = DIRECTION('',(-1.,0.,1.264375711353E-16));
#1376 = ADVANCED_FACE('',(#1377),#1396,.T.);
#1377 = FACE_BOUND('',#1378,.T.);
#1378 = EDGE_LOOP('',(#1379,#1380,#1381,#1387,#1388,#1395));
#1379 = ORIENTED_EDGE('',*,*,#1321,.T.);
#1380 = ORIENTED_EDGE('',*,*,#612,.F.);
#1381 = ORIENTED_EDGE('',*,*,#1382,.F.);
#1382 = EDGE_CURVE('',#880,#603,#1383,.T.);
#1383 = LINE('',#1384,#1385);
#1384 = CARTESIAN_POINT('',(-1.25,2.59,-1.43));
#1385 = VECTOR('',#1386,1.);
#1386 = DIRECTION('',(-0.,-0.,-1.));
#1387 = ORIENTED_EDGE('',*,*,#903,.F.);
#1388 = ORIENTED_EDGE('',*,*,#1389,.F.);
#1389 = EDGE_CURVE('',#837,#896,#1390,.T.);
#1390 = ( BOUNDED_CURVE() B_SPLINE_CURVE(3,(#1391,#1392,#1393,#1394),
.UNSPECIFIED.,.F.,.F.) B_SPLINE_CURVE_WITH_KNOTS((4,4),(3.14159265359,
4.712388980385),.PIECEWISE_BEZIER_KNOTS.) CURVE() 
GEOMETRIC_REPRESENTATION_ITEM() RATIONAL_B_SPLINE_CURVE((1.,
0.804737854124,0.804737854124,1.)) REPRESENTATION_ITEM('') );
#1391 = CARTESIAN_POINT('',(-0.25,1.59,3.43));
#1392 = CARTESIAN_POINT('',(-0.25,2.175786437627,3.43));
#1393 = CARTESIAN_POINT('',(-0.664213562373,2.59,3.015786437627));
#1394 = CARTESIAN_POINT('',(-1.25,2.59,2.43));
#1395 = ORIENTED_EDGE('',*,*,#1278,.F.);
#1396 = CYLINDRICAL_SURFACE('',#1397,1.);
#1397 = AXIS2_PLACEMENT_3D('',#1398,#1399,#1400);
#1398 = CARTESIAN_POINT('',(-1.25,1.59,-29.16));
#1399 = DIRECTION('',(0.,0.,-1.));
#1400 = DIRECTION('',(-1.,0.,0.));
#1401 = ADVANCED_FACE('',(#1402),#1416,.T.);
#1402 = FACE_BOUND('',#1403,.T.);
#1403 = EDGE_LOOP('',(#1404,#1405,#1406,#1407,#1408,#1409,#1415));
#1404 = ORIENTED_EDGE('',*,*,#1234,.F.);
#1405 = ORIENTED_EDGE('',*,*,#846,.F.);
#1406 = ORIENTED_EDGE('',*,*,#1389,.T.);
#1407 = ORIENTED_EDGE('',*,*,#895,.F.);
#1408 = ORIENTED_EDGE('',*,*,#1349,.T.);
#1409 = ORIENTED_EDGE('',*,*,#1410,.T.);
#1410 = EDGE_CURVE('',#990,#484,#1411,.T.);
#1411 = LINE('',#1412,#1413);
#1412 = CARTESIAN_POINT('',(1.91287794622E-33,1.59,3.43));
#1413 = VECTOR('',#1414,1.);
#1414 = DIRECTION('',(1.,-0.,-0.));
#1415 = ORIENTED_EDGE('',*,*,#481,.F.);
#1416 = CYLINDRICAL_SURFACE('',#1417,1.);
#1417 = AXIS2_PLACEMENT_3D('',#1418,#1419,#1420);
#1418 = CARTESIAN_POINT('',(0.,1.59,2.43));
#1419 = DIRECTION('',(-1.,0.,0.));
#1420 = DIRECTION('',(0.,0.,1.));
#1421 = ADVANCED_FACE('',(#1422),#1448,.T.);
#1422 = FACE_BOUND('',#1423,.T.);
#1423 = EDGE_LOOP('',(#1424,#1425,#1426,#1432,#1439,#1440,#1447));
#1424 = ORIENTED_EDGE('',*,*,#285,.F.);
#1425 = ORIENTED_EDGE('',*,*,#466,.F.);
#1426 = ORIENTED_EDGE('',*,*,#1427,.F.);
#1427 = EDGE_CURVE('',#919,#459,#1428,.T.);
#1428 = LINE('',#1429,#1430);
#1429 = CARTESIAN_POINT('',(0.25,1.59,3.43));
#1430 = VECTOR('',#1431,1.);
#1431 = DIRECTION('',(-1.,-0.,-0.));
#1432 = ORIENTED_EDGE('',*,*,#1433,.F.);
#1433 = EDGE_CURVE('',#661,#919,#1434,.T.);
#1434 = ( BOUNDED_CURVE() B_SPLINE_CURVE(3,(#1435,#1436,#1437,#1438),
.UNSPECIFIED.,.F.,.F.) B_SPLINE_CURVE_WITH_KNOTS((4,4),(1.570796326795,
3.14159265359),.PIECEWISE_BEZIER_KNOTS.) CURVE() 
GEOMETRIC_REPRESENTATION_ITEM() RATIONAL_B_SPLINE_CURVE((1.,
0.804737854124,0.804737854124,1.)) REPRESENTATION_ITEM('') );
#1435 = CARTESIAN_POINT('',(1.945,2.59,2.43));
#1436 = CARTESIAN_POINT('',(2.530786437627,2.59,3.015786437627));
#1437 = CARTESIAN_POINT('',(2.945,2.175786437627,3.43));
#1438 = CARTESIAN_POINT('',(2.945,1.59,3.43));
#1439 = ORIENTED_EDGE('',*,*,#660,.F.);
#1440 = ORIENTED_EDGE('',*,*,#1441,.F.);
#1441 = EDGE_CURVE('',#1022,#653,#1442,.T.);
#1442 = ( BOUNDED_CURVE() B_SPLINE_CURVE(3,(#1443,#1444,#1445,#1446),
.UNSPECIFIED.,.F.,.F.) B_SPLINE_CURVE_WITH_KNOTS((4,4),(0.,
1.570796326795),.PIECEWISE_BEZIER_KNOTS.) CURVE() 
GEOMETRIC_REPRESENTATION_ITEM() RATIONAL_B_SPLINE_CURVE((1.,
0.804737854124,0.804737854124,1.)) REPRESENTATION_ITEM('') );
#1443 = CARTESIAN_POINT('',(0.25,1.59,3.43));
#1444 = CARTESIAN_POINT('',(0.25,2.175786437627,3.43));
#1445 = CARTESIAN_POINT('',(0.664213562373,2.59,3.015786437627));
#1446 = CARTESIAN_POINT('',(1.25,2.59,2.43));
#1447 = ORIENTED_EDGE('',*,*,#1021,.F.);
#1448 = CYLINDRICAL_SURFACE('',#1449,1.);
#1449 = AXIS2_PLACEMENT_3D('',#1450,#1451,#1452);
#1450 = CARTESIAN_POINT('',(0.,1.59,2.43));
#1451 = DIRECTION('',(-1.,0.,0.));
#1452 = DIRECTION('',(0.,0.,1.));
#1453 = ADVANCED_FACE('',(#1454),#1491,.T.);
#1454 = FACE_BOUND('',#1455,.T.);
#1455 = EDGE_LOOP('',(#1456,#1465,#1466,#1467,#1468,#1475,#1476,#1485));
#1456 = ORIENTED_EDGE('',*,*,#1457,.F.);
#1457 = EDGE_CURVE('',#645,#1458,#1460,.T.);
#1458 = VERTEX_POINT('',#1459);
#1459 = CARTESIAN_POINT('',(2.25,2.542352350761,0.5));
#1460 = ( BOUNDED_CURVE() B_SPLINE_CURVE(3,(#1461,#1462,#1463,#1464),
.UNSPECIFIED.,.F.,.F.) B_SPLINE_CURVE_WITH_KNOTS((4,4),(1.570796326795,
1.880734756073),.PIECEWISE_BEZIER_KNOTS.) CURVE() 
GEOMETRIC_REPRESENTATION_ITEM() RATIONAL_B_SPLINE_CURVE((1.,
0.992010855302,0.992010855302,1.)) REPRESENTATION_ITEM('') );
#1461 = CARTESIAN_POINT('',(1.945,2.59,0.78365));
#1462 = CARTESIAN_POINT('',(2.048728490538,2.59,0.6871825038));
#1463 = CARTESIAN_POINT('',(2.151213928195,2.573989540375,0.591871046778
    ));
#1464 = CARTESIAN_POINT('',(2.25,2.542352350761,0.5));
#1465 = ORIENTED_EDGE('',*,*,#668,.F.);
#1466 = ORIENTED_EDGE('',*,*,#1433,.T.);
#1467 = ORIENTED_EDGE('',*,*,#918,.F.);
#1468 = ORIENTED_EDGE('',*,*,#1469,.F.);
#1469 = EDGE_CURVE('',#1062,#758,#1470,.T.);
#1470 = ( BOUNDED_CURVE() B_SPLINE_CURVE(3,(#1471,#1472,#1473,#1474),
.UNSPECIFIED.,.F.,.F.) B_SPLINE_CURVE_WITH_KNOTS((4,4),(1.570796326795,
3.14159265359),.PIECEWISE_BEZIER_KNOTS.) CURVE() 
GEOMETRIC_REPRESENTATION_ITEM() RATIONAL_B_SPLINE_CURVE((1.,
0.804737854124,0.804737854124,1.)) REPRESENTATION_ITEM('') );
#1471 = CARTESIAN_POINT('',(1.945,2.59,-2.43));
#1472 = CARTESIAN_POINT('',(2.530786437627,2.59,-3.015786437627));
#1473 = CARTESIAN_POINT('',(2.945,2.175786437627,-3.43));
#1474 = CARTESIAN_POINT('',(2.945,1.59,-3.43));
#1475 = ORIENTED_EDGE('',*,*,#1061,.F.);
#1476 = ORIENTED_EDGE('',*,*,#1477,.F.);
#1477 = EDGE_CURVE('',#1478,#1052,#1480,.T.);
#1478 = VERTEX_POINT('',#1479);
#1479 = CARTESIAN_POINT('',(2.25,2.542352350761,-0.5));
#1480 = ( BOUNDED_CURVE() B_SPLINE_CURVE(3,(#1481,#1482,#1483,#1484),
.UNSPECIFIED.,.F.,.F.) B_SPLINE_CURVE_WITH_KNOTS((4,4),(1.260857897517,
1.570796326795),.PIECEWISE_BEZIER_KNOTS.) CURVE() 
GEOMETRIC_REPRESENTATION_ITEM() RATIONAL_B_SPLINE_CURVE((1.,
0.992010855302,0.992010855302,1.)) REPRESENTATION_ITEM('') );
#1481 = CARTESIAN_POINT('',(2.25,2.542352350761,-0.5));
#1482 = CARTESIAN_POINT('',(2.151213928195,2.573989540375,
    -0.591871046778));
#1483 = CARTESIAN_POINT('',(2.048728490538,2.59,-0.6871825038));
#1484 = CARTESIAN_POINT('',(1.945,2.59,-0.78365));
#1485 = ORIENTED_EDGE('',*,*,#1486,.F.);
#1486 = EDGE_CURVE('',#1458,#1478,#1487,.T.);
#1487 = LINE('',#1488,#1489);
#1488 = CARTESIAN_POINT('',(2.25,2.542352350761,-2.459210758582E-16));
#1489 = VECTOR('',#1490,1.);
#1490 = DIRECTION('',(-1.264375711353E-16,0.,-1.));
#1491 = CYLINDRICAL_SURFACE('',#1492,1.);
#1492 = AXIS2_PLACEMENT_3D('',#1493,#1494,#1495);
#1493 = CARTESIAN_POINT('',(1.945,1.59,-2.459210758582E-16));
#1494 = DIRECTION('',(1.264375711353E-16,-0.,1.));
#1495 = DIRECTION('',(1.,0.,-1.264375711353E-16));
#1496 = ADVANCED_FACE('',(#1497),#1516,.T.);
#1497 = FACE_BOUND('',#1498,.T.);
#1498 = EDGE_LOOP('',(#1499,#1500,#1501,#1507,#1508,#1515));
#1499 = ORIENTED_EDGE('',*,*,#1441,.T.);
#1500 = ORIENTED_EDGE('',*,*,#652,.F.);
#1501 = ORIENTED_EDGE('',*,*,#1502,.F.);
#1502 = EDGE_CURVE('',#1054,#643,#1503,.T.);
#1503 = LINE('',#1504,#1505);
#1504 = CARTESIAN_POINT('',(1.25,2.59,-1.43));
#1505 = VECTOR('',#1506,1.);
#1506 = DIRECTION('',(-4.549100024415E-16,0.,1.));
#1507 = ORIENTED_EDGE('',*,*,#1077,.F.);
#1508 = ORIENTED_EDGE('',*,*,#1509,.F.);
#1509 = EDGE_CURVE('',#808,#1070,#1510,.T.);
#1510 = ( BOUNDED_CURVE() B_SPLINE_CURVE(3,(#1511,#1512,#1513,#1514),
.UNSPECIFIED.,.F.,.F.) B_SPLINE_CURVE_WITH_KNOTS((4,4),(3.14159265359,
4.712388980385),.PIECEWISE_BEZIER_KNOTS.) CURVE() 
GEOMETRIC_REPRESENTATION_ITEM() RATIONAL_B_SPLINE_CURVE((1.,
0.804737854124,0.804737854124,1.)) REPRESENTATION_ITEM('') );
#1511 = CARTESIAN_POINT('',(0.25,1.59,-3.43));
#1512 = CARTESIAN_POINT('',(0.25,2.175786437627,-3.43));
#1513 = CARTESIAN_POINT('',(0.664213562373,2.59,-3.015786437627));
#1514 = CARTESIAN_POINT('',(1.25,2.59,-2.43));
#1515 = ORIENTED_EDGE('',*,*,#1295,.F.);
#1516 = CYLINDRICAL_SURFACE('',#1517,1.);
#1517 = AXIS2_PLACEMENT_3D('',#1518,#1519,#1520);
#1518 = CARTESIAN_POINT('',(1.25,1.59,-29.16));
#1519 = DIRECTION('',(-0.,0.,1.));
#1520 = DIRECTION('',(1.,0.,0.));
#1521 = ADVANCED_FACE('',(#1522),#1530,.T.);
#1522 = FACE_BOUND('',#1523,.T.);
#1523 = EDGE_LOOP('',(#1524,#1525,#1526,#1527,#1528,#1529));
#1524 = ORIENTED_EDGE('',*,*,#238,.F.);
#1525 = ORIENTED_EDGE('',*,*,#815,.F.);
#1526 = ORIENTED_EDGE('',*,*,#1509,.T.);
#1527 = ORIENTED_EDGE('',*,*,#1069,.F.);
#1528 = ORIENTED_EDGE('',*,*,#1469,.T.);
#1529 = ORIENTED_EDGE('',*,*,#757,.F.);
#1530 = CYLINDRICAL_SURFACE('',#1531,1.);
#1531 = AXIS2_PLACEMENT_3D('',#1532,#1533,#1534);
#1532 = CARTESIAN_POINT('',(0.,1.59,-2.43));
#1533 = DIRECTION('',(1.,0.,0.));
#1534 = DIRECTION('',(0.,0.,-1.));
#1535 = ADVANCED_FACE('',(#1536),#1557,.T.);
#1536 = FACE_BOUND('',#1537,.T.);
#1537 = EDGE_LOOP('',(#1538,#1546,#1547,#1548,#1549,#1550));
#1538 = ORIENTED_EDGE('',*,*,#1539,.F.);
#1539 = EDGE_CURVE('',#580,#1540,#1542,.T.);
#1540 = VERTEX_POINT('',#1541);
#1541 = CARTESIAN_POINT('',(2.835491437354,0.545,6.121791120535));
#1542 = LINE('',#1543,#1544);
#1543 = CARTESIAN_POINT('',(2.835491437354,0.545,-3.43));
#1544 = VECTOR('',#1545,1.);
#1545 = DIRECTION('',(1.264375711353E-16,-0.,1.));
#1546 = ORIENTED_EDGE('',*,*,#579,.F.);
#1547 = ORIENTED_EDGE('',*,*,#1102,.F.);
#1548 = ORIENTED_EDGE('',*,*,#773,.F.);
#1549 = ORIENTED_EDGE('',*,*,#934,.F.);
#1550 = ORIENTED_EDGE('',*,*,#1551,.F.);
#1551 = EDGE_CURVE('',#1540,#927,#1552,.T.);
#1552 = ( BOUNDED_CURVE() B_SPLINE_CURVE(3,(#1553,#1554,#1555,#1556),
.UNSPECIFIED.,.F.,.F.) B_SPLINE_CURVE_WITH_KNOTS((4,4),(5.810813093051,
6.28318530718),.PIECEWISE_BEZIER_KNOTS.) CURVE() 
GEOMETRIC_REPRESENTATION_ITEM() RATIONAL_B_SPLINE_CURVE((1.,
0.981491653731,0.981491653731,1.)) REPRESENTATION_ITEM('') );
#1553 = CARTESIAN_POINT('',(2.835491437354,0.545,6.121791120535));
#1554 = CARTESIAN_POINT('',(2.907808798142,0.686534045175,4.344183735984
    ));
#1555 = CARTESIAN_POINT('',(2.945,0.841060745519,3.43));
#1556 = CARTESIAN_POINT('',(2.945,1.,3.43));
#1557 = CYLINDRICAL_SURFACE('',#1558,1.);
#1558 = AXIS2_PLACEMENT_3D('',#1559,#1560,#1561);
#1559 = CARTESIAN_POINT('',(1.945,1.,-3.43));
#1560 = DIRECTION('',(-1.264375711353E-16,0.,-1.));
#1561 = DIRECTION('',(-1.,0.,1.264375711353E-16));
#1562 = ADVANCED_FACE('',(#1563),#1584,.T.);
#1563 = FACE_BOUND('',#1564,.T.);
#1564 = EDGE_LOOP('',(#1565,#1566,#1574,#1581,#1582,#1583));
#1565 = ORIENTED_EDGE('',*,*,#562,.F.);
#1566 = ORIENTED_EDGE('',*,*,#1567,.F.);
#1567 = EDGE_CURVE('',#1568,#555,#1570,.T.);
#1568 = VERTEX_POINT('',#1569);
#1569 = CARTESIAN_POINT('',(-2.835491437354,0.545,6.121791120535));
#1570 = LINE('',#1571,#1572);
#1571 = CARTESIAN_POINT('',(-2.835491437354,0.545,-3.43));
#1572 = VECTOR('',#1573,1.);
#1573 = DIRECTION('',(-1.264375711353E-16,0.,-1.));
#1574 = ORIENTED_EDGE('',*,*,#1575,.F.);
#1575 = EDGE_CURVE('',#992,#1568,#1576,.T.);
#1576 = ( BOUNDED_CURVE() B_SPLINE_CURVE(3,(#1577,#1578,#1579,#1580),
.UNSPECIFIED.,.F.,.F.) B_SPLINE_CURVE_WITH_KNOTS((4,4),(
7.503129221353E-17,0.472372214129),.PIECEWISE_BEZIER_KNOTS.) CURVE() 
GEOMETRIC_REPRESENTATION_ITEM() RATIONAL_B_SPLINE_CURVE((1.,
0.981491653731,0.981491653731,1.)) REPRESENTATION_ITEM('') );
#1577 = CARTESIAN_POINT('',(-2.945,1.,3.43));
#1578 = CARTESIAN_POINT('',(-2.945,0.841060745519,3.43));
#1579 = CARTESIAN_POINT('',(-2.907808798142,0.686534045175,
    4.344183735984));
#1580 = CARTESIAN_POINT('',(-2.835491437354,0.545,6.121791120535));
#1581 = ORIENTED_EDGE('',*,*,#1006,.F.);
#1582 = ORIENTED_EDGE('',*,*,#790,.F.);
#1583 = ORIENTED_EDGE('',*,*,#1109,.F.);
#1584 = CYLINDRICAL_SURFACE('',#1585,1.);
#1585 = AXIS2_PLACEMENT_3D('',#1586,#1587,#1588);
#1586 = CARTESIAN_POINT('',(-1.945,1.,-3.43));
#1587 = DIRECTION('',(1.264375711353E-16,-0.,1.));
#1588 = DIRECTION('',(1.,0.,-1.264375711353E-16));
#1589 = ADVANCED_FACE('',(#1590,#1600),#1604,.T.);
#1590 = FACE_BOUND('',#1591,.T.);
#1591 = EDGE_LOOP('',(#1592,#1599));
#1592 = ORIENTED_EDGE('',*,*,#1593,.T.);
#1593 = EDGE_CURVE('',#163,#161,#1594,.T.);
#1594 = CIRCLE('',#1595,0.95);
#1595 = AXIS2_PLACEMENT_3D('',#1596,#1597,#1598);
#1596 = CARTESIAN_POINT('',(1.125469383203E-17,0.445,0.28));
#1597 = DIRECTION('',(7.503129221353E-17,1.,0.));
#1598 = DIRECTION('',(1.,-7.503129221353E-17,0.));
#1599 = ORIENTED_EDGE('',*,*,#160,.T.);
#1600 = FACE_BOUND('',#1601,.T.);
#1601 = EDGE_LOOP('',(#1602,#1603));
#1602 = ORIENTED_EDGE('',*,*,#363,.F.);
#1603 = ORIENTED_EDGE('',*,*,#1125,.F.);
#1604 = PLANE('',#1605);
#1605 = AXIS2_PLACEMENT_3D('',#1606,#1607,#1608);
#1606 = CARTESIAN_POINT('',(1.125469383203E-17,0.445,0.28));
#1607 = DIRECTION('',(7.503129221353E-17,1.,0.));
#1608 = DIRECTION('',(-1.,7.503129221353E-17,0.));
#1609 = ADVANCED_FACE('',(#1610),#1616,.T.);
#1610 = FACE_BOUND('',#1611,.T.);
#1611 = EDGE_LOOP('',(#1612,#1613,#1614,#1615));
#1612 = ORIENTED_EDGE('',*,*,#171,.F.);
#1613 = ORIENTED_EDGE('',*,*,#1593,.F.);
#1614 = ORIENTED_EDGE('',*,*,#188,.T.);
#1615 = ORIENTED_EDGE('',*,*,#707,.T.);
#1616 = CYLINDRICAL_SURFACE('',#1617,0.95);
#1617 = AXIS2_PLACEMENT_3D('',#1618,#1619,#1620);
#1618 = CARTESIAN_POINT('',(1.125469383203E-17,0.445,0.28));
#1619 = DIRECTION('',(-7.503129221353E-17,-1.,-0.));
#1620 = DIRECTION('',(1.,-7.503129221353E-17,0.));
#1621 = ADVANCED_FACE('',(#1622),#1638,.F.);
#1622 = FACE_BOUND('',#1623,.T.);
#1623 = EDGE_LOOP('',(#1624,#1630,#1631,#1637));
#1624 = ORIENTED_EDGE('',*,*,#1625,.T.);
#1625 = EDGE_CURVE('',#222,#1458,#1626,.T.);
#1626 = LINE('',#1627,#1628);
#1627 = CARTESIAN_POINT('',(2.25,1.59,0.5));
#1628 = VECTOR('',#1629,1.);
#1629 = DIRECTION('',(-0.,1.,-0.));
#1630 = ORIENTED_EDGE('',*,*,#1486,.T.);
#1631 = ORIENTED_EDGE('',*,*,#1632,.F.);
#1632 = EDGE_CURVE('',#213,#1478,#1633,.T.);
#1633 = LINE('',#1634,#1635);
#1634 = CARTESIAN_POINT('',(2.25,1.59,-0.5));
#1635 = VECTOR('',#1636,1.);
#1636 = DIRECTION('',(-0.,1.,-0.));
#1637 = ORIENTED_EDGE('',*,*,#221,.F.);
#1638 = PLANE('',#1639);
#1639 = AXIS2_PLACEMENT_3D('',#1640,#1641,#1642);
#1640 = CARTESIAN_POINT('',(2.25,1.59,0.5));
#1641 = DIRECTION('',(1.,0.,0.));
#1642 = DIRECTION('',(0.,0.,-1.));
#1643 = ADVANCED_FACE('',(#1644),#1656,.F.);
#1644 = FACE_BOUND('',#1645,.T.);
#1645 = EDGE_LOOP('',(#1646,#1652,#1653,#1654,#1655));
#1646 = ORIENTED_EDGE('',*,*,#1647,.T.);
#1647 = EDGE_CURVE('',#205,#643,#1648,.T.);
#1648 = LINE('',#1649,#1650);
#1649 = CARTESIAN_POINT('',(1.25,1.59,1.43));
#1650 = VECTOR('',#1651,1.);
#1651 = DIRECTION('',(-0.,1.,-0.));
#1652 = ORIENTED_EDGE('',*,*,#642,.T.);
#1653 = ORIENTED_EDGE('',*,*,#1457,.T.);
#1654 = ORIENTED_EDGE('',*,*,#1625,.F.);
#1655 = ORIENTED_EDGE('',*,*,#229,.F.);
#1656 = PLANE('',#1657);
#1657 = AXIS2_PLACEMENT_3D('',#1658,#1659,#1660);
#1658 = CARTESIAN_POINT('',(2.25,1.59,0.5));
#1659 = DIRECTION('',(0.681012642079,0.,0.732271658149));
#1660 = DIRECTION('',(0.732271658149,0.,-0.681012642079));
#1661 = ADVANCED_FACE('',(#1662),#1673,.F.);
#1662 = FACE_BOUND('',#1663,.T.);
#1663 = EDGE_LOOP('',(#1664,#1670,#1671,#1672));
#1664 = ORIENTED_EDGE('',*,*,#1665,.T.);
#1665 = EDGE_CURVE('',#203,#1054,#1666,.T.);
#1666 = LINE('',#1667,#1668);
#1667 = CARTESIAN_POINT('',(1.25,1.59,-1.43));
#1668 = VECTOR('',#1669,1.);
#1669 = DIRECTION('',(-0.,1.,-0.));
#1670 = ORIENTED_EDGE('',*,*,#1502,.T.);
#1671 = ORIENTED_EDGE('',*,*,#1647,.F.);
#1672 = ORIENTED_EDGE('',*,*,#202,.F.);
#1673 = PLANE('',#1674);
#1674 = AXIS2_PLACEMENT_3D('',#1675,#1676,#1677);
#1675 = CARTESIAN_POINT('',(1.25,1.59,-1.43));
#1676 = DIRECTION('',(-1.,0.,-4.549100024415E-16));
#1677 = DIRECTION('',(-4.549100024415E-16,0.,1.));
#1678 = ADVANCED_FACE('',(#1679),#1686,.F.);
#1679 = FACE_BOUND('',#1680,.T.);
#1680 = EDGE_LOOP('',(#1681,#1682,#1683,#1684,#1685));
#1681 = ORIENTED_EDGE('',*,*,#1632,.T.);
#1682 = ORIENTED_EDGE('',*,*,#1477,.T.);
#1683 = ORIENTED_EDGE('',*,*,#1051,.T.);
#1684 = ORIENTED_EDGE('',*,*,#1665,.F.);
#1685 = ORIENTED_EDGE('',*,*,#212,.F.);
#1686 = PLANE('',#1687);
#1687 = AXIS2_PLACEMENT_3D('',#1688,#1689,#1690);
#1688 = CARTESIAN_POINT('',(2.25,1.59,-0.5));
#1689 = DIRECTION('',(0.681012642079,0.,-0.732271658149));
#1690 = DIRECTION('',(-0.732271658149,0.,-0.681012642079));
#1691 = ADVANCED_FACE('',(#1692),#1708,.F.);
#1692 = FACE_BOUND('',#1693,.T.);
#1693 = EDGE_LOOP('',(#1694,#1700,#1701,#1707));
#1694 = ORIENTED_EDGE('',*,*,#1695,.T.);
#1695 = EDGE_CURVE('',#1182,#1338,#1696,.T.);
#1696 = LINE('',#1697,#1698);
#1697 = CARTESIAN_POINT('',(-2.25,1.59,-0.5));
#1698 = VECTOR('',#1699,1.);
#1699 = DIRECTION('',(-0.,1.,-0.));
#1700 = ORIENTED_EDGE('',*,*,#1366,.T.);
#1701 = ORIENTED_EDGE('',*,*,#1702,.F.);
#1702 = EDGE_CURVE('',#1171,#1358,#1703,.T.);
#1703 = LINE('',#1704,#1705);
#1704 = CARTESIAN_POINT('',(-2.25,1.59,0.5));
#1705 = VECTOR('',#1706,1.);
#1706 = DIRECTION('',(-0.,1.,-0.));
#1707 = ORIENTED_EDGE('',*,*,#1181,.F.);
#1708 = PLANE('',#1709);
#1709 = AXIS2_PLACEMENT_3D('',#1710,#1711,#1712);
#1710 = CARTESIAN_POINT('',(-2.25,1.59,0.5));
#1711 = DIRECTION('',(-1.,0.,-0.));
#1712 = DIRECTION('',(0.,0.,1.));
#1713 = ADVANCED_FACE('',(#1714),#1726,.F.);
#1714 = FACE_BOUND('',#1715,.T.);
#1715 = EDGE_LOOP('',(#1716,#1722,#1723,#1724,#1725));
#1716 = ORIENTED_EDGE('',*,*,#1717,.T.);
#1717 = EDGE_CURVE('',#1190,#603,#1718,.T.);
#1718 = LINE('',#1719,#1720);
#1719 = CARTESIAN_POINT('',(-1.25,1.59,-1.43));
#1720 = VECTOR('',#1721,1.);
#1721 = DIRECTION('',(-0.,1.,-0.));
#1722 = ORIENTED_EDGE('',*,*,#602,.T.);
#1723 = ORIENTED_EDGE('',*,*,#1337,.T.);
#1724 = ORIENTED_EDGE('',*,*,#1695,.F.);
#1725 = ORIENTED_EDGE('',*,*,#1189,.F.);
#1726 = PLANE('',#1727);
#1727 = AXIS2_PLACEMENT_3D('',#1728,#1729,#1730);
#1728 = CARTESIAN_POINT('',(-2.25,1.59,-0.5));
#1729 = DIRECTION('',(-0.681012642079,0.,-0.732271658149));
#1730 = DIRECTION('',(-0.732271658149,0.,0.681012642079));
#1731 = ADVANCED_FACE('',(#1732),#1743,.F.);
#1732 = FACE_BOUND('',#1733,.T.);
#1733 = EDGE_LOOP('',(#1734,#1740,#1741,#1742));
#1734 = ORIENTED_EDGE('',*,*,#1735,.T.);
#1735 = EDGE_CURVE('',#1173,#880,#1736,.T.);
#1736 = LINE('',#1737,#1738);
#1737 = CARTESIAN_POINT('',(-1.25,1.59,1.43));
#1738 = VECTOR('',#1739,1.);
#1739 = DIRECTION('',(-0.,1.,-0.));
#1740 = ORIENTED_EDGE('',*,*,#1382,.T.);
#1741 = ORIENTED_EDGE('',*,*,#1717,.F.);
#1742 = ORIENTED_EDGE('',*,*,#1198,.F.);
#1743 = PLANE('',#1744);
#1744 = AXIS2_PLACEMENT_3D('',#1745,#1746,#1747);
#1745 = CARTESIAN_POINT('',(-1.25,1.59,-1.43));
#1746 = DIRECTION('',(1.,0.,-0.));
#1747 = DIRECTION('',(-0.,0.,-1.));
#1748 = ADVANCED_FACE('',(#1749),#1756,.F.);
#1749 = FACE_BOUND('',#1750,.T.);
#1750 = EDGE_LOOP('',(#1751,#1752,#1753,#1754,#1755));
#1751 = ORIENTED_EDGE('',*,*,#1702,.T.);
#1752 = ORIENTED_EDGE('',*,*,#1357,.T.);
#1753 = ORIENTED_EDGE('',*,*,#877,.T.);
#1754 = ORIENTED_EDGE('',*,*,#1735,.F.);
#1755 = ORIENTED_EDGE('',*,*,#1170,.F.);
#1756 = PLANE('',#1757);
#1757 = AXIS2_PLACEMENT_3D('',#1758,#1759,#1760);
#1758 = CARTESIAN_POINT('',(-2.25,1.59,0.5));
#1759 = DIRECTION('',(-0.681012642079,0.,0.732271658149));
#1760 = DIRECTION('',(0.732271658149,0.,0.681012642079));
#1761 = ADVANCED_FACE('',(#1762),#1814,.F.);
#1762 = FACE_BOUND('',#1763,.T.);
#1763 = EDGE_LOOP('',(#1764,#1774,#1783,#1791,#1800,#1806,#1807,#1808));
#1764 = ORIENTED_EDGE('',*,*,#1765,.F.);
#1765 = EDGE_CURVE('',#1766,#1768,#1770,.T.);
#1766 = VERTEX_POINT('',#1767);
#1767 = CARTESIAN_POINT('',(2.796102362205,1.815,7.09));
#1768 = VERTEX_POINT('',#1769);
#1769 = CARTESIAN_POINT('',(2.945,1.815,3.43));
#1770 = LINE('',#1771,#1772);
#1771 = CARTESIAN_POINT('',(2.79,1.815,7.24));
#1772 = VECTOR('',#1773,1.);
#1773 = DIRECTION('',(4.064879053433E-02,0.,-0.99917349636));
#1774 = ORIENTED_EDGE('',*,*,#1775,.T.);
#1775 = EDGE_CURVE('',#1766,#1776,#1778,.T.);
#1776 = VERTEX_POINT('',#1777);
#1777 = CARTESIAN_POINT('',(2.795854308562,1.814876024454,7.09609731858)
  );
#1778 = ( BOUNDED_CURVE() B_SPLINE_CURVE(3,(#1779,#1780,#1781,#1782),
.UNSPECIFIED.,.F.,.F.) B_SPLINE_CURVE_WITH_KNOTS((4,4),(4.712388980385,
4.753048973414),.PIECEWISE_BEZIER_KNOTS.) CURVE() 
GEOMETRIC_REPRESENTATION_ITEM() RATIONAL_B_SPLINE_CURVE((1.,
0.999862235159,0.999862235159,1.)) REPRESENTATION_ITEM('') );
#1779 = CARTESIAN_POINT('',(2.796102362205,1.815,7.09));
#1780 = CARTESIAN_POINT('',(2.796019649172,1.815,7.092033139707));
#1781 = CARTESIAN_POINT('',(2.795936953232,1.814958669124,7.094065859271
    ));
#1782 = CARTESIAN_POINT('',(2.795854308562,1.814876024454,7.09609731858)
  );
#1783 = ORIENTED_EDGE('',*,*,#1784,.T.);
#1784 = EDGE_CURVE('',#1776,#1785,#1787,.T.);
#1785 = VERTEX_POINT('',#1786);
#1786 = CARTESIAN_POINT('',(2.795854308562,0.545123975546,7.09609731858)
  );
#1787 = LINE('',#1788,#1789);
#1788 = CARTESIAN_POINT('',(2.795854308562,1.565,7.09609731858));
#1789 = VECTOR('',#1790,1.);
#1790 = DIRECTION('',(-7.503129221353E-17,-1.,0.));
#1791 = ORIENTED_EDGE('',*,*,#1792,.T.);
#1792 = EDGE_CURVE('',#1785,#1793,#1795,.T.);
#1793 = VERTEX_POINT('',#1794);
#1794 = CARTESIAN_POINT('',(2.796102362205,0.545,7.09));
#1795 = ( BOUNDED_CURVE() B_SPLINE_CURVE(3,(#1796,#1797,#1798,#1799),
.UNSPECIFIED.,.F.,.F.) B_SPLINE_CURVE_WITH_KNOTS((4,4),(1.530136333766,
1.570796326795),.PIECEWISE_BEZIER_KNOTS.) CURVE() 
GEOMETRIC_REPRESENTATION_ITEM() RATIONAL_B_SPLINE_CURVE((1.,
0.999862235159,0.999862235159,1.)) REPRESENTATION_ITEM('') );
#1796 = CARTESIAN_POINT('',(2.795854308562,0.545123975546,7.09609731858)
  );
#1797 = CARTESIAN_POINT('',(2.795936953232,0.545041330876,7.094065859271
    ));
#1798 = CARTESIAN_POINT('',(2.796019649172,0.545,7.092033139707));
#1799 = CARTESIAN_POINT('',(2.796102362205,0.545,7.09));
#1800 = ORIENTED_EDGE('',*,*,#1801,.T.);
#1801 = EDGE_CURVE('',#1793,#1540,#1802,.T.);
#1802 = LINE('',#1803,#1804);
#1803 = CARTESIAN_POINT('',(2.79,0.545,7.24));
#1804 = VECTOR('',#1805,1.);
#1805 = DIRECTION('',(4.064879053433E-02,1.006438550939E-17,
    -0.99917349636));
#1806 = ORIENTED_EDGE('',*,*,#1551,.T.);
#1807 = ORIENTED_EDGE('',*,*,#926,.F.);
#1808 = ORIENTED_EDGE('',*,*,#1809,.F.);
#1809 = EDGE_CURVE('',#1768,#919,#1810,.T.);
#1810 = LINE('',#1811,#1812);
#1811 = CARTESIAN_POINT('',(2.945,1.815,3.43));
#1812 = VECTOR('',#1813,1.);
#1813 = DIRECTION('',(-1.084202172486E-16,-1.,4.41079623977E-18));
#1814 = PLANE('',#1815);
#1815 = AXIS2_PLACEMENT_3D('',#1816,#1817,#1818);
#1816 = CARTESIAN_POINT('',(2.79,1.565,7.24));
#1817 = DIRECTION('',(-0.99917349636,7.49692785774E-17,
    -4.064879053433E-02));
#1818 = DIRECTION('',(-4.064879053433E-02,-7.703719777549E-34,
    0.99917349636));
#1819 = ADVANCED_FACE('',(#1820),#1854,.F.);
#1820 = FACE_BOUND('',#1821,.T.);
#1821 = EDGE_LOOP('',(#1822,#1830,#1838,#1846,#1852,#1853));
#1822 = ORIENTED_EDGE('',*,*,#1823,.T.);
#1823 = EDGE_CURVE('',#515,#1824,#1826,.T.);
#1824 = VERTEX_POINT('',#1825);
#1825 = CARTESIAN_POINT('',(2.296350415848,0.545,7.08390268142));
#1826 = LINE('',#1827,#1828);
#1827 = CARTESIAN_POINT('',(2.29,0.545,7.24));
#1828 = VECTOR('',#1829,1.);
#1829 = DIRECTION('',(-4.064879053433E-02,-1.006438550939E-17,
    0.99917349636));
#1830 = ORIENTED_EDGE('',*,*,#1831,.T.);
#1831 = EDGE_CURVE('',#1824,#1832,#1834,.T.);
#1832 = VERTEX_POINT('',#1833);
#1833 = CARTESIAN_POINT('',(2.296350415848,1.815,7.08390268142));
#1834 = LINE('',#1835,#1836);
#1835 = CARTESIAN_POINT('',(2.296350415848,1.565,7.08390268142));
#1836 = VECTOR('',#1837,1.);
#1837 = DIRECTION('',(7.503129221353E-17,1.,-0.));
#1838 = ORIENTED_EDGE('',*,*,#1839,.F.);
#1839 = EDGE_CURVE('',#1840,#1832,#1842,.T.);
#1840 = VERTEX_POINT('',#1841);
#1841 = CARTESIAN_POINT('',(2.445,1.815,3.43));
#1842 = LINE('',#1843,#1844);
#1843 = CARTESIAN_POINT('',(2.445,1.815,3.43));
#1844 = VECTOR('',#1845,1.);
#1845 = DIRECTION('',(-4.064879053433E-02,0.,0.99917349636));
#1846 = ORIENTED_EDGE('',*,*,#1847,.T.);
#1847 = EDGE_CURVE('',#1840,#459,#1848,.T.);
#1848 = LINE('',#1849,#1850);
#1849 = CARTESIAN_POINT('',(2.445,1.815,3.43));
#1850 = VECTOR('',#1851,1.);
#1851 = DIRECTION('',(-1.084202172486E-16,-1.,4.41079623977E-18));
#1852 = ORIENTED_EDGE('',*,*,#458,.T.);
#1853 = ORIENTED_EDGE('',*,*,#514,.T.);
#1854 = PLANE('',#1855);
#1855 = AXIS2_PLACEMENT_3D('',#1856,#1857,#1858);
#1856 = CARTESIAN_POINT('',(2.29,1.565,7.24));
#1857 = DIRECTION('',(0.99917349636,-7.49692785774E-17,
    4.064879053433E-02));
#1858 = DIRECTION('',(4.064879053433E-02,7.703719777549E-34,
    -0.99917349636));
#1859 = ADVANCED_FACE('',(#1860),#1885,.F.);
#1860 = FACE_BOUND('',#1861,.T.);
#1861 = EDGE_LOOP('',(#1862,#1870,#1871,#1877,#1878,#1879));
#1862 = ORIENTED_EDGE('',*,*,#1863,.F.);
#1863 = EDGE_CURVE('',#121,#1864,#1866,.T.);
#1864 = VERTEX_POINT('',#1865);
#1865 = CARTESIAN_POINT('',(-2.445,1.815,3.43));
#1866 = LINE('',#1867,#1868);
#1867 = CARTESIAN_POINT('',(-2.445,1.815,3.43));
#1868 = VECTOR('',#1869,1.);
#1869 = DIRECTION('',(-4.064879053433E-02,-0.,-0.99917349636));
#1870 = ORIENTED_EDGE('',*,*,#146,.T.);
#1871 = ORIENTED_EDGE('',*,*,#1872,.T.);
#1872 = EDGE_CURVE('',#138,#547,#1873,.T.);
#1873 = LINE('',#1874,#1875);
#1874 = CARTESIAN_POINT('',(-2.29,0.545,7.24));
#1875 = VECTOR('',#1876,1.);
#1876 = DIRECTION('',(-4.064879053433E-02,1.836884481721E-17,
    -0.99917349636));
#1877 = ORIENTED_EDGE('',*,*,#546,.F.);
#1878 = ORIENTED_EDGE('',*,*,#491,.F.);
#1879 = ORIENTED_EDGE('',*,*,#1880,.F.);
#1880 = EDGE_CURVE('',#1864,#484,#1881,.T.);
#1881 = LINE('',#1882,#1883);
#1882 = CARTESIAN_POINT('',(-2.445,1.815,3.43));
#1883 = VECTOR('',#1884,1.);
#1884 = DIRECTION('',(-1.084202172486E-16,-1.,4.41079623977E-18));
#1885 = PLANE('',#1886);
#1886 = AXIS2_PLACEMENT_3D('',#1887,#1888,#1889);
#1887 = CARTESIAN_POINT('',(-2.29,1.565,7.24));
#1888 = DIRECTION('',(-0.99917349636,7.49692785774E-17,
    4.064879053433E-02));
#1889 = DIRECTION('',(4.064879053433E-02,0.,0.99917349636));
#1890 = ADVANCED_FACE('',(#1891),#1943,.F.);
#1891 = FACE_BOUND('',#1892,.T.);
#1892 = EDGE_LOOP('',(#1893,#1903,#1912,#1920,#1926,#1927,#1928,#1936));
#1893 = ORIENTED_EDGE('',*,*,#1894,.T.);
#1894 = EDGE_CURVE('',#1895,#1897,#1899,.T.);
#1895 = VERTEX_POINT('',#1896);
#1896 = CARTESIAN_POINT('',(-2.795854308562,0.545123975546,7.09609731858
    ));
#1897 = VERTEX_POINT('',#1898);
#1898 = CARTESIAN_POINT('',(-2.795854308562,1.814876024454,7.09609731858
    ));
#1899 = LINE('',#1900,#1901);
#1900 = CARTESIAN_POINT('',(-2.795854308562,1.565,7.09609731858));
#1901 = VECTOR('',#1902,1.);
#1902 = DIRECTION('',(7.503129221353E-17,1.,7.703706630059E-34));
#1903 = ORIENTED_EDGE('',*,*,#1904,.T.);
#1904 = EDGE_CURVE('',#1897,#1905,#1907,.T.);
#1905 = VERTEX_POINT('',#1906);
#1906 = CARTESIAN_POINT('',(-2.796102362205,1.815,7.09));
#1907 = ( BOUNDED_CURVE() B_SPLINE_CURVE(3,(#1908,#1909,#1910,#1911),
.UNSPECIFIED.,.F.,.F.) B_SPLINE_CURVE_WITH_KNOTS((4,4),(1.530136333766,
1.570796326795),.PIECEWISE_BEZIER_KNOTS.) CURVE() 
GEOMETRIC_REPRESENTATION_ITEM() RATIONAL_B_SPLINE_CURVE((1.,
0.999862235159,0.999862235159,1.)) REPRESENTATION_ITEM('') );
#1908 = CARTESIAN_POINT('',(-2.795854308562,1.814876024454,7.09609731858
    ));
#1909 = CARTESIAN_POINT('',(-2.795936953232,1.814958669124,
    7.094065859271));
#1910 = CARTESIAN_POINT('',(-2.796019649172,1.815,7.092033139707));
#1911 = CARTESIAN_POINT('',(-2.796102362205,1.815,7.09));
#1912 = ORIENTED_EDGE('',*,*,#1913,.F.);
#1913 = EDGE_CURVE('',#1914,#1905,#1916,.T.);
#1914 = VERTEX_POINT('',#1915);
#1915 = CARTESIAN_POINT('',(-2.945,1.815,3.43));
#1916 = LINE('',#1917,#1918);
#1917 = CARTESIAN_POINT('',(-2.79,1.815,7.24));
#1918 = VECTOR('',#1919,1.);
#1919 = DIRECTION('',(4.064879053433E-02,-0.,0.99917349636));
#1920 = ORIENTED_EDGE('',*,*,#1921,.T.);
#1921 = EDGE_CURVE('',#1914,#990,#1922,.T.);
#1922 = LINE('',#1923,#1924);
#1923 = CARTESIAN_POINT('',(-2.945,1.815,3.43));
#1924 = VECTOR('',#1925,1.);
#1925 = DIRECTION('',(-1.084202172486E-16,-1.,4.41079623977E-18));
#1926 = ORIENTED_EDGE('',*,*,#989,.T.);
#1927 = ORIENTED_EDGE('',*,*,#1575,.T.);
#1928 = ORIENTED_EDGE('',*,*,#1929,.T.);
#1929 = EDGE_CURVE('',#1568,#1930,#1932,.T.);
#1930 = VERTEX_POINT('',#1931);
#1931 = CARTESIAN_POINT('',(-2.796102362205,0.545,7.09));
#1932 = LINE('',#1933,#1934);
#1933 = CARTESIAN_POINT('',(-2.79,0.545,7.24));
#1934 = VECTOR('',#1935,1.);
#1935 = DIRECTION('',(4.064879053433E-02,-1.836884481721E-17,
    0.99917349636));
#1936 = ORIENTED_EDGE('',*,*,#1937,.T.);
#1937 = EDGE_CURVE('',#1930,#1895,#1938,.T.);
#1938 = ( BOUNDED_CURVE() B_SPLINE_CURVE(3,(#1939,#1940,#1941,#1942),
.UNSPECIFIED.,.F.,.F.) B_SPLINE_CURVE_WITH_KNOTS((4,4),(1.570796326795,
1.611456319824),.PIECEWISE_BEZIER_KNOTS.) CURVE() 
GEOMETRIC_REPRESENTATION_ITEM() RATIONAL_B_SPLINE_CURVE((1.,
0.999862235159,0.999862235159,1.)) REPRESENTATION_ITEM('') );
#1939 = CARTESIAN_POINT('',(-2.796102362205,0.545,7.09));
#1940 = CARTESIAN_POINT('',(-2.796019649172,0.545,7.092033139707));
#1941 = CARTESIAN_POINT('',(-2.795936953232,0.545041330876,
    7.094065859271));
#1942 = CARTESIAN_POINT('',(-2.795854308562,0.545123975546,7.09609731858
    ));
#1943 = PLANE('',#1944);
#1944 = AXIS2_PLACEMENT_3D('',#1945,#1946,#1947);
#1945 = CARTESIAN_POINT('',(-2.79,1.565,7.24));
#1946 = DIRECTION('',(0.99917349636,-7.49692785774E-17,
    -4.064879053433E-02));
#1947 = DIRECTION('',(-4.064879053433E-02,-7.703719777549E-34,
    -0.99917349636));
#1948 = ADVANCED_FACE('',(#1949),#1960,.F.);
#1949 = FACE_BOUND('',#1950,.T.);
#1950 = EDGE_LOOP('',(#1951,#1952,#1953,#1959));
#1951 = ORIENTED_EDGE('',*,*,#1410,.F.);
#1952 = ORIENTED_EDGE('',*,*,#1921,.F.);
#1953 = ORIENTED_EDGE('',*,*,#1954,.F.);
#1954 = EDGE_CURVE('',#1864,#1914,#1955,.T.);
#1955 = LINE('',#1956,#1957);
#1956 = CARTESIAN_POINT('',(-2.945,1.815,3.43));
#1957 = VECTOR('',#1958,1.);
#1958 = DIRECTION('',(-1.,4.336808689942E-16,-0.));
#1959 = ORIENTED_EDGE('',*,*,#1880,.T.);
#1960 = PLANE('',#1961);
#1961 = AXIS2_PLACEMENT_3D('',#1962,#1963,#1964);
#1962 = CARTESIAN_POINT('',(-2.945,1.815,3.43));
#1963 = DIRECTION('',(1.91287794622E-33,4.41079623977E-18,1.));
#1964 = DIRECTION('',(0.,-1.,4.41079623977E-18));
#1965 = ADVANCED_FACE('',(#1966),#1978,.F.);
#1966 = FACE_BOUND('',#1967,.T.);
#1967 = EDGE_LOOP('',(#1968,#1969,#1975,#1976,#1977));
#1968 = ORIENTED_EDGE('',*,*,#1913,.T.);
#1969 = ORIENTED_EDGE('',*,*,#1970,.T.);
#1970 = EDGE_CURVE('',#1905,#119,#1971,.T.);
#1971 = LINE('',#1972,#1973);
#1972 = CARTESIAN_POINT('',(7.058156142881E-16,1.815,7.09));
#1973 = VECTOR('',#1974,1.);
#1974 = DIRECTION('',(1.,-4.336808689942E-16,0.));
#1975 = ORIENTED_EDGE('',*,*,#118,.T.);
#1976 = ORIENTED_EDGE('',*,*,#1863,.T.);
#1977 = ORIENTED_EDGE('',*,*,#1954,.T.);
#1978 = PLANE('',#1979);
#1979 = AXIS2_PLACEMENT_3D('',#1980,#1981,#1982);
#1980 = CARTESIAN_POINT('',(7.058156142881E-16,1.815,-2.871428352091E-17
    ));
#1981 = DIRECTION('',(-4.336808689942E-16,-1.,1.764318495908E-17));
#1982 = DIRECTION('',(1.,-4.336808689942E-16,0.));
#1983 = ADVANCED_FACE('',(#1984),#1995,.F.);
#1984 = FACE_BOUND('',#1985,.T.);
#1985 = EDGE_LOOP('',(#1986,#1987,#1988,#1994));
#1986 = ORIENTED_EDGE('',*,*,#1427,.T.);
#1987 = ORIENTED_EDGE('',*,*,#1847,.F.);
#1988 = ORIENTED_EDGE('',*,*,#1989,.F.);
#1989 = EDGE_CURVE('',#1768,#1840,#1990,.T.);
#1990 = LINE('',#1991,#1992);
#1991 = CARTESIAN_POINT('',(2.945,1.815,3.43));
#1992 = VECTOR('',#1993,1.);
#1993 = DIRECTION('',(-1.,0.,0.));
#1994 = ORIENTED_EDGE('',*,*,#1809,.T.);
#1995 = PLANE('',#1996);
#1996 = AXIS2_PLACEMENT_3D('',#1997,#1998,#1999);
#1997 = CARTESIAN_POINT('',(2.945,1.815,3.43));
#1998 = DIRECTION('',(0.,4.41079623977E-18,1.));
#1999 = DIRECTION('',(0.,-1.,4.41079623977E-18));
#2000 = ADVANCED_FACE('',(#2001),#2021,.T.);
#2001 = FACE_BOUND('',#2002,.T.);
#2002 = EDGE_LOOP('',(#2003,#2012,#2018,#2019,#2020));
#2003 = ORIENTED_EDGE('',*,*,#2004,.T.);
#2004 = EDGE_CURVE('',#1832,#2005,#2007,.T.);
#2005 = VERTEX_POINT('',#2006);
#2006 = CARTESIAN_POINT('',(2.296226440302,1.815,7.09));
#2007 = CIRCLE('',#2008,0.15);
#2008 = AXIS2_PLACEMENT_3D('',#2009,#2010,#2011);
#2009 = CARTESIAN_POINT('',(2.446226440302,1.815,7.09));
#2010 = DIRECTION('',(0.,1.,0.));
#2011 = DIRECTION('',(0.,-0.,1.));
#2012 = ORIENTED_EDGE('',*,*,#2013,.T.);
#2013 = EDGE_CURVE('',#2005,#1766,#2014,.T.);
#2014 = LINE('',#2015,#2016);
#2015 = CARTESIAN_POINT('',(2.79,1.815,7.09));
#2016 = VECTOR('',#2017,1.);
#2017 = DIRECTION('',(1.,-0.,0.));
#2018 = ORIENTED_EDGE('',*,*,#1765,.T.);
#2019 = ORIENTED_EDGE('',*,*,#1989,.T.);
#2020 = ORIENTED_EDGE('',*,*,#1839,.T.);
#2021 = PLANE('',#2022);
#2022 = AXIS2_PLACEMENT_3D('',#2023,#2024,#2025);
#2023 = CARTESIAN_POINT('',(2.710505431214E-17,1.815,-1.102699059943E-18
    ));
#2024 = DIRECTION('',(0.,1.,0.));
#2025 = DIRECTION('',(0.,-0.,1.));
#2026 = ADVANCED_FACE('',(#2027),#2040,.F.);
#2027 = FACE_BOUND('',#2028,.T.);
#2028 = EDGE_LOOP('',(#2029,#2030,#2031,#2037,#2038,#2039));
#2029 = ORIENTED_EDGE('',*,*,#1872,.F.);
#2030 = ORIENTED_EDGE('',*,*,#137,.T.);
#2031 = ORIENTED_EDGE('',*,*,#2032,.T.);
#2032 = EDGE_CURVE('',#130,#1930,#2033,.T.);
#2033 = LINE('',#2034,#2035);
#2034 = CARTESIAN_POINT('',(5.723898282025E-17,0.545,7.09));
#2035 = VECTOR('',#2036,1.);
#2036 = DIRECTION('',(-1.,1.02148910197E-16,0.));
#2037 = ORIENTED_EDGE('',*,*,#1929,.F.);
#2038 = ORIENTED_EDGE('',*,*,#1567,.T.);
#2039 = ORIENTED_EDGE('',*,*,#554,.T.);
#2040 = PLANE('',#2041);
#2041 = AXIS2_PLACEMENT_3D('',#2042,#2043,#2044);
#2042 = CARTESIAN_POINT('',(5.723898282025E-17,0.545,5.300069675208E-18)
  );
#2043 = DIRECTION('',(1.02148910197E-16,1.,1.4228374967E-17));
#2044 = DIRECTION('',(-1.,1.02148910197E-16,0.));
#2045 = ADVANCED_FACE('',(#2046),#2067,.F.);
#2046 = FACE_BOUND('',#2047,.T.);
#2047 = EDGE_LOOP('',(#2048,#2049,#2057,#2064,#2065,#2066));
#2048 = ORIENTED_EDGE('',*,*,#1801,.F.);
#2049 = ORIENTED_EDGE('',*,*,#2050,.T.);
#2050 = EDGE_CURVE('',#1793,#2051,#2053,.T.);
#2051 = VERTEX_POINT('',#2052);
#2052 = CARTESIAN_POINT('',(2.296226440302,0.545,7.09));
#2053 = LINE('',#2054,#2055);
#2054 = CARTESIAN_POINT('',(5.723898282025E-17,0.545,7.09));
#2055 = VECTOR('',#2056,1.);
#2056 = DIRECTION('',(-1.,1.02148910197E-16,0.));
#2057 = ORIENTED_EDGE('',*,*,#2058,.T.);
#2058 = EDGE_CURVE('',#2051,#1824,#2059,.T.);
#2059 = CIRCLE('',#2060,0.15);
#2060 = AXIS2_PLACEMENT_3D('',#2061,#2062,#2063);
#2061 = CARTESIAN_POINT('',(2.446226440302,0.545,7.09));
#2062 = DIRECTION('',(-1.02148910197E-16,-1.,-1.4228374967E-17));
#2063 = DIRECTION('',(-1.,1.02148910197E-16,1.453412996753E-33));
#2064 = ORIENTED_EDGE('',*,*,#1823,.F.);
#2065 = ORIENTED_EDGE('',*,*,#588,.T.);
#2066 = ORIENTED_EDGE('',*,*,#1539,.T.);
#2067 = PLANE('',#2068);
#2068 = AXIS2_PLACEMENT_3D('',#2069,#2070,#2071);
#2069 = CARTESIAN_POINT('',(5.723898282025E-17,0.545,5.300069675208E-18)
  );
#2070 = DIRECTION('',(1.02148910197E-16,1.,1.4228374967E-17));
#2071 = DIRECTION('',(-1.,1.02148910197E-16,0.));
#2072 = ADVANCED_FACE('',(#2073),#2092,.T.);
#2073 = FACE_BOUND('',#2074,.T.);
#2074 = EDGE_LOOP('',(#2075,#2082,#2083,#2090,#2091));
#2075 = ORIENTED_EDGE('',*,*,#2076,.F.);
#2076 = EDGE_CURVE('',#419,#130,#2077,.T.);
#2077 = ( BOUNDED_CURVE() B_SPLINE_CURVE(3,(#2078,#2079,#2080,#2081),
.UNSPECIFIED.,.F.,.F.) B_SPLINE_CURVE_WITH_KNOTS((4,4),(1.570796326795,
3.14159265359),.PIECEWISE_BEZIER_KNOTS.) CURVE() 
GEOMETRIC_REPRESENTATION_ITEM() RATIONAL_B_SPLINE_CURVE((1.,
0.804737854124,0.804737854124,1.)) REPRESENTATION_ITEM('') );
#2078 = CARTESIAN_POINT('',(-2.446226440302,0.695,7.24));
#2079 = CARTESIAN_POINT('',(-2.358358474658,0.607132034356,7.24));
#2080 = CARTESIAN_POINT('',(-2.296226440302,0.545,7.177867965644));
#2081 = CARTESIAN_POINT('',(-2.296226440302,0.545,7.09));
#2082 = ORIENTED_EDGE('',*,*,#444,.F.);
#2083 = ORIENTED_EDGE('',*,*,#2084,.F.);
#2084 = EDGE_CURVE('',#1895,#437,#2085,.T.);
#2085 = ( BOUNDED_CURVE() B_SPLINE_CURVE(3,(#2086,#2087,#2088,#2089),
.UNSPECIFIED.,.F.,.F.) B_SPLINE_CURVE_WITH_KNOTS((4,4),(
4.065999302909E-02,1.570796326795),.PIECEWISE_BEZIER_KNOTS.) CURVE() 
GEOMETRIC_REPRESENTATION_ITEM() RATIONAL_B_SPLINE_CURVE((1.,
0.814223431781,0.814223431781,1.)) REPRESENTATION_ITEM('') );
#2086 = CARTESIAN_POINT('',(-2.795854308562,0.545123975546,7.09609731858
    ));
#2087 = CARTESIAN_POINT('',(-2.792396683897,0.548581600211,
    7.181087963572));
#2088 = CARTESIAN_POINT('',(-2.731039232283,0.609939051824,7.24));
#2089 = CARTESIAN_POINT('',(-2.645978284108,0.695,7.24));
#2090 = ORIENTED_EDGE('',*,*,#1937,.F.);
#2091 = ORIENTED_EDGE('',*,*,#2032,.F.);
#2092 = CYLINDRICAL_SURFACE('',#2093,0.15);
#2093 = AXIS2_PLACEMENT_3D('',#2094,#2095,#2096);
#2094 = CARTESIAN_POINT('',(7.25613193498E-17,0.695,7.09));
#2095 = DIRECTION('',(-1.,1.02148910197E-16,0.));
#2096 = DIRECTION('',(-1.02148910197E-16,-1.,0.));
#2097 = ADVANCED_FACE('',(#2098),#2110,.T.);
#2098 = FACE_BOUND('',#2099,.T.);
#2099 = EDGE_LOOP('',(#2100,#2101,#2102,#2109));
#2100 = ORIENTED_EDGE('',*,*,#2084,.T.);
#2101 = ORIENTED_EDGE('',*,*,#436,.F.);
#2102 = ORIENTED_EDGE('',*,*,#2103,.F.);
#2103 = EDGE_CURVE('',#1897,#429,#2104,.T.);
#2104 = ( BOUNDED_CURVE() B_SPLINE_CURVE(3,(#2105,#2106,#2107,#2108),
.UNSPECIFIED.,.F.,.F.) B_SPLINE_CURVE_WITH_KNOTS((4,4),(3.182252646619,
4.712388980385),.PIECEWISE_BEZIER_KNOTS.) CURVE() 
GEOMETRIC_REPRESENTATION_ITEM() RATIONAL_B_SPLINE_CURVE((1.,
0.814223431781,0.814223431781,1.)) REPRESENTATION_ITEM('') );
#2105 = CARTESIAN_POINT('',(-2.795854308562,1.814876024454,7.09609731858
    ));
#2106 = CARTESIAN_POINT('',(-2.792396683897,1.811418399789,
    7.181087963572));
#2107 = CARTESIAN_POINT('',(-2.731039232283,1.750060948176,7.24));
#2108 = CARTESIAN_POINT('',(-2.645978284108,1.665,7.24));
#2109 = ORIENTED_EDGE('',*,*,#1894,.F.);
#2110 = CYLINDRICAL_SURFACE('',#2111,0.15);
#2111 = AXIS2_PLACEMENT_3D('',#2112,#2113,#2114);
#2112 = CARTESIAN_POINT('',(-2.645978284108,1.565,7.09));
#2113 = DIRECTION('',(-7.503129221353E-17,-1.,0.));
#2114 = DIRECTION('',(1.,-7.503129221353E-17,0.));
#2115 = ADVANCED_FACE('',(#2116),#2128,.T.);
#2116 = FACE_BOUND('',#2117,.T.);
#2117 = EDGE_LOOP('',(#2118,#2119,#2126,#2127));
#2118 = ORIENTED_EDGE('',*,*,#129,.F.);
#2119 = ORIENTED_EDGE('',*,*,#2120,.F.);
#2120 = EDGE_CURVE('',#421,#119,#2121,.T.);
#2121 = ( BOUNDED_CURVE() B_SPLINE_CURVE(3,(#2122,#2123,#2124,#2125),
.UNSPECIFIED.,.F.,.F.) B_SPLINE_CURVE_WITH_KNOTS((4,4),(1.570796326795,
3.14159265359),.PIECEWISE_BEZIER_KNOTS.) CURVE() 
GEOMETRIC_REPRESENTATION_ITEM() RATIONAL_B_SPLINE_CURVE((1.,
0.804737854124,0.804737854124,1.)) REPRESENTATION_ITEM('') );
#2122 = CARTESIAN_POINT('',(-2.446226440302,1.665,7.24));
#2123 = CARTESIAN_POINT('',(-2.358358474658,1.752867965644,7.24));
#2124 = CARTESIAN_POINT('',(-2.296226440302,1.815,7.177867965644));
#2125 = CARTESIAN_POINT('',(-2.296226440302,1.815,7.09));
#2126 = ORIENTED_EDGE('',*,*,#418,.F.);
#2127 = ORIENTED_EDGE('',*,*,#2076,.T.);
#2128 = CYLINDRICAL_SURFACE('',#2129,0.15);
#2129 = AXIS2_PLACEMENT_3D('',#2130,#2131,#2132);
#2130 = CARTESIAN_POINT('',(-2.446226440302,1.565,7.09));
#2131 = DIRECTION('',(-7.503129221353E-17,-1.,0.));
#2132 = DIRECTION('',(1.,-7.503129221353E-17,0.));
#2133 = ADVANCED_FACE('',(#2134),#2141,.T.);
#2134 = FACE_BOUND('',#2135,.T.);
#2135 = EDGE_LOOP('',(#2136,#2137,#2138,#2139,#2140));
#2136 = ORIENTED_EDGE('',*,*,#2103,.T.);
#2137 = ORIENTED_EDGE('',*,*,#428,.F.);
#2138 = ORIENTED_EDGE('',*,*,#2120,.T.);
#2139 = ORIENTED_EDGE('',*,*,#1970,.F.);
#2140 = ORIENTED_EDGE('',*,*,#1904,.F.);
#2141 = CYLINDRICAL_SURFACE('',#2142,0.15);
#2142 = AXIS2_PLACEMENT_3D('',#2143,#2144,#2145);
#2143 = CARTESIAN_POINT('',(6.407634839389E-16,1.665,7.09));
#2144 = DIRECTION('',(1.,-4.336808689942E-16,0.));
#2145 = DIRECTION('',(4.336808689942E-16,1.,0.));
#2146 = ADVANCED_FACE('',(#2147),#2166,.T.);
#2147 = FACE_BOUND('',#2148,.T.);
#2148 = EDGE_LOOP('',(#2149,#2156,#2157,#2164,#2165));
#2149 = ORIENTED_EDGE('',*,*,#2150,.F.);
#2150 = EDGE_CURVE('',#379,#1785,#2151,.T.);
#2151 = ( BOUNDED_CURVE() B_SPLINE_CURVE(3,(#2152,#2153,#2154,#2155),
.UNSPECIFIED.,.F.,.F.) B_SPLINE_CURVE_WITH_KNOTS((4,4),(1.570796326795,
3.100932660561),.PIECEWISE_BEZIER_KNOTS.) CURVE() 
GEOMETRIC_REPRESENTATION_ITEM() RATIONAL_B_SPLINE_CURVE((1.,
0.814223431781,0.814223431781,1.)) REPRESENTATION_ITEM('') );
#2152 = CARTESIAN_POINT('',(2.645978284108,0.695,7.24));
#2153 = CARTESIAN_POINT('',(2.731039232283,0.609939051824,7.24));
#2154 = CARTESIAN_POINT('',(2.792396683897,0.548581600211,7.181087963572
    ));
#2155 = CARTESIAN_POINT('',(2.795854308562,0.545123975546,7.09609731858)
  );
#2156 = ORIENTED_EDGE('',*,*,#404,.F.);
#2157 = ORIENTED_EDGE('',*,*,#2158,.F.);
#2158 = EDGE_CURVE('',#2051,#397,#2159,.T.);
#2159 = ( BOUNDED_CURVE() B_SPLINE_CURVE(3,(#2160,#2161,#2162,#2163),
.UNSPECIFIED.,.F.,.F.) B_SPLINE_CURVE_WITH_KNOTS((4,4),(0.,
1.570796326795),.PIECEWISE_BEZIER_KNOTS.) CURVE() 
GEOMETRIC_REPRESENTATION_ITEM() RATIONAL_B_SPLINE_CURVE((1.,
0.804737854124,0.804737854124,1.)) REPRESENTATION_ITEM('') );
#2160 = CARTESIAN_POINT('',(2.296226440302,0.545,7.09));
#2161 = CARTESIAN_POINT('',(2.296226440302,0.545,7.177867965644));
#2162 = CARTESIAN_POINT('',(2.358358474658,0.607132034356,7.24));
#2163 = CARTESIAN_POINT('',(2.446226440302,0.695,7.24));
#2164 = ORIENTED_EDGE('',*,*,#2050,.F.);
#2165 = ORIENTED_EDGE('',*,*,#1792,.F.);
#2166 = CYLINDRICAL_SURFACE('',#2167,0.15);
#2167 = AXIS2_PLACEMENT_3D('',#2168,#2169,#2170);
#2168 = CARTESIAN_POINT('',(7.25613193498E-17,0.695,7.09));
#2169 = DIRECTION('',(-1.,1.02148910197E-16,0.));
#2170 = DIRECTION('',(-1.02148910197E-16,-1.,0.));
#2171 = ADVANCED_FACE('',(#2172),#2186,.T.);
#2172 = FACE_BOUND('',#2173,.T.);
#2173 = EDGE_LOOP('',(#2174,#2175,#2176,#2183,#2184,#2185));
#2174 = ORIENTED_EDGE('',*,*,#2158,.T.);
#2175 = ORIENTED_EDGE('',*,*,#396,.F.);
#2176 = ORIENTED_EDGE('',*,*,#2177,.F.);
#2177 = EDGE_CURVE('',#2005,#389,#2178,.T.);
#2178 = ( BOUNDED_CURVE() B_SPLINE_CURVE(3,(#2179,#2180,#2181,#2182),
.UNSPECIFIED.,.F.,.F.) B_SPLINE_CURVE_WITH_KNOTS((4,4),(3.14159265359,
4.712388980385),.PIECEWISE_BEZIER_KNOTS.) CURVE() 
GEOMETRIC_REPRESENTATION_ITEM() RATIONAL_B_SPLINE_CURVE((1.,
0.804737854124,0.804737854124,1.)) REPRESENTATION_ITEM('') );
#2179 = CARTESIAN_POINT('',(2.296226440302,1.815,7.09));
#2180 = CARTESIAN_POINT('',(2.296226440302,1.815,7.177867965644));
#2181 = CARTESIAN_POINT('',(2.358358474658,1.752867965644,7.24));
#2182 = CARTESIAN_POINT('',(2.446226440302,1.665,7.24));
#2183 = ORIENTED_EDGE('',*,*,#2004,.F.);
#2184 = ORIENTED_EDGE('',*,*,#1831,.F.);
#2185 = ORIENTED_EDGE('',*,*,#2058,.F.);
#2186 = CYLINDRICAL_SURFACE('',#2187,0.15);
#2187 = AXIS2_PLACEMENT_3D('',#2188,#2189,#2190);
#2188 = CARTESIAN_POINT('',(2.446226440302,1.565,7.09));
#2189 = DIRECTION('',(-7.503129221353E-17,-1.,0.));
#2190 = DIRECTION('',(1.,-7.503129221353E-17,0.));
#2191 = ADVANCED_FACE('',(#2192),#2204,.T.);
#2192 = FACE_BOUND('',#2193,.T.);
#2193 = EDGE_LOOP('',(#2194,#2195,#2196,#2203));
#2194 = ORIENTED_EDGE('',*,*,#2150,.T.);
#2195 = ORIENTED_EDGE('',*,*,#1784,.F.);
#2196 = ORIENTED_EDGE('',*,*,#2197,.F.);
#2197 = EDGE_CURVE('',#381,#1776,#2198,.T.);
#2198 = ( BOUNDED_CURVE() B_SPLINE_CURVE(3,(#2199,#2200,#2201,#2202),
.UNSPECIFIED.,.F.,.F.) B_SPLINE_CURVE_WITH_KNOTS((4,4),(1.570796326795,
3.100932660561),.PIECEWISE_BEZIER_KNOTS.) CURVE() 
GEOMETRIC_REPRESENTATION_ITEM() RATIONAL_B_SPLINE_CURVE((1.,
0.814223431781,0.814223431781,1.)) REPRESENTATION_ITEM('') );
#2199 = CARTESIAN_POINT('',(2.645978284108,1.665,7.24));
#2200 = CARTESIAN_POINT('',(2.731039232283,1.750060948176,7.24));
#2201 = CARTESIAN_POINT('',(2.792396683897,1.811418399789,7.181087963572
    ));
#2202 = CARTESIAN_POINT('',(2.795854308562,1.814876024454,7.09609731858)
  );
#2203 = ORIENTED_EDGE('',*,*,#378,.F.);
#2204 = CYLINDRICAL_SURFACE('',#2205,0.15);
#2205 = AXIS2_PLACEMENT_3D('',#2206,#2207,#2208);
#2206 = CARTESIAN_POINT('',(2.645978284108,1.565,7.09));
#2207 = DIRECTION('',(-7.503129221353E-17,-1.,0.));
#2208 = DIRECTION('',(1.,-7.503129221353E-17,0.));
#2209 = ADVANCED_FACE('',(#2210),#2217,.T.);
#2210 = FACE_BOUND('',#2211,.T.);
#2211 = EDGE_LOOP('',(#2212,#2213,#2214,#2215,#2216));
#2212 = ORIENTED_EDGE('',*,*,#2177,.T.);
#2213 = ORIENTED_EDGE('',*,*,#388,.F.);
#2214 = ORIENTED_EDGE('',*,*,#2197,.T.);
#2215 = ORIENTED_EDGE('',*,*,#1775,.F.);
#2216 = ORIENTED_EDGE('',*,*,#2013,.F.);
#2217 = CYLINDRICAL_SURFACE('',#2218,0.15);
#2218 = AXIS2_PLACEMENT_3D('',#2219,#2220,#2221);
#2219 = CARTESIAN_POINT('',(2.710505431214E-17,1.665,7.09));
#2220 = DIRECTION('',(-1.,0.,0.));
#2221 = DIRECTION('',(0.,0.,1.));
#2222 = ( GEOMETRIC_REPRESENTATION_CONTEXT(3) 
GLOBAL_UNCERTAINTY_ASSIGNED_CONTEXT((#2226)) 
GLOBAL_UNIT_ASSIGNED_CONTEXT((#2223,#2224,#2225)) REPRESENTATION_CONTEXT
('Context #1','3D Context with UNIT and UNCERTAINTY') );
#2223 = ( LENGTH_UNIT() NAMED_UNIT(*) SI_UNIT(.MILLI.,.METRE.) );
#2224 = ( NAMED_UNIT(*) PLANE_ANGLE_UNIT() SI_UNIT($,.RADIAN.) );
#2225 = ( NAMED_UNIT(*) SI_UNIT($,.STERADIAN.) SOLID_ANGLE_UNIT() );
#2226 = UNCERTAINTY_MEASURE_WITH_UNIT(LENGTH_MEASURE(2.E-05),#2223,
  'distance_accuracy_value','confusion accuracy');
#2227 = CONTEXT_DEPENDENT_SHAPE_REPRESENTATION(#2228,#2230);
#2228 = ( REPRESENTATION_RELATIONSHIP('','',#111,#88) 
REPRESENTATION_RELATIONSHIP_WITH_TRANSFORMATION(#2229) 
SHAPE_REPRESENTATION_RELATIONSHIP() );
#2229 = ITEM_DEFINED_TRANSFORMATION('','',#11,#89);
#2230 = PRODUCT_DEFINITION_SHAPE('Placement','Placement of an item',
  #2231);
#2231 = NEXT_ASSEMBLY_USAGE_OCCURRENCE('1','=>[0:1:1:3]','',#83,#106,$);
#2232 = PRODUCT_RELATED_PRODUCT_CATEGORY('part',$,(#108));
#2233 = CONTEXT_DEPENDENT_SHAPE_REPRESENTATION(#2234,#2236);
#2234 = ( REPRESENTATION_RELATIONSHIP('','',#88,#10) 
REPRESENTATION_RELATIONSHIP_WITH_TRANSFORMATION(#2235) 
SHAPE_REPRESENTATION_RELATIONSHIP() );
#2235 = ITEM_DEFINED_TRANSFORMATION('','',#11,#19);
#2236 = PRODUCT_DEFINITION_SHAPE('Placement','Placement of an item',
  #2237);
#2237 = NEXT_ASSEMBLY_USAGE_OCCURRENCE('3','J11','',#5,#83,$);
#2238 = CONTEXT_DEPENDENT_SHAPE_REPRESENTATION(#2239,#2241);
#2239 = ( REPRESENTATION_RELATIONSHIP('','',#88,#10) 
REPRESENTATION_RELATIONSHIP_WITH_TRANSFORMATION(#2240) 
SHAPE_REPRESENTATION_RELATIONSHIP() );
#2240 = ITEM_DEFINED_TRANSFORMATION('','',#11,#23);
#2241 = PRODUCT_DEFINITION_SHAPE('Placement','Placement of an item',
  #2242);
#2242 = NEXT_ASSEMBLY_USAGE_OCCURRENCE('4','J10','',#5,#83,$);
#2243 = SHAPE_DEFINITION_REPRESENTATION(#2244,#2250);
#2244 = PRODUCT_DEFINITION_SHAPE('','',#2245);
#2245 = PRODUCT_DEFINITION('design','',#2246,#2249);
#2246 = PRODUCT_DEFINITION_FORMATION('','',#2247);
#2247 = PRODUCT('PinSocket_1x03_P2.54mm_Vertical',
  'PinSocket_1x03_P2.54mm_Vertical','',(#2248));
#2248 = PRODUCT_CONTEXT('',#2,'mechanical');
#2249 = PRODUCT_DEFINITION_CONTEXT('part definition',#2,'design');
#2250 = SHAPE_REPRESENTATION('',(#11,#2251),#2255);
#2251 = AXIS2_PLACEMENT_3D('',#2252,#2253,#2254);
#2252 = CARTESIAN_POINT('',(0.,0.,0.));
#2253 = DIRECTION('',(0.,0.,1.));
#2254 = DIRECTION('',(1.,0.,-0.));
#2255 = ( GEOMETRIC_REPRESENTATION_CONTEXT(3) 
GLOBAL_UNCERTAINTY_ASSIGNED_CONTEXT((#2259)) 
GLOBAL_UNIT_ASSIGNED_CONTEXT((#2256,#2257,#2258)) REPRESENTATION_CONTEXT
('Context #1','3D Context with UNIT and UNCERTAINTY') );
#2256 = ( LENGTH_UNIT() NAMED_UNIT(*) SI_UNIT(.MILLI.,.METRE.) );
#2257 = ( NAMED_UNIT(*) PLANE_ANGLE_UNIT() SI_UNIT($,.RADIAN.) );
#2258 = ( NAMED_UNIT(*) SI_UNIT($,.STERADIAN.) SOLID_ANGLE_UNIT() );
#2259 = UNCERTAINTY_MEASURE_WITH_UNIT(LENGTH_MEASURE(1.E-07),#2256,
  'distance_accuracy_value','confusion accuracy');
#2260 = CONTEXT_DEPENDENT_SHAPE_REPRESENTATION(#2261,#2263);
#2261 = ( REPRESENTATION_RELATIONSHIP('','',#2250,#10) 
REPRESENTATION_RELATIONSHIP_WITH_TRANSFORMATION(#2262) 
SHAPE_REPRESENTATION_RELATIONSHIP() );
#2262 = ITEM_DEFINED_TRANSFORMATION('','',#11,#27);
#2263 = PRODUCT_DEFINITION_SHAPE('Placement','Placement of an item',
  #2264);
#2264 = NEXT_ASSEMBLY_USAGE_OCCURRENCE('6','J14','',#5,#2245,$);
#2265 = PRODUCT_RELATED_PRODUCT_CATEGORY('part',$,(#2247));
#2266 = SHAPE_DEFINITION_REPRESENTATION(#2267,#2273);
#2267 = PRODUCT_DEFINITION_SHAPE('','',#2268);
#2268 = PRODUCT_DEFINITION('design','',#2269,#2272);
#2269 = PRODUCT_DEFINITION_FORMATION('','',#2270);
#2270 = PRODUCT('PinSocket_1x03_P254mm_Vertical',
  'PinSocket_1x03_P254mm_Vertical','',(#2271));
#2271 = PRODUCT_CONTEXT('',#2,'mechanical');
#2272 = PRODUCT_DEFINITION_CONTEXT('part definition',#2,'design');
#2273 = ADVANCED_BREP_SHAPE_REPRESENTATION('',(#11,#2274),#5310);
#2274 = MANIFOLD_SOLID_BREP('',#2275);
#2275 = CLOSED_SHELL('',(#2276,#2316,#2379,#2442,#2459,#2578,#2600,#2617
    ,#2832,#2844,#2856,#2887,#2911,#2935,#2952,#2983,#3007,#3031,#3048,
    #3079,#3103,#3127,#3144,#3191,#3208,#3255,#3272,#3289,#3336,#3353,
    #3400,#3447,#3464,#3511,#3528,#3559,#3583,#3607,#3624,#3655,#3679,
    #3703,#3720,#3751,#3775,#3799,#3816,#3833,#3850,#3867,#3884,#3896,
    #3913,#3930,#3947,#3964,#3976,#3993,#4010,#4027,#4044,#4056,#4102,
    #4148,#4194,#4257,#4281,#4337,#4354,#4417,#4441,#4497,#4514,#4577,
    #4601,#4657,#4674,#4691,#4740,#4764,#4811,#4823,#4840,#4857,#4906,
    #4930,#4977,#4989,#5006,#5023,#5072,#5096,#5143,#5155,#5172,#5189,
    #5206,#5218,#5235,#5252,#5264,#5281,#5298));
#2276 = ADVANCED_FACE('',(#2277),#2311,.F.);
#2277 = FACE_BOUND('',#2278,.F.);
#2278 = EDGE_LOOP('',(#2279,#2289,#2297,#2305));
#2279 = ORIENTED_EDGE('',*,*,#2280,.T.);
#2280 = EDGE_CURVE('',#2281,#2283,#2285,.T.);
#2281 = VERTEX_POINT('',#2282);
#2282 = CARTESIAN_POINT('',(1.27,-6.35,0.));
#2283 = VERTEX_POINT('',#2284);
#2284 = CARTESIAN_POINT('',(1.27,-6.35,7.));
#2285 = LINE('',#2286,#2287);
#2286 = CARTESIAN_POINT('',(1.27,-6.35,0.));
#2287 = VECTOR('',#2288,1.);
#2288 = DIRECTION('',(0.,0.,1.));
#2289 = ORIENTED_EDGE('',*,*,#2290,.T.);
#2290 = EDGE_CURVE('',#2283,#2291,#2293,.T.);
#2291 = VERTEX_POINT('',#2292);
#2292 = CARTESIAN_POINT('',(1.27,1.27,7.));
#2293 = LINE('',#2294,#2295);
#2294 = CARTESIAN_POINT('',(1.27,-6.35,7.));
#2295 = VECTOR('',#2296,1.);
#2296 = DIRECTION('',(-4.440892098501E-16,1.,0.));
#2297 = ORIENTED_EDGE('',*,*,#2298,.F.);
#2298 = EDGE_CURVE('',#2299,#2291,#2301,.T.);
#2299 = VERTEX_POINT('',#2300);
#2300 = CARTESIAN_POINT('',(1.27,1.27,0.));
#2301 = LINE('',#2302,#2303);
#2302 = CARTESIAN_POINT('',(1.27,1.27,0.));
#2303 = VECTOR('',#2304,1.);
#2304 = DIRECTION('',(0.,0.,1.));
#2305 = ORIENTED_EDGE('',*,*,#2306,.F.);
#2306 = EDGE_CURVE('',#2281,#2299,#2307,.T.);
#2307 = LINE('',#2308,#2309);
#2308 = CARTESIAN_POINT('',(1.27,-6.35,0.));
#2309 = VECTOR('',#2310,1.);
#2310 = DIRECTION('',(-4.440892098501E-16,1.,0.));
#2311 = PLANE('',#2312);
#2312 = AXIS2_PLACEMENT_3D('',#2313,#2314,#2315);
#2313 = CARTESIAN_POINT('',(1.27,-6.35,0.));
#2314 = DIRECTION('',(-1.,-4.440892098501E-16,0.));
#2315 = DIRECTION('',(-4.440892098501E-16,1.,0.));
#2316 = ADVANCED_FACE('',(#2317),#2374,.F.);
#2317 = FACE_BOUND('',#2318,.F.);
#2318 = EDGE_LOOP('',(#2319,#2329,#2337,#2343,#2344,#2352,#2360,#2368));
#2319 = ORIENTED_EDGE('',*,*,#2320,.F.);
#2320 = EDGE_CURVE('',#2321,#2323,#2325,.T.);
#2321 = VERTEX_POINT('',#2322);
#2322 = CARTESIAN_POINT('',(-1.27,-6.35,0.));
#2323 = VERTEX_POINT('',#2324);
#2324 = CARTESIAN_POINT('',(-0.846666666667,-6.35,0.));
#2325 = LINE('',#2326,#2327);
#2326 = CARTESIAN_POINT('',(-1.27,-6.35,0.));
#2327 = VECTOR('',#2328,1.);
#2328 = DIRECTION('',(1.,4.440892098501E-16,0.));
#2329 = ORIENTED_EDGE('',*,*,#2330,.T.);
#2330 = EDGE_CURVE('',#2321,#2331,#2333,.T.);
#2331 = VERTEX_POINT('',#2332);
#2332 = CARTESIAN_POINT('',(-1.27,-6.35,7.));
#2333 = LINE('',#2334,#2335);
#2334 = CARTESIAN_POINT('',(-1.27,-6.35,0.));
#2335 = VECTOR('',#2336,1.);
#2336 = DIRECTION('',(0.,0.,1.));
#2337 = ORIENTED_EDGE('',*,*,#2338,.T.);
#2338 = EDGE_CURVE('',#2331,#2283,#2339,.T.);
#2339 = LINE('',#2340,#2341);
#2340 = CARTESIAN_POINT('',(-1.27,-6.35,7.));
#2341 = VECTOR('',#2342,1.);
#2342 = DIRECTION('',(1.,4.440892098501E-16,0.));
#2343 = ORIENTED_EDGE('',*,*,#2280,.F.);
#2344 = ORIENTED_EDGE('',*,*,#2345,.F.);
#2345 = EDGE_CURVE('',#2346,#2281,#2348,.T.);
#2346 = VERTEX_POINT('',#2347);
#2347 = CARTESIAN_POINT('',(0.846666666667,-6.35,0.));
#2348 = LINE('',#2349,#2350);
#2349 = CARTESIAN_POINT('',(-1.27,-6.35,0.));
#2350 = VECTOR('',#2351,1.);
#2351 = DIRECTION('',(1.,4.440892098501E-16,0.));
#2352 = ORIENTED_EDGE('',*,*,#2353,.T.);
#2353 = EDGE_CURVE('',#2346,#2354,#2356,.T.);
#2354 = VERTEX_POINT('',#2355);
#2355 = CARTESIAN_POINT('',(0.846666666667,-6.35,0.2));
#2356 = LINE('',#2357,#2358);
#2357 = CARTESIAN_POINT('',(0.846666666667,-6.35,0.));
#2358 = VECTOR('',#2359,1.);
#2359 = DIRECTION('',(0.,0.,1.));
#2360 = ORIENTED_EDGE('',*,*,#2361,.F.);
#2361 = EDGE_CURVE('',#2362,#2354,#2364,.T.);
#2362 = VERTEX_POINT('',#2363);
#2363 = CARTESIAN_POINT('',(-0.846666666667,-6.35,0.2));
#2364 = LINE('',#2365,#2366);
#2365 = CARTESIAN_POINT('',(-0.846666666667,-6.35,0.2));
#2366 = VECTOR('',#2367,1.);
#2367 = DIRECTION('',(1.,4.440892098501E-16,0.));
#2368 = ORIENTED_EDGE('',*,*,#2369,.F.);
#2369 = EDGE_CURVE('',#2323,#2362,#2370,.T.);
#2370 = LINE('',#2371,#2372);
#2371 = CARTESIAN_POINT('',(-0.846666666667,-6.35,0.));
#2372 = VECTOR('',#2373,1.);
#2373 = DIRECTION('',(0.,0.,1.));
#2374 = PLANE('',#2375);
#2375 = AXIS2_PLACEMENT_3D('',#2376,#2377,#2378);
#2376 = CARTESIAN_POINT('',(-1.27,-6.35,0.));
#2377 = DIRECTION('',(-4.440892098501E-16,1.,0.));
#2378 = DIRECTION('',(1.,4.440892098501E-16,0.));
#2379 = ADVANCED_FACE('',(#2380),#2437,.F.);
#2380 = FACE_BOUND('',#2381,.F.);
#2381 = EDGE_LOOP('',(#2382,#2390,#2391,#2399,#2407,#2415,#2423,#2431));
#2382 = ORIENTED_EDGE('',*,*,#2383,.F.);
#2383 = EDGE_CURVE('',#2299,#2384,#2386,.T.);
#2384 = VERTEX_POINT('',#2385);
#2385 = CARTESIAN_POINT('',(0.846666666667,1.27,0.));
#2386 = LINE('',#2387,#2388);
#2387 = CARTESIAN_POINT('',(1.27,1.27,0.));
#2388 = VECTOR('',#2389,1.);
#2389 = DIRECTION('',(-1.,-4.440892098501E-16,0.));
#2390 = ORIENTED_EDGE('',*,*,#2298,.T.);
#2391 = ORIENTED_EDGE('',*,*,#2392,.T.);
#2392 = EDGE_CURVE('',#2291,#2393,#2395,.T.);
#2393 = VERTEX_POINT('',#2394);
#2394 = CARTESIAN_POINT('',(-1.27,1.27,7.));
#2395 = LINE('',#2396,#2397);
#2396 = CARTESIAN_POINT('',(1.27,1.27,7.));
#2397 = VECTOR('',#2398,1.);
#2398 = DIRECTION('',(-1.,-4.440892098501E-16,0.));
#2399 = ORIENTED_EDGE('',*,*,#2400,.F.);
#2400 = EDGE_CURVE('',#2401,#2393,#2403,.T.);
#2401 = VERTEX_POINT('',#2402);
#2402 = CARTESIAN_POINT('',(-1.27,1.27,0.));
#2403 = LINE('',#2404,#2405);
#2404 = CARTESIAN_POINT('',(-1.27,1.27,0.));
#2405 = VECTOR('',#2406,1.);
#2406 = DIRECTION('',(0.,0.,1.));
#2407 = ORIENTED_EDGE('',*,*,#2408,.F.);
#2408 = EDGE_CURVE('',#2409,#2401,#2411,.T.);
#2409 = VERTEX_POINT('',#2410);
#2410 = CARTESIAN_POINT('',(-0.846666666667,1.27,0.));
#2411 = LINE('',#2412,#2413);
#2412 = CARTESIAN_POINT('',(1.27,1.27,0.));
#2413 = VECTOR('',#2414,1.);
#2414 = DIRECTION('',(-1.,-4.440892098501E-16,0.));
#2415 = ORIENTED_EDGE('',*,*,#2416,.T.);
#2416 = EDGE_CURVE('',#2409,#2417,#2419,.T.);
#2417 = VERTEX_POINT('',#2418);
#2418 = CARTESIAN_POINT('',(-0.846666666667,1.27,0.2));
#2419 = LINE('',#2420,#2421);
#2420 = CARTESIAN_POINT('',(-0.846666666667,1.27,0.));
#2421 = VECTOR('',#2422,1.);
#2422 = DIRECTION('',(0.,0.,1.));
#2423 = ORIENTED_EDGE('',*,*,#2424,.F.);
#2424 = EDGE_CURVE('',#2425,#2417,#2427,.T.);
#2425 = VERTEX_POINT('',#2426);
#2426 = CARTESIAN_POINT('',(0.846666666667,1.27,0.2));
#2427 = LINE('',#2428,#2429);
#2428 = CARTESIAN_POINT('',(0.846666666667,1.27,0.2));
#2429 = VECTOR('',#2430,1.);
#2430 = DIRECTION('',(-1.,-4.440892098501E-16,0.));
#2431 = ORIENTED_EDGE('',*,*,#2432,.F.);
#2432 = EDGE_CURVE('',#2384,#2425,#2433,.T.);
#2433 = LINE('',#2434,#2435);
#2434 = CARTESIAN_POINT('',(0.846666666667,1.27,0.));
#2435 = VECTOR('',#2436,1.);
#2436 = DIRECTION('',(0.,0.,1.));
#2437 = PLANE('',#2438);
#2438 = AXIS2_PLACEMENT_3D('',#2439,#2440,#2441);
#2439 = CARTESIAN_POINT('',(1.27,1.27,0.));
#2440 = DIRECTION('',(4.440892098501E-16,-1.,0.));
#2441 = DIRECTION('',(-1.,-4.440892098501E-16,0.));
#2442 = ADVANCED_FACE('',(#2443),#2454,.T.);
#2443 = FACE_BOUND('',#2444,.T.);
#2444 = EDGE_LOOP('',(#2445,#2446,#2447,#2453));
#2445 = ORIENTED_EDGE('',*,*,#2306,.F.);
#2446 = ORIENTED_EDGE('',*,*,#2345,.F.);
#2447 = ORIENTED_EDGE('',*,*,#2448,.T.);
#2448 = EDGE_CURVE('',#2346,#2384,#2449,.T.);
#2449 = LINE('',#2450,#2451);
#2450 = CARTESIAN_POINT('',(0.846666666667,-6.35,0.));
#2451 = VECTOR('',#2452,1.);
#2452 = DIRECTION('',(-4.440892098501E-16,1.,0.));
#2453 = ORIENTED_EDGE('',*,*,#2383,.F.);
#2454 = PLANE('',#2455);
#2455 = AXIS2_PLACEMENT_3D('',#2456,#2457,#2458);
#2456 = CARTESIAN_POINT('',(1.27,-6.35,0.));
#2457 = DIRECTION('',(-0.,0.,-1.));
#2458 = DIRECTION('',(4.440892098501E-16,-1.,-0.));
#2459 = ADVANCED_FACE('',(#2460,#2471,#2505,#2539),#2573,.F.);
#2460 = FACE_BOUND('',#2461,.F.);
#2461 = EDGE_LOOP('',(#2462,#2463,#2464,#2470));
#2462 = ORIENTED_EDGE('',*,*,#2290,.F.);
#2463 = ORIENTED_EDGE('',*,*,#2338,.F.);
#2464 = ORIENTED_EDGE('',*,*,#2465,.F.);
#2465 = EDGE_CURVE('',#2393,#2331,#2466,.T.);
#2466 = LINE('',#2467,#2468);
#2467 = CARTESIAN_POINT('',(-1.27,1.27,7.));
#2468 = VECTOR('',#2469,1.);
#2469 = DIRECTION('',(4.440892098501E-16,-1.,0.));
#2470 = ORIENTED_EDGE('',*,*,#2392,.F.);
#2471 = FACE_BOUND('',#2472,.F.);
#2472 = EDGE_LOOP('',(#2473,#2483,#2491,#2499));
#2473 = ORIENTED_EDGE('',*,*,#2474,.T.);
#2474 = EDGE_CURVE('',#2475,#2477,#2479,.T.);
#2475 = VERTEX_POINT('',#2476);
#2476 = CARTESIAN_POINT('',(-0.6,-4.48,7.));
#2477 = VERTEX_POINT('',#2478);
#2478 = CARTESIAN_POINT('',(-0.6,-5.68,7.));
#2479 = LINE('',#2480,#2481);
#2480 = CARTESIAN_POINT('',(-0.6,-4.48,7.));
#2481 = VECTOR('',#2482,1.);
#2482 = DIRECTION('',(4.440892098501E-16,-1.,0.));
#2483 = ORIENTED_EDGE('',*,*,#2484,.T.);
#2484 = EDGE_CURVE('',#2477,#2485,#2487,.T.);
#2485 = VERTEX_POINT('',#2486);
#2486 = CARTESIAN_POINT('',(0.6,-5.68,7.));
#2487 = LINE('',#2488,#2489);
#2488 = CARTESIAN_POINT('',(-0.6,-5.68,7.));
#2489 = VECTOR('',#2490,1.);
#2490 = DIRECTION('',(1.,4.440892098501E-16,0.));
#2491 = ORIENTED_EDGE('',*,*,#2492,.T.);
#2492 = EDGE_CURVE('',#2485,#2493,#2495,.T.);
#2493 = VERTEX_POINT('',#2494);
#2494 = CARTESIAN_POINT('',(0.6,-4.48,7.));
#2495 = LINE('',#2496,#2497);
#2496 = CARTESIAN_POINT('',(0.6,-5.68,7.));
#2497 = VECTOR('',#2498,1.);
#2498 = DIRECTION('',(-4.440892098501E-16,1.,0.));
#2499 = ORIENTED_EDGE('',*,*,#2500,.T.);
#2500 = EDGE_CURVE('',#2493,#2475,#2501,.T.);
#2501 = LINE('',#2502,#2503);
#2502 = CARTESIAN_POINT('',(0.6,-4.48,7.));
#2503 = VECTOR('',#2504,1.);
#2504 = DIRECTION('',(-1.,-4.440892098501E-16,0.));
#2505 = FACE_BOUND('',#2506,.F.);
#2506 = EDGE_LOOP('',(#2507,#2517,#2525,#2533));
#2507 = ORIENTED_EDGE('',*,*,#2508,.T.);
#2508 = EDGE_CURVE('',#2509,#2511,#2513,.T.);
#2509 = VERTEX_POINT('',#2510);
#2510 = CARTESIAN_POINT('',(0.6,-1.94,7.));
#2511 = VERTEX_POINT('',#2512);
#2512 = CARTESIAN_POINT('',(-0.6,-1.94,7.));
#2513 = LINE('',#2514,#2515);
#2514 = CARTESIAN_POINT('',(0.6,-1.94,7.));
#2515 = VECTOR('',#2516,1.);
#2516 = DIRECTION('',(-1.,-4.440892098501E-16,0.));
#2517 = ORIENTED_EDGE('',*,*,#2518,.T.);
#2518 = EDGE_CURVE('',#2511,#2519,#2521,.T.);
#2519 = VERTEX_POINT('',#2520);
#2520 = CARTESIAN_POINT('',(-0.6,-3.14,7.));
#2521 = LINE('',#2522,#2523);
#2522 = CARTESIAN_POINT('',(-0.6,-1.94,7.));
#2523 = VECTOR('',#2524,1.);
#2524 = DIRECTION('',(4.440892098501E-16,-1.,0.));
#2525 = ORIENTED_EDGE('',*,*,#2526,.T.);
#2526 = EDGE_CURVE('',#2519,#2527,#2529,.T.);
#2527 = VERTEX_POINT('',#2528);
#2528 = CARTESIAN_POINT('',(0.6,-3.14,7.));
#2529 = LINE('',#2530,#2531);
#2530 = CARTESIAN_POINT('',(-0.6,-3.14,7.));
#2531 = VECTOR('',#2532,1.);
#2532 = DIRECTION('',(1.,4.440892098501E-16,0.));
#2533 = ORIENTED_EDGE('',*,*,#2534,.T.);
#2534 = EDGE_CURVE('',#2527,#2509,#2535,.T.);
#2535 = LINE('',#2536,#2537);
#2536 = CARTESIAN_POINT('',(0.6,-3.14,7.));
#2537 = VECTOR('',#2538,1.);
#2538 = DIRECTION('',(-4.440892098501E-16,1.,0.));
#2539 = FACE_BOUND('',#2540,.F.);
#2540 = EDGE_LOOP('',(#2541,#2551,#2559,#2567));
#2541 = ORIENTED_EDGE('',*,*,#2542,.T.);
#2542 = EDGE_CURVE('',#2543,#2545,#2547,.T.);
#2543 = VERTEX_POINT('',#2544);
#2544 = CARTESIAN_POINT('',(0.6,-0.6,7.));
#2545 = VERTEX_POINT('',#2546);
#2546 = CARTESIAN_POINT('',(0.6,0.6,7.));
#2547 = LINE('',#2548,#2549);
#2548 = CARTESIAN_POINT('',(0.6,-0.6,7.));
#2549 = VECTOR('',#2550,1.);
#2550 = DIRECTION('',(-4.440892098501E-16,1.,0.));
#2551 = ORIENTED_EDGE('',*,*,#2552,.T.);
#2552 = EDGE_CURVE('',#2545,#2553,#2555,.T.);
#2553 = VERTEX_POINT('',#2554);
#2554 = CARTESIAN_POINT('',(-0.6,0.6,7.));
#2555 = LINE('',#2556,#2557);
#2556 = CARTESIAN_POINT('',(0.6,0.6,7.));
#2557 = VECTOR('',#2558,1.);
#2558 = DIRECTION('',(-1.,-4.440892098501E-16,0.));
#2559 = ORIENTED_EDGE('',*,*,#2560,.T.);
#2560 = EDGE_CURVE('',#2553,#2561,#2563,.T.);
#2561 = VERTEX_POINT('',#2562);
#2562 = CARTESIAN_POINT('',(-0.6,-0.6,7.));
#2563 = LINE('',#2564,#2565);
#2564 = CARTESIAN_POINT('',(-0.6,0.6,7.));
#2565 = VECTOR('',#2566,1.);
#2566 = DIRECTION('',(4.440892098501E-16,-1.,0.));
#2567 = ORIENTED_EDGE('',*,*,#2568,.T.);
#2568 = EDGE_CURVE('',#2561,#2543,#2569,.T.);
#2569 = LINE('',#2570,#2571);
#2570 = CARTESIAN_POINT('',(-0.6,-0.6,7.));
#2571 = VECTOR('',#2572,1.);
#2572 = DIRECTION('',(1.,4.440892098501E-16,0.));
#2573 = PLANE('',#2574);
#2574 = AXIS2_PLACEMENT_3D('',#2575,#2576,#2577);
#2575 = CARTESIAN_POINT('',(1.27,-6.35,7.));
#2576 = DIRECTION('',(-0.,0.,-1.));
#2577 = DIRECTION('',(4.440892098501E-16,-1.,-0.));
#2578 = ADVANCED_FACE('',(#2579),#2595,.T.);
#2579 = FACE_BOUND('',#2580,.T.);
#2580 = EDGE_LOOP('',(#2581,#2587,#2588,#2594));
#2581 = ORIENTED_EDGE('',*,*,#2582,.T.);
#2582 = EDGE_CURVE('',#2409,#2323,#2583,.T.);
#2583 = LINE('',#2584,#2585);
#2584 = CARTESIAN_POINT('',(-0.846666666667,1.27,0.));
#2585 = VECTOR('',#2586,1.);
#2586 = DIRECTION('',(4.440892098501E-16,-1.,0.));
#2587 = ORIENTED_EDGE('',*,*,#2320,.F.);
#2588 = ORIENTED_EDGE('',*,*,#2589,.F.);
#2589 = EDGE_CURVE('',#2401,#2321,#2590,.T.);
#2590 = LINE('',#2591,#2592);
#2591 = CARTESIAN_POINT('',(-1.27,1.27,0.));
#2592 = VECTOR('',#2593,1.);
#2593 = DIRECTION('',(4.440892098501E-16,-1.,0.));
#2594 = ORIENTED_EDGE('',*,*,#2408,.F.);
#2595 = PLANE('',#2596);
#2596 = AXIS2_PLACEMENT_3D('',#2597,#2598,#2599);
#2597 = CARTESIAN_POINT('',(1.27,-6.35,0.));
#2598 = DIRECTION('',(-0.,0.,-1.));
#2599 = DIRECTION('',(4.440892098501E-16,-1.,-0.));
#2600 = ADVANCED_FACE('',(#2601),#2612,.T.);
#2601 = FACE_BOUND('',#2602,.T.);
#2602 = EDGE_LOOP('',(#2603,#2604,#2610,#2611));
#2603 = ORIENTED_EDGE('',*,*,#2416,.T.);
#2604 = ORIENTED_EDGE('',*,*,#2605,.T.);
#2605 = EDGE_CURVE('',#2417,#2362,#2606,.T.);
#2606 = LINE('',#2607,#2608);
#2607 = CARTESIAN_POINT('',(-0.846666666667,1.27,0.2));
#2608 = VECTOR('',#2609,1.);
#2609 = DIRECTION('',(4.440892098501E-16,-1.,0.));
#2610 = ORIENTED_EDGE('',*,*,#2369,.F.);
#2611 = ORIENTED_EDGE('',*,*,#2582,.F.);
#2612 = PLANE('',#2613);
#2613 = AXIS2_PLACEMENT_3D('',#2614,#2615,#2616);
#2614 = CARTESIAN_POINT('',(-0.846666666667,1.27,0.));
#2615 = DIRECTION('',(1.,4.440892098501E-16,0.));
#2616 = DIRECTION('',(4.440892098501E-16,-1.,0.));
#2617 = ADVANCED_FACE('',(#2618,#2629,#2695,#2761),#2827,.T.);
#2618 = FACE_BOUND('',#2619,.T.);
#2619 = EDGE_LOOP('',(#2620,#2626,#2627,#2628));
#2620 = ORIENTED_EDGE('',*,*,#2621,.F.);
#2621 = EDGE_CURVE('',#2354,#2425,#2622,.T.);
#2622 = LINE('',#2623,#2624);
#2623 = CARTESIAN_POINT('',(0.846666666667,-6.35,0.2));
#2624 = VECTOR('',#2625,1.);
#2625 = DIRECTION('',(-4.440892098501E-16,1.,0.));
#2626 = ORIENTED_EDGE('',*,*,#2361,.F.);
#2627 = ORIENTED_EDGE('',*,*,#2605,.F.);
#2628 = ORIENTED_EDGE('',*,*,#2424,.F.);
#2629 = FACE_BOUND('',#2630,.T.);
#2630 = EDGE_LOOP('',(#2631,#2641,#2649,#2657,#2665,#2673,#2681,#2689));
#2631 = ORIENTED_EDGE('',*,*,#2632,.T.);
#2632 = EDGE_CURVE('',#2633,#2635,#2637,.T.);
#2633 = VERTEX_POINT('',#2634);
#2634 = CARTESIAN_POINT('',(-0.1,-4.78,0.2));
#2635 = VERTEX_POINT('',#2636);
#2636 = CARTESIAN_POINT('',(-0.1,-5.38,0.2));
#2637 = LINE('',#2638,#2639);
#2638 = CARTESIAN_POINT('',(-0.1,-5.565,0.2));
#2639 = VECTOR('',#2640,1.);
#2640 = DIRECTION('',(4.440892098501E-16,-1.,0.));
#2641 = ORIENTED_EDGE('',*,*,#2642,.T.);
#2642 = EDGE_CURVE('',#2635,#2643,#2645,.T.);
#2643 = VERTEX_POINT('',#2644);
#2644 = CARTESIAN_POINT('',(-0.1,-5.53,0.2));
#2645 = LINE('',#2646,#2647);
#2646 = CARTESIAN_POINT('',(-0.1,-4.63,0.2));
#2647 = VECTOR('',#2648,1.);
#2648 = DIRECTION('',(4.440892098501E-16,-1.,0.));
#2649 = ORIENTED_EDGE('',*,*,#2650,.T.);
#2650 = EDGE_CURVE('',#2643,#2651,#2653,.T.);
#2651 = VERTEX_POINT('',#2652);
#2652 = CARTESIAN_POINT('',(0.1,-5.53,0.2));
#2653 = LINE('',#2654,#2655);
#2654 = CARTESIAN_POINT('',(-0.1,-5.53,0.2));
#2655 = VECTOR('',#2656,1.);
#2656 = DIRECTION('',(1.,4.440892098501E-16,0.));
#2657 = ORIENTED_EDGE('',*,*,#2658,.F.);
#2658 = EDGE_CURVE('',#2659,#2651,#2661,.T.);
#2659 = VERTEX_POINT('',#2660);
#2660 = CARTESIAN_POINT('',(0.1,-5.38,0.2));
#2661 = LINE('',#2662,#2663);
#2662 = CARTESIAN_POINT('',(0.1,-5.38,0.2));
#2663 = VECTOR('',#2664,1.);
#2664 = DIRECTION('',(4.440892098501E-16,-1.,0.));
#2665 = ORIENTED_EDGE('',*,*,#2666,.T.);
#2666 = EDGE_CURVE('',#2659,#2667,#2669,.T.);
#2667 = VERTEX_POINT('',#2668);
#2668 = CARTESIAN_POINT('',(0.1,-4.78,0.2));
#2669 = LINE('',#2670,#2671);
#2670 = CARTESIAN_POINT('',(0.1,-5.865,0.2));
#2671 = VECTOR('',#2672,1.);
#2672 = DIRECTION('',(-4.440892098501E-16,1.,0.));
#2673 = ORIENTED_EDGE('',*,*,#2674,.F.);
#2674 = EDGE_CURVE('',#2675,#2667,#2677,.T.);
#2675 = VERTEX_POINT('',#2676);
#2676 = CARTESIAN_POINT('',(0.1,-4.63,0.2));
#2677 = LINE('',#2678,#2679);
#2678 = CARTESIAN_POINT('',(0.1,-5.38,0.2));
#2679 = VECTOR('',#2680,1.);
#2680 = DIRECTION('',(4.440892098501E-16,-1.,0.));
#2681 = ORIENTED_EDGE('',*,*,#2682,.F.);
#2682 = EDGE_CURVE('',#2683,#2675,#2685,.T.);
#2683 = VERTEX_POINT('',#2684);
#2684 = CARTESIAN_POINT('',(-0.1,-4.63,0.2));
#2685 = LINE('',#2686,#2687);
#2686 = CARTESIAN_POINT('',(-0.1,-4.63,0.2));
#2687 = VECTOR('',#2688,1.);
#2688 = DIRECTION('',(1.,4.440892098501E-16,0.));
#2689 = ORIENTED_EDGE('',*,*,#2690,.T.);
#2690 = EDGE_CURVE('',#2683,#2633,#2691,.T.);
#2691 = LINE('',#2692,#2693);
#2692 = CARTESIAN_POINT('',(-0.1,-4.63,0.2));
#2693 = VECTOR('',#2694,1.);
#2694 = DIRECTION('',(4.440892098501E-16,-1.,0.));
#2695 = FACE_BOUND('',#2696,.T.);
#2696 = EDGE_LOOP('',(#2697,#2707,#2715,#2723,#2731,#2739,#2747,#2755));
#2697 = ORIENTED_EDGE('',*,*,#2698,.T.);
#2698 = EDGE_CURVE('',#2699,#2701,#2703,.T.);
#2699 = VERTEX_POINT('',#2700);
#2700 = CARTESIAN_POINT('',(-0.1,-2.09,0.2));
#2701 = VERTEX_POINT('',#2702);
#2702 = CARTESIAN_POINT('',(-0.1,-2.24,0.2));
#2703 = LINE('',#2704,#2705);
#2704 = CARTESIAN_POINT('',(-0.1,-2.09,0.2));
#2705 = VECTOR('',#2706,1.);
#2706 = DIRECTION('',(4.440892098501E-16,-1.,0.));
#2707 = ORIENTED_EDGE('',*,*,#2708,.T.);
#2708 = EDGE_CURVE('',#2701,#2709,#2711,.T.);
#2709 = VERTEX_POINT('',#2710);
#2710 = CARTESIAN_POINT('',(-0.1,-2.84,0.2));
#2711 = LINE('',#2712,#2713);
#2712 = CARTESIAN_POINT('',(-0.1,-4.295,0.2));
#2713 = VECTOR('',#2714,1.);
#2714 = DIRECTION('',(4.440892098501E-16,-1.,0.));
#2715 = ORIENTED_EDGE('',*,*,#2716,.T.);
#2716 = EDGE_CURVE('',#2709,#2717,#2719,.T.);
#2717 = VERTEX_POINT('',#2718);
#2718 = CARTESIAN_POINT('',(-0.1,-2.99,0.2));
#2719 = LINE('',#2720,#2721);
#2720 = CARTESIAN_POINT('',(-0.1,-2.09,0.2));
#2721 = VECTOR('',#2722,1.);
#2722 = DIRECTION('',(4.440892098501E-16,-1.,0.));
#2723 = ORIENTED_EDGE('',*,*,#2724,.T.);
#2724 = EDGE_CURVE('',#2717,#2725,#2727,.T.);
#2725 = VERTEX_POINT('',#2726);
#2726 = CARTESIAN_POINT('',(0.1,-2.99,0.2));
#2727 = LINE('',#2728,#2729);
#2728 = CARTESIAN_POINT('',(-0.1,-2.99,0.2));
#2729 = VECTOR('',#2730,1.);
#2730 = DIRECTION('',(1.,4.440892098501E-16,0.));
#2731 = ORIENTED_EDGE('',*,*,#2732,.F.);
#2732 = EDGE_CURVE('',#2733,#2725,#2735,.T.);
#2733 = VERTEX_POINT('',#2734);
#2734 = CARTESIAN_POINT('',(0.1,-2.84,0.2));
#2735 = LINE('',#2736,#2737);
#2736 = CARTESIAN_POINT('',(0.1,-2.84,0.2));
#2737 = VECTOR('',#2738,1.);
#2738 = DIRECTION('',(4.440892098501E-16,-1.,0.));
#2739 = ORIENTED_EDGE('',*,*,#2740,.T.);
#2740 = EDGE_CURVE('',#2733,#2741,#2743,.T.);
#2741 = VERTEX_POINT('',#2742);
#2742 = CARTESIAN_POINT('',(0.1,-2.24,0.2));
#2743 = LINE('',#2744,#2745);
#2744 = CARTESIAN_POINT('',(0.1,-4.595,0.2));
#2745 = VECTOR('',#2746,1.);
#2746 = DIRECTION('',(-4.440892098501E-16,1.,0.));
#2747 = ORIENTED_EDGE('',*,*,#2748,.F.);
#2748 = EDGE_CURVE('',#2749,#2741,#2751,.T.);
#2749 = VERTEX_POINT('',#2750);
#2750 = CARTESIAN_POINT('',(0.1,-2.09,0.2));
#2751 = LINE('',#2752,#2753);
#2752 = CARTESIAN_POINT('',(0.1,-2.84,0.2));
#2753 = VECTOR('',#2754,1.);
#2754 = DIRECTION('',(4.440892098501E-16,-1.,0.));
#2755 = ORIENTED_EDGE('',*,*,#2756,.F.);
#2756 = EDGE_CURVE('',#2699,#2749,#2757,.T.);
#2757 = LINE('',#2758,#2759);
#2758 = CARTESIAN_POINT('',(-0.1,-2.09,0.2));
#2759 = VECTOR('',#2760,1.);
#2760 = DIRECTION('',(1.,4.440892098501E-16,0.));
#2761 = FACE_BOUND('',#2762,.T.);
#2762 = EDGE_LOOP('',(#2763,#2773,#2781,#2789,#2797,#2805,#2813,#2821));
#2763 = ORIENTED_EDGE('',*,*,#2764,.T.);
#2764 = EDGE_CURVE('',#2765,#2767,#2769,.T.);
#2765 = VERTEX_POINT('',#2766);
#2766 = CARTESIAN_POINT('',(-0.1,0.3,0.2));
#2767 = VERTEX_POINT('',#2768);
#2768 = CARTESIAN_POINT('',(-0.1,-0.3,0.2));
#2769 = LINE('',#2770,#2771);
#2770 = CARTESIAN_POINT('',(-0.1,-3.025,0.2));
#2771 = VECTOR('',#2772,1.);
#2772 = DIRECTION('',(4.440892098501E-16,-1.,0.));
#2773 = ORIENTED_EDGE('',*,*,#2774,.T.);
#2774 = EDGE_CURVE('',#2767,#2775,#2777,.T.);
#2775 = VERTEX_POINT('',#2776);
#2776 = CARTESIAN_POINT('',(-0.1,-0.45,0.2));
#2777 = LINE('',#2778,#2779);
#2778 = CARTESIAN_POINT('',(-0.1,0.45,0.2));
#2779 = VECTOR('',#2780,1.);
#2780 = DIRECTION('',(4.440892098501E-16,-1.,0.));
#2781 = ORIENTED_EDGE('',*,*,#2782,.T.);
#2782 = EDGE_CURVE('',#2775,#2783,#2785,.T.);
#2783 = VERTEX_POINT('',#2784);
#2784 = CARTESIAN_POINT('',(0.1,-0.45,0.2));
#2785 = LINE('',#2786,#2787);
#2786 = CARTESIAN_POINT('',(-0.1,-0.45,0.2));
#2787 = VECTOR('',#2788,1.);
#2788 = DIRECTION('',(1.,4.440892098501E-16,0.));
#2789 = ORIENTED_EDGE('',*,*,#2790,.F.);
#2790 = EDGE_CURVE('',#2791,#2783,#2793,.T.);
#2791 = VERTEX_POINT('',#2792);
#2792 = CARTESIAN_POINT('',(0.1,-0.3,0.2));
#2793 = LINE('',#2794,#2795);
#2794 = CARTESIAN_POINT('',(0.1,-0.3,0.2));
#2795 = VECTOR('',#2796,1.);
#2796 = DIRECTION('',(4.440892098501E-16,-1.,0.));
#2797 = ORIENTED_EDGE('',*,*,#2798,.T.);
#2798 = EDGE_CURVE('',#2791,#2799,#2801,.T.);
#2799 = VERTEX_POINT('',#2800);
#2800 = CARTESIAN_POINT('',(0.1,0.3,0.2));
#2801 = LINE('',#2802,#2803);
#2802 = CARTESIAN_POINT('',(0.1,-3.325,0.2));
#2803 = VECTOR('',#2804,1.);
#2804 = DIRECTION('',(-4.440892098501E-16,1.,0.));
#2805 = ORIENTED_EDGE('',*,*,#2806,.F.);
#2806 = EDGE_CURVE('',#2807,#2799,#2809,.T.);
#2807 = VERTEX_POINT('',#2808);
#2808 = CARTESIAN_POINT('',(0.1,0.45,0.2));
#2809 = LINE('',#2810,#2811);
#2810 = CARTESIAN_POINT('',(0.1,-0.3,0.2));
#2811 = VECTOR('',#2812,1.);
#2812 = DIRECTION('',(4.440892098501E-16,-1.,0.));
#2813 = ORIENTED_EDGE('',*,*,#2814,.F.);
#2814 = EDGE_CURVE('',#2815,#2807,#2817,.T.);
#2815 = VERTEX_POINT('',#2816);
#2816 = CARTESIAN_POINT('',(-0.1,0.45,0.2));
#2817 = LINE('',#2818,#2819);
#2818 = CARTESIAN_POINT('',(-0.1,0.45,0.2));
#2819 = VECTOR('',#2820,1.);
#2820 = DIRECTION('',(1.,4.440892098501E-16,0.));
#2821 = ORIENTED_EDGE('',*,*,#2822,.T.);
#2822 = EDGE_CURVE('',#2815,#2765,#2823,.T.);
#2823 = LINE('',#2824,#2825);
#2824 = CARTESIAN_POINT('',(-0.1,0.45,0.2));
#2825 = VECTOR('',#2826,1.);
#2826 = DIRECTION('',(4.440892098501E-16,-1.,0.));
#2827 = PLANE('',#2828);
#2828 = AXIS2_PLACEMENT_3D('',#2829,#2830,#2831);
#2829 = CARTESIAN_POINT('',(0.846666666667,-6.35,0.2));
#2830 = DIRECTION('',(-0.,0.,-1.));
#2831 = DIRECTION('',(4.440892098501E-16,-1.,-0.));
#2832 = ADVANCED_FACE('',(#2833),#2839,.T.);
#2833 = FACE_BOUND('',#2834,.T.);
#2834 = EDGE_LOOP('',(#2835,#2836,#2837,#2838));
#2835 = ORIENTED_EDGE('',*,*,#2353,.T.);
#2836 = ORIENTED_EDGE('',*,*,#2621,.T.);
#2837 = ORIENTED_EDGE('',*,*,#2432,.F.);
#2838 = ORIENTED_EDGE('',*,*,#2448,.F.);
#2839 = PLANE('',#2840);
#2840 = AXIS2_PLACEMENT_3D('',#2841,#2842,#2843);
#2841 = CARTESIAN_POINT('',(0.846666666667,-6.35,0.));
#2842 = DIRECTION('',(-1.,-4.440892098501E-16,0.));
#2843 = DIRECTION('',(-4.440892098501E-16,1.,0.));
#2844 = ADVANCED_FACE('',(#2845),#2851,.F.);
#2845 = FACE_BOUND('',#2846,.F.);
#2846 = EDGE_LOOP('',(#2847,#2848,#2849,#2850));
#2847 = ORIENTED_EDGE('',*,*,#2400,.T.);
#2848 = ORIENTED_EDGE('',*,*,#2465,.T.);
#2849 = ORIENTED_EDGE('',*,*,#2330,.F.);
#2850 = ORIENTED_EDGE('',*,*,#2589,.F.);
#2851 = PLANE('',#2852);
#2852 = AXIS2_PLACEMENT_3D('',#2853,#2854,#2855);
#2853 = CARTESIAN_POINT('',(-1.27,1.27,0.));
#2854 = DIRECTION('',(1.,4.440892098501E-16,0.));
#2855 = DIRECTION('',(4.440892098501E-16,-1.,0.));
#2856 = ADVANCED_FACE('',(#2857),#2882,.F.);
#2857 = FACE_BOUND('',#2858,.F.);
#2858 = EDGE_LOOP('',(#2859,#2867,#2875,#2881));
#2859 = ORIENTED_EDGE('',*,*,#2860,.T.);
#2860 = EDGE_CURVE('',#2475,#2861,#2863,.T.);
#2861 = VERTEX_POINT('',#2862);
#2862 = CARTESIAN_POINT('',(-0.6,-4.48,6.999));
#2863 = LINE('',#2864,#2865);
#2864 = CARTESIAN_POINT('',(-0.6,-4.48,7.));
#2865 = VECTOR('',#2866,1.);
#2866 = DIRECTION('',(0.,0.,-1.));
#2867 = ORIENTED_EDGE('',*,*,#2868,.T.);
#2868 = EDGE_CURVE('',#2861,#2869,#2871,.T.);
#2869 = VERTEX_POINT('',#2870);
#2870 = CARTESIAN_POINT('',(-0.6,-5.68,6.999));
#2871 = LINE('',#2872,#2873);
#2872 = CARTESIAN_POINT('',(-0.6,-4.48,6.999));
#2873 = VECTOR('',#2874,1.);
#2874 = DIRECTION('',(4.440892098501E-16,-1.,0.));
#2875 = ORIENTED_EDGE('',*,*,#2876,.F.);
#2876 = EDGE_CURVE('',#2477,#2869,#2877,.T.);
#2877 = LINE('',#2878,#2879);
#2878 = CARTESIAN_POINT('',(-0.6,-5.68,7.));
#2879 = VECTOR('',#2880,1.);
#2880 = DIRECTION('',(0.,0.,-1.));
#2881 = ORIENTED_EDGE('',*,*,#2474,.F.);
#2882 = PLANE('',#2883);
#2883 = AXIS2_PLACEMENT_3D('',#2884,#2885,#2886);
#2884 = CARTESIAN_POINT('',(-0.6,-4.48,7.));
#2885 = DIRECTION('',(-1.,-4.440892098501E-16,0.));
#2886 = DIRECTION('',(4.440892098501E-16,-1.,0.));
#2887 = ADVANCED_FACE('',(#2888),#2906,.F.);
#2888 = FACE_BOUND('',#2889,.F.);
#2889 = EDGE_LOOP('',(#2890,#2898,#2904,#2905));
#2890 = ORIENTED_EDGE('',*,*,#2891,.T.);
#2891 = EDGE_CURVE('',#2493,#2892,#2894,.T.);
#2892 = VERTEX_POINT('',#2893);
#2893 = CARTESIAN_POINT('',(0.6,-4.48,6.999));
#2894 = LINE('',#2895,#2896);
#2895 = CARTESIAN_POINT('',(0.6,-4.48,7.));
#2896 = VECTOR('',#2897,1.);
#2897 = DIRECTION('',(0.,0.,-1.));
#2898 = ORIENTED_EDGE('',*,*,#2899,.T.);
#2899 = EDGE_CURVE('',#2892,#2861,#2900,.T.);
#2900 = LINE('',#2901,#2902);
#2901 = CARTESIAN_POINT('',(0.6,-4.48,6.999));
#2902 = VECTOR('',#2903,1.);
#2903 = DIRECTION('',(-1.,-4.440892098501E-16,0.));
#2904 = ORIENTED_EDGE('',*,*,#2860,.F.);
#2905 = ORIENTED_EDGE('',*,*,#2500,.F.);
#2906 = PLANE('',#2907);
#2907 = AXIS2_PLACEMENT_3D('',#2908,#2909,#2910);
#2908 = CARTESIAN_POINT('',(0.6,-4.48,7.));
#2909 = DIRECTION('',(-4.440892098501E-16,1.,0.));
#2910 = DIRECTION('',(-1.,-4.440892098501E-16,0.));
#2911 = ADVANCED_FACE('',(#2912),#2930,.F.);
#2912 = FACE_BOUND('',#2913,.F.);
#2913 = EDGE_LOOP('',(#2914,#2922,#2928,#2929));
#2914 = ORIENTED_EDGE('',*,*,#2915,.T.);
#2915 = EDGE_CURVE('',#2485,#2916,#2918,.T.);
#2916 = VERTEX_POINT('',#2917);
#2917 = CARTESIAN_POINT('',(0.6,-5.68,6.999));
#2918 = LINE('',#2919,#2920);
#2919 = CARTESIAN_POINT('',(0.6,-5.68,7.));
#2920 = VECTOR('',#2921,1.);
#2921 = DIRECTION('',(0.,0.,-1.));
#2922 = ORIENTED_EDGE('',*,*,#2923,.T.);
#2923 = EDGE_CURVE('',#2916,#2892,#2924,.T.);
#2924 = LINE('',#2925,#2926);
#2925 = CARTESIAN_POINT('',(0.6,-5.68,6.999));
#2926 = VECTOR('',#2927,1.);
#2927 = DIRECTION('',(-4.440892098501E-16,1.,0.));
#2928 = ORIENTED_EDGE('',*,*,#2891,.F.);
#2929 = ORIENTED_EDGE('',*,*,#2492,.F.);
#2930 = PLANE('',#2931);
#2931 = AXIS2_PLACEMENT_3D('',#2932,#2933,#2934);
#2932 = CARTESIAN_POINT('',(0.6,-5.68,7.));
#2933 = DIRECTION('',(1.,4.440892098501E-16,0.));
#2934 = DIRECTION('',(-4.440892098501E-16,1.,0.));
#2935 = ADVANCED_FACE('',(#2936),#2947,.F.);
#2936 = FACE_BOUND('',#2937,.F.);
#2937 = EDGE_LOOP('',(#2938,#2939,#2945,#2946));
#2938 = ORIENTED_EDGE('',*,*,#2876,.T.);
#2939 = ORIENTED_EDGE('',*,*,#2940,.T.);
#2940 = EDGE_CURVE('',#2869,#2916,#2941,.T.);
#2941 = LINE('',#2942,#2943);
#2942 = CARTESIAN_POINT('',(-0.6,-5.68,6.999));
#2943 = VECTOR('',#2944,1.);
#2944 = DIRECTION('',(1.,4.440892098501E-16,0.));
#2945 = ORIENTED_EDGE('',*,*,#2915,.F.);
#2946 = ORIENTED_EDGE('',*,*,#2484,.F.);
#2947 = PLANE('',#2948);
#2948 = AXIS2_PLACEMENT_3D('',#2949,#2950,#2951);
#2949 = CARTESIAN_POINT('',(-0.6,-5.68,7.));
#2950 = DIRECTION('',(4.440892098501E-16,-1.,0.));
#2951 = DIRECTION('',(1.,4.440892098501E-16,0.));
#2952 = ADVANCED_FACE('',(#2953),#2978,.F.);
#2953 = FACE_BOUND('',#2954,.F.);
#2954 = EDGE_LOOP('',(#2955,#2963,#2971,#2977));
#2955 = ORIENTED_EDGE('',*,*,#2956,.T.);
#2956 = EDGE_CURVE('',#2509,#2957,#2959,.T.);
#2957 = VERTEX_POINT('',#2958);
#2958 = CARTESIAN_POINT('',(0.6,-1.94,6.999));
#2959 = LINE('',#2960,#2961);
#2960 = CARTESIAN_POINT('',(0.6,-1.94,7.));
#2961 = VECTOR('',#2962,1.);
#2962 = DIRECTION('',(0.,0.,-1.));
#2963 = ORIENTED_EDGE('',*,*,#2964,.T.);
#2964 = EDGE_CURVE('',#2957,#2965,#2967,.T.);
#2965 = VERTEX_POINT('',#2966);
#2966 = CARTESIAN_POINT('',(-0.6,-1.94,6.999));
#2967 = LINE('',#2968,#2969);
#2968 = CARTESIAN_POINT('',(0.6,-1.94,6.999));
#2969 = VECTOR('',#2970,1.);
#2970 = DIRECTION('',(-1.,-4.440892098501E-16,0.));
#2971 = ORIENTED_EDGE('',*,*,#2972,.F.);
#2972 = EDGE_CURVE('',#2511,#2965,#2973,.T.);
#2973 = LINE('',#2974,#2975);
#2974 = CARTESIAN_POINT('',(-0.6,-1.94,7.));
#2975 = VECTOR('',#2976,1.);
#2976 = DIRECTION('',(0.,0.,-1.));
#2977 = ORIENTED_EDGE('',*,*,#2508,.F.);
#2978 = PLANE('',#2979);
#2979 = AXIS2_PLACEMENT_3D('',#2980,#2981,#2982);
#2980 = CARTESIAN_POINT('',(0.6,-1.94,7.));
#2981 = DIRECTION('',(-4.440892098501E-16,1.,0.));
#2982 = DIRECTION('',(-1.,-4.440892098501E-16,0.));
#2983 = ADVANCED_FACE('',(#2984),#3002,.F.);
#2984 = FACE_BOUND('',#2985,.F.);
#2985 = EDGE_LOOP('',(#2986,#2994,#3000,#3001));
#2986 = ORIENTED_EDGE('',*,*,#2987,.T.);
#2987 = EDGE_CURVE('',#2527,#2988,#2990,.T.);
#2988 = VERTEX_POINT('',#2989);
#2989 = CARTESIAN_POINT('',(0.6,-3.14,6.999));
#2990 = LINE('',#2991,#2992);
#2991 = CARTESIAN_POINT('',(0.6,-3.14,7.));
#2992 = VECTOR('',#2993,1.);
#2993 = DIRECTION('',(0.,0.,-1.));
#2994 = ORIENTED_EDGE('',*,*,#2995,.T.);
#2995 = EDGE_CURVE('',#2988,#2957,#2996,.T.);
#2996 = LINE('',#2997,#2998);
#2997 = CARTESIAN_POINT('',(0.6,-3.14,6.999));
#2998 = VECTOR('',#2999,1.);
#2999 = DIRECTION('',(-4.440892098501E-16,1.,0.));
#3000 = ORIENTED_EDGE('',*,*,#2956,.F.);
#3001 = ORIENTED_EDGE('',*,*,#2534,.F.);
#3002 = PLANE('',#3003);
#3003 = AXIS2_PLACEMENT_3D('',#3004,#3005,#3006);
#3004 = CARTESIAN_POINT('',(0.6,-3.14,7.));
#3005 = DIRECTION('',(1.,4.440892098501E-16,0.));
#3006 = DIRECTION('',(-4.440892098501E-16,1.,0.));
#3007 = ADVANCED_FACE('',(#3008),#3026,.F.);
#3008 = FACE_BOUND('',#3009,.F.);
#3009 = EDGE_LOOP('',(#3010,#3018,#3024,#3025));
#3010 = ORIENTED_EDGE('',*,*,#3011,.T.);
#3011 = EDGE_CURVE('',#2519,#3012,#3014,.T.);
#3012 = VERTEX_POINT('',#3013);
#3013 = CARTESIAN_POINT('',(-0.6,-3.14,6.999));
#3014 = LINE('',#3015,#3016);
#3015 = CARTESIAN_POINT('',(-0.6,-3.14,7.));
#3016 = VECTOR('',#3017,1.);
#3017 = DIRECTION('',(0.,0.,-1.));
#3018 = ORIENTED_EDGE('',*,*,#3019,.T.);
#3019 = EDGE_CURVE('',#3012,#2988,#3020,.T.);
#3020 = LINE('',#3021,#3022);
#3021 = CARTESIAN_POINT('',(-0.6,-3.14,6.999));
#3022 = VECTOR('',#3023,1.);
#3023 = DIRECTION('',(1.,4.440892098501E-16,0.));
#3024 = ORIENTED_EDGE('',*,*,#2987,.F.);
#3025 = ORIENTED_EDGE('',*,*,#2526,.F.);
#3026 = PLANE('',#3027);
#3027 = AXIS2_PLACEMENT_3D('',#3028,#3029,#3030);
#3028 = CARTESIAN_POINT('',(-0.6,-3.14,7.));
#3029 = DIRECTION('',(4.440892098501E-16,-1.,0.));
#3030 = DIRECTION('',(1.,4.440892098501E-16,0.));
#3031 = ADVANCED_FACE('',(#3032),#3043,.F.);
#3032 = FACE_BOUND('',#3033,.F.);
#3033 = EDGE_LOOP('',(#3034,#3035,#3041,#3042));
#3034 = ORIENTED_EDGE('',*,*,#2972,.T.);
#3035 = ORIENTED_EDGE('',*,*,#3036,.T.);
#3036 = EDGE_CURVE('',#2965,#3012,#3037,.T.);
#3037 = LINE('',#3038,#3039);
#3038 = CARTESIAN_POINT('',(-0.6,-1.94,6.999));
#3039 = VECTOR('',#3040,1.);
#3040 = DIRECTION('',(4.440892098501E-16,-1.,0.));
#3041 = ORIENTED_EDGE('',*,*,#3011,.F.);
#3042 = ORIENTED_EDGE('',*,*,#2518,.F.);
#3043 = PLANE('',#3044);
#3044 = AXIS2_PLACEMENT_3D('',#3045,#3046,#3047);
#3045 = CARTESIAN_POINT('',(-0.6,-1.94,7.));
#3046 = DIRECTION('',(-1.,-4.440892098501E-16,0.));
#3047 = DIRECTION('',(4.440892098501E-16,-1.,0.));
#3048 = ADVANCED_FACE('',(#3049),#3074,.F.);
#3049 = FACE_BOUND('',#3050,.F.);
#3050 = EDGE_LOOP('',(#3051,#3059,#3067,#3073));
#3051 = ORIENTED_EDGE('',*,*,#3052,.T.);
#3052 = EDGE_CURVE('',#2543,#3053,#3055,.T.);
#3053 = VERTEX_POINT('',#3054);
#3054 = CARTESIAN_POINT('',(0.6,-0.6,6.999));
#3055 = LINE('',#3056,#3057);
#3056 = CARTESIAN_POINT('',(0.6,-0.6,7.));
#3057 = VECTOR('',#3058,1.);
#3058 = DIRECTION('',(0.,0.,-1.));
#3059 = ORIENTED_EDGE('',*,*,#3060,.T.);
#3060 = EDGE_CURVE('',#3053,#3061,#3063,.T.);
#3061 = VERTEX_POINT('',#3062);
#3062 = CARTESIAN_POINT('',(0.6,0.6,6.999));
#3063 = LINE('',#3064,#3065);
#3064 = CARTESIAN_POINT('',(0.6,-0.6,6.999));
#3065 = VECTOR('',#3066,1.);
#3066 = DIRECTION('',(-4.440892098501E-16,1.,0.));
#3067 = ORIENTED_EDGE('',*,*,#3068,.F.);
#3068 = EDGE_CURVE('',#2545,#3061,#3069,.T.);
#3069 = LINE('',#3070,#3071);
#3070 = CARTESIAN_POINT('',(0.6,0.6,7.));
#3071 = VECTOR('',#3072,1.);
#3072 = DIRECTION('',(0.,0.,-1.));
#3073 = ORIENTED_EDGE('',*,*,#2542,.F.);
#3074 = PLANE('',#3075);
#3075 = AXIS2_PLACEMENT_3D('',#3076,#3077,#3078);
#3076 = CARTESIAN_POINT('',(0.6,-0.6,7.));
#3077 = DIRECTION('',(1.,4.440892098501E-16,0.));
#3078 = DIRECTION('',(-4.440892098501E-16,1.,0.));
#3079 = ADVANCED_FACE('',(#3080),#3098,.F.);
#3080 = FACE_BOUND('',#3081,.F.);
#3081 = EDGE_LOOP('',(#3082,#3090,#3096,#3097));
#3082 = ORIENTED_EDGE('',*,*,#3083,.T.);
#3083 = EDGE_CURVE('',#2561,#3084,#3086,.T.);
#3084 = VERTEX_POINT('',#3085);
#3085 = CARTESIAN_POINT('',(-0.6,-0.6,6.999));
#3086 = LINE('',#3087,#3088);
#3087 = CARTESIAN_POINT('',(-0.6,-0.6,7.));
#3088 = VECTOR('',#3089,1.);
#3089 = DIRECTION('',(0.,0.,-1.));
#3090 = ORIENTED_EDGE('',*,*,#3091,.T.);
#3091 = EDGE_CURVE('',#3084,#3053,#3092,.T.);
#3092 = LINE('',#3093,#3094);
#3093 = CARTESIAN_POINT('',(-0.6,-0.6,6.999));
#3094 = VECTOR('',#3095,1.);
#3095 = DIRECTION('',(1.,4.440892098501E-16,0.));
#3096 = ORIENTED_EDGE('',*,*,#3052,.F.);
#3097 = ORIENTED_EDGE('',*,*,#2568,.F.);
#3098 = PLANE('',#3099);
#3099 = AXIS2_PLACEMENT_3D('',#3100,#3101,#3102);
#3100 = CARTESIAN_POINT('',(-0.6,-0.6,7.));
#3101 = DIRECTION('',(4.440892098501E-16,-1.,0.));
#3102 = DIRECTION('',(1.,4.440892098501E-16,0.));
#3103 = ADVANCED_FACE('',(#3104),#3122,.F.);
#3104 = FACE_BOUND('',#3105,.F.);
#3105 = EDGE_LOOP('',(#3106,#3114,#3120,#3121));
#3106 = ORIENTED_EDGE('',*,*,#3107,.T.);
#3107 = EDGE_CURVE('',#2553,#3108,#3110,.T.);
#3108 = VERTEX_POINT('',#3109);
#3109 = CARTESIAN_POINT('',(-0.6,0.6,6.999));
#3110 = LINE('',#3111,#3112);
#3111 = CARTESIAN_POINT('',(-0.6,0.6,7.));
#3112 = VECTOR('',#3113,1.);
#3113 = DIRECTION('',(0.,0.,-1.));
#3114 = ORIENTED_EDGE('',*,*,#3115,.T.);
#3115 = EDGE_CURVE('',#3108,#3084,#3116,.T.);
#3116 = LINE('',#3117,#3118);
#3117 = CARTESIAN_POINT('',(-0.6,0.6,6.999));
#3118 = VECTOR('',#3119,1.);
#3119 = DIRECTION('',(4.440892098501E-16,-1.,0.));
#3120 = ORIENTED_EDGE('',*,*,#3083,.F.);
#3121 = ORIENTED_EDGE('',*,*,#2560,.F.);
#3122 = PLANE('',#3123);
#3123 = AXIS2_PLACEMENT_3D('',#3124,#3125,#3126);
#3124 = CARTESIAN_POINT('',(-0.6,0.6,7.));
#3125 = DIRECTION('',(-1.,-4.440892098501E-16,0.));
#3126 = DIRECTION('',(4.440892098501E-16,-1.,0.));
#3127 = ADVANCED_FACE('',(#3128),#3139,.F.);
#3128 = FACE_BOUND('',#3129,.F.);
#3129 = EDGE_LOOP('',(#3130,#3131,#3137,#3138));
#3130 = ORIENTED_EDGE('',*,*,#3068,.T.);
#3131 = ORIENTED_EDGE('',*,*,#3132,.T.);
#3132 = EDGE_CURVE('',#3061,#3108,#3133,.T.);
#3133 = LINE('',#3134,#3135);
#3134 = CARTESIAN_POINT('',(0.6,0.6,6.999));
#3135 = VECTOR('',#3136,1.);
#3136 = DIRECTION('',(-1.,-4.440892098501E-16,0.));
#3137 = ORIENTED_EDGE('',*,*,#3107,.F.);
#3138 = ORIENTED_EDGE('',*,*,#2552,.F.);
#3139 = PLANE('',#3140);
#3140 = AXIS2_PLACEMENT_3D('',#3141,#3142,#3143);
#3141 = CARTESIAN_POINT('',(0.6,0.6,7.));
#3142 = DIRECTION('',(-4.440892098501E-16,1.,0.));
#3143 = DIRECTION('',(-1.,-4.440892098501E-16,0.));
#3144 = ADVANCED_FACE('',(#3145),#3186,.F.);
#3145 = FACE_BOUND('',#3146,.F.);
#3146 = EDGE_LOOP('',(#3147,#3155,#3156,#3164,#3172,#3180));
#3147 = ORIENTED_EDGE('',*,*,#3148,.F.);
#3148 = EDGE_CURVE('',#2633,#3149,#3151,.T.);
#3149 = VERTEX_POINT('',#3150);
#3150 = CARTESIAN_POINT('',(-0.1,-4.78,-2.5));
#3151 = LINE('',#3152,#3153);
#3152 = CARTESIAN_POINT('',(-0.1,-4.78,0.2));
#3153 = VECTOR('',#3154,1.);
#3154 = DIRECTION('',(-0.,0.,-1.));
#3155 = ORIENTED_EDGE('',*,*,#2632,.T.);
#3156 = ORIENTED_EDGE('',*,*,#3157,.F.);
#3157 = EDGE_CURVE('',#3158,#2635,#3160,.T.);
#3158 = VERTEX_POINT('',#3159);
#3159 = CARTESIAN_POINT('',(-0.1,-5.38,-2.5));
#3160 = LINE('',#3161,#3162);
#3161 = CARTESIAN_POINT('',(-0.1,-5.38,-2.5));
#3162 = VECTOR('',#3163,1.);
#3163 = DIRECTION('',(0.,0.,1.));
#3164 = ORIENTED_EDGE('',*,*,#3165,.F.);
#3165 = EDGE_CURVE('',#3166,#3158,#3168,.T.);
#3166 = VERTEX_POINT('',#3167);
#3167 = CARTESIAN_POINT('',(-0.1,-5.23,-3.1));
#3168 = LINE('',#3169,#3170);
#3169 = CARTESIAN_POINT('',(-0.1,-5.23,-3.1));
#3170 = VECTOR('',#3171,1.);
#3171 = DIRECTION('',(1.077074540829E-16,-0.242535625036,0.970142500145)
  );
#3172 = ORIENTED_EDGE('',*,*,#3173,.F.);
#3173 = EDGE_CURVE('',#3174,#3166,#3176,.T.);
#3174 = VERTEX_POINT('',#3175);
#3175 = CARTESIAN_POINT('',(-0.1,-4.93,-3.1));
#3176 = LINE('',#3177,#3178);
#3177 = CARTESIAN_POINT('',(-0.1,-4.93,-3.1));
#3178 = VECTOR('',#3179,1.);
#3179 = DIRECTION('',(4.440892098501E-16,-1.,0.));
#3180 = ORIENTED_EDGE('',*,*,#3181,.F.);
#3181 = EDGE_CURVE('',#3149,#3174,#3182,.T.);
#3182 = LINE('',#3183,#3184);
#3183 = CARTESIAN_POINT('',(-0.1,-4.78,-2.5));
#3184 = VECTOR('',#3185,1.);
#3185 = DIRECTION('',(1.077074540829E-16,-0.242535625036,-0.970142500145
    ));
#3186 = PLANE('',#3187);
#3187 = AXIS2_PLACEMENT_3D('',#3188,#3189,#3190);
#3188 = CARTESIAN_POINT('',(-0.1,-4.78,0.2));
#3189 = DIRECTION('',(1.,4.440892098501E-16,0.));
#3190 = DIRECTION('',(0.,0.,-1.));
#3191 = ADVANCED_FACE('',(#3192),#3203,.T.);
#3192 = FACE_BOUND('',#3193,.T.);
#3193 = EDGE_LOOP('',(#3194,#3200,#3201,#3202));
#3194 = ORIENTED_EDGE('',*,*,#3195,.F.);
#3195 = EDGE_CURVE('',#2633,#2667,#3196,.T.);
#3196 = LINE('',#3197,#3198);
#3197 = CARTESIAN_POINT('',(-0.1,-4.78,0.2));
#3198 = VECTOR('',#3199,1.);
#3199 = DIRECTION('',(1.,4.440892098501E-16,0.));
#3200 = ORIENTED_EDGE('',*,*,#2690,.F.);
#3201 = ORIENTED_EDGE('',*,*,#2682,.T.);
#3202 = ORIENTED_EDGE('',*,*,#2674,.T.);
#3203 = PLANE('',#3204);
#3204 = AXIS2_PLACEMENT_3D('',#3205,#3206,#3207);
#3205 = CARTESIAN_POINT('',(-0.1,-5.53,0.2));
#3206 = DIRECTION('',(-0.,0.,-1.));
#3207 = DIRECTION('',(4.440892098501E-16,-1.,-0.));
#3208 = ADVANCED_FACE('',(#3209),#3250,.F.);
#3209 = FACE_BOUND('',#3210,.F.);
#3210 = EDGE_LOOP('',(#3211,#3212,#3220,#3228,#3236,#3244));
#3211 = ORIENTED_EDGE('',*,*,#2666,.T.);
#3212 = ORIENTED_EDGE('',*,*,#3213,.T.);
#3213 = EDGE_CURVE('',#2667,#3214,#3216,.T.);
#3214 = VERTEX_POINT('',#3215);
#3215 = CARTESIAN_POINT('',(0.1,-4.78,-2.5));
#3216 = LINE('',#3217,#3218);
#3217 = CARTESIAN_POINT('',(0.1,-4.78,0.2));
#3218 = VECTOR('',#3219,1.);
#3219 = DIRECTION('',(-0.,0.,-1.));
#3220 = ORIENTED_EDGE('',*,*,#3221,.T.);
#3221 = EDGE_CURVE('',#3214,#3222,#3224,.T.);
#3222 = VERTEX_POINT('',#3223);
#3223 = CARTESIAN_POINT('',(0.1,-4.93,-3.1));
#3224 = LINE('',#3225,#3226);
#3225 = CARTESIAN_POINT('',(0.1,-4.78,-2.5));
#3226 = VECTOR('',#3227,1.);
#3227 = DIRECTION('',(1.077074540829E-16,-0.242535625036,-0.970142500145
    ));
#3228 = ORIENTED_EDGE('',*,*,#3229,.T.);
#3229 = EDGE_CURVE('',#3222,#3230,#3232,.T.);
#3230 = VERTEX_POINT('',#3231);
#3231 = CARTESIAN_POINT('',(0.1,-5.23,-3.1));
#3232 = LINE('',#3233,#3234);
#3233 = CARTESIAN_POINT('',(0.1,-5.08,-3.1));
#3234 = VECTOR('',#3235,1.);
#3235 = DIRECTION('',(4.440892098501E-16,-1.,0.));
#3236 = ORIENTED_EDGE('',*,*,#3237,.T.);
#3237 = EDGE_CURVE('',#3230,#3238,#3240,.T.);
#3238 = VERTEX_POINT('',#3239);
#3239 = CARTESIAN_POINT('',(0.1,-5.38,-2.5));
#3240 = LINE('',#3241,#3242);
#3241 = CARTESIAN_POINT('',(0.1,-5.23,-3.1));
#3242 = VECTOR('',#3243,1.);
#3243 = DIRECTION('',(1.077074540829E-16,-0.242535625036,0.970142500145)
  );
#3244 = ORIENTED_EDGE('',*,*,#3245,.T.);
#3245 = EDGE_CURVE('',#3238,#2659,#3246,.T.);
#3246 = LINE('',#3247,#3248);
#3247 = CARTESIAN_POINT('',(0.1,-5.38,-2.5));
#3248 = VECTOR('',#3249,1.);
#3249 = DIRECTION('',(0.,0.,1.));
#3250 = PLANE('',#3251);
#3251 = AXIS2_PLACEMENT_3D('',#3252,#3253,#3254);
#3252 = CARTESIAN_POINT('',(0.1,-4.78,0.2));
#3253 = DIRECTION('',(-1.,-4.440892098501E-16,0.));
#3254 = DIRECTION('',(0.,0.,1.));
#3255 = ADVANCED_FACE('',(#3256),#3267,.T.);
#3256 = FACE_BOUND('',#3257,.T.);
#3257 = EDGE_LOOP('',(#3258,#3259,#3260,#3266));
#3258 = ORIENTED_EDGE('',*,*,#2650,.F.);
#3259 = ORIENTED_EDGE('',*,*,#2642,.F.);
#3260 = ORIENTED_EDGE('',*,*,#3261,.T.);
#3261 = EDGE_CURVE('',#2635,#2659,#3262,.T.);
#3262 = LINE('',#3263,#3264);
#3263 = CARTESIAN_POINT('',(-0.1,-5.38,0.2));
#3264 = VECTOR('',#3265,1.);
#3265 = DIRECTION('',(1.,4.440892098501E-16,0.));
#3266 = ORIENTED_EDGE('',*,*,#2658,.T.);
#3267 = PLANE('',#3268);
#3268 = AXIS2_PLACEMENT_3D('',#3269,#3270,#3271);
#3269 = CARTESIAN_POINT('',(-0.1,-5.53,0.2));
#3270 = DIRECTION('',(-0.,0.,-1.));
#3271 = DIRECTION('',(4.440892098501E-16,-1.,-0.));
#3272 = ADVANCED_FACE('',(#3273),#3284,.T.);
#3273 = FACE_BOUND('',#3274,.T.);
#3274 = EDGE_LOOP('',(#3275,#3281,#3282,#3283));
#3275 = ORIENTED_EDGE('',*,*,#3276,.F.);
#3276 = EDGE_CURVE('',#2701,#2741,#3277,.T.);
#3277 = LINE('',#3278,#3279);
#3278 = CARTESIAN_POINT('',(-0.1,-2.24,0.2));
#3279 = VECTOR('',#3280,1.);
#3280 = DIRECTION('',(1.,4.440892098501E-16,0.));
#3281 = ORIENTED_EDGE('',*,*,#2698,.F.);
#3282 = ORIENTED_EDGE('',*,*,#2756,.T.);
#3283 = ORIENTED_EDGE('',*,*,#2748,.T.);
#3284 = PLANE('',#3285);
#3285 = AXIS2_PLACEMENT_3D('',#3286,#3287,#3288);
#3286 = CARTESIAN_POINT('',(-0.1,-2.99,0.2));
#3287 = DIRECTION('',(-0.,0.,-1.));
#3288 = DIRECTION('',(4.440892098501E-16,-1.,-0.));
#3289 = ADVANCED_FACE('',(#3290),#3331,.F.);
#3290 = FACE_BOUND('',#3291,.F.);
#3291 = EDGE_LOOP('',(#3292,#3293,#3301,#3309,#3317,#3325));
#3292 = ORIENTED_EDGE('',*,*,#2740,.T.);
#3293 = ORIENTED_EDGE('',*,*,#3294,.T.);
#3294 = EDGE_CURVE('',#2741,#3295,#3297,.T.);
#3295 = VERTEX_POINT('',#3296);
#3296 = CARTESIAN_POINT('',(0.1,-2.24,-2.5));
#3297 = LINE('',#3298,#3299);
#3298 = CARTESIAN_POINT('',(0.1,-2.24,0.2));
#3299 = VECTOR('',#3300,1.);
#3300 = DIRECTION('',(-0.,0.,-1.));
#3301 = ORIENTED_EDGE('',*,*,#3302,.T.);
#3302 = EDGE_CURVE('',#3295,#3303,#3305,.T.);
#3303 = VERTEX_POINT('',#3304);
#3304 = CARTESIAN_POINT('',(0.1,-2.39,-3.1));
#3305 = LINE('',#3306,#3307);
#3306 = CARTESIAN_POINT('',(0.1,-2.24,-2.5));
#3307 = VECTOR('',#3308,1.);
#3308 = DIRECTION('',(1.077074540829E-16,-0.242535625036,-0.970142500145
    ));
#3309 = ORIENTED_EDGE('',*,*,#3310,.T.);
#3310 = EDGE_CURVE('',#3303,#3311,#3313,.T.);
#3311 = VERTEX_POINT('',#3312);
#3312 = CARTESIAN_POINT('',(0.1,-2.69,-3.1));
#3313 = LINE('',#3314,#3315);
#3314 = CARTESIAN_POINT('',(0.1,-2.54,-3.1));
#3315 = VECTOR('',#3316,1.);
#3316 = DIRECTION('',(4.440892098501E-16,-1.,0.));
#3317 = ORIENTED_EDGE('',*,*,#3318,.T.);
#3318 = EDGE_CURVE('',#3311,#3319,#3321,.T.);
#3319 = VERTEX_POINT('',#3320);
#3320 = CARTESIAN_POINT('',(0.1,-2.84,-2.5));
#3321 = LINE('',#3322,#3323);
#3322 = CARTESIAN_POINT('',(0.1,-2.69,-3.1));
#3323 = VECTOR('',#3324,1.);
#3324 = DIRECTION('',(1.077074540829E-16,-0.242535625036,0.970142500145)
  );
#3325 = ORIENTED_EDGE('',*,*,#3326,.T.);
#3326 = EDGE_CURVE('',#3319,#2733,#3327,.T.);
#3327 = LINE('',#3328,#3329);
#3328 = CARTESIAN_POINT('',(0.1,-2.84,-2.5));
#3329 = VECTOR('',#3330,1.);
#3330 = DIRECTION('',(0.,0.,1.));
#3331 = PLANE('',#3332);
#3332 = AXIS2_PLACEMENT_3D('',#3333,#3334,#3335);
#3333 = CARTESIAN_POINT('',(0.1,-2.24,0.2));
#3334 = DIRECTION('',(-1.,-4.440892098501E-16,0.));
#3335 = DIRECTION('',(0.,0.,1.));
#3336 = ADVANCED_FACE('',(#3337),#3348,.T.);
#3337 = FACE_BOUND('',#3338,.T.);
#3338 = EDGE_LOOP('',(#3339,#3340,#3341,#3347));
#3339 = ORIENTED_EDGE('',*,*,#2724,.F.);
#3340 = ORIENTED_EDGE('',*,*,#2716,.F.);
#3341 = ORIENTED_EDGE('',*,*,#3342,.T.);
#3342 = EDGE_CURVE('',#2709,#2733,#3343,.T.);
#3343 = LINE('',#3344,#3345);
#3344 = CARTESIAN_POINT('',(-0.1,-2.84,0.2));
#3345 = VECTOR('',#3346,1.);
#3346 = DIRECTION('',(1.,4.440892098501E-16,0.));
#3347 = ORIENTED_EDGE('',*,*,#2732,.T.);
#3348 = PLANE('',#3349);
#3349 = AXIS2_PLACEMENT_3D('',#3350,#3351,#3352);
#3350 = CARTESIAN_POINT('',(-0.1,-2.99,0.2));
#3351 = DIRECTION('',(-0.,0.,-1.));
#3352 = DIRECTION('',(4.440892098501E-16,-1.,-0.));
#3353 = ADVANCED_FACE('',(#3354),#3395,.F.);
#3354 = FACE_BOUND('',#3355,.F.);
#3355 = EDGE_LOOP('',(#3356,#3364,#3365,#3373,#3381,#3389));
#3356 = ORIENTED_EDGE('',*,*,#3357,.F.);
#3357 = EDGE_CURVE('',#2701,#3358,#3360,.T.);
#3358 = VERTEX_POINT('',#3359);
#3359 = CARTESIAN_POINT('',(-0.1,-2.24,-2.5));
#3360 = LINE('',#3361,#3362);
#3361 = CARTESIAN_POINT('',(-0.1,-2.24,0.2));
#3362 = VECTOR('',#3363,1.);
#3363 = DIRECTION('',(-0.,0.,-1.));
#3364 = ORIENTED_EDGE('',*,*,#2708,.T.);
#3365 = ORIENTED_EDGE('',*,*,#3366,.F.);
#3366 = EDGE_CURVE('',#3367,#2709,#3369,.T.);
#3367 = VERTEX_POINT('',#3368);
#3368 = CARTESIAN_POINT('',(-0.1,-2.84,-2.5));
#3369 = LINE('',#3370,#3371);
#3370 = CARTESIAN_POINT('',(-0.1,-2.84,-2.5));
#3371 = VECTOR('',#3372,1.);
#3372 = DIRECTION('',(0.,0.,1.));
#3373 = ORIENTED_EDGE('',*,*,#3374,.F.);
#3374 = EDGE_CURVE('',#3375,#3367,#3377,.T.);
#3375 = VERTEX_POINT('',#3376);
#3376 = CARTESIAN_POINT('',(-0.1,-2.69,-3.1));
#3377 = LINE('',#3378,#3379);
#3378 = CARTESIAN_POINT('',(-0.1,-2.69,-3.1));
#3379 = VECTOR('',#3380,1.);
#3380 = DIRECTION('',(1.077074540829E-16,-0.242535625036,0.970142500145)
  );
#3381 = ORIENTED_EDGE('',*,*,#3382,.F.);
#3382 = EDGE_CURVE('',#3383,#3375,#3385,.T.);
#3383 = VERTEX_POINT('',#3384);
#3384 = CARTESIAN_POINT('',(-0.1,-2.39,-3.1));
#3385 = LINE('',#3386,#3387);
#3386 = CARTESIAN_POINT('',(-0.1,-2.39,-3.1));
#3387 = VECTOR('',#3388,1.);
#3388 = DIRECTION('',(4.440892098501E-16,-1.,0.));
#3389 = ORIENTED_EDGE('',*,*,#3390,.F.);
#3390 = EDGE_CURVE('',#3358,#3383,#3391,.T.);
#3391 = LINE('',#3392,#3393);
#3392 = CARTESIAN_POINT('',(-0.1,-2.24,-2.5));
#3393 = VECTOR('',#3394,1.);
#3394 = DIRECTION('',(1.077074540829E-16,-0.242535625036,-0.970142500145
    ));
#3395 = PLANE('',#3396);
#3396 = AXIS2_PLACEMENT_3D('',#3397,#3398,#3399);
#3397 = CARTESIAN_POINT('',(-0.1,-2.24,0.2));
#3398 = DIRECTION('',(1.,4.440892098501E-16,0.));
#3399 = DIRECTION('',(0.,0.,-1.));
#3400 = ADVANCED_FACE('',(#3401),#3442,.F.);
#3401 = FACE_BOUND('',#3402,.F.);
#3402 = EDGE_LOOP('',(#3403,#3411,#3412,#3420,#3428,#3436));
#3403 = ORIENTED_EDGE('',*,*,#3404,.F.);
#3404 = EDGE_CURVE('',#2765,#3405,#3407,.T.);
#3405 = VERTEX_POINT('',#3406);
#3406 = CARTESIAN_POINT('',(-0.1,0.3,-2.5));
#3407 = LINE('',#3408,#3409);
#3408 = CARTESIAN_POINT('',(-0.1,0.3,0.2));
#3409 = VECTOR('',#3410,1.);
#3410 = DIRECTION('',(-0.,0.,-1.));
#3411 = ORIENTED_EDGE('',*,*,#2764,.T.);
#3412 = ORIENTED_EDGE('',*,*,#3413,.F.);
#3413 = EDGE_CURVE('',#3414,#2767,#3416,.T.);
#3414 = VERTEX_POINT('',#3415);
#3415 = CARTESIAN_POINT('',(-0.1,-0.3,-2.5));
#3416 = LINE('',#3417,#3418);
#3417 = CARTESIAN_POINT('',(-0.1,-0.3,-2.5));
#3418 = VECTOR('',#3419,1.);
#3419 = DIRECTION('',(0.,0.,1.));
#3420 = ORIENTED_EDGE('',*,*,#3421,.F.);
#3421 = EDGE_CURVE('',#3422,#3414,#3424,.T.);
#3422 = VERTEX_POINT('',#3423);
#3423 = CARTESIAN_POINT('',(-0.1,-0.15,-3.1));
#3424 = LINE('',#3425,#3426);
#3425 = CARTESIAN_POINT('',(-0.1,-0.15,-3.1));
#3426 = VECTOR('',#3427,1.);
#3427 = DIRECTION('',(1.077074540829E-16,-0.242535625036,0.970142500145)
  );
#3428 = ORIENTED_EDGE('',*,*,#3429,.F.);
#3429 = EDGE_CURVE('',#3430,#3422,#3432,.T.);
#3430 = VERTEX_POINT('',#3431);
#3431 = CARTESIAN_POINT('',(-0.1,0.15,-3.1));
#3432 = LINE('',#3433,#3434);
#3433 = CARTESIAN_POINT('',(-0.1,0.15,-3.1));
#3434 = VECTOR('',#3435,1.);
#3435 = DIRECTION('',(4.440892098501E-16,-1.,0.));
#3436 = ORIENTED_EDGE('',*,*,#3437,.F.);
#3437 = EDGE_CURVE('',#3405,#3430,#3438,.T.);
#3438 = LINE('',#3439,#3440);
#3439 = CARTESIAN_POINT('',(-0.1,0.3,-2.5));
#3440 = VECTOR('',#3441,1.);
#3441 = DIRECTION('',(1.077074540829E-16,-0.242535625036,-0.970142500145
    ));
#3442 = PLANE('',#3443);
#3443 = AXIS2_PLACEMENT_3D('',#3444,#3445,#3446);
#3444 = CARTESIAN_POINT('',(-0.1,0.3,0.2));
#3445 = DIRECTION('',(1.,4.440892098501E-16,0.));
#3446 = DIRECTION('',(0.,0.,-1.));
#3447 = ADVANCED_FACE('',(#3448),#3459,.T.);
#3448 = FACE_BOUND('',#3449,.T.);
#3449 = EDGE_LOOP('',(#3450,#3456,#3457,#3458));
#3450 = ORIENTED_EDGE('',*,*,#3451,.F.);
#3451 = EDGE_CURVE('',#2765,#2799,#3452,.T.);
#3452 = LINE('',#3453,#3454);
#3453 = CARTESIAN_POINT('',(-0.1,0.3,0.2));
#3454 = VECTOR('',#3455,1.);
#3455 = DIRECTION('',(1.,4.440892098501E-16,0.));
#3456 = ORIENTED_EDGE('',*,*,#2822,.F.);
#3457 = ORIENTED_EDGE('',*,*,#2814,.T.);
#3458 = ORIENTED_EDGE('',*,*,#2806,.T.);
#3459 = PLANE('',#3460);
#3460 = AXIS2_PLACEMENT_3D('',#3461,#3462,#3463);
#3461 = CARTESIAN_POINT('',(-0.1,-0.45,0.2));
#3462 = DIRECTION('',(-0.,0.,-1.));
#3463 = DIRECTION('',(4.440892098501E-16,-1.,-0.));
#3464 = ADVANCED_FACE('',(#3465),#3506,.F.);
#3465 = FACE_BOUND('',#3466,.F.);
#3466 = EDGE_LOOP('',(#3467,#3468,#3476,#3484,#3492,#3500));
#3467 = ORIENTED_EDGE('',*,*,#2798,.T.);
#3468 = ORIENTED_EDGE('',*,*,#3469,.T.);
#3469 = EDGE_CURVE('',#2799,#3470,#3472,.T.);
#3470 = VERTEX_POINT('',#3471);
#3471 = CARTESIAN_POINT('',(0.1,0.3,-2.5));
#3472 = LINE('',#3473,#3474);
#3473 = CARTESIAN_POINT('',(0.1,0.3,0.2));
#3474 = VECTOR('',#3475,1.);
#3475 = DIRECTION('',(-0.,0.,-1.));
#3476 = ORIENTED_EDGE('',*,*,#3477,.T.);
#3477 = EDGE_CURVE('',#3470,#3478,#3480,.T.);
#3478 = VERTEX_POINT('',#3479);
#3479 = CARTESIAN_POINT('',(0.1,0.15,-3.1));
#3480 = LINE('',#3481,#3482);
#3481 = CARTESIAN_POINT('',(0.1,0.3,-2.5));
#3482 = VECTOR('',#3483,1.);
#3483 = DIRECTION('',(1.077074540829E-16,-0.242535625036,-0.970142500145
    ));
#3484 = ORIENTED_EDGE('',*,*,#3485,.T.);
#3485 = EDGE_CURVE('',#3478,#3486,#3488,.T.);
#3486 = VERTEX_POINT('',#3487);
#3487 = CARTESIAN_POINT('',(0.1,-0.15,-3.1));
#3488 = LINE('',#3489,#3490);
#3489 = CARTESIAN_POINT('',(0.1,4.884981308351E-16,-3.1));
#3490 = VECTOR('',#3491,1.);
#3491 = DIRECTION('',(4.440892098501E-16,-1.,0.));
#3492 = ORIENTED_EDGE('',*,*,#3493,.T.);
#3493 = EDGE_CURVE('',#3486,#3494,#3496,.T.);
#3494 = VERTEX_POINT('',#3495);
#3495 = CARTESIAN_POINT('',(0.1,-0.3,-2.5));
#3496 = LINE('',#3497,#3498);
#3497 = CARTESIAN_POINT('',(0.1,-0.15,-3.1));
#3498 = VECTOR('',#3499,1.);
#3499 = DIRECTION('',(1.077074540829E-16,-0.242535625036,0.970142500145)
  );
#3500 = ORIENTED_EDGE('',*,*,#3501,.T.);
#3501 = EDGE_CURVE('',#3494,#2791,#3502,.T.);
#3502 = LINE('',#3503,#3504);
#3503 = CARTESIAN_POINT('',(0.1,-0.3,-2.5));
#3504 = VECTOR('',#3505,1.);
#3505 = DIRECTION('',(0.,0.,1.));
#3506 = PLANE('',#3507);
#3507 = AXIS2_PLACEMENT_3D('',#3508,#3509,#3510);
#3508 = CARTESIAN_POINT('',(0.1,0.3,0.2));
#3509 = DIRECTION('',(-1.,-4.440892098501E-16,0.));
#3510 = DIRECTION('',(0.,0.,1.));
#3511 = ADVANCED_FACE('',(#3512),#3523,.T.);
#3512 = FACE_BOUND('',#3513,.T.);
#3513 = EDGE_LOOP('',(#3514,#3515,#3516,#3522));
#3514 = ORIENTED_EDGE('',*,*,#2782,.F.);
#3515 = ORIENTED_EDGE('',*,*,#2774,.F.);
#3516 = ORIENTED_EDGE('',*,*,#3517,.T.);
#3517 = EDGE_CURVE('',#2767,#2791,#3518,.T.);
#3518 = LINE('',#3519,#3520);
#3519 = CARTESIAN_POINT('',(-0.1,-0.3,0.2));
#3520 = VECTOR('',#3521,1.);
#3521 = DIRECTION('',(1.,4.440892098501E-16,0.));
#3522 = ORIENTED_EDGE('',*,*,#2790,.T.);
#3523 = PLANE('',#3524);
#3524 = AXIS2_PLACEMENT_3D('',#3525,#3526,#3527);
#3525 = CARTESIAN_POINT('',(-0.1,-0.45,0.2));
#3526 = DIRECTION('',(-0.,0.,-1.));
#3527 = DIRECTION('',(4.440892098501E-16,-1.,-0.));
#3528 = ADVANCED_FACE('',(#3529),#3554,.F.);
#3529 = FACE_BOUND('',#3530,.T.);
#3530 = EDGE_LOOP('',(#3531,#3539,#3540,#3548));
#3531 = ORIENTED_EDGE('',*,*,#3532,.F.);
#3532 = EDGE_CURVE('',#2861,#3533,#3535,.T.);
#3533 = VERTEX_POINT('',#3534);
#3534 = CARTESIAN_POINT('',(-0.301,-4.779,6.7));
#3535 = LINE('',#3536,#3537);
#3536 = CARTESIAN_POINT('',(-0.300333333333,-4.779666666667,
    6.699333333333));
#3537 = VECTOR('',#3538,1.);
#3538 = DIRECTION('',(0.57735026919,-0.57735026919,-0.57735026919));
#3539 = ORIENTED_EDGE('',*,*,#2868,.T.);
#3540 = ORIENTED_EDGE('',*,*,#3541,.T.);
#3541 = EDGE_CURVE('',#2869,#3542,#3544,.T.);
#3542 = VERTEX_POINT('',#3543);
#3543 = CARTESIAN_POINT('',(-0.301,-5.381,6.7));
#3544 = LINE('',#3545,#3546);
#3545 = CARTESIAN_POINT('',(-0.300333333333,-5.380333333333,
    6.699333333333));
#3546 = VECTOR('',#3547,1.);
#3547 = DIRECTION('',(0.57735026919,0.57735026919,-0.57735026919));
#3548 = ORIENTED_EDGE('',*,*,#3549,.F.);
#3549 = EDGE_CURVE('',#3533,#3542,#3550,.T.);
#3550 = LINE('',#3551,#3552);
#3551 = CARTESIAN_POINT('',(-0.301,-4.48,6.7));
#3552 = VECTOR('',#3553,1.);
#3553 = DIRECTION('',(4.440892098501E-16,-1.,0.));
#3554 = PLANE('',#3555);
#3555 = AXIS2_PLACEMENT_3D('',#3556,#3557,#3558);
#3556 = CARTESIAN_POINT('',(-0.4505,-4.48,6.8495));
#3557 = DIRECTION('',(-0.707106781187,-3.140184917366E-16,
    -0.707106781187));
#3558 = DIRECTION('',(-4.4408920985E-16,1.,1.289787580036E-28));
#3559 = ADVANCED_FACE('',(#3560),#3578,.F.);
#3560 = FACE_BOUND('',#3561,.T.);
#3561 = EDGE_LOOP('',(#3562,#3570,#3571,#3572));
#3562 = ORIENTED_EDGE('',*,*,#3563,.F.);
#3563 = EDGE_CURVE('',#2892,#3564,#3566,.T.);
#3564 = VERTEX_POINT('',#3565);
#3565 = CARTESIAN_POINT('',(0.301,-4.779,6.7));
#3566 = LINE('',#3567,#3568);
#3567 = CARTESIAN_POINT('',(0.300333333333,-4.779666666667,
    6.699333333333));
#3568 = VECTOR('',#3569,1.);
#3569 = DIRECTION('',(-0.57735026919,-0.57735026919,-0.57735026919));
#3570 = ORIENTED_EDGE('',*,*,#2899,.T.);
#3571 = ORIENTED_EDGE('',*,*,#3532,.T.);
#3572 = ORIENTED_EDGE('',*,*,#3573,.F.);
#3573 = EDGE_CURVE('',#3564,#3533,#3574,.T.);
#3574 = LINE('',#3575,#3576);
#3575 = CARTESIAN_POINT('',(0.6,-4.779,6.7));
#3576 = VECTOR('',#3577,1.);
#3577 = DIRECTION('',(-1.,-4.440892098501E-16,0.));
#3578 = PLANE('',#3579);
#3579 = AXIS2_PLACEMENT_3D('',#3580,#3581,#3582);
#3580 = CARTESIAN_POINT('',(0.6,-4.6295,6.8495));
#3581 = DIRECTION('',(-3.105459444496E-16,0.707106781187,-0.707106781187
    ));
#3582 = DIRECTION('',(1.,4.416337481153E-16,2.455461734762E-18));
#3583 = ADVANCED_FACE('',(#3584),#3602,.F.);
#3584 = FACE_BOUND('',#3585,.T.);
#3585 = EDGE_LOOP('',(#3586,#3594,#3595,#3596));
#3586 = ORIENTED_EDGE('',*,*,#3587,.F.);
#3587 = EDGE_CURVE('',#2916,#3588,#3590,.T.);
#3588 = VERTEX_POINT('',#3589);
#3589 = CARTESIAN_POINT('',(0.301,-5.381,6.7));
#3590 = LINE('',#3591,#3592);
#3591 = CARTESIAN_POINT('',(0.300333333333,-5.380333333333,
    6.699333333333));
#3592 = VECTOR('',#3593,1.);
#3593 = DIRECTION('',(-0.57735026919,0.57735026919,-0.57735026919));
#3594 = ORIENTED_EDGE('',*,*,#2923,.T.);
#3595 = ORIENTED_EDGE('',*,*,#3563,.T.);
#3596 = ORIENTED_EDGE('',*,*,#3597,.F.);
#3597 = EDGE_CURVE('',#3588,#3564,#3598,.T.);
#3598 = LINE('',#3599,#3600);
#3599 = CARTESIAN_POINT('',(0.301,-5.68,6.7));
#3600 = VECTOR('',#3601,1.);
#3601 = DIRECTION('',(-4.440892098501E-16,1.,0.));
#3602 = PLANE('',#3603);
#3603 = AXIS2_PLACEMENT_3D('',#3604,#3605,#3606);
#3604 = CARTESIAN_POINT('',(0.4505,-5.68,6.8495));
#3605 = DIRECTION('',(0.707106781187,3.140184917366E-16,-0.707106781187)
  );
#3606 = DIRECTION('',(4.4408920985E-16,-1.,1.289787580036E-28));
#3607 = ADVANCED_FACE('',(#3608),#3619,.F.);
#3608 = FACE_BOUND('',#3609,.T.);
#3609 = EDGE_LOOP('',(#3610,#3611,#3612,#3613));
#3610 = ORIENTED_EDGE('',*,*,#3541,.F.);
#3611 = ORIENTED_EDGE('',*,*,#2940,.T.);
#3612 = ORIENTED_EDGE('',*,*,#3587,.T.);
#3613 = ORIENTED_EDGE('',*,*,#3614,.F.);
#3614 = EDGE_CURVE('',#3542,#3588,#3615,.T.);
#3615 = LINE('',#3616,#3617);
#3616 = CARTESIAN_POINT('',(-0.6,-5.381,6.7));
#3617 = VECTOR('',#3618,1.);
#3618 = DIRECTION('',(1.,4.440892098501E-16,0.));
#3619 = PLANE('',#3620);
#3620 = AXIS2_PLACEMENT_3D('',#3621,#3622,#3623);
#3621 = CARTESIAN_POINT('',(-0.6,-5.5305,6.8495));
#3622 = DIRECTION('',(3.105459444496E-16,-0.707106781187,-0.707106781187
    ));
#3623 = DIRECTION('',(-1.,-4.416337481153E-16,2.455461734762E-18));
#3624 = ADVANCED_FACE('',(#3625),#3650,.F.);
#3625 = FACE_BOUND('',#3626,.T.);
#3626 = EDGE_LOOP('',(#3627,#3635,#3636,#3644));
#3627 = ORIENTED_EDGE('',*,*,#3628,.F.);
#3628 = EDGE_CURVE('',#2957,#3629,#3631,.T.);
#3629 = VERTEX_POINT('',#3630);
#3630 = CARTESIAN_POINT('',(0.301,-2.239,6.7));
#3631 = LINE('',#3632,#3633);
#3632 = CARTESIAN_POINT('',(0.300333333333,-2.239666666667,
    6.699333333333));
#3633 = VECTOR('',#3634,1.);
#3634 = DIRECTION('',(-0.57735026919,-0.57735026919,-0.57735026919));
#3635 = ORIENTED_EDGE('',*,*,#2964,.T.);
#3636 = ORIENTED_EDGE('',*,*,#3637,.T.);
#3637 = EDGE_CURVE('',#2965,#3638,#3640,.T.);
#3638 = VERTEX_POINT('',#3639);
#3639 = CARTESIAN_POINT('',(-0.301,-2.239,6.7));
#3640 = LINE('',#3641,#3642);
#3641 = CARTESIAN_POINT('',(-0.300333333333,-2.239666666667,
    6.699333333333));
#3642 = VECTOR('',#3643,1.);
#3643 = DIRECTION('',(0.57735026919,-0.57735026919,-0.57735026919));
#3644 = ORIENTED_EDGE('',*,*,#3645,.F.);
#3645 = EDGE_CURVE('',#3629,#3638,#3646,.T.);
#3646 = LINE('',#3647,#3648);
#3647 = CARTESIAN_POINT('',(0.6,-2.239,6.7));
#3648 = VECTOR('',#3649,1.);
#3649 = DIRECTION('',(-1.,-4.440892098501E-16,0.));
#3650 = PLANE('',#3651);
#3651 = AXIS2_PLACEMENT_3D('',#3652,#3653,#3654);
#3652 = CARTESIAN_POINT('',(0.6,-2.0895,6.8495));
#3653 = DIRECTION('',(-3.105459444496E-16,0.707106781187,-0.707106781187
    ));
#3654 = DIRECTION('',(1.,4.416337481153E-16,2.455461734762E-18));
#3655 = ADVANCED_FACE('',(#3656),#3674,.F.);
#3656 = FACE_BOUND('',#3657,.T.);
#3657 = EDGE_LOOP('',(#3658,#3666,#3667,#3668));
#3658 = ORIENTED_EDGE('',*,*,#3659,.F.);
#3659 = EDGE_CURVE('',#2988,#3660,#3662,.T.);
#3660 = VERTEX_POINT('',#3661);
#3661 = CARTESIAN_POINT('',(0.301,-2.841,6.7));
#3662 = LINE('',#3663,#3664);
#3663 = CARTESIAN_POINT('',(0.300333333333,-2.840333333333,
    6.699333333333));
#3664 = VECTOR('',#3665,1.);
#3665 = DIRECTION('',(-0.57735026919,0.57735026919,-0.57735026919));
#3666 = ORIENTED_EDGE('',*,*,#2995,.T.);
#3667 = ORIENTED_EDGE('',*,*,#3628,.T.);
#3668 = ORIENTED_EDGE('',*,*,#3669,.F.);
#3669 = EDGE_CURVE('',#3660,#3629,#3670,.T.);
#3670 = LINE('',#3671,#3672);
#3671 = CARTESIAN_POINT('',(0.301,-3.14,6.7));
#3672 = VECTOR('',#3673,1.);
#3673 = DIRECTION('',(-4.440892098501E-16,1.,0.));
#3674 = PLANE('',#3675);
#3675 = AXIS2_PLACEMENT_3D('',#3676,#3677,#3678);
#3676 = CARTESIAN_POINT('',(0.4505,-3.14,6.8495));
#3677 = DIRECTION('',(0.707106781187,3.140184917366E-16,-0.707106781187)
  );
#3678 = DIRECTION('',(4.4408920985E-16,-1.,1.289787580036E-28));
#3679 = ADVANCED_FACE('',(#3680),#3698,.F.);
#3680 = FACE_BOUND('',#3681,.T.);
#3681 = EDGE_LOOP('',(#3682,#3690,#3691,#3692));
#3682 = ORIENTED_EDGE('',*,*,#3683,.F.);
#3683 = EDGE_CURVE('',#3012,#3684,#3686,.T.);
#3684 = VERTEX_POINT('',#3685);
#3685 = CARTESIAN_POINT('',(-0.301,-2.841,6.7));
#3686 = LINE('',#3687,#3688);
#3687 = CARTESIAN_POINT('',(-0.300333333333,-2.840333333333,
    6.699333333333));
#3688 = VECTOR('',#3689,1.);
#3689 = DIRECTION('',(0.57735026919,0.57735026919,-0.57735026919));
#3690 = ORIENTED_EDGE('',*,*,#3019,.T.);
#3691 = ORIENTED_EDGE('',*,*,#3659,.T.);
#3692 = ORIENTED_EDGE('',*,*,#3693,.F.);
#3693 = EDGE_CURVE('',#3684,#3660,#3694,.T.);
#3694 = LINE('',#3695,#3696);
#3695 = CARTESIAN_POINT('',(-0.6,-2.841,6.7));
#3696 = VECTOR('',#3697,1.);
#3697 = DIRECTION('',(1.,4.440892098501E-16,0.));
#3698 = PLANE('',#3699);
#3699 = AXIS2_PLACEMENT_3D('',#3700,#3701,#3702);
#3700 = CARTESIAN_POINT('',(-0.6,-2.9905,6.8495));
#3701 = DIRECTION('',(3.105459444496E-16,-0.707106781187,-0.707106781187
    ));
#3702 = DIRECTION('',(-1.,-4.416337481153E-16,2.455461734762E-18));
#3703 = ADVANCED_FACE('',(#3704),#3715,.F.);
#3704 = FACE_BOUND('',#3705,.T.);
#3705 = EDGE_LOOP('',(#3706,#3707,#3708,#3709));
#3706 = ORIENTED_EDGE('',*,*,#3637,.F.);
#3707 = ORIENTED_EDGE('',*,*,#3036,.T.);
#3708 = ORIENTED_EDGE('',*,*,#3683,.T.);
#3709 = ORIENTED_EDGE('',*,*,#3710,.F.);
#3710 = EDGE_CURVE('',#3638,#3684,#3711,.T.);
#3711 = LINE('',#3712,#3713);
#3712 = CARTESIAN_POINT('',(-0.301,-1.94,6.7));
#3713 = VECTOR('',#3714,1.);
#3714 = DIRECTION('',(4.440892098501E-16,-1.,0.));
#3715 = PLANE('',#3716);
#3716 = AXIS2_PLACEMENT_3D('',#3717,#3718,#3719);
#3717 = CARTESIAN_POINT('',(-0.4505,-1.94,6.8495));
#3718 = DIRECTION('',(-0.707106781187,-3.140184917366E-16,
    -0.707106781187));
#3719 = DIRECTION('',(-4.4408920985E-16,1.,1.289787580036E-28));
#3720 = ADVANCED_FACE('',(#3721),#3746,.F.);
#3721 = FACE_BOUND('',#3722,.T.);
#3722 = EDGE_LOOP('',(#3723,#3731,#3732,#3740));
#3723 = ORIENTED_EDGE('',*,*,#3724,.F.);
#3724 = EDGE_CURVE('',#3053,#3725,#3727,.T.);
#3725 = VERTEX_POINT('',#3726);
#3726 = CARTESIAN_POINT('',(0.301,-0.301,6.7));
#3727 = LINE('',#3728,#3729);
#3728 = CARTESIAN_POINT('',(0.300333333333,-0.300333333333,
    6.699333333333));
#3729 = VECTOR('',#3730,1.);
#3730 = DIRECTION('',(-0.57735026919,0.57735026919,-0.57735026919));
#3731 = ORIENTED_EDGE('',*,*,#3060,.T.);
#3732 = ORIENTED_EDGE('',*,*,#3733,.T.);
#3733 = EDGE_CURVE('',#3061,#3734,#3736,.T.);
#3734 = VERTEX_POINT('',#3735);
#3735 = CARTESIAN_POINT('',(0.301,0.301,6.7));
#3736 = LINE('',#3737,#3738);
#3737 = CARTESIAN_POINT('',(0.300333333333,0.300333333333,6.699333333333
    ));
#3738 = VECTOR('',#3739,1.);
#3739 = DIRECTION('',(-0.57735026919,-0.57735026919,-0.57735026919));
#3740 = ORIENTED_EDGE('',*,*,#3741,.F.);
#3741 = EDGE_CURVE('',#3725,#3734,#3742,.T.);
#3742 = LINE('',#3743,#3744);
#3743 = CARTESIAN_POINT('',(0.301,-0.6,6.7));
#3744 = VECTOR('',#3745,1.);
#3745 = DIRECTION('',(-4.440892098501E-16,1.,0.));
#3746 = PLANE('',#3747);
#3747 = AXIS2_PLACEMENT_3D('',#3748,#3749,#3750);
#3748 = CARTESIAN_POINT('',(0.4505,-0.6,6.8495));
#3749 = DIRECTION('',(0.707106781187,3.140184917366E-16,-0.707106781187)
  );
#3750 = DIRECTION('',(4.4408920985E-16,-1.,1.289787580036E-28));
#3751 = ADVANCED_FACE('',(#3752),#3770,.F.);
#3752 = FACE_BOUND('',#3753,.T.);
#3753 = EDGE_LOOP('',(#3754,#3762,#3763,#3764));
#3754 = ORIENTED_EDGE('',*,*,#3755,.F.);
#3755 = EDGE_CURVE('',#3084,#3756,#3758,.T.);
#3756 = VERTEX_POINT('',#3757);
#3757 = CARTESIAN_POINT('',(-0.301,-0.301,6.7));
#3758 = LINE('',#3759,#3760);
#3759 = CARTESIAN_POINT('',(-0.300333333333,-0.300333333333,
    6.699333333333));
#3760 = VECTOR('',#3761,1.);
#3761 = DIRECTION('',(0.57735026919,0.57735026919,-0.57735026919));
#3762 = ORIENTED_EDGE('',*,*,#3091,.T.);
#3763 = ORIENTED_EDGE('',*,*,#3724,.T.);
#3764 = ORIENTED_EDGE('',*,*,#3765,.F.);
#3765 = EDGE_CURVE('',#3756,#3725,#3766,.T.);
#3766 = LINE('',#3767,#3768);
#3767 = CARTESIAN_POINT('',(-0.6,-0.301,6.7));
#3768 = VECTOR('',#3769,1.);
#3769 = DIRECTION('',(1.,4.440892098501E-16,0.));
#3770 = PLANE('',#3771);
#3771 = AXIS2_PLACEMENT_3D('',#3772,#3773,#3774);
#3772 = CARTESIAN_POINT('',(-0.6,-0.4505,6.8495));
#3773 = DIRECTION('',(3.105459444496E-16,-0.707106781187,-0.707106781187
    ));
#3774 = DIRECTION('',(-1.,-4.416337481153E-16,2.455461734762E-18));
#3775 = ADVANCED_FACE('',(#3776),#3794,.F.);
#3776 = FACE_BOUND('',#3777,.T.);
#3777 = EDGE_LOOP('',(#3778,#3786,#3787,#3788));
#3778 = ORIENTED_EDGE('',*,*,#3779,.F.);
#3779 = EDGE_CURVE('',#3108,#3780,#3782,.T.);
#3780 = VERTEX_POINT('',#3781);
#3781 = CARTESIAN_POINT('',(-0.301,0.301,6.7));
#3782 = LINE('',#3783,#3784);
#3783 = CARTESIAN_POINT('',(-0.300333333333,0.300333333333,
    6.699333333333));
#3784 = VECTOR('',#3785,1.);
#3785 = DIRECTION('',(0.57735026919,-0.57735026919,-0.57735026919));
#3786 = ORIENTED_EDGE('',*,*,#3115,.T.);
#3787 = ORIENTED_EDGE('',*,*,#3755,.T.);
#3788 = ORIENTED_EDGE('',*,*,#3789,.F.);
#3789 = EDGE_CURVE('',#3780,#3756,#3790,.T.);
#3790 = LINE('',#3791,#3792);
#3791 = CARTESIAN_POINT('',(-0.301,0.6,6.7));
#3792 = VECTOR('',#3793,1.);
#3793 = DIRECTION('',(4.440892098501E-16,-1.,0.));
#3794 = PLANE('',#3795);
#3795 = AXIS2_PLACEMENT_3D('',#3796,#3797,#3798);
#3796 = CARTESIAN_POINT('',(-0.4505,0.6,6.8495));
#3797 = DIRECTION('',(-0.707106781187,-3.140184917366E-16,
    -0.707106781187));
#3798 = DIRECTION('',(-4.4408920985E-16,1.,1.289787580036E-28));
#3799 = ADVANCED_FACE('',(#3800),#3811,.F.);
#3800 = FACE_BOUND('',#3801,.T.);
#3801 = EDGE_LOOP('',(#3802,#3803,#3804,#3805));
#3802 = ORIENTED_EDGE('',*,*,#3733,.F.);
#3803 = ORIENTED_EDGE('',*,*,#3132,.T.);
#3804 = ORIENTED_EDGE('',*,*,#3779,.T.);
#3805 = ORIENTED_EDGE('',*,*,#3806,.F.);
#3806 = EDGE_CURVE('',#3734,#3780,#3807,.T.);
#3807 = LINE('',#3808,#3809);
#3808 = CARTESIAN_POINT('',(0.6,0.301,6.7));
#3809 = VECTOR('',#3810,1.);
#3810 = DIRECTION('',(-1.,-4.440892098501E-16,0.));
#3811 = PLANE('',#3812);
#3812 = AXIS2_PLACEMENT_3D('',#3813,#3814,#3815);
#3813 = CARTESIAN_POINT('',(0.6,0.4505,6.8495));
#3814 = DIRECTION('',(-3.105459444496E-16,0.707106781187,-0.707106781187
    ));
#3815 = DIRECTION('',(1.,4.416337481153E-16,2.455461734762E-18));
#3816 = ADVANCED_FACE('',(#3817),#3828,.T.);
#3817 = FACE_BOUND('',#3818,.T.);
#3818 = EDGE_LOOP('',(#3819,#3820,#3821,#3827));
#3819 = ORIENTED_EDGE('',*,*,#3195,.T.);
#3820 = ORIENTED_EDGE('',*,*,#3213,.T.);
#3821 = ORIENTED_EDGE('',*,*,#3822,.F.);
#3822 = EDGE_CURVE('',#3149,#3214,#3823,.T.);
#3823 = LINE('',#3824,#3825);
#3824 = CARTESIAN_POINT('',(-0.1,-4.78,-2.5));
#3825 = VECTOR('',#3826,1.);
#3826 = DIRECTION('',(1.,4.440892098501E-16,0.));
#3827 = ORIENTED_EDGE('',*,*,#3148,.F.);
#3828 = PLANE('',#3829);
#3829 = AXIS2_PLACEMENT_3D('',#3830,#3831,#3832);
#3830 = CARTESIAN_POINT('',(-0.1,-4.78,0.2));
#3831 = DIRECTION('',(-4.440892098501E-16,1.,0.));
#3832 = DIRECTION('',(0.,0.,-1.));
#3833 = ADVANCED_FACE('',(#3834),#3845,.T.);
#3834 = FACE_BOUND('',#3835,.T.);
#3835 = EDGE_LOOP('',(#3836,#3837,#3838,#3844));
#3836 = ORIENTED_EDGE('',*,*,#3822,.T.);
#3837 = ORIENTED_EDGE('',*,*,#3221,.T.);
#3838 = ORIENTED_EDGE('',*,*,#3839,.F.);
#3839 = EDGE_CURVE('',#3174,#3222,#3840,.T.);
#3840 = LINE('',#3841,#3842);
#3841 = CARTESIAN_POINT('',(-0.1,-4.93,-3.1));
#3842 = VECTOR('',#3843,1.);
#3843 = DIRECTION('',(1.,4.440892098501E-16,0.));
#3844 = ORIENTED_EDGE('',*,*,#3181,.F.);
#3845 = PLANE('',#3846);
#3846 = AXIS2_PLACEMENT_3D('',#3847,#3848,#3849);
#3847 = CARTESIAN_POINT('',(-0.1,-4.78,-2.5));
#3848 = DIRECTION('',(-4.308298163317E-16,0.970142500145,-0.242535625036
    ));
#3849 = DIRECTION('',(1.077074540829E-16,-0.242535625036,-0.970142500145
    ));
#3850 = ADVANCED_FACE('',(#3851),#3862,.F.);
#3851 = FACE_BOUND('',#3852,.T.);
#3852 = EDGE_LOOP('',(#3853,#3854,#3855,#3861));
#3853 = ORIENTED_EDGE('',*,*,#3839,.T.);
#3854 = ORIENTED_EDGE('',*,*,#3229,.T.);
#3855 = ORIENTED_EDGE('',*,*,#3856,.F.);
#3856 = EDGE_CURVE('',#3166,#3230,#3857,.T.);
#3857 = LINE('',#3858,#3859);
#3858 = CARTESIAN_POINT('',(-0.1,-5.23,-3.1));
#3859 = VECTOR('',#3860,1.);
#3860 = DIRECTION('',(1.,4.440892098501E-16,0.));
#3861 = ORIENTED_EDGE('',*,*,#3173,.F.);
#3862 = PLANE('',#3863);
#3863 = AXIS2_PLACEMENT_3D('',#3864,#3865,#3866);
#3864 = CARTESIAN_POINT('',(-0.1,-4.93,-3.1));
#3865 = DIRECTION('',(0.,0.,1.));
#3866 = DIRECTION('',(-4.440892098501E-16,1.,0.));
#3867 = ADVANCED_FACE('',(#3868),#3879,.T.);
#3868 = FACE_BOUND('',#3869,.T.);
#3869 = EDGE_LOOP('',(#3870,#3871,#3872,#3878));
#3870 = ORIENTED_EDGE('',*,*,#3856,.T.);
#3871 = ORIENTED_EDGE('',*,*,#3237,.T.);
#3872 = ORIENTED_EDGE('',*,*,#3873,.F.);
#3873 = EDGE_CURVE('',#3158,#3238,#3874,.T.);
#3874 = LINE('',#3875,#3876);
#3875 = CARTESIAN_POINT('',(-0.1,-5.38,-2.5));
#3876 = VECTOR('',#3877,1.);
#3877 = DIRECTION('',(1.,4.440892098501E-16,0.));
#3878 = ORIENTED_EDGE('',*,*,#3165,.F.);
#3879 = PLANE('',#3880);
#3880 = AXIS2_PLACEMENT_3D('',#3881,#3882,#3883);
#3881 = CARTESIAN_POINT('',(-0.1,-5.23,-3.1));
#3882 = DIRECTION('',(4.308298163317E-16,-0.970142500145,-0.242535625036
    ));
#3883 = DIRECTION('',(1.077074540829E-16,-0.242535625036,0.970142500145)
  );
#3884 = ADVANCED_FACE('',(#3885),#3891,.T.);
#3885 = FACE_BOUND('',#3886,.T.);
#3886 = EDGE_LOOP('',(#3887,#3888,#3889,#3890));
#3887 = ORIENTED_EDGE('',*,*,#3873,.T.);
#3888 = ORIENTED_EDGE('',*,*,#3245,.T.);
#3889 = ORIENTED_EDGE('',*,*,#3261,.F.);
#3890 = ORIENTED_EDGE('',*,*,#3157,.F.);
#3891 = PLANE('',#3892);
#3892 = AXIS2_PLACEMENT_3D('',#3893,#3894,#3895);
#3893 = CARTESIAN_POINT('',(-0.1,-5.38,-2.5));
#3894 = DIRECTION('',(4.440892098501E-16,-1.,0.));
#3895 = DIRECTION('',(0.,0.,1.));
#3896 = ADVANCED_FACE('',(#3897),#3908,.T.);
#3897 = FACE_BOUND('',#3898,.T.);
#3898 = EDGE_LOOP('',(#3899,#3900,#3901,#3907));
#3899 = ORIENTED_EDGE('',*,*,#3276,.T.);
#3900 = ORIENTED_EDGE('',*,*,#3294,.T.);
#3901 = ORIENTED_EDGE('',*,*,#3902,.F.);
#3902 = EDGE_CURVE('',#3358,#3295,#3903,.T.);
#3903 = LINE('',#3904,#3905);
#3904 = CARTESIAN_POINT('',(-0.1,-2.24,-2.5));
#3905 = VECTOR('',#3906,1.);
#3906 = DIRECTION('',(1.,4.440892098501E-16,0.));
#3907 = ORIENTED_EDGE('',*,*,#3357,.F.);
#3908 = PLANE('',#3909);
#3909 = AXIS2_PLACEMENT_3D('',#3910,#3911,#3912);
#3910 = CARTESIAN_POINT('',(-0.1,-2.24,0.2));
#3911 = DIRECTION('',(-4.440892098501E-16,1.,0.));
#3912 = DIRECTION('',(0.,0.,-1.));
#3913 = ADVANCED_FACE('',(#3914),#3925,.T.);
#3914 = FACE_BOUND('',#3915,.T.);
#3915 = EDGE_LOOP('',(#3916,#3922,#3923,#3924));
#3916 = ORIENTED_EDGE('',*,*,#3917,.T.);
#3917 = EDGE_CURVE('',#3367,#3319,#3918,.T.);
#3918 = LINE('',#3919,#3920);
#3919 = CARTESIAN_POINT('',(-0.1,-2.84,-2.5));
#3920 = VECTOR('',#3921,1.);
#3921 = DIRECTION('',(1.,4.440892098501E-16,0.));
#3922 = ORIENTED_EDGE('',*,*,#3326,.T.);
#3923 = ORIENTED_EDGE('',*,*,#3342,.F.);
#3924 = ORIENTED_EDGE('',*,*,#3366,.F.);
#3925 = PLANE('',#3926);
#3926 = AXIS2_PLACEMENT_3D('',#3927,#3928,#3929);
#3927 = CARTESIAN_POINT('',(-0.1,-2.84,-2.5));
#3928 = DIRECTION('',(4.440892098501E-16,-1.,0.));
#3929 = DIRECTION('',(0.,0.,1.));
#3930 = ADVANCED_FACE('',(#3931),#3942,.T.);
#3931 = FACE_BOUND('',#3932,.T.);
#3932 = EDGE_LOOP('',(#3933,#3939,#3940,#3941));
#3933 = ORIENTED_EDGE('',*,*,#3934,.T.);
#3934 = EDGE_CURVE('',#3375,#3311,#3935,.T.);
#3935 = LINE('',#3936,#3937);
#3936 = CARTESIAN_POINT('',(-0.1,-2.69,-3.1));
#3937 = VECTOR('',#3938,1.);
#3938 = DIRECTION('',(1.,4.440892098501E-16,0.));
#3939 = ORIENTED_EDGE('',*,*,#3318,.T.);
#3940 = ORIENTED_EDGE('',*,*,#3917,.F.);
#3941 = ORIENTED_EDGE('',*,*,#3374,.F.);
#3942 = PLANE('',#3943);
#3943 = AXIS2_PLACEMENT_3D('',#3944,#3945,#3946);
#3944 = CARTESIAN_POINT('',(-0.1,-2.69,-3.1));
#3945 = DIRECTION('',(4.308298163317E-16,-0.970142500145,-0.242535625036
    ));
#3946 = DIRECTION('',(1.077074540829E-16,-0.242535625036,0.970142500145)
  );
#3947 = ADVANCED_FACE('',(#3948),#3959,.F.);
#3948 = FACE_BOUND('',#3949,.T.);
#3949 = EDGE_LOOP('',(#3950,#3956,#3957,#3958));
#3950 = ORIENTED_EDGE('',*,*,#3951,.T.);
#3951 = EDGE_CURVE('',#3383,#3303,#3952,.T.);
#3952 = LINE('',#3953,#3954);
#3953 = CARTESIAN_POINT('',(-0.1,-2.39,-3.1));
#3954 = VECTOR('',#3955,1.);
#3955 = DIRECTION('',(1.,4.440892098501E-16,0.));
#3956 = ORIENTED_EDGE('',*,*,#3310,.T.);
#3957 = ORIENTED_EDGE('',*,*,#3934,.F.);
#3958 = ORIENTED_EDGE('',*,*,#3382,.F.);
#3959 = PLANE('',#3960);
#3960 = AXIS2_PLACEMENT_3D('',#3961,#3962,#3963);
#3961 = CARTESIAN_POINT('',(-0.1,-2.39,-3.1));
#3962 = DIRECTION('',(0.,0.,1.));
#3963 = DIRECTION('',(-4.440892098501E-16,1.,0.));
#3964 = ADVANCED_FACE('',(#3965),#3971,.T.);
#3965 = FACE_BOUND('',#3966,.T.);
#3966 = EDGE_LOOP('',(#3967,#3968,#3969,#3970));
#3967 = ORIENTED_EDGE('',*,*,#3902,.T.);
#3968 = ORIENTED_EDGE('',*,*,#3302,.T.);
#3969 = ORIENTED_EDGE('',*,*,#3951,.F.);
#3970 = ORIENTED_EDGE('',*,*,#3390,.F.);
#3971 = PLANE('',#3972);
#3972 = AXIS2_PLACEMENT_3D('',#3973,#3974,#3975);
#3973 = CARTESIAN_POINT('',(-0.1,-2.24,-2.5));
#3974 = DIRECTION('',(-4.308298163317E-16,0.970142500145,-0.242535625036
    ));
#3975 = DIRECTION('',(1.077074540829E-16,-0.242535625036,-0.970142500145
    ));
#3976 = ADVANCED_FACE('',(#3977),#3988,.T.);
#3977 = FACE_BOUND('',#3978,.T.);
#3978 = EDGE_LOOP('',(#3979,#3980,#3981,#3987));
#3979 = ORIENTED_EDGE('',*,*,#3451,.T.);
#3980 = ORIENTED_EDGE('',*,*,#3469,.T.);
#3981 = ORIENTED_EDGE('',*,*,#3982,.F.);
#3982 = EDGE_CURVE('',#3405,#3470,#3983,.T.);
#3983 = LINE('',#3984,#3985);
#3984 = CARTESIAN_POINT('',(-0.1,0.3,-2.5));
#3985 = VECTOR('',#3986,1.);
#3986 = DIRECTION('',(1.,4.440892098501E-16,0.));
#3987 = ORIENTED_EDGE('',*,*,#3404,.F.);
#3988 = PLANE('',#3989);
#3989 = AXIS2_PLACEMENT_3D('',#3990,#3991,#3992);
#3990 = CARTESIAN_POINT('',(-0.1,0.3,0.2));
#3991 = DIRECTION('',(-4.440892098501E-16,1.,0.));
#3992 = DIRECTION('',(0.,0.,-1.));
#3993 = ADVANCED_FACE('',(#3994),#4005,.T.);
#3994 = FACE_BOUND('',#3995,.T.);
#3995 = EDGE_LOOP('',(#3996,#3997,#3998,#4004));
#3996 = ORIENTED_EDGE('',*,*,#3982,.T.);
#3997 = ORIENTED_EDGE('',*,*,#3477,.T.);
#3998 = ORIENTED_EDGE('',*,*,#3999,.F.);
#3999 = EDGE_CURVE('',#3430,#3478,#4000,.T.);
#4000 = LINE('',#4001,#4002);
#4001 = CARTESIAN_POINT('',(-0.1,0.15,-3.1));
#4002 = VECTOR('',#4003,1.);
#4003 = DIRECTION('',(1.,4.440892098501E-16,0.));
#4004 = ORIENTED_EDGE('',*,*,#3437,.F.);
#4005 = PLANE('',#4006);
#4006 = AXIS2_PLACEMENT_3D('',#4007,#4008,#4009);
#4007 = CARTESIAN_POINT('',(-0.1,0.3,-2.5));
#4008 = DIRECTION('',(-4.308298163317E-16,0.970142500145,-0.242535625036
    ));
#4009 = DIRECTION('',(1.077074540829E-16,-0.242535625036,-0.970142500145
    ));
#4010 = ADVANCED_FACE('',(#4011),#4022,.F.);
#4011 = FACE_BOUND('',#4012,.T.);
#4012 = EDGE_LOOP('',(#4013,#4014,#4015,#4021));
#4013 = ORIENTED_EDGE('',*,*,#3999,.T.);
#4014 = ORIENTED_EDGE('',*,*,#3485,.T.);
#4015 = ORIENTED_EDGE('',*,*,#4016,.F.);
#4016 = EDGE_CURVE('',#3422,#3486,#4017,.T.);
#4017 = LINE('',#4018,#4019);
#4018 = CARTESIAN_POINT('',(-0.1,-0.15,-3.1));
#4019 = VECTOR('',#4020,1.);
#4020 = DIRECTION('',(1.,4.440892098501E-16,0.));
#4021 = ORIENTED_EDGE('',*,*,#3429,.F.);
#4022 = PLANE('',#4023);
#4023 = AXIS2_PLACEMENT_3D('',#4024,#4025,#4026);
#4024 = CARTESIAN_POINT('',(-0.1,0.15,-3.1));
#4025 = DIRECTION('',(0.,0.,1.));
#4026 = DIRECTION('',(-4.440892098501E-16,1.,0.));
#4027 = ADVANCED_FACE('',(#4028),#4039,.T.);
#4028 = FACE_BOUND('',#4029,.T.);
#4029 = EDGE_LOOP('',(#4030,#4031,#4032,#4038));
#4030 = ORIENTED_EDGE('',*,*,#4016,.T.);
#4031 = ORIENTED_EDGE('',*,*,#3493,.T.);
#4032 = ORIENTED_EDGE('',*,*,#4033,.F.);
#4033 = EDGE_CURVE('',#3414,#3494,#4034,.T.);
#4034 = LINE('',#4035,#4036);
#4035 = CARTESIAN_POINT('',(-0.1,-0.3,-2.5));
#4036 = VECTOR('',#4037,1.);
#4037 = DIRECTION('',(1.,4.440892098501E-16,0.));
#4038 = ORIENTED_EDGE('',*,*,#3421,.F.);
#4039 = PLANE('',#4040);
#4040 = AXIS2_PLACEMENT_3D('',#4041,#4042,#4043);
#4041 = CARTESIAN_POINT('',(-0.1,-0.15,-3.1));
#4042 = DIRECTION('',(4.308298163317E-16,-0.970142500145,-0.242535625036
    ));
#4043 = DIRECTION('',(1.077074540829E-16,-0.242535625036,0.970142500145)
  );
#4044 = ADVANCED_FACE('',(#4045),#4051,.T.);
#4045 = FACE_BOUND('',#4046,.T.);
#4046 = EDGE_LOOP('',(#4047,#4048,#4049,#4050));
#4047 = ORIENTED_EDGE('',*,*,#4033,.T.);
#4048 = ORIENTED_EDGE('',*,*,#3501,.T.);
#4049 = ORIENTED_EDGE('',*,*,#3517,.F.);
#4050 = ORIENTED_EDGE('',*,*,#3413,.F.);
#4051 = PLANE('',#4052);
#4052 = AXIS2_PLACEMENT_3D('',#4053,#4054,#4055);
#4053 = CARTESIAN_POINT('',(-0.1,-0.3,-2.5));
#4054 = DIRECTION('',(4.440892098501E-16,-1.,0.));
#4055 = DIRECTION('',(0.,0.,1.));
#4056 = ADVANCED_FACE('',(#4057,#4063),#4097,.F.);
#4057 = FACE_BOUND('',#4058,.F.);
#4058 = EDGE_LOOP('',(#4059,#4060,#4061,#4062));
#4059 = ORIENTED_EDGE('',*,*,#3597,.F.);
#4060 = ORIENTED_EDGE('',*,*,#3614,.F.);
#4061 = ORIENTED_EDGE('',*,*,#3549,.F.);
#4062 = ORIENTED_EDGE('',*,*,#3573,.F.);
#4063 = FACE_BOUND('',#4064,.F.);
#4064 = EDGE_LOOP('',(#4065,#4075,#4083,#4091));
#4065 = ORIENTED_EDGE('',*,*,#4066,.T.);
#4066 = EDGE_CURVE('',#4067,#4069,#4071,.T.);
#4067 = VERTEX_POINT('',#4068);
#4068 = CARTESIAN_POINT('',(-0.3,-5.38,6.7));
#4069 = VERTEX_POINT('',#4070);
#4070 = CARTESIAN_POINT('',(0.3,-5.38,6.7));
#4071 = LINE('',#4072,#4073);
#4072 = CARTESIAN_POINT('',(-0.3,-5.38,6.7));
#4073 = VECTOR('',#4074,1.);
#4074 = DIRECTION('',(1.,4.440892098501E-16,0.));
#4075 = ORIENTED_EDGE('',*,*,#4076,.T.);
#4076 = EDGE_CURVE('',#4069,#4077,#4079,.T.);
#4077 = VERTEX_POINT('',#4078);
#4078 = CARTESIAN_POINT('',(0.3,-4.78,6.7));
#4079 = LINE('',#4080,#4081);
#4080 = CARTESIAN_POINT('',(0.3,-5.38,6.7));
#4081 = VECTOR('',#4082,1.);
#4082 = DIRECTION('',(-4.440892098501E-16,1.,0.));
#4083 = ORIENTED_EDGE('',*,*,#4084,.T.);
#4084 = EDGE_CURVE('',#4077,#4085,#4087,.T.);
#4085 = VERTEX_POINT('',#4086);
#4086 = CARTESIAN_POINT('',(-0.3,-4.78,6.7));
#4087 = LINE('',#4088,#4089);
#4088 = CARTESIAN_POINT('',(0.3,-4.78,6.7));
#4089 = VECTOR('',#4090,1.);
#4090 = DIRECTION('',(-1.,-4.440892098501E-16,0.));
#4091 = ORIENTED_EDGE('',*,*,#4092,.T.);
#4092 = EDGE_CURVE('',#4085,#4067,#4093,.T.);
#4093 = LINE('',#4094,#4095);
#4094 = CARTESIAN_POINT('',(-0.3,-4.78,6.7));
#4095 = VECTOR('',#4096,1.);
#4096 = DIRECTION('',(4.440892098501E-16,-1.,0.));
#4097 = PLANE('',#4098);
#4098 = AXIS2_PLACEMENT_3D('',#4099,#4100,#4101);
#4099 = CARTESIAN_POINT('',(0.6,-5.68,6.7));
#4100 = DIRECTION('',(-0.,0.,-1.));
#4101 = DIRECTION('',(4.440892098501E-16,-1.,-0.));
#4102 = ADVANCED_FACE('',(#4103,#4109),#4143,.F.);
#4103 = FACE_BOUND('',#4104,.F.);
#4104 = EDGE_LOOP('',(#4105,#4106,#4107,#4108));
#4105 = ORIENTED_EDGE('',*,*,#3669,.F.);
#4106 = ORIENTED_EDGE('',*,*,#3693,.F.);
#4107 = ORIENTED_EDGE('',*,*,#3710,.F.);
#4108 = ORIENTED_EDGE('',*,*,#3645,.F.);
#4109 = FACE_BOUND('',#4110,.F.);
#4110 = EDGE_LOOP('',(#4111,#4121,#4129,#4137));
#4111 = ORIENTED_EDGE('',*,*,#4112,.T.);
#4112 = EDGE_CURVE('',#4113,#4115,#4117,.T.);
#4113 = VERTEX_POINT('',#4114);
#4114 = CARTESIAN_POINT('',(-0.3,-2.84,6.7));
#4115 = VERTEX_POINT('',#4116);
#4116 = CARTESIAN_POINT('',(0.3,-2.84,6.7));
#4117 = LINE('',#4118,#4119);
#4118 = CARTESIAN_POINT('',(-0.3,-2.84,6.7));
#4119 = VECTOR('',#4120,1.);
#4120 = DIRECTION('',(1.,4.440892098501E-16,0.));
#4121 = ORIENTED_EDGE('',*,*,#4122,.T.);
#4122 = EDGE_CURVE('',#4115,#4123,#4125,.T.);
#4123 = VERTEX_POINT('',#4124);
#4124 = CARTESIAN_POINT('',(0.3,-2.24,6.7));
#4125 = LINE('',#4126,#4127);
#4126 = CARTESIAN_POINT('',(0.3,-2.84,6.7));
#4127 = VECTOR('',#4128,1.);
#4128 = DIRECTION('',(-4.440892098501E-16,1.,0.));
#4129 = ORIENTED_EDGE('',*,*,#4130,.T.);
#4130 = EDGE_CURVE('',#4123,#4131,#4133,.T.);
#4131 = VERTEX_POINT('',#4132);
#4132 = CARTESIAN_POINT('',(-0.3,-2.24,6.7));
#4133 = LINE('',#4134,#4135);
#4134 = CARTESIAN_POINT('',(0.3,-2.24,6.7));
#4135 = VECTOR('',#4136,1.);
#4136 = DIRECTION('',(-1.,-4.440892098501E-16,0.));
#4137 = ORIENTED_EDGE('',*,*,#4138,.T.);
#4138 = EDGE_CURVE('',#4131,#4113,#4139,.T.);
#4139 = LINE('',#4140,#4141);
#4140 = CARTESIAN_POINT('',(-0.3,-2.24,6.7));
#4141 = VECTOR('',#4142,1.);
#4142 = DIRECTION('',(4.440892098501E-16,-1.,0.));
#4143 = PLANE('',#4144);
#4144 = AXIS2_PLACEMENT_3D('',#4145,#4146,#4147);
#4145 = CARTESIAN_POINT('',(0.6,-3.14,6.7));
#4146 = DIRECTION('',(-0.,0.,-1.));
#4147 = DIRECTION('',(4.440892098501E-16,-1.,-0.));
#4148 = ADVANCED_FACE('',(#4149,#4155),#4189,.F.);
#4149 = FACE_BOUND('',#4150,.F.);
#4150 = EDGE_LOOP('',(#4151,#4152,#4153,#4154));
#4151 = ORIENTED_EDGE('',*,*,#3741,.F.);
#4152 = ORIENTED_EDGE('',*,*,#3765,.F.);
#4153 = ORIENTED_EDGE('',*,*,#3789,.F.);
#4154 = ORIENTED_EDGE('',*,*,#3806,.F.);
#4155 = FACE_BOUND('',#4156,.F.);
#4156 = EDGE_LOOP('',(#4157,#4167,#4175,#4183));
#4157 = ORIENTED_EDGE('',*,*,#4158,.T.);
#4158 = EDGE_CURVE('',#4159,#4161,#4163,.T.);
#4159 = VERTEX_POINT('',#4160);
#4160 = CARTESIAN_POINT('',(-0.3,-0.3,6.7));
#4161 = VERTEX_POINT('',#4162);
#4162 = CARTESIAN_POINT('',(0.3,-0.3,6.7));
#4163 = LINE('',#4164,#4165);
#4164 = CARTESIAN_POINT('',(-0.3,-0.3,6.7));
#4165 = VECTOR('',#4166,1.);
#4166 = DIRECTION('',(1.,4.440892098501E-16,0.));
#4167 = ORIENTED_EDGE('',*,*,#4168,.T.);
#4168 = EDGE_CURVE('',#4161,#4169,#4171,.T.);
#4169 = VERTEX_POINT('',#4170);
#4170 = CARTESIAN_POINT('',(0.3,0.3,6.7));
#4171 = LINE('',#4172,#4173);
#4172 = CARTESIAN_POINT('',(0.3,-0.3,6.7));
#4173 = VECTOR('',#4174,1.);
#4174 = DIRECTION('',(-4.440892098501E-16,1.,0.));
#4175 = ORIENTED_EDGE('',*,*,#4176,.T.);
#4176 = EDGE_CURVE('',#4169,#4177,#4179,.T.);
#4177 = VERTEX_POINT('',#4178);
#4178 = CARTESIAN_POINT('',(-0.3,0.3,6.7));
#4179 = LINE('',#4180,#4181);
#4180 = CARTESIAN_POINT('',(0.3,0.3,6.7));
#4181 = VECTOR('',#4182,1.);
#4182 = DIRECTION('',(-1.,-4.440892098501E-16,0.));
#4183 = ORIENTED_EDGE('',*,*,#4184,.T.);
#4184 = EDGE_CURVE('',#4177,#4159,#4185,.T.);
#4185 = LINE('',#4186,#4187);
#4186 = CARTESIAN_POINT('',(-0.3,0.3,6.7));
#4187 = VECTOR('',#4188,1.);
#4188 = DIRECTION('',(4.440892098501E-16,-1.,0.));
#4189 = PLANE('',#4190);
#4190 = AXIS2_PLACEMENT_3D('',#4191,#4192,#4193);
#4191 = CARTESIAN_POINT('',(0.6,-0.6,6.7));
#4192 = DIRECTION('',(-0.,0.,-1.));
#4193 = DIRECTION('',(4.440892098501E-16,-1.,-0.));
#4194 = ADVANCED_FACE('',(#4195),#4252,.T.);
#4195 = FACE_BOUND('',#4196,.T.);
#4196 = EDGE_LOOP('',(#4197,#4205,#4206,#4214,#4222,#4230,#4238,#4246));
#4197 = ORIENTED_EDGE('',*,*,#4198,.F.);
#4198 = EDGE_CURVE('',#4067,#4199,#4201,.T.);
#4199 = VERTEX_POINT('',#4200);
#4200 = CARTESIAN_POINT('',(-0.3,-5.38,0.9));
#4201 = LINE('',#4202,#4203);
#4202 = CARTESIAN_POINT('',(-0.3,-5.38,6.7));
#4203 = VECTOR('',#4204,1.);
#4204 = DIRECTION('',(0.,0.,-1.));
#4205 = ORIENTED_EDGE('',*,*,#4066,.T.);
#4206 = ORIENTED_EDGE('',*,*,#4207,.T.);
#4207 = EDGE_CURVE('',#4069,#4208,#4210,.T.);
#4208 = VERTEX_POINT('',#4209);
#4209 = CARTESIAN_POINT('',(0.3,-5.38,0.9));
#4210 = LINE('',#4211,#4212);
#4211 = CARTESIAN_POINT('',(0.3,-5.38,6.7));
#4212 = VECTOR('',#4213,1.);
#4213 = DIRECTION('',(0.,0.,-1.));
#4214 = ORIENTED_EDGE('',*,*,#4215,.F.);
#4215 = EDGE_CURVE('',#4216,#4208,#4218,.T.);
#4216 = VERTEX_POINT('',#4217);
#4217 = CARTESIAN_POINT('',(0.1,-5.38,0.9));
#4218 = LINE('',#4219,#4220);
#4219 = CARTESIAN_POINT('',(-0.3,-5.38,0.9));
#4220 = VECTOR('',#4221,1.);
#4221 = DIRECTION('',(1.,4.440892098501E-16,0.));
#4222 = ORIENTED_EDGE('',*,*,#4223,.T.);
#4223 = EDGE_CURVE('',#4216,#4224,#4226,.T.);
#4224 = VERTEX_POINT('',#4225);
#4225 = CARTESIAN_POINT('',(0.1,-5.38,5.9));
#4226 = LINE('',#4227,#4228);
#4227 = CARTESIAN_POINT('',(0.1,-5.38,3.45));
#4228 = VECTOR('',#4229,1.);
#4229 = DIRECTION('',(0.,0.,1.));
#4230 = ORIENTED_EDGE('',*,*,#4231,.F.);
#4231 = EDGE_CURVE('',#4232,#4224,#4234,.T.);
#4232 = VERTEX_POINT('',#4233);
#4233 = CARTESIAN_POINT('',(-0.1,-5.38,5.9));
#4234 = LINE('',#4235,#4236);
#4235 = CARTESIAN_POINT('',(-0.1,-5.38,5.9));
#4236 = VECTOR('',#4237,1.);
#4237 = DIRECTION('',(1.,4.440892098501E-16,0.));
#4238 = ORIENTED_EDGE('',*,*,#4239,.T.);
#4239 = EDGE_CURVE('',#4232,#4240,#4242,.T.);
#4240 = VERTEX_POINT('',#4241);
#4241 = CARTESIAN_POINT('',(-0.1,-5.38,0.9));
#4242 = LINE('',#4243,#4244);
#4243 = CARTESIAN_POINT('',(-0.1,-5.38,3.45));
#4244 = VECTOR('',#4245,1.);
#4245 = DIRECTION('',(-0.,0.,-1.));
#4246 = ORIENTED_EDGE('',*,*,#4247,.F.);
#4247 = EDGE_CURVE('',#4199,#4240,#4248,.T.);
#4248 = LINE('',#4249,#4250);
#4249 = CARTESIAN_POINT('',(-0.3,-5.38,0.9));
#4250 = VECTOR('',#4251,1.);
#4251 = DIRECTION('',(1.,4.440892098501E-16,0.));
#4252 = PLANE('',#4253);
#4253 = AXIS2_PLACEMENT_3D('',#4254,#4255,#4256);
#4254 = CARTESIAN_POINT('',(-0.3,-5.38,6.7));
#4255 = DIRECTION('',(-4.440892098501E-16,1.,0.));
#4256 = DIRECTION('',(0.,0.,1.));
#4257 = ADVANCED_FACE('',(#4258),#4276,.F.);
#4258 = FACE_BOUND('',#4259,.F.);
#4259 = EDGE_LOOP('',(#4260,#4268,#4274,#4275));
#4260 = ORIENTED_EDGE('',*,*,#4261,.T.);
#4261 = EDGE_CURVE('',#4085,#4262,#4264,.T.);
#4262 = VERTEX_POINT('',#4263);
#4263 = CARTESIAN_POINT('',(-0.3,-4.78,0.9));
#4264 = LINE('',#4265,#4266);
#4265 = CARTESIAN_POINT('',(-0.3,-4.78,6.7));
#4266 = VECTOR('',#4267,1.);
#4267 = DIRECTION('',(0.,0.,-1.));
#4268 = ORIENTED_EDGE('',*,*,#4269,.T.);
#4269 = EDGE_CURVE('',#4262,#4199,#4270,.T.);
#4270 = LINE('',#4271,#4272);
#4271 = CARTESIAN_POINT('',(-0.3,-4.78,0.9));
#4272 = VECTOR('',#4273,1.);
#4273 = DIRECTION('',(4.440892098501E-16,-1.,0.));
#4274 = ORIENTED_EDGE('',*,*,#4198,.F.);
#4275 = ORIENTED_EDGE('',*,*,#4092,.F.);
#4276 = PLANE('',#4277);
#4277 = AXIS2_PLACEMENT_3D('',#4278,#4279,#4280);
#4278 = CARTESIAN_POINT('',(-0.3,-4.78,6.7));
#4279 = DIRECTION('',(-1.,-4.440892098501E-16,0.));
#4280 = DIRECTION('',(4.440892098501E-16,-1.,0.));
#4281 = ADVANCED_FACE('',(#4282),#4332,.T.);
#4282 = FACE_BOUND('',#4283,.T.);
#4283 = EDGE_LOOP('',(#4284,#4292,#4293,#4294,#4302,#4310,#4318,#4326));
#4284 = ORIENTED_EDGE('',*,*,#4285,.F.);
#4285 = EDGE_CURVE('',#4077,#4286,#4288,.T.);
#4286 = VERTEX_POINT('',#4287);
#4287 = CARTESIAN_POINT('',(0.3,-4.78,0.9));
#4288 = LINE('',#4289,#4290);
#4289 = CARTESIAN_POINT('',(0.3,-4.78,6.7));
#4290 = VECTOR('',#4291,1.);
#4291 = DIRECTION('',(0.,0.,-1.));
#4292 = ORIENTED_EDGE('',*,*,#4084,.T.);
#4293 = ORIENTED_EDGE('',*,*,#4261,.T.);
#4294 = ORIENTED_EDGE('',*,*,#4295,.F.);
#4295 = EDGE_CURVE('',#4296,#4262,#4298,.T.);
#4296 = VERTEX_POINT('',#4297);
#4297 = CARTESIAN_POINT('',(-0.1,-4.78,0.9));
#4298 = LINE('',#4299,#4300);
#4299 = CARTESIAN_POINT('',(0.3,-4.78,0.9));
#4300 = VECTOR('',#4301,1.);
#4301 = DIRECTION('',(-1.,-4.440892098501E-16,0.));
#4302 = ORIENTED_EDGE('',*,*,#4303,.T.);
#4303 = EDGE_CURVE('',#4296,#4304,#4306,.T.);
#4304 = VERTEX_POINT('',#4305);
#4305 = CARTESIAN_POINT('',(-0.1,-4.78,5.9));
#4306 = LINE('',#4307,#4308);
#4307 = CARTESIAN_POINT('',(-0.1,-4.78,3.45));
#4308 = VECTOR('',#4309,1.);
#4309 = DIRECTION('',(0.,0.,1.));
#4310 = ORIENTED_EDGE('',*,*,#4311,.T.);
#4311 = EDGE_CURVE('',#4304,#4312,#4314,.T.);
#4312 = VERTEX_POINT('',#4313);
#4313 = CARTESIAN_POINT('',(0.1,-4.78,5.9));
#4314 = LINE('',#4315,#4316);
#4315 = CARTESIAN_POINT('',(-0.1,-4.78,5.9));
#4316 = VECTOR('',#4317,1.);
#4317 = DIRECTION('',(1.,4.440892098501E-16,0.));
#4318 = ORIENTED_EDGE('',*,*,#4319,.T.);
#4319 = EDGE_CURVE('',#4312,#4320,#4322,.T.);
#4320 = VERTEX_POINT('',#4321);
#4321 = CARTESIAN_POINT('',(0.1,-4.78,0.9));
#4322 = LINE('',#4323,#4324);
#4323 = CARTESIAN_POINT('',(0.1,-4.78,3.45));
#4324 = VECTOR('',#4325,1.);
#4325 = DIRECTION('',(-0.,0.,-1.));
#4326 = ORIENTED_EDGE('',*,*,#4327,.F.);
#4327 = EDGE_CURVE('',#4286,#4320,#4328,.T.);
#4328 = LINE('',#4329,#4330);
#4329 = CARTESIAN_POINT('',(0.3,-4.78,0.9));
#4330 = VECTOR('',#4331,1.);
#4331 = DIRECTION('',(-1.,-4.440892098501E-16,0.));
#4332 = PLANE('',#4333);
#4333 = AXIS2_PLACEMENT_3D('',#4334,#4335,#4336);
#4334 = CARTESIAN_POINT('',(0.3,-4.78,6.7));
#4335 = DIRECTION('',(4.440892098501E-16,-1.,0.));
#4336 = DIRECTION('',(0.,-0.,-1.));
#4337 = ADVANCED_FACE('',(#4338),#4349,.F.);
#4338 = FACE_BOUND('',#4339,.F.);
#4339 = EDGE_LOOP('',(#4340,#4341,#4347,#4348));
#4340 = ORIENTED_EDGE('',*,*,#4207,.T.);
#4341 = ORIENTED_EDGE('',*,*,#4342,.T.);
#4342 = EDGE_CURVE('',#4208,#4286,#4343,.T.);
#4343 = LINE('',#4344,#4345);
#4344 = CARTESIAN_POINT('',(0.3,-5.38,0.9));
#4345 = VECTOR('',#4346,1.);
#4346 = DIRECTION('',(-4.440892098501E-16,1.,0.));
#4347 = ORIENTED_EDGE('',*,*,#4285,.F.);
#4348 = ORIENTED_EDGE('',*,*,#4076,.F.);
#4349 = PLANE('',#4350);
#4350 = AXIS2_PLACEMENT_3D('',#4351,#4352,#4353);
#4351 = CARTESIAN_POINT('',(0.3,-5.38,6.7));
#4352 = DIRECTION('',(1.,4.440892098501E-16,0.));
#4353 = DIRECTION('',(-4.440892098501E-16,1.,0.));
#4354 = ADVANCED_FACE('',(#4355),#4412,.T.);
#4355 = FACE_BOUND('',#4356,.T.);
#4356 = EDGE_LOOP('',(#4357,#4365,#4366,#4374,#4382,#4390,#4398,#4406));
#4357 = ORIENTED_EDGE('',*,*,#4358,.F.);
#4358 = EDGE_CURVE('',#4113,#4359,#4361,.T.);
#4359 = VERTEX_POINT('',#4360);
#4360 = CARTESIAN_POINT('',(-0.3,-2.84,0.9));
#4361 = LINE('',#4362,#4363);
#4362 = CARTESIAN_POINT('',(-0.3,-2.84,6.7));
#4363 = VECTOR('',#4364,1.);
#4364 = DIRECTION('',(0.,0.,-1.));
#4365 = ORIENTED_EDGE('',*,*,#4112,.T.);
#4366 = ORIENTED_EDGE('',*,*,#4367,.T.);
#4367 = EDGE_CURVE('',#4115,#4368,#4370,.T.);
#4368 = VERTEX_POINT('',#4369);
#4369 = CARTESIAN_POINT('',(0.3,-2.84,0.9));
#4370 = LINE('',#4371,#4372);
#4371 = CARTESIAN_POINT('',(0.3,-2.84,6.7));
#4372 = VECTOR('',#4373,1.);
#4373 = DIRECTION('',(0.,0.,-1.));
#4374 = ORIENTED_EDGE('',*,*,#4375,.F.);
#4375 = EDGE_CURVE('',#4376,#4368,#4378,.T.);
#4376 = VERTEX_POINT('',#4377);
#4377 = CARTESIAN_POINT('',(0.1,-2.84,0.9));
#4378 = LINE('',#4379,#4380);
#4379 = CARTESIAN_POINT('',(-0.3,-2.84,0.9));
#4380 = VECTOR('',#4381,1.);
#4381 = DIRECTION('',(1.,4.440892098501E-16,0.));
#4382 = ORIENTED_EDGE('',*,*,#4383,.T.);
#4383 = EDGE_CURVE('',#4376,#4384,#4386,.T.);
#4384 = VERTEX_POINT('',#4385);
#4385 = CARTESIAN_POINT('',(0.1,-2.84,5.9));
#4386 = LINE('',#4387,#4388);
#4387 = CARTESIAN_POINT('',(0.1,-2.84,3.45));
#4388 = VECTOR('',#4389,1.);
#4389 = DIRECTION('',(0.,0.,1.));
#4390 = ORIENTED_EDGE('',*,*,#4391,.F.);
#4391 = EDGE_CURVE('',#4392,#4384,#4394,.T.);
#4392 = VERTEX_POINT('',#4393);
#4393 = CARTESIAN_POINT('',(-0.1,-2.84,5.9));
#4394 = LINE('',#4395,#4396);
#4395 = CARTESIAN_POINT('',(-0.1,-2.84,5.9));
#4396 = VECTOR('',#4397,1.);
#4397 = DIRECTION('',(1.,4.440892098501E-16,0.));
#4398 = ORIENTED_EDGE('',*,*,#4399,.T.);
#4399 = EDGE_CURVE('',#4392,#4400,#4402,.T.);
#4400 = VERTEX_POINT('',#4401);
#4401 = CARTESIAN_POINT('',(-0.1,-2.84,0.9));
#4402 = LINE('',#4403,#4404);
#4403 = CARTESIAN_POINT('',(-0.1,-2.84,3.45));
#4404 = VECTOR('',#4405,1.);
#4405 = DIRECTION('',(-0.,0.,-1.));
#4406 = ORIENTED_EDGE('',*,*,#4407,.F.);
#4407 = EDGE_CURVE('',#4359,#4400,#4408,.T.);
#4408 = LINE('',#4409,#4410);
#4409 = CARTESIAN_POINT('',(-0.3,-2.84,0.9));
#4410 = VECTOR('',#4411,1.);
#4411 = DIRECTION('',(1.,4.440892098501E-16,0.));
#4412 = PLANE('',#4413);
#4413 = AXIS2_PLACEMENT_3D('',#4414,#4415,#4416);
#4414 = CARTESIAN_POINT('',(-0.3,-2.84,6.7));
#4415 = DIRECTION('',(-4.440892098501E-16,1.,0.));
#4416 = DIRECTION('',(0.,0.,1.));
#4417 = ADVANCED_FACE('',(#4418),#4436,.F.);
#4418 = FACE_BOUND('',#4419,.F.);
#4419 = EDGE_LOOP('',(#4420,#4428,#4434,#4435));
#4420 = ORIENTED_EDGE('',*,*,#4421,.T.);
#4421 = EDGE_CURVE('',#4131,#4422,#4424,.T.);
#4422 = VERTEX_POINT('',#4423);
#4423 = CARTESIAN_POINT('',(-0.3,-2.24,0.9));
#4424 = LINE('',#4425,#4426);
#4425 = CARTESIAN_POINT('',(-0.3,-2.24,6.7));
#4426 = VECTOR('',#4427,1.);
#4427 = DIRECTION('',(0.,0.,-1.));
#4428 = ORIENTED_EDGE('',*,*,#4429,.T.);
#4429 = EDGE_CURVE('',#4422,#4359,#4430,.T.);
#4430 = LINE('',#4431,#4432);
#4431 = CARTESIAN_POINT('',(-0.3,-2.24,0.9));
#4432 = VECTOR('',#4433,1.);
#4433 = DIRECTION('',(4.440892098501E-16,-1.,0.));
#4434 = ORIENTED_EDGE('',*,*,#4358,.F.);
#4435 = ORIENTED_EDGE('',*,*,#4138,.F.);
#4436 = PLANE('',#4437);
#4437 = AXIS2_PLACEMENT_3D('',#4438,#4439,#4440);
#4438 = CARTESIAN_POINT('',(-0.3,-2.24,6.7));
#4439 = DIRECTION('',(-1.,-4.440892098501E-16,0.));
#4440 = DIRECTION('',(4.440892098501E-16,-1.,0.));
#4441 = ADVANCED_FACE('',(#4442),#4492,.T.);
#4442 = FACE_BOUND('',#4443,.T.);
#4443 = EDGE_LOOP('',(#4444,#4452,#4453,#4454,#4462,#4470,#4478,#4486));
#4444 = ORIENTED_EDGE('',*,*,#4445,.F.);
#4445 = EDGE_CURVE('',#4123,#4446,#4448,.T.);
#4446 = VERTEX_POINT('',#4447);
#4447 = CARTESIAN_POINT('',(0.3,-2.24,0.9));
#4448 = LINE('',#4449,#4450);
#4449 = CARTESIAN_POINT('',(0.3,-2.24,6.7));
#4450 = VECTOR('',#4451,1.);
#4451 = DIRECTION('',(0.,0.,-1.));
#4452 = ORIENTED_EDGE('',*,*,#4130,.T.);
#4453 = ORIENTED_EDGE('',*,*,#4421,.T.);
#4454 = ORIENTED_EDGE('',*,*,#4455,.F.);
#4455 = EDGE_CURVE('',#4456,#4422,#4458,.T.);
#4456 = VERTEX_POINT('',#4457);
#4457 = CARTESIAN_POINT('',(-0.1,-2.24,0.9));
#4458 = LINE('',#4459,#4460);
#4459 = CARTESIAN_POINT('',(0.3,-2.24,0.9));
#4460 = VECTOR('',#4461,1.);
#4461 = DIRECTION('',(-1.,-4.440892098501E-16,0.));
#4462 = ORIENTED_EDGE('',*,*,#4463,.T.);
#4463 = EDGE_CURVE('',#4456,#4464,#4466,.T.);
#4464 = VERTEX_POINT('',#4465);
#4465 = CARTESIAN_POINT('',(-0.1,-2.24,5.9));
#4466 = LINE('',#4467,#4468);
#4467 = CARTESIAN_POINT('',(-0.1,-2.24,3.45));
#4468 = VECTOR('',#4469,1.);
#4469 = DIRECTION('',(0.,0.,1.));
#4470 = ORIENTED_EDGE('',*,*,#4471,.T.);
#4471 = EDGE_CURVE('',#4464,#4472,#4474,.T.);
#4472 = VERTEX_POINT('',#4473);
#4473 = CARTESIAN_POINT('',(0.1,-2.24,5.9));
#4474 = LINE('',#4475,#4476);
#4475 = CARTESIAN_POINT('',(-0.1,-2.24,5.9));
#4476 = VECTOR('',#4477,1.);
#4477 = DIRECTION('',(1.,4.440892098501E-16,0.));
#4478 = ORIENTED_EDGE('',*,*,#4479,.T.);
#4479 = EDGE_CURVE('',#4472,#4480,#4482,.T.);
#4480 = VERTEX_POINT('',#4481);
#4481 = CARTESIAN_POINT('',(0.1,-2.24,0.9));
#4482 = LINE('',#4483,#4484);
#4483 = CARTESIAN_POINT('',(0.1,-2.24,3.45));
#4484 = VECTOR('',#4485,1.);
#4485 = DIRECTION('',(-0.,0.,-1.));
#4486 = ORIENTED_EDGE('',*,*,#4487,.F.);
#4487 = EDGE_CURVE('',#4446,#4480,#4488,.T.);
#4488 = LINE('',#4489,#4490);
#4489 = CARTESIAN_POINT('',(0.3,-2.24,0.9));
#4490 = VECTOR('',#4491,1.);
#4491 = DIRECTION('',(-1.,-4.440892098501E-16,0.));
#4492 = PLANE('',#4493);
#4493 = AXIS2_PLACEMENT_3D('',#4494,#4495,#4496);
#4494 = CARTESIAN_POINT('',(0.3,-2.24,6.7));
#4495 = DIRECTION('',(4.440892098501E-16,-1.,0.));
#4496 = DIRECTION('',(0.,-0.,-1.));
#4497 = ADVANCED_FACE('',(#4498),#4509,.F.);
#4498 = FACE_BOUND('',#4499,.F.);
#4499 = EDGE_LOOP('',(#4500,#4501,#4507,#4508));
#4500 = ORIENTED_EDGE('',*,*,#4367,.T.);
#4501 = ORIENTED_EDGE('',*,*,#4502,.T.);
#4502 = EDGE_CURVE('',#4368,#4446,#4503,.T.);
#4503 = LINE('',#4504,#4505);
#4504 = CARTESIAN_POINT('',(0.3,-2.84,0.9));
#4505 = VECTOR('',#4506,1.);
#4506 = DIRECTION('',(-4.440892098501E-16,1.,0.));
#4507 = ORIENTED_EDGE('',*,*,#4445,.F.);
#4508 = ORIENTED_EDGE('',*,*,#4122,.F.);
#4509 = PLANE('',#4510);
#4510 = AXIS2_PLACEMENT_3D('',#4511,#4512,#4513);
#4511 = CARTESIAN_POINT('',(0.3,-2.84,6.7));
#4512 = DIRECTION('',(1.,4.440892098501E-16,0.));
#4513 = DIRECTION('',(-4.440892098501E-16,1.,0.));
#4514 = ADVANCED_FACE('',(#4515),#4572,.T.);
#4515 = FACE_BOUND('',#4516,.T.);
#4516 = EDGE_LOOP('',(#4517,#4525,#4526,#4534,#4542,#4550,#4558,#4566));
#4517 = ORIENTED_EDGE('',*,*,#4518,.F.);
#4518 = EDGE_CURVE('',#4159,#4519,#4521,.T.);
#4519 = VERTEX_POINT('',#4520);
#4520 = CARTESIAN_POINT('',(-0.3,-0.3,0.9));
#4521 = LINE('',#4522,#4523);
#4522 = CARTESIAN_POINT('',(-0.3,-0.3,6.7));
#4523 = VECTOR('',#4524,1.);
#4524 = DIRECTION('',(0.,0.,-1.));
#4525 = ORIENTED_EDGE('',*,*,#4158,.T.);
#4526 = ORIENTED_EDGE('',*,*,#4527,.T.);
#4527 = EDGE_CURVE('',#4161,#4528,#4530,.T.);
#4528 = VERTEX_POINT('',#4529);
#4529 = CARTESIAN_POINT('',(0.3,-0.3,0.9));
#4530 = LINE('',#4531,#4532);
#4531 = CARTESIAN_POINT('',(0.3,-0.3,6.7));
#4532 = VECTOR('',#4533,1.);
#4533 = DIRECTION('',(0.,0.,-1.));
#4534 = ORIENTED_EDGE('',*,*,#4535,.F.);
#4535 = EDGE_CURVE('',#4536,#4528,#4538,.T.);
#4536 = VERTEX_POINT('',#4537);
#4537 = CARTESIAN_POINT('',(0.1,-0.3,0.9));
#4538 = LINE('',#4539,#4540);
#4539 = CARTESIAN_POINT('',(-0.3,-0.3,0.9));
#4540 = VECTOR('',#4541,1.);
#4541 = DIRECTION('',(1.,4.440892098501E-16,0.));
#4542 = ORIENTED_EDGE('',*,*,#4543,.T.);
#4543 = EDGE_CURVE('',#4536,#4544,#4546,.T.);
#4544 = VERTEX_POINT('',#4545);
#4545 = CARTESIAN_POINT('',(0.1,-0.3,5.9));
#4546 = LINE('',#4547,#4548);
#4547 = CARTESIAN_POINT('',(0.1,-0.3,3.45));
#4548 = VECTOR('',#4549,1.);
#4549 = DIRECTION('',(0.,0.,1.));
#4550 = ORIENTED_EDGE('',*,*,#4551,.F.);
#4551 = EDGE_CURVE('',#4552,#4544,#4554,.T.);
#4552 = VERTEX_POINT('',#4553);
#4553 = CARTESIAN_POINT('',(-0.1,-0.3,5.9));
#4554 = LINE('',#4555,#4556);
#4555 = CARTESIAN_POINT('',(-0.1,-0.3,5.9));
#4556 = VECTOR('',#4557,1.);
#4557 = DIRECTION('',(1.,4.440892098501E-16,0.));
#4558 = ORIENTED_EDGE('',*,*,#4559,.T.);
#4559 = EDGE_CURVE('',#4552,#4560,#4562,.T.);
#4560 = VERTEX_POINT('',#4561);
#4561 = CARTESIAN_POINT('',(-0.1,-0.3,0.9));
#4562 = LINE('',#4563,#4564);
#4563 = CARTESIAN_POINT('',(-0.1,-0.3,3.45));
#4564 = VECTOR('',#4565,1.);
#4565 = DIRECTION('',(-0.,0.,-1.));
#4566 = ORIENTED_EDGE('',*,*,#4567,.F.);
#4567 = EDGE_CURVE('',#4519,#4560,#4568,.T.);
#4568 = LINE('',#4569,#4570);
#4569 = CARTESIAN_POINT('',(-0.3,-0.3,0.9));
#4570 = VECTOR('',#4571,1.);
#4571 = DIRECTION('',(1.,4.440892098501E-16,0.));
#4572 = PLANE('',#4573);
#4573 = AXIS2_PLACEMENT_3D('',#4574,#4575,#4576);
#4574 = CARTESIAN_POINT('',(-0.3,-0.3,6.7));
#4575 = DIRECTION('',(-4.440892098501E-16,1.,0.));
#4576 = DIRECTION('',(0.,0.,1.));
#4577 = ADVANCED_FACE('',(#4578),#4596,.F.);
#4578 = FACE_BOUND('',#4579,.F.);
#4579 = EDGE_LOOP('',(#4580,#4588,#4594,#4595));
#4580 = ORIENTED_EDGE('',*,*,#4581,.T.);
#4581 = EDGE_CURVE('',#4177,#4582,#4584,.T.);
#4582 = VERTEX_POINT('',#4583);
#4583 = CARTESIAN_POINT('',(-0.3,0.3,0.9));
#4584 = LINE('',#4585,#4586);
#4585 = CARTESIAN_POINT('',(-0.3,0.3,6.7));
#4586 = VECTOR('',#4587,1.);
#4587 = DIRECTION('',(0.,0.,-1.));
#4588 = ORIENTED_EDGE('',*,*,#4589,.T.);
#4589 = EDGE_CURVE('',#4582,#4519,#4590,.T.);
#4590 = LINE('',#4591,#4592);
#4591 = CARTESIAN_POINT('',(-0.3,0.3,0.9));
#4592 = VECTOR('',#4593,1.);
#4593 = DIRECTION('',(4.440892098501E-16,-1.,0.));
#4594 = ORIENTED_EDGE('',*,*,#4518,.F.);
#4595 = ORIENTED_EDGE('',*,*,#4184,.F.);
#4596 = PLANE('',#4597);
#4597 = AXIS2_PLACEMENT_3D('',#4598,#4599,#4600);
#4598 = CARTESIAN_POINT('',(-0.3,0.3,6.7));
#4599 = DIRECTION('',(-1.,-4.440892098501E-16,0.));
#4600 = DIRECTION('',(4.440892098501E-16,-1.,0.));
#4601 = ADVANCED_FACE('',(#4602),#4652,.T.);
#4602 = FACE_BOUND('',#4603,.T.);
#4603 = EDGE_LOOP('',(#4604,#4612,#4613,#4614,#4622,#4630,#4638,#4646));
#4604 = ORIENTED_EDGE('',*,*,#4605,.F.);
#4605 = EDGE_CURVE('',#4169,#4606,#4608,.T.);
#4606 = VERTEX_POINT('',#4607);
#4607 = CARTESIAN_POINT('',(0.3,0.3,0.9));
#4608 = LINE('',#4609,#4610);
#4609 = CARTESIAN_POINT('',(0.3,0.3,6.7));
#4610 = VECTOR('',#4611,1.);
#4611 = DIRECTION('',(0.,0.,-1.));
#4612 = ORIENTED_EDGE('',*,*,#4176,.T.);
#4613 = ORIENTED_EDGE('',*,*,#4581,.T.);
#4614 = ORIENTED_EDGE('',*,*,#4615,.F.);
#4615 = EDGE_CURVE('',#4616,#4582,#4618,.T.);
#4616 = VERTEX_POINT('',#4617);
#4617 = CARTESIAN_POINT('',(-0.1,0.3,0.9));
#4618 = LINE('',#4619,#4620);
#4619 = CARTESIAN_POINT('',(0.3,0.3,0.9));
#4620 = VECTOR('',#4621,1.);
#4621 = DIRECTION('',(-1.,-4.440892098501E-16,0.));
#4622 = ORIENTED_EDGE('',*,*,#4623,.T.);
#4623 = EDGE_CURVE('',#4616,#4624,#4626,.T.);
#4624 = VERTEX_POINT('',#4625);
#4625 = CARTESIAN_POINT('',(-0.1,0.3,5.9));
#4626 = LINE('',#4627,#4628);
#4627 = CARTESIAN_POINT('',(-0.1,0.3,3.45));
#4628 = VECTOR('',#4629,1.);
#4629 = DIRECTION('',(0.,0.,1.));
#4630 = ORIENTED_EDGE('',*,*,#4631,.T.);
#4631 = EDGE_CURVE('',#4624,#4632,#4634,.T.);
#4632 = VERTEX_POINT('',#4633);
#4633 = CARTESIAN_POINT('',(0.1,0.3,5.9));
#4634 = LINE('',#4635,#4636);
#4635 = CARTESIAN_POINT('',(-0.1,0.3,5.9));
#4636 = VECTOR('',#4637,1.);
#4637 = DIRECTION('',(1.,4.440892098501E-16,0.));
#4638 = ORIENTED_EDGE('',*,*,#4639,.T.);
#4639 = EDGE_CURVE('',#4632,#4640,#4642,.T.);
#4640 = VERTEX_POINT('',#4641);
#4641 = CARTESIAN_POINT('',(0.1,0.3,0.9));
#4642 = LINE('',#4643,#4644);
#4643 = CARTESIAN_POINT('',(0.1,0.3,3.45));
#4644 = VECTOR('',#4645,1.);
#4645 = DIRECTION('',(-0.,0.,-1.));
#4646 = ORIENTED_EDGE('',*,*,#4647,.F.);
#4647 = EDGE_CURVE('',#4606,#4640,#4648,.T.);
#4648 = LINE('',#4649,#4650);
#4649 = CARTESIAN_POINT('',(0.3,0.3,0.9));
#4650 = VECTOR('',#4651,1.);
#4651 = DIRECTION('',(-1.,-4.440892098501E-16,0.));
#4652 = PLANE('',#4653);
#4653 = AXIS2_PLACEMENT_3D('',#4654,#4655,#4656);
#4654 = CARTESIAN_POINT('',(0.3,0.3,6.7));
#4655 = DIRECTION('',(4.440892098501E-16,-1.,0.));
#4656 = DIRECTION('',(0.,-0.,-1.));
#4657 = ADVANCED_FACE('',(#4658),#4669,.F.);
#4658 = FACE_BOUND('',#4659,.F.);
#4659 = EDGE_LOOP('',(#4660,#4661,#4667,#4668));
#4660 = ORIENTED_EDGE('',*,*,#4527,.T.);
#4661 = ORIENTED_EDGE('',*,*,#4662,.T.);
#4662 = EDGE_CURVE('',#4528,#4606,#4663,.T.);
#4663 = LINE('',#4664,#4665);
#4664 = CARTESIAN_POINT('',(0.3,-0.3,0.9));
#4665 = VECTOR('',#4666,1.);
#4666 = DIRECTION('',(-4.440892098501E-16,1.,0.));
#4667 = ORIENTED_EDGE('',*,*,#4605,.F.);
#4668 = ORIENTED_EDGE('',*,*,#4168,.F.);
#4669 = PLANE('',#4670);
#4670 = AXIS2_PLACEMENT_3D('',#4671,#4672,#4673);
#4671 = CARTESIAN_POINT('',(0.3,-0.3,6.7));
#4672 = DIRECTION('',(1.,4.440892098501E-16,0.));
#4673 = DIRECTION('',(-4.440892098501E-16,1.,0.));
#4674 = ADVANCED_FACE('',(#4675),#4686,.F.);
#4675 = FACE_BOUND('',#4676,.F.);
#4676 = EDGE_LOOP('',(#4677,#4683,#4684,#4685));
#4677 = ORIENTED_EDGE('',*,*,#4678,.T.);
#4678 = EDGE_CURVE('',#4296,#4240,#4679,.T.);
#4679 = LINE('',#4680,#4681);
#4680 = CARTESIAN_POINT('',(-0.1,-4.78,0.9));
#4681 = VECTOR('',#4682,1.);
#4682 = DIRECTION('',(4.440892098501E-16,-1.,0.));
#4683 = ORIENTED_EDGE('',*,*,#4247,.F.);
#4684 = ORIENTED_EDGE('',*,*,#4269,.F.);
#4685 = ORIENTED_EDGE('',*,*,#4295,.F.);
#4686 = PLANE('',#4687);
#4687 = AXIS2_PLACEMENT_3D('',#4688,#4689,#4690);
#4688 = CARTESIAN_POINT('',(0.3,-5.38,0.9));
#4689 = DIRECTION('',(-0.,0.,-1.));
#4690 = DIRECTION('',(4.440892098501E-16,-1.,-0.));
#4691 = ADVANCED_FACE('',(#4692),#4735,.F.);
#4692 = FACE_BOUND('',#4693,.F.);
#4693 = EDGE_LOOP('',(#4694,#4695,#4696,#4704,#4712,#4720,#4728,#4734));
#4694 = ORIENTED_EDGE('',*,*,#4678,.F.);
#4695 = ORIENTED_EDGE('',*,*,#4303,.T.);
#4696 = ORIENTED_EDGE('',*,*,#4697,.F.);
#4697 = EDGE_CURVE('',#4698,#4304,#4700,.T.);
#4698 = VERTEX_POINT('',#4699);
#4699 = CARTESIAN_POINT('',(-0.1,-4.83,5.85));
#4700 = LINE('',#4701,#4702);
#4701 = CARTESIAN_POINT('',(-0.1,-4.83,5.85));
#4702 = VECTOR('',#4703,1.);
#4703 = DIRECTION('',(-3.140184917366E-16,0.707106781187,0.707106781187)
  );
#4704 = ORIENTED_EDGE('',*,*,#4705,.F.);
#4705 = EDGE_CURVE('',#4706,#4698,#4708,.T.);
#4706 = VERTEX_POINT('',#4707);
#4707 = CARTESIAN_POINT('',(-0.1,-4.83,1.25));
#4708 = LINE('',#4709,#4710);
#4709 = CARTESIAN_POINT('',(-0.1,-4.83,1.25));
#4710 = VECTOR('',#4711,1.);
#4711 = DIRECTION('',(0.,0.,1.));
#4712 = ORIENTED_EDGE('',*,*,#4713,.F.);
#4713 = EDGE_CURVE('',#4714,#4706,#4716,.T.);
#4714 = VERTEX_POINT('',#4715);
#4715 = CARTESIAN_POINT('',(-0.1,-5.33,1.25));
#4716 = LINE('',#4717,#4718);
#4717 = CARTESIAN_POINT('',(-0.1,-5.33,1.25));
#4718 = VECTOR('',#4719,1.);
#4719 = DIRECTION('',(-4.440892098501E-16,1.,0.));
#4720 = ORIENTED_EDGE('',*,*,#4721,.F.);
#4721 = EDGE_CURVE('',#4722,#4714,#4724,.T.);
#4722 = VERTEX_POINT('',#4723);
#4723 = CARTESIAN_POINT('',(-0.1,-5.33,5.85));
#4724 = LINE('',#4725,#4726);
#4725 = CARTESIAN_POINT('',(-0.1,-5.33,5.85));
#4726 = VECTOR('',#4727,1.);
#4727 = DIRECTION('',(-0.,0.,-1.));
#4728 = ORIENTED_EDGE('',*,*,#4729,.F.);
#4729 = EDGE_CURVE('',#4232,#4722,#4730,.T.);
#4730 = LINE('',#4731,#4732);
#4731 = CARTESIAN_POINT('',(-0.1,-5.38,5.9));
#4732 = VECTOR('',#4733,1.);
#4733 = DIRECTION('',(-3.140184917366E-16,0.707106781187,-0.707106781187
    ));
#4734 = ORIENTED_EDGE('',*,*,#4239,.T.);
#4735 = PLANE('',#4736);
#4736 = AXIS2_PLACEMENT_3D('',#4737,#4738,#4739);
#4737 = CARTESIAN_POINT('',(-0.1,-4.78,0.2));
#4738 = DIRECTION('',(1.,4.440892098501E-16,0.));
#4739 = DIRECTION('',(0.,0.,-1.));
#4740 = ADVANCED_FACE('',(#4741),#4759,.T.);
#4741 = FACE_BOUND('',#4742,.T.);
#4742 = EDGE_LOOP('',(#4743,#4744,#4752,#4758));
#4743 = ORIENTED_EDGE('',*,*,#4231,.T.);
#4744 = ORIENTED_EDGE('',*,*,#4745,.T.);
#4745 = EDGE_CURVE('',#4224,#4746,#4748,.T.);
#4746 = VERTEX_POINT('',#4747);
#4747 = CARTESIAN_POINT('',(0.1,-5.33,5.85));
#4748 = LINE('',#4749,#4750);
#4749 = CARTESIAN_POINT('',(0.1,-5.38,5.9));
#4750 = VECTOR('',#4751,1.);
#4751 = DIRECTION('',(-3.140184917366E-16,0.707106781187,-0.707106781187
    ));
#4752 = ORIENTED_EDGE('',*,*,#4753,.F.);
#4753 = EDGE_CURVE('',#4722,#4746,#4754,.T.);
#4754 = LINE('',#4755,#4756);
#4755 = CARTESIAN_POINT('',(-0.1,-5.33,5.85));
#4756 = VECTOR('',#4757,1.);
#4757 = DIRECTION('',(1.,4.440892098501E-16,0.));
#4758 = ORIENTED_EDGE('',*,*,#4729,.F.);
#4759 = PLANE('',#4760);
#4760 = AXIS2_PLACEMENT_3D('',#4761,#4762,#4763);
#4761 = CARTESIAN_POINT('',(-0.1,-5.38,5.9));
#4762 = DIRECTION('',(-3.140184917366E-16,0.707106781187,0.707106781187)
  );
#4763 = DIRECTION('',(-3.140184917366E-16,0.707106781187,-0.707106781187
    ));
#4764 = ADVANCED_FACE('',(#4765),#4806,.F.);
#4765 = FACE_BOUND('',#4766,.F.);
#4766 = EDGE_LOOP('',(#4767,#4768,#4774,#4775,#4776,#4784,#4792,#4800));
#4767 = ORIENTED_EDGE('',*,*,#4319,.T.);
#4768 = ORIENTED_EDGE('',*,*,#4769,.F.);
#4769 = EDGE_CURVE('',#4216,#4320,#4770,.T.);
#4770 = LINE('',#4771,#4772);
#4771 = CARTESIAN_POINT('',(0.1,-5.38,0.9));
#4772 = VECTOR('',#4773,1.);
#4773 = DIRECTION('',(-4.440892098501E-16,1.,0.));
#4774 = ORIENTED_EDGE('',*,*,#4223,.T.);
#4775 = ORIENTED_EDGE('',*,*,#4745,.T.);
#4776 = ORIENTED_EDGE('',*,*,#4777,.T.);
#4777 = EDGE_CURVE('',#4746,#4778,#4780,.T.);
#4778 = VERTEX_POINT('',#4779);
#4779 = CARTESIAN_POINT('',(0.1,-5.33,1.25));
#4780 = LINE('',#4781,#4782);
#4781 = CARTESIAN_POINT('',(0.1,-5.33,5.85));
#4782 = VECTOR('',#4783,1.);
#4783 = DIRECTION('',(-0.,0.,-1.));
#4784 = ORIENTED_EDGE('',*,*,#4785,.T.);
#4785 = EDGE_CURVE('',#4778,#4786,#4788,.T.);
#4786 = VERTEX_POINT('',#4787);
#4787 = CARTESIAN_POINT('',(0.1,-4.83,1.25));
#4788 = LINE('',#4789,#4790);
#4789 = CARTESIAN_POINT('',(0.1,-5.33,1.25));
#4790 = VECTOR('',#4791,1.);
#4791 = DIRECTION('',(-4.440892098501E-16,1.,0.));
#4792 = ORIENTED_EDGE('',*,*,#4793,.T.);
#4793 = EDGE_CURVE('',#4786,#4794,#4796,.T.);
#4794 = VERTEX_POINT('',#4795);
#4795 = CARTESIAN_POINT('',(0.1,-4.83,5.85));
#4796 = LINE('',#4797,#4798);
#4797 = CARTESIAN_POINT('',(0.1,-4.83,1.25));
#4798 = VECTOR('',#4799,1.);
#4799 = DIRECTION('',(0.,0.,1.));
#4800 = ORIENTED_EDGE('',*,*,#4801,.T.);
#4801 = EDGE_CURVE('',#4794,#4312,#4802,.T.);
#4802 = LINE('',#4803,#4804);
#4803 = CARTESIAN_POINT('',(0.1,-4.83,5.85));
#4804 = VECTOR('',#4805,1.);
#4805 = DIRECTION('',(-3.140184917366E-16,0.707106781187,0.707106781187)
  );
#4806 = PLANE('',#4807);
#4807 = AXIS2_PLACEMENT_3D('',#4808,#4809,#4810);
#4808 = CARTESIAN_POINT('',(0.1,-4.78,0.2));
#4809 = DIRECTION('',(-1.,-4.440892098501E-16,0.));
#4810 = DIRECTION('',(0.,0.,1.));
#4811 = ADVANCED_FACE('',(#4812),#4818,.F.);
#4812 = FACE_BOUND('',#4813,.F.);
#4813 = EDGE_LOOP('',(#4814,#4815,#4816,#4817));
#4814 = ORIENTED_EDGE('',*,*,#4342,.F.);
#4815 = ORIENTED_EDGE('',*,*,#4215,.F.);
#4816 = ORIENTED_EDGE('',*,*,#4769,.T.);
#4817 = ORIENTED_EDGE('',*,*,#4327,.F.);
#4818 = PLANE('',#4819);
#4819 = AXIS2_PLACEMENT_3D('',#4820,#4821,#4822);
#4820 = CARTESIAN_POINT('',(0.3,-5.38,0.9));
#4821 = DIRECTION('',(-0.,0.,-1.));
#4822 = DIRECTION('',(4.440892098501E-16,-1.,-0.));
#4823 = ADVANCED_FACE('',(#4824),#4835,.T.);
#4824 = FACE_BOUND('',#4825,.T.);
#4825 = EDGE_LOOP('',(#4826,#4832,#4833,#4834));
#4826 = ORIENTED_EDGE('',*,*,#4827,.T.);
#4827 = EDGE_CURVE('',#4698,#4794,#4828,.T.);
#4828 = LINE('',#4829,#4830);
#4829 = CARTESIAN_POINT('',(-0.1,-4.83,5.85));
#4830 = VECTOR('',#4831,1.);
#4831 = DIRECTION('',(1.,4.440892098501E-16,0.));
#4832 = ORIENTED_EDGE('',*,*,#4801,.T.);
#4833 = ORIENTED_EDGE('',*,*,#4311,.F.);
#4834 = ORIENTED_EDGE('',*,*,#4697,.F.);
#4835 = PLANE('',#4836);
#4836 = AXIS2_PLACEMENT_3D('',#4837,#4838,#4839);
#4837 = CARTESIAN_POINT('',(-0.1,-4.83,5.85));
#4838 = DIRECTION('',(3.140184917366E-16,-0.707106781187,0.707106781187)
  );
#4839 = DIRECTION('',(-3.140184917366E-16,0.707106781187,0.707106781187)
  );
#4840 = ADVANCED_FACE('',(#4841),#4852,.F.);
#4841 = FACE_BOUND('',#4842,.F.);
#4842 = EDGE_LOOP('',(#4843,#4849,#4850,#4851));
#4843 = ORIENTED_EDGE('',*,*,#4844,.T.);
#4844 = EDGE_CURVE('',#4456,#4400,#4845,.T.);
#4845 = LINE('',#4846,#4847);
#4846 = CARTESIAN_POINT('',(-0.1,-2.24,0.9));
#4847 = VECTOR('',#4848,1.);
#4848 = DIRECTION('',(4.440892098501E-16,-1.,0.));
#4849 = ORIENTED_EDGE('',*,*,#4407,.F.);
#4850 = ORIENTED_EDGE('',*,*,#4429,.F.);
#4851 = ORIENTED_EDGE('',*,*,#4455,.F.);
#4852 = PLANE('',#4853);
#4853 = AXIS2_PLACEMENT_3D('',#4854,#4855,#4856);
#4854 = CARTESIAN_POINT('',(0.3,-2.84,0.9));
#4855 = DIRECTION('',(-0.,0.,-1.));
#4856 = DIRECTION('',(4.440892098501E-16,-1.,-0.));
#4857 = ADVANCED_FACE('',(#4858),#4901,.F.);
#4858 = FACE_BOUND('',#4859,.F.);
#4859 = EDGE_LOOP('',(#4860,#4861,#4862,#4870,#4878,#4886,#4894,#4900));
#4860 = ORIENTED_EDGE('',*,*,#4844,.F.);
#4861 = ORIENTED_EDGE('',*,*,#4463,.T.);
#4862 = ORIENTED_EDGE('',*,*,#4863,.F.);
#4863 = EDGE_CURVE('',#4864,#4464,#4866,.T.);
#4864 = VERTEX_POINT('',#4865);
#4865 = CARTESIAN_POINT('',(-0.1,-2.29,5.85));
#4866 = LINE('',#4867,#4868);
#4867 = CARTESIAN_POINT('',(-0.1,-2.29,5.85));
#4868 = VECTOR('',#4869,1.);
#4869 = DIRECTION('',(-3.140184917366E-16,0.707106781187,0.707106781187)
  );
#4870 = ORIENTED_EDGE('',*,*,#4871,.F.);
#4871 = EDGE_CURVE('',#4872,#4864,#4874,.T.);
#4872 = VERTEX_POINT('',#4873);
#4873 = CARTESIAN_POINT('',(-0.1,-2.29,1.25));
#4874 = LINE('',#4875,#4876);
#4875 = CARTESIAN_POINT('',(-0.1,-2.29,1.25));
#4876 = VECTOR('',#4877,1.);
#4877 = DIRECTION('',(0.,0.,1.));
#4878 = ORIENTED_EDGE('',*,*,#4879,.F.);
#4879 = EDGE_CURVE('',#4880,#4872,#4882,.T.);
#4880 = VERTEX_POINT('',#4881);
#4881 = CARTESIAN_POINT('',(-0.1,-2.79,1.25));
#4882 = LINE('',#4883,#4884);
#4883 = CARTESIAN_POINT('',(-0.1,-2.79,1.25));
#4884 = VECTOR('',#4885,1.);
#4885 = DIRECTION('',(-4.440892098501E-16,1.,0.));
#4886 = ORIENTED_EDGE('',*,*,#4887,.F.);
#4887 = EDGE_CURVE('',#4888,#4880,#4890,.T.);
#4888 = VERTEX_POINT('',#4889);
#4889 = CARTESIAN_POINT('',(-0.1,-2.79,5.85));
#4890 = LINE('',#4891,#4892);
#4891 = CARTESIAN_POINT('',(-0.1,-2.79,5.85));
#4892 = VECTOR('',#4893,1.);
#4893 = DIRECTION('',(-0.,0.,-1.));
#4894 = ORIENTED_EDGE('',*,*,#4895,.F.);
#4895 = EDGE_CURVE('',#4392,#4888,#4896,.T.);
#4896 = LINE('',#4897,#4898);
#4897 = CARTESIAN_POINT('',(-0.1,-2.84,5.9));
#4898 = VECTOR('',#4899,1.);
#4899 = DIRECTION('',(-3.140184917366E-16,0.707106781187,-0.707106781187
    ));
#4900 = ORIENTED_EDGE('',*,*,#4399,.T.);
#4901 = PLANE('',#4902);
#4902 = AXIS2_PLACEMENT_3D('',#4903,#4904,#4905);
#4903 = CARTESIAN_POINT('',(-0.1,-2.24,0.2));
#4904 = DIRECTION('',(1.,4.440892098501E-16,0.));
#4905 = DIRECTION('',(0.,0.,-1.));
#4906 = ADVANCED_FACE('',(#4907),#4925,.T.);
#4907 = FACE_BOUND('',#4908,.T.);
#4908 = EDGE_LOOP('',(#4909,#4910,#4918,#4924));
#4909 = ORIENTED_EDGE('',*,*,#4391,.T.);
#4910 = ORIENTED_EDGE('',*,*,#4911,.T.);
#4911 = EDGE_CURVE('',#4384,#4912,#4914,.T.);
#4912 = VERTEX_POINT('',#4913);
#4913 = CARTESIAN_POINT('',(0.1,-2.79,5.85));
#4914 = LINE('',#4915,#4916);
#4915 = CARTESIAN_POINT('',(0.1,-2.84,5.9));
#4916 = VECTOR('',#4917,1.);
#4917 = DIRECTION('',(-3.140184917366E-16,0.707106781187,-0.707106781187
    ));
#4918 = ORIENTED_EDGE('',*,*,#4919,.F.);
#4919 = EDGE_CURVE('',#4888,#4912,#4920,.T.);
#4920 = LINE('',#4921,#4922);
#4921 = CARTESIAN_POINT('',(-0.1,-2.79,5.85));
#4922 = VECTOR('',#4923,1.);
#4923 = DIRECTION('',(1.,4.440892098501E-16,0.));
#4924 = ORIENTED_EDGE('',*,*,#4895,.F.);
#4925 = PLANE('',#4926);
#4926 = AXIS2_PLACEMENT_3D('',#4927,#4928,#4929);
#4927 = CARTESIAN_POINT('',(-0.1,-2.84,5.9));
#4928 = DIRECTION('',(-3.140184917366E-16,0.707106781187,0.707106781187)
  );
#4929 = DIRECTION('',(-3.140184917366E-16,0.707106781187,-0.707106781187
    ));
#4930 = ADVANCED_FACE('',(#4931),#4972,.F.);
#4931 = FACE_BOUND('',#4932,.F.);
#4932 = EDGE_LOOP('',(#4933,#4934,#4940,#4941,#4942,#4950,#4958,#4966));
#4933 = ORIENTED_EDGE('',*,*,#4479,.T.);
#4934 = ORIENTED_EDGE('',*,*,#4935,.F.);
#4935 = EDGE_CURVE('',#4376,#4480,#4936,.T.);
#4936 = LINE('',#4937,#4938);
#4937 = CARTESIAN_POINT('',(0.1,-2.84,0.9));
#4938 = VECTOR('',#4939,1.);
#4939 = DIRECTION('',(-4.440892098501E-16,1.,0.));
#4940 = ORIENTED_EDGE('',*,*,#4383,.T.);
#4941 = ORIENTED_EDGE('',*,*,#4911,.T.);
#4942 = ORIENTED_EDGE('',*,*,#4943,.T.);
#4943 = EDGE_CURVE('',#4912,#4944,#4946,.T.);
#4944 = VERTEX_POINT('',#4945);
#4945 = CARTESIAN_POINT('',(0.1,-2.79,1.25));
#4946 = LINE('',#4947,#4948);
#4947 = CARTESIAN_POINT('',(0.1,-2.79,5.85));
#4948 = VECTOR('',#4949,1.);
#4949 = DIRECTION('',(-0.,0.,-1.));
#4950 = ORIENTED_EDGE('',*,*,#4951,.T.);
#4951 = EDGE_CURVE('',#4944,#4952,#4954,.T.);
#4952 = VERTEX_POINT('',#4953);
#4953 = CARTESIAN_POINT('',(0.1,-2.29,1.25));
#4954 = LINE('',#4955,#4956);
#4955 = CARTESIAN_POINT('',(0.1,-2.79,1.25));
#4956 = VECTOR('',#4957,1.);
#4957 = DIRECTION('',(-4.440892098501E-16,1.,0.));
#4958 = ORIENTED_EDGE('',*,*,#4959,.T.);
#4959 = EDGE_CURVE('',#4952,#4960,#4962,.T.);
#4960 = VERTEX_POINT('',#4961);
#4961 = CARTESIAN_POINT('',(0.1,-2.29,5.85));
#4962 = LINE('',#4963,#4964);
#4963 = CARTESIAN_POINT('',(0.1,-2.29,1.25));
#4964 = VECTOR('',#4965,1.);
#4965 = DIRECTION('',(0.,0.,1.));
#4966 = ORIENTED_EDGE('',*,*,#4967,.T.);
#4967 = EDGE_CURVE('',#4960,#4472,#4968,.T.);
#4968 = LINE('',#4969,#4970);
#4969 = CARTESIAN_POINT('',(0.1,-2.29,5.85));
#4970 = VECTOR('',#4971,1.);
#4971 = DIRECTION('',(-3.140184917366E-16,0.707106781187,0.707106781187)
  );
#4972 = PLANE('',#4973);
#4973 = AXIS2_PLACEMENT_3D('',#4974,#4975,#4976);
#4974 = CARTESIAN_POINT('',(0.1,-2.24,0.2));
#4975 = DIRECTION('',(-1.,-4.440892098501E-16,0.));
#4976 = DIRECTION('',(0.,0.,1.));
#4977 = ADVANCED_FACE('',(#4978),#4984,.F.);
#4978 = FACE_BOUND('',#4979,.F.);
#4979 = EDGE_LOOP('',(#4980,#4981,#4982,#4983));
#4980 = ORIENTED_EDGE('',*,*,#4502,.F.);
#4981 = ORIENTED_EDGE('',*,*,#4375,.F.);
#4982 = ORIENTED_EDGE('',*,*,#4935,.T.);
#4983 = ORIENTED_EDGE('',*,*,#4487,.F.);
#4984 = PLANE('',#4985);
#4985 = AXIS2_PLACEMENT_3D('',#4986,#4987,#4988);
#4986 = CARTESIAN_POINT('',(0.3,-2.84,0.9));
#4987 = DIRECTION('',(-0.,0.,-1.));
#4988 = DIRECTION('',(4.440892098501E-16,-1.,-0.));
#4989 = ADVANCED_FACE('',(#4990),#5001,.T.);
#4990 = FACE_BOUND('',#4991,.T.);
#4991 = EDGE_LOOP('',(#4992,#4998,#4999,#5000));
#4992 = ORIENTED_EDGE('',*,*,#4993,.T.);
#4993 = EDGE_CURVE('',#4864,#4960,#4994,.T.);
#4994 = LINE('',#4995,#4996);
#4995 = CARTESIAN_POINT('',(-0.1,-2.29,5.85));
#4996 = VECTOR('',#4997,1.);
#4997 = DIRECTION('',(1.,4.440892098501E-16,0.));
#4998 = ORIENTED_EDGE('',*,*,#4967,.T.);
#4999 = ORIENTED_EDGE('',*,*,#4471,.F.);
#5000 = ORIENTED_EDGE('',*,*,#4863,.F.);
#5001 = PLANE('',#5002);
#5002 = AXIS2_PLACEMENT_3D('',#5003,#5004,#5005);
#5003 = CARTESIAN_POINT('',(-0.1,-2.29,5.85));
#5004 = DIRECTION('',(3.140184917366E-16,-0.707106781187,0.707106781187)
  );
#5005 = DIRECTION('',(-3.140184917366E-16,0.707106781187,0.707106781187)
  );
#5006 = ADVANCED_FACE('',(#5007),#5018,.F.);
#5007 = FACE_BOUND('',#5008,.F.);
#5008 = EDGE_LOOP('',(#5009,#5015,#5016,#5017));
#5009 = ORIENTED_EDGE('',*,*,#5010,.T.);
#5010 = EDGE_CURVE('',#4616,#4560,#5011,.T.);
#5011 = LINE('',#5012,#5013);
#5012 = CARTESIAN_POINT('',(-0.1,0.3,0.9));
#5013 = VECTOR('',#5014,1.);
#5014 = DIRECTION('',(4.440892098501E-16,-1.,0.));
#5015 = ORIENTED_EDGE('',*,*,#4567,.F.);
#5016 = ORIENTED_EDGE('',*,*,#4589,.F.);
#5017 = ORIENTED_EDGE('',*,*,#4615,.F.);
#5018 = PLANE('',#5019);
#5019 = AXIS2_PLACEMENT_3D('',#5020,#5021,#5022);
#5020 = CARTESIAN_POINT('',(0.3,-0.3,0.9));
#5021 = DIRECTION('',(-0.,0.,-1.));
#5022 = DIRECTION('',(4.440892098501E-16,-1.,-0.));
#5023 = ADVANCED_FACE('',(#5024),#5067,.F.);
#5024 = FACE_BOUND('',#5025,.F.);
#5025 = EDGE_LOOP('',(#5026,#5027,#5028,#5036,#5044,#5052,#5060,#5066));
#5026 = ORIENTED_EDGE('',*,*,#5010,.F.);
#5027 = ORIENTED_EDGE('',*,*,#4623,.T.);
#5028 = ORIENTED_EDGE('',*,*,#5029,.F.);
#5029 = EDGE_CURVE('',#5030,#4624,#5032,.T.);
#5030 = VERTEX_POINT('',#5031);
#5031 = CARTESIAN_POINT('',(-0.1,0.25,5.85));
#5032 = LINE('',#5033,#5034);
#5033 = CARTESIAN_POINT('',(-0.1,0.25,5.85));
#5034 = VECTOR('',#5035,1.);
#5035 = DIRECTION('',(-3.140184917366E-16,0.707106781187,0.707106781187)
  );
#5036 = ORIENTED_EDGE('',*,*,#5037,.F.);
#5037 = EDGE_CURVE('',#5038,#5030,#5040,.T.);
#5038 = VERTEX_POINT('',#5039);
#5039 = CARTESIAN_POINT('',(-0.1,0.25,1.25));
#5040 = LINE('',#5041,#5042);
#5041 = CARTESIAN_POINT('',(-0.1,0.25,1.25));
#5042 = VECTOR('',#5043,1.);
#5043 = DIRECTION('',(0.,0.,1.));
#5044 = ORIENTED_EDGE('',*,*,#5045,.F.);
#5045 = EDGE_CURVE('',#5046,#5038,#5048,.T.);
#5046 = VERTEX_POINT('',#5047);
#5047 = CARTESIAN_POINT('',(-0.1,-0.25,1.25));
#5048 = LINE('',#5049,#5050);
#5049 = CARTESIAN_POINT('',(-0.1,-0.25,1.25));
#5050 = VECTOR('',#5051,1.);
#5051 = DIRECTION('',(-4.440892098501E-16,1.,0.));
#5052 = ORIENTED_EDGE('',*,*,#5053,.F.);
#5053 = EDGE_CURVE('',#5054,#5046,#5056,.T.);
#5054 = VERTEX_POINT('',#5055);
#5055 = CARTESIAN_POINT('',(-0.1,-0.25,5.85));
#5056 = LINE('',#5057,#5058);
#5057 = CARTESIAN_POINT('',(-0.1,-0.25,5.85));
#5058 = VECTOR('',#5059,1.);
#5059 = DIRECTION('',(-0.,0.,-1.));
#5060 = ORIENTED_EDGE('',*,*,#5061,.F.);
#5061 = EDGE_CURVE('',#4552,#5054,#5062,.T.);
#5062 = LINE('',#5063,#5064);
#5063 = CARTESIAN_POINT('',(-0.1,-0.3,5.9));
#5064 = VECTOR('',#5065,1.);
#5065 = DIRECTION('',(-3.140184917366E-16,0.707106781187,-0.707106781187
    ));
#5066 = ORIENTED_EDGE('',*,*,#4559,.T.);
#5067 = PLANE('',#5068);
#5068 = AXIS2_PLACEMENT_3D('',#5069,#5070,#5071);
#5069 = CARTESIAN_POINT('',(-0.1,0.3,0.2));
#5070 = DIRECTION('',(1.,4.440892098501E-16,0.));
#5071 = DIRECTION('',(0.,0.,-1.));
#5072 = ADVANCED_FACE('',(#5073),#5091,.T.);
#5073 = FACE_BOUND('',#5074,.T.);
#5074 = EDGE_LOOP('',(#5075,#5076,#5084,#5090));
#5075 = ORIENTED_EDGE('',*,*,#4551,.T.);
#5076 = ORIENTED_EDGE('',*,*,#5077,.T.);
#5077 = EDGE_CURVE('',#4544,#5078,#5080,.T.);
#5078 = VERTEX_POINT('',#5079);
#5079 = CARTESIAN_POINT('',(0.1,-0.25,5.85));
#5080 = LINE('',#5081,#5082);
#5081 = CARTESIAN_POINT('',(0.1,-0.3,5.9));
#5082 = VECTOR('',#5083,1.);
#5083 = DIRECTION('',(-3.140184917366E-16,0.707106781187,-0.707106781187
    ));
#5084 = ORIENTED_EDGE('',*,*,#5085,.F.);
#5085 = EDGE_CURVE('',#5054,#5078,#5086,.T.);
#5086 = LINE('',#5087,#5088);
#5087 = CARTESIAN_POINT('',(-0.1,-0.25,5.85));
#5088 = VECTOR('',#5089,1.);
#5089 = DIRECTION('',(1.,4.440892098501E-16,0.));
#5090 = ORIENTED_EDGE('',*,*,#5061,.F.);
#5091 = PLANE('',#5092);
#5092 = AXIS2_PLACEMENT_3D('',#5093,#5094,#5095);
#5093 = CARTESIAN_POINT('',(-0.1,-0.3,5.9));
#5094 = DIRECTION('',(-3.140184917366E-16,0.707106781187,0.707106781187)
  );
#5095 = DIRECTION('',(-3.140184917366E-16,0.707106781187,-0.707106781187
    ));
#5096 = ADVANCED_FACE('',(#5097),#5138,.F.);
#5097 = FACE_BOUND('',#5098,.F.);
#5098 = EDGE_LOOP('',(#5099,#5100,#5106,#5107,#5108,#5116,#5124,#5132));
#5099 = ORIENTED_EDGE('',*,*,#4639,.T.);
#5100 = ORIENTED_EDGE('',*,*,#5101,.F.);
#5101 = EDGE_CURVE('',#4536,#4640,#5102,.T.);
#5102 = LINE('',#5103,#5104);
#5103 = CARTESIAN_POINT('',(0.1,-0.3,0.9));
#5104 = VECTOR('',#5105,1.);
#5105 = DIRECTION('',(-4.440892098501E-16,1.,0.));
#5106 = ORIENTED_EDGE('',*,*,#4543,.T.);
#5107 = ORIENTED_EDGE('',*,*,#5077,.T.);
#5108 = ORIENTED_EDGE('',*,*,#5109,.T.);
#5109 = EDGE_CURVE('',#5078,#5110,#5112,.T.);
#5110 = VERTEX_POINT('',#5111);
#5111 = CARTESIAN_POINT('',(0.1,-0.25,1.25));
#5112 = LINE('',#5113,#5114);
#5113 = CARTESIAN_POINT('',(0.1,-0.25,5.85));
#5114 = VECTOR('',#5115,1.);
#5115 = DIRECTION('',(-0.,0.,-1.));
#5116 = ORIENTED_EDGE('',*,*,#5117,.T.);
#5117 = EDGE_CURVE('',#5110,#5118,#5120,.T.);
#5118 = VERTEX_POINT('',#5119);
#5119 = CARTESIAN_POINT('',(0.1,0.25,1.25));
#5120 = LINE('',#5121,#5122);
#5121 = CARTESIAN_POINT('',(0.1,-0.25,1.25));
#5122 = VECTOR('',#5123,1.);
#5123 = DIRECTION('',(-4.440892098501E-16,1.,0.));
#5124 = ORIENTED_EDGE('',*,*,#5125,.T.);
#5125 = EDGE_CURVE('',#5118,#5126,#5128,.T.);
#5126 = VERTEX_POINT('',#5127);
#5127 = CARTESIAN_POINT('',(0.1,0.25,5.85));
#5128 = LINE('',#5129,#5130);
#5129 = CARTESIAN_POINT('',(0.1,0.25,1.25));
#5130 = VECTOR('',#5131,1.);
#5131 = DIRECTION('',(0.,0.,1.));
#5132 = ORIENTED_EDGE('',*,*,#5133,.T.);
#5133 = EDGE_CURVE('',#5126,#4632,#5134,.T.);
#5134 = LINE('',#5135,#5136);
#5135 = CARTESIAN_POINT('',(0.1,0.25,5.85));
#5136 = VECTOR('',#5137,1.);
#5137 = DIRECTION('',(-3.140184917366E-16,0.707106781187,0.707106781187)
  );
#5138 = PLANE('',#5139);
#5139 = AXIS2_PLACEMENT_3D('',#5140,#5141,#5142);
#5140 = CARTESIAN_POINT('',(0.1,0.3,0.2));
#5141 = DIRECTION('',(-1.,-4.440892098501E-16,0.));
#5142 = DIRECTION('',(0.,0.,1.));
#5143 = ADVANCED_FACE('',(#5144),#5150,.F.);
#5144 = FACE_BOUND('',#5145,.F.);
#5145 = EDGE_LOOP('',(#5146,#5147,#5148,#5149));
#5146 = ORIENTED_EDGE('',*,*,#4662,.F.);
#5147 = ORIENTED_EDGE('',*,*,#4535,.F.);
#5148 = ORIENTED_EDGE('',*,*,#5101,.T.);
#5149 = ORIENTED_EDGE('',*,*,#4647,.F.);
#5150 = PLANE('',#5151);
#5151 = AXIS2_PLACEMENT_3D('',#5152,#5153,#5154);
#5152 = CARTESIAN_POINT('',(0.3,-0.3,0.9));
#5153 = DIRECTION('',(-0.,0.,-1.));
#5154 = DIRECTION('',(4.440892098501E-16,-1.,-0.));
#5155 = ADVANCED_FACE('',(#5156),#5167,.T.);
#5156 = FACE_BOUND('',#5157,.T.);
#5157 = EDGE_LOOP('',(#5158,#5164,#5165,#5166));
#5158 = ORIENTED_EDGE('',*,*,#5159,.T.);
#5159 = EDGE_CURVE('',#5030,#5126,#5160,.T.);
#5160 = LINE('',#5161,#5162);
#5161 = CARTESIAN_POINT('',(-0.1,0.25,5.85));
#5162 = VECTOR('',#5163,1.);
#5163 = DIRECTION('',(1.,4.440892098501E-16,0.));
#5164 = ORIENTED_EDGE('',*,*,#5133,.T.);
#5165 = ORIENTED_EDGE('',*,*,#4631,.F.);
#5166 = ORIENTED_EDGE('',*,*,#5029,.F.);
#5167 = PLANE('',#5168);
#5168 = AXIS2_PLACEMENT_3D('',#5169,#5170,#5171);
#5169 = CARTESIAN_POINT('',(-0.1,0.25,5.85));
#5170 = DIRECTION('',(3.140184917366E-16,-0.707106781187,0.707106781187)
  );
#5171 = DIRECTION('',(-3.140184917366E-16,0.707106781187,0.707106781187)
  );
#5172 = ADVANCED_FACE('',(#5173),#5184,.T.);
#5173 = FACE_BOUND('',#5174,.T.);
#5174 = EDGE_LOOP('',(#5175,#5176,#5177,#5183));
#5175 = ORIENTED_EDGE('',*,*,#4753,.T.);
#5176 = ORIENTED_EDGE('',*,*,#4777,.T.);
#5177 = ORIENTED_EDGE('',*,*,#5178,.F.);
#5178 = EDGE_CURVE('',#4714,#4778,#5179,.T.);
#5179 = LINE('',#5180,#5181);
#5180 = CARTESIAN_POINT('',(-0.1,-5.33,1.25));
#5181 = VECTOR('',#5182,1.);
#5182 = DIRECTION('',(1.,4.440892098501E-16,0.));
#5183 = ORIENTED_EDGE('',*,*,#4721,.F.);
#5184 = PLANE('',#5185);
#5185 = AXIS2_PLACEMENT_3D('',#5186,#5187,#5188);
#5186 = CARTESIAN_POINT('',(-0.1,-5.33,5.85));
#5187 = DIRECTION('',(-4.440892098501E-16,1.,0.));
#5188 = DIRECTION('',(0.,0.,-1.));
#5189 = ADVANCED_FACE('',(#5190),#5201,.T.);
#5190 = FACE_BOUND('',#5191,.T.);
#5191 = EDGE_LOOP('',(#5192,#5193,#5194,#5200));
#5192 = ORIENTED_EDGE('',*,*,#5178,.T.);
#5193 = ORIENTED_EDGE('',*,*,#4785,.T.);
#5194 = ORIENTED_EDGE('',*,*,#5195,.F.);
#5195 = EDGE_CURVE('',#4706,#4786,#5196,.T.);
#5196 = LINE('',#5197,#5198);
#5197 = CARTESIAN_POINT('',(-0.1,-4.83,1.25));
#5198 = VECTOR('',#5199,1.);
#5199 = DIRECTION('',(1.,4.440892098501E-16,0.));
#5200 = ORIENTED_EDGE('',*,*,#4713,.F.);
#5201 = PLANE('',#5202);
#5202 = AXIS2_PLACEMENT_3D('',#5203,#5204,#5205);
#5203 = CARTESIAN_POINT('',(-0.1,-5.33,1.25));
#5204 = DIRECTION('',(0.,0.,1.));
#5205 = DIRECTION('',(-4.440892098501E-16,1.,0.));
#5206 = ADVANCED_FACE('',(#5207),#5213,.T.);
#5207 = FACE_BOUND('',#5208,.T.);
#5208 = EDGE_LOOP('',(#5209,#5210,#5211,#5212));
#5209 = ORIENTED_EDGE('',*,*,#5195,.T.);
#5210 = ORIENTED_EDGE('',*,*,#4793,.T.);
#5211 = ORIENTED_EDGE('',*,*,#4827,.F.);
#5212 = ORIENTED_EDGE('',*,*,#4705,.F.);
#5213 = PLANE('',#5214);
#5214 = AXIS2_PLACEMENT_3D('',#5215,#5216,#5217);
#5215 = CARTESIAN_POINT('',(-0.1,-4.83,1.25));
#5216 = DIRECTION('',(4.440892098501E-16,-1.,0.));
#5217 = DIRECTION('',(0.,0.,1.));
#5218 = ADVANCED_FACE('',(#5219),#5230,.T.);
#5219 = FACE_BOUND('',#5220,.T.);
#5220 = EDGE_LOOP('',(#5221,#5222,#5223,#5229));
#5221 = ORIENTED_EDGE('',*,*,#4919,.T.);
#5222 = ORIENTED_EDGE('',*,*,#4943,.T.);
#5223 = ORIENTED_EDGE('',*,*,#5224,.F.);
#5224 = EDGE_CURVE('',#4880,#4944,#5225,.T.);
#5225 = LINE('',#5226,#5227);
#5226 = CARTESIAN_POINT('',(-0.1,-2.79,1.25));
#5227 = VECTOR('',#5228,1.);
#5228 = DIRECTION('',(1.,4.440892098501E-16,0.));
#5229 = ORIENTED_EDGE('',*,*,#4887,.F.);
#5230 = PLANE('',#5231);
#5231 = AXIS2_PLACEMENT_3D('',#5232,#5233,#5234);
#5232 = CARTESIAN_POINT('',(-0.1,-2.79,5.85));
#5233 = DIRECTION('',(-4.440892098501E-16,1.,0.));
#5234 = DIRECTION('',(0.,0.,-1.));
#5235 = ADVANCED_FACE('',(#5236),#5247,.T.);
#5236 = FACE_BOUND('',#5237,.T.);
#5237 = EDGE_LOOP('',(#5238,#5239,#5240,#5246));
#5238 = ORIENTED_EDGE('',*,*,#5224,.T.);
#5239 = ORIENTED_EDGE('',*,*,#4951,.T.);
#5240 = ORIENTED_EDGE('',*,*,#5241,.F.);
#5241 = EDGE_CURVE('',#4872,#4952,#5242,.T.);
#5242 = LINE('',#5243,#5244);
#5243 = CARTESIAN_POINT('',(-0.1,-2.29,1.25));
#5244 = VECTOR('',#5245,1.);
#5245 = DIRECTION('',(1.,4.440892098501E-16,0.));
#5246 = ORIENTED_EDGE('',*,*,#4879,.F.);
#5247 = PLANE('',#5248);
#5248 = AXIS2_PLACEMENT_3D('',#5249,#5250,#5251);
#5249 = CARTESIAN_POINT('',(-0.1,-2.79,1.25));
#5250 = DIRECTION('',(0.,0.,1.));
#5251 = DIRECTION('',(-4.440892098501E-16,1.,0.));
#5252 = ADVANCED_FACE('',(#5253),#5259,.T.);
#5253 = FACE_BOUND('',#5254,.T.);
#5254 = EDGE_LOOP('',(#5255,#5256,#5257,#5258));
#5255 = ORIENTED_EDGE('',*,*,#5241,.T.);
#5256 = ORIENTED_EDGE('',*,*,#4959,.T.);
#5257 = ORIENTED_EDGE('',*,*,#4993,.F.);
#5258 = ORIENTED_EDGE('',*,*,#4871,.F.);
#5259 = PLANE('',#5260);
#5260 = AXIS2_PLACEMENT_3D('',#5261,#5262,#5263);
#5261 = CARTESIAN_POINT('',(-0.1,-2.29,1.25));
#5262 = DIRECTION('',(4.440892098501E-16,-1.,0.));
#5263 = DIRECTION('',(0.,0.,1.));
#5264 = ADVANCED_FACE('',(#5265),#5276,.T.);
#5265 = FACE_BOUND('',#5266,.T.);
#5266 = EDGE_LOOP('',(#5267,#5268,#5269,#5275));
#5267 = ORIENTED_EDGE('',*,*,#5085,.T.);
#5268 = ORIENTED_EDGE('',*,*,#5109,.T.);
#5269 = ORIENTED_EDGE('',*,*,#5270,.F.);
#5270 = EDGE_CURVE('',#5046,#5110,#5271,.T.);
#5271 = LINE('',#5272,#5273);
#5272 = CARTESIAN_POINT('',(-0.1,-0.25,1.25));
#5273 = VECTOR('',#5274,1.);
#5274 = DIRECTION('',(1.,4.440892098501E-16,0.));
#5275 = ORIENTED_EDGE('',*,*,#5053,.F.);
#5276 = PLANE('',#5277);
#5277 = AXIS2_PLACEMENT_3D('',#5278,#5279,#5280);
#5278 = CARTESIAN_POINT('',(-0.1,-0.25,5.85));
#5279 = DIRECTION('',(-4.440892098501E-16,1.,0.));
#5280 = DIRECTION('',(0.,0.,-1.));
#5281 = ADVANCED_FACE('',(#5282),#5293,.T.);
#5282 = FACE_BOUND('',#5283,.T.);
#5283 = EDGE_LOOP('',(#5284,#5285,#5286,#5292));
#5284 = ORIENTED_EDGE('',*,*,#5270,.T.);
#5285 = ORIENTED_EDGE('',*,*,#5117,.T.);
#5286 = ORIENTED_EDGE('',*,*,#5287,.F.);
#5287 = EDGE_CURVE('',#5038,#5118,#5288,.T.);
#5288 = LINE('',#5289,#5290);
#5289 = CARTESIAN_POINT('',(-0.1,0.25,1.25));
#5290 = VECTOR('',#5291,1.);
#5291 = DIRECTION('',(1.,4.440892098501E-16,0.));
#5292 = ORIENTED_EDGE('',*,*,#5045,.F.);
#5293 = PLANE('',#5294);
#5294 = AXIS2_PLACEMENT_3D('',#5295,#5296,#5297);
#5295 = CARTESIAN_POINT('',(-0.1,-0.25,1.25));
#5296 = DIRECTION('',(0.,0.,1.));
#5297 = DIRECTION('',(-4.440892098501E-16,1.,0.));
#5298 = ADVANCED_FACE('',(#5299),#5305,.T.);
#5299 = FACE_BOUND('',#5300,.T.);
#5300 = EDGE_LOOP('',(#5301,#5302,#5303,#5304));
#5301 = ORIENTED_EDGE('',*,*,#5287,.T.);
#5302 = ORIENTED_EDGE('',*,*,#5125,.T.);
#5303 = ORIENTED_EDGE('',*,*,#5159,.F.);
#5304 = ORIENTED_EDGE('',*,*,#5037,.F.);
#5305 = PLANE('',#5306);
#5306 = AXIS2_PLACEMENT_3D('',#5307,#5308,#5309);
#5307 = CARTESIAN_POINT('',(-0.1,0.25,1.25));
#5308 = DIRECTION('',(4.440892098501E-16,-1.,0.));
#5309 = DIRECTION('',(0.,0.,1.));
#5310 = ( GEOMETRIC_REPRESENTATION_CONTEXT(3) 
GLOBAL_UNCERTAINTY_ASSIGNED_CONTEXT((#5314)) 
GLOBAL_UNIT_ASSIGNED_CONTEXT((#5311,#5312,#5313)) REPRESENTATION_CONTEXT
('Context #1','3D Context with UNIT and UNCERTAINTY') );
#5311 = ( LENGTH_UNIT() NAMED_UNIT(*) SI_UNIT(.MILLI.,.METRE.) );
#5312 = ( NAMED_UNIT(*) PLANE_ANGLE_UNIT() SI_UNIT($,.RADIAN.) );
#5313 = ( NAMED_UNIT(*) SI_UNIT($,.STERADIAN.) SOLID_ANGLE_UNIT() );
#5314 = UNCERTAINTY_MEASURE_WITH_UNIT(LENGTH_MEASURE(1.E-07),#5311,
  'distance_accuracy_value','confusion accuracy');
#5315 = CONTEXT_DEPENDENT_SHAPE_REPRESENTATION(#5316,#5318);
#5316 = ( REPRESENTATION_RELATIONSHIP('','',#2273,#2250) 
REPRESENTATION_RELATIONSHIP_WITH_TRANSFORMATION(#5317) 
SHAPE_REPRESENTATION_RELATIONSHIP() );
#5317 = ITEM_DEFINED_TRANSFORMATION('','',#11,#2251);
#5318 = PRODUCT_DEFINITION_SHAPE('Placement','Placement of an item',
  #5319);
#5319 = NEXT_ASSEMBLY_USAGE_OCCURRENCE('5','=>[0:1:1:5]','',#2245,#2268,
  $);
#5320 = PRODUCT_RELATED_PRODUCT_CATEGORY('part',$,(#2270));
#5321 = CONTEXT_DEPENDENT_SHAPE_REPRESENTATION(#5322,#5324);
#5322 = ( REPRESENTATION_RELATIONSHIP('','',#88,#10) 
REPRESENTATION_RELATIONSHIP_WITH_TRANSFORMATION(#5323) 
SHAPE_REPRESENTATION_RELATIONSHIP() );
#5323 = ITEM_DEFINED_TRANSFORMATION('','',#11,#31);
#5324 = PRODUCT_DEFINITION_SHAPE('Placement','Placement of an item',
  #5325);
#5325 = NEXT_ASSEMBLY_USAGE_OCCURRENCE('7','J9','',#5,#83,$);
#5326 = CONTEXT_DEPENDENT_SHAPE_REPRESENTATION(#5327,#5329);
#5327 = ( REPRESENTATION_RELATIONSHIP('','',#88,#10) 
REPRESENTATION_RELATIONSHIP_WITH_TRANSFORMATION(#5328) 
SHAPE_REPRESENTATION_RELATIONSHIP() );
#5328 = ITEM_DEFINED_TRANSFORMATION('','',#11,#35);
#5329 = PRODUCT_DEFINITION_SHAPE('Placement','Placement of an item',
  #5330);
#5330 = NEXT_ASSEMBLY_USAGE_OCCURRENCE('8','J1','',#5,#83,$);
#5331 = SHAPE_DEFINITION_REPRESENTATION(#5332,#5338);
#5332 = PRODUCT_DEFINITION_SHAPE('','',#5333);
#5333 = PRODUCT_DEFINITION('design','',#5334,#5337);
#5334 = PRODUCT_DEFINITION_FORMATION('','',#5335);
#5335 = PRODUCT('KF2-M3-ET','KF2-M3-ET','',(#5336));
#5336 = PRODUCT_CONTEXT('',#2,'mechanical');
#5337 = PRODUCT_DEFINITION_CONTEXT('part definition',#2,'design');
#5338 = SHAPE_REPRESENTATION('',(#11,#5339),#5343);
#5339 = AXIS2_PLACEMENT_3D('',#5340,#5341,#5342);
#5340 = CARTESIAN_POINT('',(0.,0.,0.));
#5341 = DIRECTION('',(0.,0.,1.));
#5342 = DIRECTION('',(1.,0.,-0.));
#5343 = ( GEOMETRIC_REPRESENTATION_CONTEXT(3) 
GLOBAL_UNCERTAINTY_ASSIGNED_CONTEXT((#5347)) 
GLOBAL_UNIT_ASSIGNED_CONTEXT((#5344,#5345,#5346)) REPRESENTATION_CONTEXT
('Context #1','3D Context with UNIT and UNCERTAINTY') );
#5344 = ( LENGTH_UNIT() NAMED_UNIT(*) SI_UNIT(.MILLI.,.METRE.) );
#5345 = ( NAMED_UNIT(*) PLANE_ANGLE_UNIT() SI_UNIT($,.RADIAN.) );
#5346 = ( NAMED_UNIT(*) SI_UNIT($,.STERADIAN.) SOLID_ANGLE_UNIT() );
#5347 = UNCERTAINTY_MEASURE_WITH_UNIT(LENGTH_MEASURE(2.E-05),#5344,
  'distance_accuracy_value','confusion accuracy');
#5348 = CONTEXT_DEPENDENT_SHAPE_REPRESENTATION(#5349,#5351);
#5349 = ( REPRESENTATION_RELATIONSHIP('','',#5338,#10) 
REPRESENTATION_RELATIONSHIP_WITH_TRANSFORMATION(#5350) 
SHAPE_REPRESENTATION_RELATIONSHIP() );
#5350 = ITEM_DEFINED_TRANSFORMATION('','',#11,#39);
#5351 = PRODUCT_DEFINITION_SHAPE('Placement','Placement of an item',
  #5352);
#5352 = NEXT_ASSEMBLY_USAGE_OCCURRENCE('10','J15','',#5,#5333,$);
#5353 = PRODUCT_RELATED_PRODUCT_CATEGORY('part',$,(#5335));
#5354 = SHAPE_DEFINITION_REPRESENTATION(#5355,#5361);
#5355 = PRODUCT_DEFINITION_SHAPE('','',#5356);
#5356 = PRODUCT_DEFINITION('design','',#5357,#5360);
#5357 = PRODUCT_DEFINITION_FORMATION('','',#5358);
#5358 = PRODUCT('1','1','',(#5359));
#5359 = PRODUCT_CONTEXT('',#2,'mechanical');
#5360 = PRODUCT_DEFINITION_CONTEXT('part definition',#2,'design');
#5361 = ADVANCED_BREP_SHAPE_REPRESENTATION('',(#11,#5362),#10133);
#5362 = BREP_WITH_VOIDS('',#5363,(#6410,#7581,#7995,#9271,#9557,#9971));
#5363 = CLOSED_SHELL('',(#5364,#5406,#5438,#5480,#5522,#5564,#5606,#5646
    ,#5690,#5722,#5756,#5798,#5840,#5868,#5910,#5942,#5974,#5998,#6016,
    #6034,#6052,#6078,#6090,#6110,#6122,#6140,#6158,#6176,#6196,#6208,
    #6226,#6246,#6264,#6284,#6302,#6322,#6340,#6360,#6378,#6396));
#5364 = ADVANCED_FACE('',(#5365),#5401,.T.);
#5365 = FACE_BOUND('',#5366,.T.);
#5366 = EDGE_LOOP('',(#5367,#5377,#5386,#5394));
#5367 = ORIENTED_EDGE('',*,*,#5368,.F.);
#5368 = EDGE_CURVE('',#5369,#5371,#5373,.T.);
#5369 = VERTEX_POINT('',#5370);
#5370 = CARTESIAN_POINT('',(-0.1112,6.809036203259E-18,2.78));
#5371 = VERTEX_POINT('',#5372);
#5372 = CARTESIAN_POINT('',(-4.902506066347E-16,0.,2.6688));
#5373 = LINE('',#5374,#5375);
#5374 = CARTESIAN_POINT('',(-5.56E-02,3.336317550354E-16,2.7244));
#5375 = VECTOR('',#5376,1.);
#5376 = DIRECTION('',(0.707106781187,-8.659274570719E-17,-0.707106781187
    ));
#5377 = ORIENTED_EDGE('',*,*,#5378,.T.);
#5378 = EDGE_CURVE('',#5369,#5379,#5381,.T.);
#5379 = VERTEX_POINT('',#5380);
#5380 = CARTESIAN_POINT('',(-0.1112,-3.404405663626E-16,-2.78));
#5381 = CIRCLE('',#5382,2.78);
#5382 = AXIS2_PLACEMENT_3D('',#5383,#5384,#5385);
#5383 = CARTESIAN_POINT('',(-0.1112,0.,-2.042710860978E-17));
#5384 = DIRECTION('',(1.,0.,1.836970198721E-16));
#5385 = DIRECTION('',(-1.836970198721E-16,0.,1.));
#5386 = ORIENTED_EDGE('',*,*,#5387,.F.);
#5387 = EDGE_CURVE('',#5388,#5379,#5390,.T.);
#5388 = VERTEX_POINT('',#5389);
#5389 = CARTESIAN_POINT('',(4.902506066347E-16,-3.268229437081E-16,
    -2.6688));
#5390 = LINE('',#5391,#5392);
#5391 = CARTESIAN_POINT('',(-5.56E-02,-3.336317550354E-16,-2.7244));
#5392 = VECTOR('',#5393,1.);
#5393 = DIRECTION('',(-0.707106781187,-8.659274570719E-17,
    -0.707106781187));
#5394 = ORIENTED_EDGE('',*,*,#5395,.F.);
#5395 = EDGE_CURVE('',#5371,#5388,#5396,.T.);
#5396 = CIRCLE('',#5397,2.6688);
#5397 = AXIS2_PLACEMENT_3D('',#5398,#5399,#5400);
#5398 = CARTESIAN_POINT('',(0.,0.,0.));
#5399 = DIRECTION('',(1.,0.,1.836970198721E-16));
#5400 = DIRECTION('',(-1.836970198721E-16,0.,1.));
#5401 = CONICAL_SURFACE('',#5402,2.7244,0.785398163397);
#5402 = AXIS2_PLACEMENT_3D('',#5403,#5404,#5405);
#5403 = CARTESIAN_POINT('',(-5.56E-02,0.,-1.021355430489E-17));
#5404 = DIRECTION('',(-1.,-0.,-1.836970198721E-16));
#5405 = DIRECTION('',(-1.836970198721E-16,0.,1.));
#5406 = ADVANCED_FACE('',(#5407),#5433,.T.);
#5407 = FACE_BOUND('',#5408,.T.);
#5408 = EDGE_LOOP('',(#5409,#5417,#5426,#5432));
#5409 = ORIENTED_EDGE('',*,*,#5410,.F.);
#5410 = EDGE_CURVE('',#5411,#5369,#5413,.T.);
#5411 = VERTEX_POINT('',#5412);
#5412 = CARTESIAN_POINT('',(-0.944,5.780332891976E-17,2.78));
#5413 = LINE('',#5414,#5415);
#5414 = CARTESIAN_POINT('',(-0.5276,3.404405663626E-16,2.78));
#5415 = VECTOR('',#5416,1.);
#5416 = DIRECTION('',(1.,0.,1.836970198721E-16));
#5417 = ORIENTED_EDGE('',*,*,#5418,.T.);
#5418 = EDGE_CURVE('',#5411,#5419,#5421,.T.);
#5419 = VERTEX_POINT('',#5420);
#5420 = CARTESIAN_POINT('',(-0.944,-3.404405663626E-16,-2.78));
#5421 = CIRCLE('',#5422,2.78);
#5422 = AXIS2_PLACEMENT_3D('',#5423,#5424,#5425);
#5423 = CARTESIAN_POINT('',(-0.944,0.,-1.734099867593E-16));
#5424 = DIRECTION('',(1.,0.,1.836970198721E-16));
#5425 = DIRECTION('',(-1.836970198721E-16,0.,1.));
#5426 = ORIENTED_EDGE('',*,*,#5427,.F.);
#5427 = EDGE_CURVE('',#5379,#5419,#5428,.T.);
#5428 = LINE('',#5429,#5430);
#5429 = CARTESIAN_POINT('',(-0.5276,-3.404405663626E-16,-2.78));
#5430 = VECTOR('',#5431,1.);
#5431 = DIRECTION('',(-1.,-0.,-1.836970198721E-16));
#5432 = ORIENTED_EDGE('',*,*,#5378,.F.);
#5433 = CYLINDRICAL_SURFACE('',#5434,2.78);
#5434 = AXIS2_PLACEMENT_3D('',#5435,#5436,#5437);
#5435 = CARTESIAN_POINT('',(-0.5276,0.,-9.691854768452E-17));
#5436 = DIRECTION('',(1.,0.,1.836970198721E-16));
#5437 = DIRECTION('',(-1.836970198721E-16,0.,1.));
#5438 = ADVANCED_FACE('',(#5439),#5475,.T.);
#5439 = FACE_BOUND('',#5440,.T.);
#5440 = EDGE_LOOP('',(#5441,#5451,#5460,#5468));
#5441 = ORIENTED_EDGE('',*,*,#5442,.F.);
#5442 = EDGE_CURVE('',#5443,#5445,#5447,.T.);
#5443 = VERTEX_POINT('',#5444);
#5444 = CARTESIAN_POINT('',(-1.0552,6.461236512301E-17,2.6688));
#5445 = VERTEX_POINT('',#5446);
#5446 = CARTESIAN_POINT('',(-0.944,5.780332891976E-17,2.6688));
#5447 = LINE('',#5448,#5449);
#5448 = CARTESIAN_POINT('',(-0.9996,3.268229437081E-16,2.6688));
#5449 = VECTOR('',#5450,1.);
#5450 = DIRECTION('',(1.,0.,1.836970198721E-16));
#5451 = ORIENTED_EDGE('',*,*,#5452,.T.);
#5452 = EDGE_CURVE('',#5443,#5453,#5455,.T.);
#5453 = VERTEX_POINT('',#5454);
#5454 = CARTESIAN_POINT('',(-1.0552,-3.268229437081E-16,-2.6688));
#5455 = CIRCLE('',#5456,2.6688);
#5456 = AXIS2_PLACEMENT_3D('',#5457,#5458,#5459);
#5457 = CARTESIAN_POINT('',(-1.0552,0.,-1.93837095369E-16));
#5458 = DIRECTION('',(1.,0.,1.836970198721E-16));
#5459 = DIRECTION('',(-1.836970198721E-16,0.,1.));
#5460 = ORIENTED_EDGE('',*,*,#5461,.F.);
#5461 = EDGE_CURVE('',#5462,#5453,#5464,.T.);
#5462 = VERTEX_POINT('',#5463);
#5463 = CARTESIAN_POINT('',(-0.944,-3.268229437081E-16,-2.6688));
#5464 = LINE('',#5465,#5466);
#5465 = CARTESIAN_POINT('',(-0.9996,-3.268229437081E-16,-2.6688));
#5466 = VECTOR('',#5467,1.);
#5467 = DIRECTION('',(-1.,-0.,-1.836970198721E-16));
#5468 = ORIENTED_EDGE('',*,*,#5469,.F.);
#5469 = EDGE_CURVE('',#5445,#5462,#5470,.T.);
#5470 = CIRCLE('',#5471,2.6688);
#5471 = AXIS2_PLACEMENT_3D('',#5472,#5473,#5474);
#5472 = CARTESIAN_POINT('',(-0.944,0.,-1.734099867593E-16));
#5473 = DIRECTION('',(1.,0.,1.836970198721E-16));
#5474 = DIRECTION('',(-1.836970198721E-16,0.,1.));
#5475 = CYLINDRICAL_SURFACE('',#5476,2.6688);
#5476 = AXIS2_PLACEMENT_3D('',#5477,#5478,#5479);
#5477 = CARTESIAN_POINT('',(-0.9996,0.,-1.836235410642E-16));
#5478 = DIRECTION('',(1.,0.,1.836970198721E-16));
#5479 = DIRECTION('',(-1.836970198721E-16,0.,1.));
#5480 = ADVANCED_FACE('',(#5481),#5517,.T.);
#5481 = FACE_BOUND('',#5482,.T.);
#5482 = EDGE_LOOP('',(#5483,#5493,#5502,#5510));
#5483 = ORIENTED_EDGE('',*,*,#5484,.F.);
#5484 = EDGE_CURVE('',#5485,#5487,#5489,.T.);
#5485 = VERTEX_POINT('',#5486);
#5486 = CARTESIAN_POINT('',(-1.1664,7.142140132627E-17,2.78));
#5487 = VERTEX_POINT('',#5488);
#5488 = CARTESIAN_POINT('',(-1.0552,6.461236512301E-17,2.78));
#5489 = LINE('',#5490,#5491);
#5490 = CARTESIAN_POINT('',(-1.1108,3.404405663626E-16,2.78));
#5491 = VECTOR('',#5492,1.);
#5492 = DIRECTION('',(1.,0.,1.836970198721E-16));
#5493 = ORIENTED_EDGE('',*,*,#5494,.T.);
#5494 = EDGE_CURVE('',#5485,#5495,#5497,.T.);
#5495 = VERTEX_POINT('',#5496);
#5496 = CARTESIAN_POINT('',(-1.1664,-3.404405663626E-16,-2.78));
#5497 = CIRCLE('',#5498,2.78);
#5498 = AXIS2_PLACEMENT_3D('',#5499,#5500,#5501);
#5499 = CARTESIAN_POINT('',(-1.1664,0.,-2.142642039788E-16));
#5500 = DIRECTION('',(1.,0.,1.836970198721E-16));
#5501 = DIRECTION('',(-1.836970198721E-16,0.,1.));
#5502 = ORIENTED_EDGE('',*,*,#5503,.F.);
#5503 = EDGE_CURVE('',#5504,#5495,#5506,.T.);
#5504 = VERTEX_POINT('',#5505);
#5505 = CARTESIAN_POINT('',(-1.0552,-3.404405663626E-16,-2.78));
#5506 = LINE('',#5507,#5508);
#5507 = CARTESIAN_POINT('',(-1.1108,-3.404405663626E-16,-2.78));
#5508 = VECTOR('',#5509,1.);
#5509 = DIRECTION('',(-1.,-0.,-1.836970198721E-16));
#5510 = ORIENTED_EDGE('',*,*,#5511,.F.);
#5511 = EDGE_CURVE('',#5487,#5504,#5512,.T.);
#5512 = CIRCLE('',#5513,2.78);
#5513 = AXIS2_PLACEMENT_3D('',#5514,#5515,#5516);
#5514 = CARTESIAN_POINT('',(-1.0552,0.,-1.93837095369E-16));
#5515 = DIRECTION('',(1.,0.,1.836970198721E-16));
#5516 = DIRECTION('',(-1.836970198721E-16,0.,1.));
#5517 = CYLINDRICAL_SURFACE('',#5518,2.78);
#5518 = AXIS2_PLACEMENT_3D('',#5519,#5520,#5521);
#5519 = CARTESIAN_POINT('',(-1.1108,0.,-2.040506496739E-16));
#5520 = DIRECTION('',(1.,0.,1.836970198721E-16));
#5521 = DIRECTION('',(-1.836970198721E-16,0.,1.));
#5522 = ADVANCED_FACE('',(#5523),#5559,.T.);
#5523 = FACE_BOUND('',#5524,.T.);
#5524 = EDGE_LOOP('',(#5525,#5535,#5544,#5552));
#5525 = ORIENTED_EDGE('',*,*,#5526,.F.);
#5526 = EDGE_CURVE('',#5527,#5529,#5531,.T.);
#5527 = VERTEX_POINT('',#5528);
#5528 = CARTESIAN_POINT('',(-1.2776,7.823043752953E-17,2.6688));
#5529 = VERTEX_POINT('',#5530);
#5530 = CARTESIAN_POINT('',(-1.1664,7.142140132627E-17,2.6688));
#5531 = LINE('',#5532,#5533);
#5532 = CARTESIAN_POINT('',(-1.222,3.268229437081E-16,2.6688));
#5533 = VECTOR('',#5534,1.);
#5534 = DIRECTION('',(1.,0.,1.836970198721E-16));
#5535 = ORIENTED_EDGE('',*,*,#5536,.T.);
#5536 = EDGE_CURVE('',#5527,#5537,#5539,.T.);
#5537 = VERTEX_POINT('',#5538);
#5538 = CARTESIAN_POINT('',(-1.2776,-3.268229437081E-16,-2.6688));
#5539 = CIRCLE('',#5540,2.6688);
#5540 = AXIS2_PLACEMENT_3D('',#5541,#5542,#5543);
#5541 = CARTESIAN_POINT('',(-1.2776,0.,-2.346913125886E-16));
#5542 = DIRECTION('',(1.,0.,1.836970198721E-16));
#5543 = DIRECTION('',(-1.836970198721E-16,0.,1.));
#5544 = ORIENTED_EDGE('',*,*,#5545,.F.);
#5545 = EDGE_CURVE('',#5546,#5537,#5548,.T.);
#5546 = VERTEX_POINT('',#5547);
#5547 = CARTESIAN_POINT('',(-1.1664,-3.268229437081E-16,-2.6688));
#5548 = LINE('',#5549,#5550);
#5549 = CARTESIAN_POINT('',(-1.222,-3.268229437081E-16,-2.6688));
#5550 = VECTOR('',#5551,1.);
#5551 = DIRECTION('',(-1.,-0.,-1.836970198721E-16));
#5552 = ORIENTED_EDGE('',*,*,#5553,.F.);
#5553 = EDGE_CURVE('',#5529,#5546,#5554,.T.);
#5554 = CIRCLE('',#5555,2.6688);
#5555 = AXIS2_PLACEMENT_3D('',#5556,#5557,#5558);
#5556 = CARTESIAN_POINT('',(-1.1664,0.,-2.142642039788E-16));
#5557 = DIRECTION('',(1.,0.,1.836970198721E-16));
#5558 = DIRECTION('',(-1.836970198721E-16,0.,1.));
#5559 = CYLINDRICAL_SURFACE('',#5560,2.6688);
#5560 = AXIS2_PLACEMENT_3D('',#5561,#5562,#5563);
#5561 = CARTESIAN_POINT('',(-1.222,0.,-2.244777582837E-16));
#5562 = DIRECTION('',(1.,0.,1.836970198721E-16));
#5563 = DIRECTION('',(-1.836970198721E-16,0.,1.));
#5564 = ADVANCED_FACE('',(#5565),#5601,.T.);
#5565 = FACE_BOUND('',#5566,.T.);
#5566 = EDGE_LOOP('',(#5567,#5577,#5586,#5594));
#5567 = ORIENTED_EDGE('',*,*,#5568,.F.);
#5568 = EDGE_CURVE('',#5569,#5571,#5573,.T.);
#5569 = VERTEX_POINT('',#5570);
#5570 = CARTESIAN_POINT('',(-1.3888,8.503947373279E-17,2.78));
#5571 = VERTEX_POINT('',#5572);
#5572 = CARTESIAN_POINT('',(-1.2776,7.823043752953E-17,2.78));
#5573 = LINE('',#5574,#5575);
#5574 = CARTESIAN_POINT('',(-1.3332,3.404405663626E-16,2.78));
#5575 = VECTOR('',#5576,1.);
#5576 = DIRECTION('',(1.,0.,1.836970198721E-16));
#5577 = ORIENTED_EDGE('',*,*,#5578,.T.);
#5578 = EDGE_CURVE('',#5569,#5579,#5581,.T.);
#5579 = VERTEX_POINT('',#5580);
#5580 = CARTESIAN_POINT('',(-1.3888,-3.404405663626E-16,-2.78));
#5581 = CIRCLE('',#5582,2.78);
#5582 = AXIS2_PLACEMENT_3D('',#5583,#5584,#5585);
#5583 = CARTESIAN_POINT('',(-1.3888,0.,-2.551184211984E-16));
#5584 = DIRECTION('',(1.,0.,1.836970198721E-16));
#5585 = DIRECTION('',(-1.836970198721E-16,0.,1.));
#5586 = ORIENTED_EDGE('',*,*,#5587,.F.);
#5587 = EDGE_CURVE('',#5588,#5579,#5590,.T.);
#5588 = VERTEX_POINT('',#5589);
#5589 = CARTESIAN_POINT('',(-1.2776,-3.404405663626E-16,-2.78));
#5590 = LINE('',#5591,#5592);
#5591 = CARTESIAN_POINT('',(-1.3332,-3.404405663626E-16,-2.78));
#5592 = VECTOR('',#5593,1.);
#5593 = DIRECTION('',(-1.,-0.,-1.836970198721E-16));
#5594 = ORIENTED_EDGE('',*,*,#5595,.F.);
#5595 = EDGE_CURVE('',#5571,#5588,#5596,.T.);
#5596 = CIRCLE('',#5597,2.78);
#5597 = AXIS2_PLACEMENT_3D('',#5598,#5599,#5600);
#5598 = CARTESIAN_POINT('',(-1.2776,0.,-2.346913125886E-16));
#5599 = DIRECTION('',(1.,0.,1.836970198721E-16));
#5600 = DIRECTION('',(-1.836970198721E-16,0.,1.));
#5601 = CYLINDRICAL_SURFACE('',#5602,2.78);
#5602 = AXIS2_PLACEMENT_3D('',#5603,#5604,#5605);
#5603 = CARTESIAN_POINT('',(-1.3332,0.,-2.449048668935E-16));
#5604 = DIRECTION('',(1.,0.,1.836970198721E-16));
#5605 = DIRECTION('',(-1.836970198721E-16,0.,1.));
#5606 = ADVANCED_FACE('',(#5607),#5641,.T.);
#5607 = FACE_BOUND('',#5608,.T.);
#5608 = EDGE_LOOP('',(#5609,#5618,#5627,#5634));
#5609 = ORIENTED_EDGE('',*,*,#5610,.F.);
#5610 = EDGE_CURVE('',#5611,#5579,#5613,.T.);
#5611 = VERTEX_POINT('',#5612);
#5612 = CARTESIAN_POINT('',(-1.5,-3.268229437081E-16,-2.6688));
#5613 = CIRCLE('',#5614,0.1112);
#5614 = AXIS2_PLACEMENT_3D('',#5615,#5616,#5617);
#5615 = CARTESIAN_POINT('',(-1.3888,-3.268229437081E-16,-2.6688));
#5616 = DIRECTION('',(-2.249565377136E-32,-1.,1.224606353822E-16));
#5617 = DIRECTION('',(1.836970198721E-16,-1.224606353822E-16,-1.));
#5618 = ORIENTED_EDGE('',*,*,#5619,.T.);
#5619 = EDGE_CURVE('',#5611,#5620,#5622,.T.);
#5620 = VERTEX_POINT('',#5621);
#5621 = CARTESIAN_POINT('',(-1.5,9.184850993605E-17,2.6688));
#5622 = CIRCLE('',#5623,2.6688);
#5623 = AXIS2_PLACEMENT_3D('',#5624,#5625,#5626);
#5624 = CARTESIAN_POINT('',(-1.5,0.,-2.755455298082E-16));
#5625 = DIRECTION('',(1.,0.,1.836970198721E-16));
#5626 = DIRECTION('',(-1.836970198721E-16,0.,1.));
#5627 = ORIENTED_EDGE('',*,*,#5628,.F.);
#5628 = EDGE_CURVE('',#5569,#5620,#5629,.T.);
#5629 = CIRCLE('',#5630,0.1112);
#5630 = AXIS2_PLACEMENT_3D('',#5631,#5632,#5633);
#5631 = CARTESIAN_POINT('',(-1.3888,3.268229437081E-16,2.6688));
#5632 = DIRECTION('',(-2.249565377136E-32,-1.,1.224606353822E-16));
#5633 = DIRECTION('',(-1.836970198721E-16,1.224606353822E-16,1.));
#5634 = ORIENTED_EDGE('',*,*,#5635,.F.);
#5635 = EDGE_CURVE('',#5579,#5569,#5636,.T.);
#5636 = CIRCLE('',#5637,2.78);
#5637 = AXIS2_PLACEMENT_3D('',#5638,#5639,#5640);
#5638 = CARTESIAN_POINT('',(-1.3888,0.,-2.551184211984E-16));
#5639 = DIRECTION('',(1.,0.,1.836970198721E-16));
#5640 = DIRECTION('',(-1.836970198721E-16,0.,1.));
#5641 = TOROIDAL_SURFACE('',#5642,2.6688,0.1112);
#5642 = AXIS2_PLACEMENT_3D('',#5643,#5644,#5645);
#5643 = CARTESIAN_POINT('',(-1.3888,0.,-2.551184211984E-16));
#5644 = DIRECTION('',(1.,0.,1.836970198721E-16));
#5645 = DIRECTION('',(1.836970198721E-16,0.,-1.));
#5646 = ADVANCED_FACE('',(#5647),#5685,.F.);
#5647 = FACE_BOUND('',#5648,.F.);
#5648 = EDGE_LOOP('',(#5649,#5660,#5669,#5678));
#5649 = ORIENTED_EDGE('',*,*,#5650,.T.);
#5650 = EDGE_CURVE('',#5651,#5653,#5655,.T.);
#5651 = VERTEX_POINT('',#5652);
#5652 = CARTESIAN_POINT('',(-1.5,9.184850993605E-17,2.2288));
#5653 = VERTEX_POINT('',#5654);
#5654 = CARTESIAN_POINT('',(-1.5,-2.729402641399E-16,-2.2288));
#5655 = CIRCLE('',#5656,2.2288);
#5656 = AXIS2_PLACEMENT_3D('',#5657,#5658,#5659);
#5657 = CARTESIAN_POINT('',(-1.5,0.,-2.755455298082E-16));
#5658 = DIRECTION('',(1.,0.,1.836970198721E-16));
#5659 = DIRECTION('',(-1.836970198721E-16,0.,1.));
#5660 = ORIENTED_EDGE('',*,*,#5661,.T.);
#5661 = EDGE_CURVE('',#5653,#5662,#5664,.T.);
#5662 = VERTEX_POINT('',#5663);
#5663 = CARTESIAN_POINT('',(-1.6112,-2.593226414854E-16,-2.1176));
#5664 = CIRCLE('',#5665,0.1112);
#5665 = AXIS2_PLACEMENT_3D('',#5666,#5667,#5668);
#5666 = CARTESIAN_POINT('',(-1.6112,-2.729402641399E-16,-2.2288));
#5667 = DIRECTION('',(-2.249565377136E-32,-1.,1.224606353822E-16));
#5668 = DIRECTION('',(1.836970198721E-16,-1.224606353822E-16,-1.));
#5669 = ORIENTED_EDGE('',*,*,#5670,.F.);
#5670 = EDGE_CURVE('',#5671,#5662,#5673,.T.);
#5671 = VERTEX_POINT('',#5672);
#5672 = CARTESIAN_POINT('',(-1.6112,9.865754613931E-17,2.1176));
#5673 = CIRCLE('',#5674,2.1176);
#5674 = AXIS2_PLACEMENT_3D('',#5675,#5676,#5677);
#5675 = CARTESIAN_POINT('',(-1.6112,0.,-2.959726384179E-16));
#5676 = DIRECTION('',(1.,0.,1.836970198721E-16));
#5677 = DIRECTION('',(-1.836970198721E-16,0.,1.));
#5678 = ORIENTED_EDGE('',*,*,#5679,.T.);
#5679 = EDGE_CURVE('',#5671,#5651,#5680,.T.);
#5680 = CIRCLE('',#5681,0.1112);
#5681 = AXIS2_PLACEMENT_3D('',#5682,#5683,#5684);
#5682 = CARTESIAN_POINT('',(-1.6112,2.729402641399E-16,2.2288));
#5683 = DIRECTION('',(-2.249565377136E-32,-1.,1.224606353822E-16));
#5684 = DIRECTION('',(-1.836970198721E-16,1.224606353822E-16,1.));
#5685 = TOROIDAL_SURFACE('',#5686,2.2288,0.1112);
#5686 = AXIS2_PLACEMENT_3D('',#5687,#5688,#5689);
#5687 = CARTESIAN_POINT('',(-1.6112,0.,-2.959726384179E-16));
#5688 = DIRECTION('',(1.,0.,1.836970198721E-16));
#5689 = DIRECTION('',(1.836970198721E-16,0.,-1.));
#5690 = ADVANCED_FACE('',(#5691),#5717,.T.);
#5691 = FACE_BOUND('',#5692,.T.);
#5692 = EDGE_LOOP('',(#5693,#5701,#5710,#5716));
#5693 = ORIENTED_EDGE('',*,*,#5694,.F.);
#5694 = EDGE_CURVE('',#5695,#5671,#5697,.T.);
#5695 = VERTEX_POINT('',#5696);
#5696 = CARTESIAN_POINT('',(-1.6668,1.020620642409E-16,2.1176));
#5697 = LINE('',#5698,#5699);
#5698 = CARTESIAN_POINT('',(-1.639,2.593226414854E-16,2.1176));
#5699 = VECTOR('',#5700,1.);
#5700 = DIRECTION('',(1.,0.,1.836970198721E-16));
#5701 = ORIENTED_EDGE('',*,*,#5702,.T.);
#5702 = EDGE_CURVE('',#5695,#5703,#5705,.T.);
#5703 = VERTEX_POINT('',#5704);
#5704 = CARTESIAN_POINT('',(-1.6668,-2.593226414854E-16,-2.1176));
#5705 = CIRCLE('',#5706,2.1176);
#5706 = AXIS2_PLACEMENT_3D('',#5707,#5708,#5709);
#5707 = CARTESIAN_POINT('',(-1.6668,0.,-3.061861927228E-16));
#5708 = DIRECTION('',(1.,0.,1.836970198721E-16));
#5709 = DIRECTION('',(-1.836970198721E-16,0.,1.));
#5710 = ORIENTED_EDGE('',*,*,#5711,.F.);
#5711 = EDGE_CURVE('',#5662,#5703,#5712,.T.);
#5712 = LINE('',#5713,#5714);
#5713 = CARTESIAN_POINT('',(-1.639,-2.593226414854E-16,-2.1176));
#5714 = VECTOR('',#5715,1.);
#5715 = DIRECTION('',(-1.,-0.,-1.836970198721E-16));
#5716 = ORIENTED_EDGE('',*,*,#5670,.F.);
#5717 = CYLINDRICAL_SURFACE('',#5718,2.1176);
#5718 = AXIS2_PLACEMENT_3D('',#5719,#5720,#5721);
#5719 = CARTESIAN_POINT('',(-1.639,0.,-3.010794155704E-16));
#5720 = DIRECTION('',(1.,0.,1.836970198721E-16));
#5721 = DIRECTION('',(-1.836970198721E-16,0.,1.));
#5722 = ADVANCED_FACE('',(#5723),#5751,.F.);
#5723 = FACE_BOUND('',#5724,.F.);
#5724 = EDGE_LOOP('',(#5725,#5726,#5735,#5744));
#5725 = ORIENTED_EDGE('',*,*,#5702,.T.);
#5726 = ORIENTED_EDGE('',*,*,#5727,.T.);
#5727 = EDGE_CURVE('',#5703,#5728,#5730,.T.);
#5728 = VERTEX_POINT('',#5729);
#5729 = CARTESIAN_POINT('',(-1.778,-2.729402641399E-16,-2.2288));
#5730 = CIRCLE('',#5731,0.1112);
#5731 = AXIS2_PLACEMENT_3D('',#5732,#5733,#5734);
#5732 = CARTESIAN_POINT('',(-1.6668,-2.729402641399E-16,-2.2288));
#5733 = DIRECTION('',(-2.249565377136E-32,-1.,1.224606353822E-16));
#5734 = DIRECTION('',(1.836970198721E-16,-1.224606353822E-16,-1.));
#5735 = ORIENTED_EDGE('',*,*,#5736,.F.);
#5736 = EDGE_CURVE('',#5737,#5728,#5739,.T.);
#5737 = VERTEX_POINT('',#5738);
#5738 = CARTESIAN_POINT('',(-1.778,1.088711004442E-16,2.2288));
#5739 = CIRCLE('',#5740,2.2288);
#5740 = AXIS2_PLACEMENT_3D('',#5741,#5742,#5743);
#5741 = CARTESIAN_POINT('',(-1.778,0.,-3.266133013326E-16));
#5742 = DIRECTION('',(1.,0.,1.836970198721E-16));
#5743 = DIRECTION('',(-1.836970198721E-16,0.,1.));
#5744 = ORIENTED_EDGE('',*,*,#5745,.T.);
#5745 = EDGE_CURVE('',#5737,#5695,#5746,.T.);
#5746 = CIRCLE('',#5747,0.1112);
#5747 = AXIS2_PLACEMENT_3D('',#5748,#5749,#5750);
#5748 = CARTESIAN_POINT('',(-1.6668,2.729402641399E-16,2.2288));
#5749 = DIRECTION('',(-2.249565377136E-32,-1.,1.224606353822E-16));
#5750 = DIRECTION('',(-1.836970198721E-16,1.224606353822E-16,1.));
#5751 = TOROIDAL_SURFACE('',#5752,2.2288,0.1112);
#5752 = AXIS2_PLACEMENT_3D('',#5753,#5754,#5755);
#5753 = CARTESIAN_POINT('',(-1.6668,0.,-3.061861927228E-16));
#5754 = DIRECTION('',(1.,0.,1.836970198721E-16));
#5755 = DIRECTION('',(1.836970198721E-16,0.,-1.));
#5756 = ADVANCED_FACE('',(#5757),#5793,.T.);
#5757 = FACE_BOUND('',#5758,.T.);
#5758 = EDGE_LOOP('',(#5759,#5769,#5778,#5786));
#5759 = ORIENTED_EDGE('',*,*,#5760,.F.);
#5760 = EDGE_CURVE('',#5761,#5763,#5765,.T.);
#5761 = VERTEX_POINT('',#5762);
#5762 = CARTESIAN_POINT('',(-3.03,1.855339900708E-16,2.2288));
#5763 = VERTEX_POINT('',#5764);
#5764 = CARTESIAN_POINT('',(-2.9188,-2.729402641399E-16,2.2288));
#5765 = LINE('',#5766,#5767);
#5766 = CARTESIAN_POINT('',(-2.9744,2.729402641399E-16,2.2288));
#5767 = VECTOR('',#5768,1.);
#5768 = DIRECTION('',(1.,0.,1.836970198721E-16));
#5769 = ORIENTED_EDGE('',*,*,#5770,.T.);
#5770 = EDGE_CURVE('',#5761,#5771,#5773,.T.);
#5771 = VERTEX_POINT('',#5772);
#5772 = CARTESIAN_POINT('',(-3.03,-2.729402641399E-16,-2.2288));
#5773 = CIRCLE('',#5774,2.2288);
#5774 = AXIS2_PLACEMENT_3D('',#5775,#5776,#5777);
#5775 = CARTESIAN_POINT('',(-3.03,0.,-5.566019702125E-16));
#5776 = DIRECTION('',(1.,0.,1.836970198721E-16));
#5777 = DIRECTION('',(-1.836970198721E-16,0.,1.));
#5778 = ORIENTED_EDGE('',*,*,#5779,.F.);
#5779 = EDGE_CURVE('',#5780,#5771,#5782,.T.);
#5780 = VERTEX_POINT('',#5781);
#5781 = CARTESIAN_POINT('',(-2.9188,-2.729402641399E-16,-2.2288));
#5782 = LINE('',#5783,#5784);
#5783 = CARTESIAN_POINT('',(-2.9744,-2.729402641399E-16,-2.2288));
#5784 = VECTOR('',#5785,1.);
#5785 = DIRECTION('',(-1.,-0.,-1.836970198721E-16));
#5786 = ORIENTED_EDGE('',*,*,#5787,.T.);
#5787 = EDGE_CURVE('',#5780,#5763,#5788,.T.);
#5788 = CIRCLE('',#5789,2.2288);
#5789 = AXIS2_PLACEMENT_3D('',#5790,#5791,#5792);
#5790 = CARTESIAN_POINT('',(-2.9188,0.,-5.361748616027E-16));
#5791 = DIRECTION('',(-1.,0.,0.));
#5792 = DIRECTION('',(0.,0.,1.));
#5793 = CYLINDRICAL_SURFACE('',#5794,2.2288);
#5794 = AXIS2_PLACEMENT_3D('',#5795,#5796,#5797);
#5795 = CARTESIAN_POINT('',(-2.404,0.,-4.416076357725E-16));
#5796 = DIRECTION('',(1.,0.,1.836970198721E-16));
#5797 = DIRECTION('',(-1.836970198721E-16,0.,1.));
#5798 = ADVANCED_FACE('',(#5799),#5835,.T.);
#5799 = FACE_BOUND('',#5800,.T.);
#5800 = EDGE_LOOP('',(#5801,#5811,#5820,#5828));
#5801 = ORIENTED_EDGE('',*,*,#5802,.F.);
#5802 = EDGE_CURVE('',#5803,#5805,#5807,.T.);
#5803 = VERTEX_POINT('',#5804);
#5804 = CARTESIAN_POINT('',(-2.8076,6.809036203259E-18,-2.34));
#5805 = VERTEX_POINT('',#5806);
#5806 = CARTESIAN_POINT('',(-1.778,0.,-2.34));
#5807 = LINE('',#5808,#5809);
#5808 = CARTESIAN_POINT('',(-2.3484,-2.865578867944E-16,-2.34));
#5809 = VECTOR('',#5810,1.);
#5810 = DIRECTION('',(1.,0.,0.));
#5811 = ORIENTED_EDGE('',*,*,#5812,.T.);
#5812 = EDGE_CURVE('',#5803,#5813,#5815,.T.);
#5813 = VERTEX_POINT('',#5814);
#5814 = CARTESIAN_POINT('',(-2.8076,-2.865578867944E-16,2.34));
#5815 = CIRCLE('',#5816,2.34);
#5816 = AXIS2_PLACEMENT_3D('',#5817,#5818,#5819);
#5817 = CARTESIAN_POINT('',(-2.8076,0.,0.));
#5818 = DIRECTION('',(1.,0.,0.));
#5819 = DIRECTION('',(0.,0.,-1.));
#5820 = ORIENTED_EDGE('',*,*,#5821,.F.);
#5821 = EDGE_CURVE('',#5822,#5813,#5824,.T.);
#5822 = VERTEX_POINT('',#5823);
#5823 = CARTESIAN_POINT('',(-1.778,2.865578867944E-16,2.34));
#5824 = LINE('',#5825,#5826);
#5825 = CARTESIAN_POINT('',(-2.3484,2.865578867944E-16,2.34));
#5826 = VECTOR('',#5827,1.);
#5827 = DIRECTION('',(-1.,-0.,-0.));
#5828 = ORIENTED_EDGE('',*,*,#5829,.F.);
#5829 = EDGE_CURVE('',#5805,#5822,#5830,.T.);
#5830 = CIRCLE('',#5831,2.34);
#5831 = AXIS2_PLACEMENT_3D('',#5832,#5833,#5834);
#5832 = CARTESIAN_POINT('',(-1.778,0.,0.));
#5833 = DIRECTION('',(1.,0.,0.));
#5834 = DIRECTION('',(0.,0.,-1.));
#5835 = CYLINDRICAL_SURFACE('',#5836,2.34);
#5836 = AXIS2_PLACEMENT_3D('',#5837,#5838,#5839);
#5837 = CARTESIAN_POINT('',(-2.3484,0.,0.));
#5838 = DIRECTION('',(1.,0.,0.));
#5839 = DIRECTION('',(0.,0.,-1.));
#5840 = ADVANCED_FACE('',(#5841),#5863,.T.);
#5841 = FACE_BOUND('',#5842,.T.);
#5842 = EDGE_LOOP('',(#5843,#5849,#5856,#5862));
#5843 = ORIENTED_EDGE('',*,*,#5844,.F.);
#5844 = EDGE_CURVE('',#5780,#5803,#5845,.T.);
#5845 = LINE('',#5846,#5847);
#5846 = CARTESIAN_POINT('',(-2.8632,2.797490754672E-16,-2.2844));
#5847 = VECTOR('',#5848,1.);
#5848 = DIRECTION('',(0.707106781187,8.659274570719E-17,-0.707106781187)
  );
#5849 = ORIENTED_EDGE('',*,*,#5850,.F.);
#5850 = EDGE_CURVE('',#5763,#5780,#5851,.T.);
#5851 = CIRCLE('',#5852,2.2288);
#5852 = AXIS2_PLACEMENT_3D('',#5853,#5854,#5855);
#5853 = CARTESIAN_POINT('',(-2.9188,0.,-5.361748616027E-16));
#5854 = DIRECTION('',(-1.,0.,0.));
#5855 = DIRECTION('',(0.,0.,1.));
#5856 = ORIENTED_EDGE('',*,*,#5857,.F.);
#5857 = EDGE_CURVE('',#5813,#5763,#5858,.T.);
#5858 = LINE('',#5859,#5860);
#5859 = CARTESIAN_POINT('',(-2.8632,-2.797490754672E-16,2.2844));
#5860 = VECTOR('',#5861,1.);
#5861 = DIRECTION('',(-0.707106781187,8.659274570719E-17,-0.707106781187
    ));
#5862 = ORIENTED_EDGE('',*,*,#5812,.F.);
#5863 = CONICAL_SURFACE('',#5864,2.2844,0.785398163397);
#5864 = AXIS2_PLACEMENT_3D('',#5865,#5866,#5867);
#5865 = CARTESIAN_POINT('',(-2.8632,0.,0.));
#5866 = DIRECTION('',(1.,-0.,-0.));
#5867 = DIRECTION('',(0.,0.,-1.));
#5868 = ADVANCED_FACE('',(#5869),#5905,.F.);
#5869 = FACE_BOUND('',#5870,.F.);
#5870 = EDGE_LOOP('',(#5871,#5882,#5890,#5899));
#5871 = ORIENTED_EDGE('',*,*,#5872,.F.);
#5872 = EDGE_CURVE('',#5873,#5875,#5877,.T.);
#5873 = VERTEX_POINT('',#5874);
#5874 = CARTESIAN_POINT('',(-2.7595,4.883195819137E-16,1.2295));
#5875 = VERTEX_POINT('',#5876);
#5876 = CARTESIAN_POINT('',(-2.7595,5.069119263371E-16,-1.2295));
#5877 = CIRCLE('',#5878,1.2295);
#5878 = AXIS2_PLACEMENT_3D('',#5879,#5880,#5881);
#5879 = CARTESIAN_POINT('',(-2.7595,3.379412842247E-16,
    -5.069119263371E-16));
#5880 = DIRECTION('',(1.,-1.224646799147E-16,1.836970198721E-16));
#5881 = DIRECTION('',(1.836970198721E-16,1.521378718581E-19,-1.));
#5882 = ORIENTED_EDGE('',*,*,#5883,.T.);
#5883 = EDGE_CURVE('',#5873,#5884,#5886,.T.);
#5884 = VERTEX_POINT('',#5885);
#5885 = CARTESIAN_POINT('',(-3.03,5.566019702125E-16,1.5));
#5886 = LINE('',#5887,#5888);
#5887 = CARTESIAN_POINT('',(-2.89475,5.214251541605E-16,1.36475));
#5888 = VECTOR('',#5889,1.);
#5889 = DIRECTION('',(-0.707106781187,1.730807736099E-16,0.707106781187)
  );
#5890 = ORIENTED_EDGE('',*,*,#5891,.T.);
#5891 = EDGE_CURVE('',#5884,#5892,#5894,.T.);
#5892 = VERTEX_POINT('',#5893);
#5893 = CARTESIAN_POINT('',(-3.03,1.876052338761E-16,-1.5));
#5894 = CIRCLE('',#5895,1.5);
#5895 = AXIS2_PLACEMENT_3D('',#5896,#5897,#5898);
#5896 = CARTESIAN_POINT('',(-3.03,3.710679801416E-16,-5.566019702125E-16
    ));
#5897 = DIRECTION('',(1.,0.,-1.555334348489E-17));
#5898 = DIRECTION('',(1.555334348489E-17,0.,1.));
#5899 = ORIENTED_EDGE('',*,*,#5900,.T.);
#5900 = EDGE_CURVE('',#5892,#5875,#5901,.T.);
#5901 = LINE('',#5902,#5903);
#5902 = CARTESIAN_POINT('',(-2.89475,1.875841102059E-16,-1.36475));
#5903 = VECTOR('',#5904,1.);
#5904 = DIRECTION('',(0.707106781187,-1.10437637222E-19,0.707106781187)
  );
#5905 = CONICAL_SURFACE('',#5906,1.36475,0.785398163397);
#5906 = AXIS2_PLACEMENT_3D('',#5907,#5908,#5909);
#5907 = CARTESIAN_POINT('',(-2.89475,3.545046321832E-16,
    -5.317569482748E-16));
#5908 = DIRECTION('',(-1.,1.224646799147E-16,-1.836970198721E-16));
#5909 = DIRECTION('',(1.836970198721E-16,1.521378718581E-19,-1.));
#5910 = ADVANCED_FACE('',(#5911),#5937,.F.);
#5911 = FACE_BOUND('',#5912,.F.);
#5912 = EDGE_LOOP('',(#5913,#5924,#5930,#5931));
#5913 = ORIENTED_EDGE('',*,*,#5914,.F.);
#5914 = EDGE_CURVE('',#5915,#5917,#5919,.T.);
#5915 = VERTEX_POINT('',#5916);
#5916 = CARTESIAN_POINT('',(-0.2705,1.835049936059E-16,1.2295));
#5917 = VERTEX_POINT('',#5918);
#5918 = CARTESIAN_POINT('',(-0.2705,4.96900438754E-17,-1.2295));
#5919 = CIRCLE('',#5920,1.2295);
#5920 = AXIS2_PLACEMENT_3D('',#5921,#5922,#5923);
#5921 = CARTESIAN_POINT('',(-0.2705,3.312669591694E-17,
    -4.96900438754E-17));
#5922 = DIRECTION('',(1.,-1.224646799147E-16,1.836970198721E-16));
#5923 = DIRECTION('',(1.836970198721E-16,1.521378718581E-19,-1.));
#5924 = ORIENTED_EDGE('',*,*,#5925,.T.);
#5925 = EDGE_CURVE('',#5915,#5873,#5926,.T.);
#5926 = LINE('',#5927,#5928);
#5927 = CARTESIAN_POINT('',(-1.515,3.359122877598E-16,1.2295));
#5928 = VECTOR('',#5929,1.);
#5929 = DIRECTION('',(-1.,1.224646799147E-16,-1.836970198721E-16));
#5930 = ORIENTED_EDGE('',*,*,#5872,.T.);
#5931 = ORIENTED_EDGE('',*,*,#5932,.T.);
#5932 = EDGE_CURVE('',#5875,#5917,#5933,.T.);
#5933 = LINE('',#5934,#5935);
#5934 = CARTESIAN_POINT('',(-1.515,3.515569238181E-17,-1.2295));
#5935 = VECTOR('',#5936,1.);
#5936 = DIRECTION('',(1.,-1.224646799147E-16,1.836970198721E-16));
#5937 = CYLINDRICAL_SURFACE('',#5938,1.2295);
#5938 = AXIS2_PLACEMENT_3D('',#5939,#5940,#5941);
#5939 = CARTESIAN_POINT('',(-1.515,1.855339900708E-16,
    -2.783009851062E-16));
#5940 = DIRECTION('',(1.,-1.224646799147E-16,1.836970198721E-16));
#5941 = DIRECTION('',(1.836970198721E-16,1.521378718581E-19,-1.));
#5942 = ADVANCED_FACE('',(#5943),#5969,.F.);
#5943 = FACE_BOUND('',#5944,.F.);
#5944 = EDGE_LOOP('',(#5945,#5956,#5962,#5963));
#5945 = ORIENTED_EDGE('',*,*,#5946,.T.);
#5946 = EDGE_CURVE('',#5947,#5949,#5951,.T.);
#5947 = VERTEX_POINT('',#5948);
#5948 = CARTESIAN_POINT('',(2.755455298082E-16,-1.834627462656E-16,-1.5)
  );
#5949 = VERTEX_POINT('',#5950);
#5950 = CARTESIAN_POINT('',(-2.755455298082E-16,0.,1.5));
#5951 = CIRCLE('',#5952,1.5);
#5952 = AXIS2_PLACEMENT_3D('',#5953,#5954,#5955);
#5953 = CARTESIAN_POINT('',(0.,0.,0.));
#5954 = DIRECTION('',(-1.,0.,-1.836970198721E-16));
#5955 = DIRECTION('',(-1.836970198721E-16,0.,1.));
#5956 = ORIENTED_EDGE('',*,*,#5957,.T.);
#5957 = EDGE_CURVE('',#5949,#5915,#5958,.T.);
#5958 = LINE('',#5959,#5960);
#5959 = CARTESIAN_POINT('',(-0.13525,1.834838699358E-16,1.36475));
#5960 = VECTOR('',#5961,1.);
#5961 = DIRECTION('',(-0.707106781187,1.104376372218E-19,-0.707106781187
    ));
#5962 = ORIENTED_EDGE('',*,*,#5914,.T.);
#5963 = ORIENTED_EDGE('',*,*,#5964,.T.);
#5964 = EDGE_CURVE('',#5917,#5947,#5965,.T.);
#5965 = LINE('',#5966,#5967);
#5966 = CARTESIAN_POINT('',(-0.13525,-1.503571740188E-16,-1.36475));
#5967 = VECTOR('',#5968,1.);
#5968 = DIRECTION('',(0.707106781187,-1.730807736099E-16,-0.707106781187
    ));
#5969 = CONICAL_SURFACE('',#5970,1.36475,0.785398163397);
#5970 = AXIS2_PLACEMENT_3D('',#5971,#5972,#5973);
#5971 = CARTESIAN_POINT('',(-0.13525,1.656334795847E-17,
    -2.48450219377E-17));
#5972 = DIRECTION('',(1.,-1.224646799147E-16,1.836970198721E-16));
#5973 = DIRECTION('',(1.836970198721E-16,1.521378718581E-19,-1.));
#5974 = ADVANCED_FACE('',(#5975),#5993,.F.);
#5975 = FACE_BOUND('',#5976,.F.);
#5976 = EDGE_LOOP('',(#5977,#5984,#5985,#5992));
#5977 = ORIENTED_EDGE('',*,*,#5978,.T.);
#5978 = EDGE_CURVE('',#5917,#5915,#5979,.T.);
#5979 = CIRCLE('',#5980,1.2295);
#5980 = AXIS2_PLACEMENT_3D('',#5981,#5982,#5983);
#5981 = CARTESIAN_POINT('',(-0.2705,3.312669591694E-17,
    -4.96900438754E-17));
#5982 = DIRECTION('',(1.,-1.224646799147E-16,1.836970198721E-16));
#5983 = DIRECTION('',(1.836970198721E-16,1.521378718581E-19,-1.));
#5984 = ORIENTED_EDGE('',*,*,#5957,.F.);
#5985 = ORIENTED_EDGE('',*,*,#5986,.T.);
#5986 = EDGE_CURVE('',#5949,#5947,#5987,.T.);
#5987 = CIRCLE('',#5988,1.5);
#5988 = AXIS2_PLACEMENT_3D('',#5989,#5990,#5991);
#5989 = CARTESIAN_POINT('',(0.,0.,0.));
#5990 = DIRECTION('',(-1.,0.,-1.836970198721E-16));
#5991 = DIRECTION('',(-1.836970198721E-16,0.,1.));
#5992 = ORIENTED_EDGE('',*,*,#5964,.F.);
#5993 = CONICAL_SURFACE('',#5994,1.36475,0.785398163397);
#5994 = AXIS2_PLACEMENT_3D('',#5995,#5996,#5997);
#5995 = CARTESIAN_POINT('',(-0.13525,1.656334795847E-17,
    -2.48450219377E-17));
#5996 = DIRECTION('',(1.,-1.224646799147E-16,1.836970198721E-16));
#5997 = DIRECTION('',(1.836970198721E-16,1.521378718581E-19,-1.));
#5998 = ADVANCED_FACE('',(#5999),#6011,.F.);
#5999 = FACE_BOUND('',#6000,.F.);
#6000 = EDGE_LOOP('',(#6001,#6008,#6009,#6010));
#6001 = ORIENTED_EDGE('',*,*,#6002,.T.);
#6002 = EDGE_CURVE('',#5875,#5873,#6003,.T.);
#6003 = CIRCLE('',#6004,1.2295);
#6004 = AXIS2_PLACEMENT_3D('',#6005,#6006,#6007);
#6005 = CARTESIAN_POINT('',(-2.7595,3.379412842247E-16,
    -5.069119263371E-16));
#6006 = DIRECTION('',(1.,-1.224646799147E-16,1.836970198721E-16));
#6007 = DIRECTION('',(1.836970198721E-16,1.521378718581E-19,-1.));
#6008 = ORIENTED_EDGE('',*,*,#5925,.F.);
#6009 = ORIENTED_EDGE('',*,*,#5978,.F.);
#6010 = ORIENTED_EDGE('',*,*,#5932,.F.);
#6011 = CYLINDRICAL_SURFACE('',#6012,1.2295);
#6012 = AXIS2_PLACEMENT_3D('',#6013,#6014,#6015);
#6013 = CARTESIAN_POINT('',(-1.515,1.855339900708E-16,
    -2.783009851062E-16));
#6014 = DIRECTION('',(1.,-1.224646799147E-16,1.836970198721E-16));
#6015 = DIRECTION('',(1.836970198721E-16,1.521378718581E-19,-1.));
#6016 = ADVANCED_FACE('',(#6017),#6029,.F.);
#6017 = FACE_BOUND('',#6018,.F.);
#6018 = EDGE_LOOP('',(#6019,#6026,#6027,#6028));
#6019 = ORIENTED_EDGE('',*,*,#6020,.T.);
#6020 = EDGE_CURVE('',#5892,#5884,#6021,.T.);
#6021 = CIRCLE('',#6022,1.5);
#6022 = AXIS2_PLACEMENT_3D('',#6023,#6024,#6025);
#6023 = CARTESIAN_POINT('',(-3.03,3.710679801416E-16,-5.566019702125E-16
    ));
#6024 = DIRECTION('',(1.,0.,-1.555334348489E-17));
#6025 = DIRECTION('',(1.555334348489E-17,0.,1.));
#6026 = ORIENTED_EDGE('',*,*,#5883,.F.);
#6027 = ORIENTED_EDGE('',*,*,#6002,.F.);
#6028 = ORIENTED_EDGE('',*,*,#5900,.F.);
#6029 = CONICAL_SURFACE('',#6030,1.36475,0.785398163397);
#6030 = AXIS2_PLACEMENT_3D('',#6031,#6032,#6033);
#6031 = CARTESIAN_POINT('',(-2.89475,3.545046321832E-16,
    -5.317569482748E-16));
#6032 = DIRECTION('',(-1.,1.224646799147E-16,-1.836970198721E-16));
#6033 = DIRECTION('',(1.836970198721E-16,1.521378718581E-19,-1.));
#6034 = ADVANCED_FACE('',(#6035),#6047,.T.);
#6035 = FACE_BOUND('',#6036,.T.);
#6036 = EDGE_LOOP('',(#6037,#6038,#6045,#6046));
#6037 = ORIENTED_EDGE('',*,*,#5844,.T.);
#6038 = ORIENTED_EDGE('',*,*,#6039,.F.);
#6039 = EDGE_CURVE('',#5813,#5803,#6040,.T.);
#6040 = CIRCLE('',#6041,2.34);
#6041 = AXIS2_PLACEMENT_3D('',#6042,#6043,#6044);
#6042 = CARTESIAN_POINT('',(-2.8076,0.,0.));
#6043 = DIRECTION('',(1.,0.,0.));
#6044 = DIRECTION('',(0.,0.,-1.));
#6045 = ORIENTED_EDGE('',*,*,#5857,.T.);
#6046 = ORIENTED_EDGE('',*,*,#5787,.F.);
#6047 = CONICAL_SURFACE('',#6048,2.2844,0.785398163397);
#6048 = AXIS2_PLACEMENT_3D('',#6049,#6050,#6051);
#6049 = CARTESIAN_POINT('',(-2.8632,0.,0.));
#6050 = DIRECTION('',(1.,-0.,-0.));
#6051 = DIRECTION('',(0.,0.,-1.));
#6052 = ADVANCED_FACE('',(#6053,#6063),#6073,.T.);
#6053 = FACE_BOUND('',#6054,.T.);
#6054 = EDGE_LOOP('',(#6055,#6056));
#6055 = ORIENTED_EDGE('',*,*,#5829,.T.);
#6056 = ORIENTED_EDGE('',*,*,#6057,.T.);
#6057 = EDGE_CURVE('',#5822,#5805,#6058,.T.);
#6058 = CIRCLE('',#6059,2.34);
#6059 = AXIS2_PLACEMENT_3D('',#6060,#6061,#6062);
#6060 = CARTESIAN_POINT('',(-1.778,0.,0.));
#6061 = DIRECTION('',(1.,0.,0.));
#6062 = DIRECTION('',(0.,0.,-1.));
#6063 = FACE_BOUND('',#6064,.T.);
#6064 = EDGE_LOOP('',(#6065,#6066));
#6065 = ORIENTED_EDGE('',*,*,#5736,.F.);
#6066 = ORIENTED_EDGE('',*,*,#6067,.F.);
#6067 = EDGE_CURVE('',#5728,#5737,#6068,.T.);
#6068 = CIRCLE('',#6069,2.2288);
#6069 = AXIS2_PLACEMENT_3D('',#6070,#6071,#6072);
#6070 = CARTESIAN_POINT('',(-1.778,0.,-3.266133013326E-16));
#6071 = DIRECTION('',(1.,0.,1.836970198721E-16));
#6072 = DIRECTION('',(-1.836970198721E-16,0.,1.));
#6073 = PLANE('',#6074);
#6074 = AXIS2_PLACEMENT_3D('',#6075,#6076,#6077);
#6075 = CARTESIAN_POINT('',(-1.778,0.,0.));
#6076 = DIRECTION('',(1.,0.,0.));
#6077 = DIRECTION('',(0.,0.,-1.));
#6078 = ADVANCED_FACE('',(#6079),#6085,.T.);
#6079 = FACE_BOUND('',#6080,.T.);
#6080 = EDGE_LOOP('',(#6081,#6082,#6083,#6084));
#6081 = ORIENTED_EDGE('',*,*,#5802,.T.);
#6082 = ORIENTED_EDGE('',*,*,#6057,.F.);
#6083 = ORIENTED_EDGE('',*,*,#5821,.T.);
#6084 = ORIENTED_EDGE('',*,*,#6039,.T.);
#6085 = CYLINDRICAL_SURFACE('',#6086,2.34);
#6086 = AXIS2_PLACEMENT_3D('',#6087,#6088,#6089);
#6087 = CARTESIAN_POINT('',(-2.3484,0.,0.));
#6088 = DIRECTION('',(1.,0.,0.));
#6089 = DIRECTION('',(0.,0.,-1.));
#6090 = ADVANCED_FACE('',(#6091,#6095),#6105,.T.);
#6091 = FACE_BOUND('',#6092,.T.);
#6092 = EDGE_LOOP('',(#6093,#6094));
#6093 = ORIENTED_EDGE('',*,*,#5891,.T.);
#6094 = ORIENTED_EDGE('',*,*,#6020,.T.);
#6095 = FACE_BOUND('',#6096,.T.);
#6096 = EDGE_LOOP('',(#6097,#6098));
#6097 = ORIENTED_EDGE('',*,*,#5770,.F.);
#6098 = ORIENTED_EDGE('',*,*,#6099,.F.);
#6099 = EDGE_CURVE('',#5771,#5761,#6100,.T.);
#6100 = CIRCLE('',#6101,2.2288);
#6101 = AXIS2_PLACEMENT_3D('',#6102,#6103,#6104);
#6102 = CARTESIAN_POINT('',(-3.03,0.,-5.566019702125E-16));
#6103 = DIRECTION('',(1.,0.,1.836970198721E-16));
#6104 = DIRECTION('',(-1.836970198721E-16,0.,1.));
#6105 = PLANE('',#6106);
#6106 = AXIS2_PLACEMENT_3D('',#6107,#6108,#6109);
#6107 = CARTESIAN_POINT('',(-3.03,1.855339900708E-16,1.1144));
#6108 = DIRECTION('',(-1.,0.,1.555334348489E-17));
#6109 = DIRECTION('',(-1.555334348489E-17,1.22005659857E-32,-1.));
#6110 = ADVANCED_FACE('',(#6111),#6117,.T.);
#6111 = FACE_BOUND('',#6112,.T.);
#6112 = EDGE_LOOP('',(#6113,#6114,#6115,#6116));
#6113 = ORIENTED_EDGE('',*,*,#5760,.T.);
#6114 = ORIENTED_EDGE('',*,*,#5850,.T.);
#6115 = ORIENTED_EDGE('',*,*,#5779,.T.);
#6116 = ORIENTED_EDGE('',*,*,#6099,.T.);
#6117 = CYLINDRICAL_SURFACE('',#6118,2.2288);
#6118 = AXIS2_PLACEMENT_3D('',#6119,#6120,#6121);
#6119 = CARTESIAN_POINT('',(-2.404,0.,-4.416076357725E-16));
#6120 = DIRECTION('',(1.,0.,1.836970198721E-16));
#6121 = DIRECTION('',(-1.836970198721E-16,0.,1.));
#6122 = ADVANCED_FACE('',(#6123),#6135,.F.);
#6123 = FACE_BOUND('',#6124,.F.);
#6124 = EDGE_LOOP('',(#6125,#6126,#6127,#6134));
#6125 = ORIENTED_EDGE('',*,*,#6067,.F.);
#6126 = ORIENTED_EDGE('',*,*,#5727,.F.);
#6127 = ORIENTED_EDGE('',*,*,#6128,.T.);
#6128 = EDGE_CURVE('',#5703,#5695,#6129,.T.);
#6129 = CIRCLE('',#6130,2.1176);
#6130 = AXIS2_PLACEMENT_3D('',#6131,#6132,#6133);
#6131 = CARTESIAN_POINT('',(-1.6668,0.,-3.061861927228E-16));
#6132 = DIRECTION('',(1.,0.,1.836970198721E-16));
#6133 = DIRECTION('',(-1.836970198721E-16,0.,1.));
#6134 = ORIENTED_EDGE('',*,*,#5745,.F.);
#6135 = TOROIDAL_SURFACE('',#6136,2.2288,0.1112);
#6136 = AXIS2_PLACEMENT_3D('',#6137,#6138,#6139);
#6137 = CARTESIAN_POINT('',(-1.6668,0.,-3.061861927228E-16));
#6138 = DIRECTION('',(1.,0.,1.836970198721E-16));
#6139 = DIRECTION('',(1.836970198721E-16,0.,-1.));
#6140 = ADVANCED_FACE('',(#6141),#6153,.T.);
#6141 = FACE_BOUND('',#6142,.T.);
#6142 = EDGE_LOOP('',(#6143,#6144,#6151,#6152));
#6143 = ORIENTED_EDGE('',*,*,#5694,.T.);
#6144 = ORIENTED_EDGE('',*,*,#6145,.F.);
#6145 = EDGE_CURVE('',#5662,#5671,#6146,.T.);
#6146 = CIRCLE('',#6147,2.1176);
#6147 = AXIS2_PLACEMENT_3D('',#6148,#6149,#6150);
#6148 = CARTESIAN_POINT('',(-1.6112,0.,-2.959726384179E-16));
#6149 = DIRECTION('',(1.,0.,1.836970198721E-16));
#6150 = DIRECTION('',(-1.836970198721E-16,0.,1.));
#6151 = ORIENTED_EDGE('',*,*,#5711,.T.);
#6152 = ORIENTED_EDGE('',*,*,#6128,.T.);
#6153 = CYLINDRICAL_SURFACE('',#6154,2.1176);
#6154 = AXIS2_PLACEMENT_3D('',#6155,#6156,#6157);
#6155 = CARTESIAN_POINT('',(-1.639,0.,-3.010794155704E-16));
#6156 = DIRECTION('',(1.,0.,1.836970198721E-16));
#6157 = DIRECTION('',(-1.836970198721E-16,0.,1.));
#6158 = ADVANCED_FACE('',(#6159),#6171,.F.);
#6159 = FACE_BOUND('',#6160,.F.);
#6160 = EDGE_LOOP('',(#6161,#6162,#6163,#6170));
#6161 = ORIENTED_EDGE('',*,*,#6145,.F.);
#6162 = ORIENTED_EDGE('',*,*,#5661,.F.);
#6163 = ORIENTED_EDGE('',*,*,#6164,.T.);
#6164 = EDGE_CURVE('',#5653,#5651,#6165,.T.);
#6165 = CIRCLE('',#6166,2.2288);
#6166 = AXIS2_PLACEMENT_3D('',#6167,#6168,#6169);
#6167 = CARTESIAN_POINT('',(-1.5,0.,-2.755455298082E-16));
#6168 = DIRECTION('',(1.,0.,1.836970198721E-16));
#6169 = DIRECTION('',(-1.836970198721E-16,0.,1.));
#6170 = ORIENTED_EDGE('',*,*,#5679,.F.);
#6171 = TOROIDAL_SURFACE('',#6172,2.2288,0.1112);
#6172 = AXIS2_PLACEMENT_3D('',#6173,#6174,#6175);
#6173 = CARTESIAN_POINT('',(-1.6112,0.,-2.959726384179E-16));
#6174 = DIRECTION('',(1.,0.,1.836970198721E-16));
#6175 = DIRECTION('',(1.836970198721E-16,0.,-1.));
#6176 = ADVANCED_FACE('',(#6177,#6187),#6191,.T.);
#6177 = FACE_BOUND('',#6178,.T.);
#6178 = EDGE_LOOP('',(#6179,#6186));
#6179 = ORIENTED_EDGE('',*,*,#6180,.F.);
#6180 = EDGE_CURVE('',#5620,#5611,#6181,.T.);
#6181 = CIRCLE('',#6182,2.6688);
#6182 = AXIS2_PLACEMENT_3D('',#6183,#6184,#6185);
#6183 = CARTESIAN_POINT('',(-1.5,0.,-2.755455298082E-16));
#6184 = DIRECTION('',(1.,0.,1.836970198721E-16));
#6185 = DIRECTION('',(-1.836970198721E-16,0.,1.));
#6186 = ORIENTED_EDGE('',*,*,#5619,.F.);
#6187 = FACE_BOUND('',#6188,.T.);
#6188 = EDGE_LOOP('',(#6189,#6190));
#6189 = ORIENTED_EDGE('',*,*,#5650,.T.);
#6190 = ORIENTED_EDGE('',*,*,#6164,.T.);
#6191 = PLANE('',#6192);
#6192 = AXIS2_PLACEMENT_3D('',#6193,#6194,#6195);
#6193 = CARTESIAN_POINT('',(-1.5,9.184850993605E-17,2.4488));
#6194 = DIRECTION('',(-1.,0.,-6.883438492472E-16));
#6195 = DIRECTION('',(6.883438492472E-16,-3.09007062147E-32,-1.));
#6196 = ADVANCED_FACE('',(#6197),#6203,.T.);
#6197 = FACE_BOUND('',#6198,.T.);
#6198 = EDGE_LOOP('',(#6199,#6200,#6201,#6202));
#6199 = ORIENTED_EDGE('',*,*,#5610,.T.);
#6200 = ORIENTED_EDGE('',*,*,#5578,.F.);
#6201 = ORIENTED_EDGE('',*,*,#5628,.T.);
#6202 = ORIENTED_EDGE('',*,*,#6180,.T.);
#6203 = TOROIDAL_SURFACE('',#6204,2.6688,0.1112);
#6204 = AXIS2_PLACEMENT_3D('',#6205,#6206,#6207);
#6205 = CARTESIAN_POINT('',(-1.3888,0.,-2.551184211984E-16));
#6206 = DIRECTION('',(1.,0.,1.836970198721E-16));
#6207 = DIRECTION('',(1.836970198721E-16,0.,-1.));
#6208 = ADVANCED_FACE('',(#6209),#6221,.T.);
#6209 = FACE_BOUND('',#6210,.T.);
#6210 = EDGE_LOOP('',(#6211,#6212,#6219,#6220));
#6211 = ORIENTED_EDGE('',*,*,#5568,.T.);
#6212 = ORIENTED_EDGE('',*,*,#6213,.F.);
#6213 = EDGE_CURVE('',#5588,#5571,#6214,.T.);
#6214 = CIRCLE('',#6215,2.78);
#6215 = AXIS2_PLACEMENT_3D('',#6216,#6217,#6218);
#6216 = CARTESIAN_POINT('',(-1.2776,0.,-2.346913125886E-16));
#6217 = DIRECTION('',(1.,0.,1.836970198721E-16));
#6218 = DIRECTION('',(-1.836970198721E-16,0.,1.));
#6219 = ORIENTED_EDGE('',*,*,#5587,.T.);
#6220 = ORIENTED_EDGE('',*,*,#5635,.T.);
#6221 = CYLINDRICAL_SURFACE('',#6222,2.78);
#6222 = AXIS2_PLACEMENT_3D('',#6223,#6224,#6225);
#6223 = CARTESIAN_POINT('',(-1.3332,0.,-2.449048668935E-16));
#6224 = DIRECTION('',(1.,0.,1.836970198721E-16));
#6225 = DIRECTION('',(-1.836970198721E-16,0.,1.));
#6226 = ADVANCED_FACE('',(#6227,#6237),#6241,.T.);
#6227 = FACE_BOUND('',#6228,.T.);
#6228 = EDGE_LOOP('',(#6229,#6230));
#6229 = ORIENTED_EDGE('',*,*,#5536,.F.);
#6230 = ORIENTED_EDGE('',*,*,#6231,.F.);
#6231 = EDGE_CURVE('',#5537,#5527,#6232,.T.);
#6232 = CIRCLE('',#6233,2.6688);
#6233 = AXIS2_PLACEMENT_3D('',#6234,#6235,#6236);
#6234 = CARTESIAN_POINT('',(-1.2776,0.,-2.346913125886E-16));
#6235 = DIRECTION('',(1.,0.,1.836970198721E-16));
#6236 = DIRECTION('',(-1.836970198721E-16,0.,1.));
#6237 = FACE_BOUND('',#6238,.T.);
#6238 = EDGE_LOOP('',(#6239,#6240));
#6239 = ORIENTED_EDGE('',*,*,#5595,.T.);
#6240 = ORIENTED_EDGE('',*,*,#6213,.T.);
#6241 = PLANE('',#6242);
#6242 = AXIS2_PLACEMENT_3D('',#6243,#6244,#6245);
#6243 = CARTESIAN_POINT('',(-1.2776,7.823043752953E-17,2.7244));
#6244 = DIRECTION('',(1.,0.,1.836970198721E-16));
#6245 = DIRECTION('',(-1.836970198721E-16,0.,1.));
#6246 = ADVANCED_FACE('',(#6247),#6259,.T.);
#6247 = FACE_BOUND('',#6248,.T.);
#6248 = EDGE_LOOP('',(#6249,#6250,#6257,#6258));
#6249 = ORIENTED_EDGE('',*,*,#5526,.T.);
#6250 = ORIENTED_EDGE('',*,*,#6251,.F.);
#6251 = EDGE_CURVE('',#5546,#5529,#6252,.T.);
#6252 = CIRCLE('',#6253,2.6688);
#6253 = AXIS2_PLACEMENT_3D('',#6254,#6255,#6256);
#6254 = CARTESIAN_POINT('',(-1.1664,0.,-2.142642039788E-16));
#6255 = DIRECTION('',(1.,0.,1.836970198721E-16));
#6256 = DIRECTION('',(-1.836970198721E-16,0.,1.));
#6257 = ORIENTED_EDGE('',*,*,#5545,.T.);
#6258 = ORIENTED_EDGE('',*,*,#6231,.T.);
#6259 = CYLINDRICAL_SURFACE('',#6260,2.6688);
#6260 = AXIS2_PLACEMENT_3D('',#6261,#6262,#6263);
#6261 = CARTESIAN_POINT('',(-1.222,0.,-2.244777582837E-16));
#6262 = DIRECTION('',(1.,0.,1.836970198721E-16));
#6263 = DIRECTION('',(-1.836970198721E-16,0.,1.));
#6264 = ADVANCED_FACE('',(#6265,#6275),#6279,.T.);
#6265 = FACE_BOUND('',#6266,.T.);
#6266 = EDGE_LOOP('',(#6267,#6268));
#6267 = ORIENTED_EDGE('',*,*,#5494,.F.);
#6268 = ORIENTED_EDGE('',*,*,#6269,.F.);
#6269 = EDGE_CURVE('',#5495,#5485,#6270,.T.);
#6270 = CIRCLE('',#6271,2.78);
#6271 = AXIS2_PLACEMENT_3D('',#6272,#6273,#6274);
#6272 = CARTESIAN_POINT('',(-1.1664,0.,-2.142642039788E-16));
#6273 = DIRECTION('',(1.,0.,1.836970198721E-16));
#6274 = DIRECTION('',(-1.836970198721E-16,0.,1.));
#6275 = FACE_BOUND('',#6276,.T.);
#6276 = EDGE_LOOP('',(#6277,#6278));
#6277 = ORIENTED_EDGE('',*,*,#5553,.T.);
#6278 = ORIENTED_EDGE('',*,*,#6251,.T.);
#6279 = PLANE('',#6280);
#6280 = AXIS2_PLACEMENT_3D('',#6281,#6282,#6283);
#6281 = CARTESIAN_POINT('',(-1.1664,7.142140132627E-17,2.7244));
#6282 = DIRECTION('',(-1.,0.,-1.836970198721E-16));
#6283 = DIRECTION('',(1.836970198721E-16,0.,-1.));
#6284 = ADVANCED_FACE('',(#6285),#6297,.T.);
#6285 = FACE_BOUND('',#6286,.T.);
#6286 = EDGE_LOOP('',(#6287,#6288,#6295,#6296));
#6287 = ORIENTED_EDGE('',*,*,#5484,.T.);
#6288 = ORIENTED_EDGE('',*,*,#6289,.F.);
#6289 = EDGE_CURVE('',#5504,#5487,#6290,.T.);
#6290 = CIRCLE('',#6291,2.78);
#6291 = AXIS2_PLACEMENT_3D('',#6292,#6293,#6294);
#6292 = CARTESIAN_POINT('',(-1.0552,0.,-1.93837095369E-16));
#6293 = DIRECTION('',(1.,0.,1.836970198721E-16));
#6294 = DIRECTION('',(-1.836970198721E-16,0.,1.));
#6295 = ORIENTED_EDGE('',*,*,#5503,.T.);
#6296 = ORIENTED_EDGE('',*,*,#6269,.T.);
#6297 = CYLINDRICAL_SURFACE('',#6298,2.78);
#6298 = AXIS2_PLACEMENT_3D('',#6299,#6300,#6301);
#6299 = CARTESIAN_POINT('',(-1.1108,0.,-2.040506496739E-16));
#6300 = DIRECTION('',(1.,0.,1.836970198721E-16));
#6301 = DIRECTION('',(-1.836970198721E-16,0.,1.));
#6302 = ADVANCED_FACE('',(#6303,#6313),#6317,.T.);
#6303 = FACE_BOUND('',#6304,.T.);
#6304 = EDGE_LOOP('',(#6305,#6306));
#6305 = ORIENTED_EDGE('',*,*,#5452,.F.);
#6306 = ORIENTED_EDGE('',*,*,#6307,.F.);
#6307 = EDGE_CURVE('',#5453,#5443,#6308,.T.);
#6308 = CIRCLE('',#6309,2.6688);
#6309 = AXIS2_PLACEMENT_3D('',#6310,#6311,#6312);
#6310 = CARTESIAN_POINT('',(-1.0552,0.,-1.93837095369E-16));
#6311 = DIRECTION('',(1.,0.,1.836970198721E-16));
#6312 = DIRECTION('',(-1.836970198721E-16,0.,1.));
#6313 = FACE_BOUND('',#6314,.T.);
#6314 = EDGE_LOOP('',(#6315,#6316));
#6315 = ORIENTED_EDGE('',*,*,#5511,.T.);
#6316 = ORIENTED_EDGE('',*,*,#6289,.T.);
#6317 = PLANE('',#6318);
#6318 = AXIS2_PLACEMENT_3D('',#6319,#6320,#6321);
#6319 = CARTESIAN_POINT('',(-1.0552,6.461236512301E-17,2.7244));
#6320 = DIRECTION('',(1.,0.,1.836970198721E-16));
#6321 = DIRECTION('',(-1.836970198721E-16,0.,1.));
#6322 = ADVANCED_FACE('',(#6323),#6335,.T.);
#6323 = FACE_BOUND('',#6324,.T.);
#6324 = EDGE_LOOP('',(#6325,#6326,#6333,#6334));
#6325 = ORIENTED_EDGE('',*,*,#5442,.T.);
#6326 = ORIENTED_EDGE('',*,*,#6327,.F.);
#6327 = EDGE_CURVE('',#5462,#5445,#6328,.T.);
#6328 = CIRCLE('',#6329,2.6688);
#6329 = AXIS2_PLACEMENT_3D('',#6330,#6331,#6332);
#6330 = CARTESIAN_POINT('',(-0.944,0.,-1.734099867593E-16));
#6331 = DIRECTION('',(1.,0.,1.836970198721E-16));
#6332 = DIRECTION('',(-1.836970198721E-16,0.,1.));
#6333 = ORIENTED_EDGE('',*,*,#5461,.T.);
#6334 = ORIENTED_EDGE('',*,*,#6307,.T.);
#6335 = CYLINDRICAL_SURFACE('',#6336,2.6688);
#6336 = AXIS2_PLACEMENT_3D('',#6337,#6338,#6339);
#6337 = CARTESIAN_POINT('',(-0.9996,0.,-1.836235410642E-16));
#6338 = DIRECTION('',(1.,0.,1.836970198721E-16));
#6339 = DIRECTION('',(-1.836970198721E-16,0.,1.));
#6340 = ADVANCED_FACE('',(#6341,#6351),#6355,.T.);
#6341 = FACE_BOUND('',#6342,.T.);
#6342 = EDGE_LOOP('',(#6343,#6344));
#6343 = ORIENTED_EDGE('',*,*,#5418,.F.);
#6344 = ORIENTED_EDGE('',*,*,#6345,.F.);
#6345 = EDGE_CURVE('',#5419,#5411,#6346,.T.);
#6346 = CIRCLE('',#6347,2.78);
#6347 = AXIS2_PLACEMENT_3D('',#6348,#6349,#6350);
#6348 = CARTESIAN_POINT('',(-0.944,0.,-1.734099867593E-16));
#6349 = DIRECTION('',(1.,0.,1.836970198721E-16));
#6350 = DIRECTION('',(-1.836970198721E-16,0.,1.));
#6351 = FACE_BOUND('',#6352,.T.);
#6352 = EDGE_LOOP('',(#6353,#6354));
#6353 = ORIENTED_EDGE('',*,*,#5469,.T.);
#6354 = ORIENTED_EDGE('',*,*,#6327,.T.);
#6355 = PLANE('',#6356);
#6356 = AXIS2_PLACEMENT_3D('',#6357,#6358,#6359);
#6357 = CARTESIAN_POINT('',(-0.944,5.780332891976E-17,2.7244));
#6358 = DIRECTION('',(-1.,0.,-1.836970198721E-16));
#6359 = DIRECTION('',(1.836970198721E-16,0.,-1.));
#6360 = ADVANCED_FACE('',(#6361),#6373,.T.);
#6361 = FACE_BOUND('',#6362,.T.);
#6362 = EDGE_LOOP('',(#6363,#6364,#6371,#6372));
#6363 = ORIENTED_EDGE('',*,*,#5410,.T.);
#6364 = ORIENTED_EDGE('',*,*,#6365,.F.);
#6365 = EDGE_CURVE('',#5379,#5369,#6366,.T.);
#6366 = CIRCLE('',#6367,2.78);
#6367 = AXIS2_PLACEMENT_3D('',#6368,#6369,#6370);
#6368 = CARTESIAN_POINT('',(-0.1112,0.,-2.042710860978E-17));
#6369 = DIRECTION('',(1.,0.,1.836970198721E-16));
#6370 = DIRECTION('',(-1.836970198721E-16,0.,1.));
#6371 = ORIENTED_EDGE('',*,*,#5427,.T.);
#6372 = ORIENTED_EDGE('',*,*,#6345,.T.);
#6373 = CYLINDRICAL_SURFACE('',#6374,2.78);
#6374 = AXIS2_PLACEMENT_3D('',#6375,#6376,#6377);
#6375 = CARTESIAN_POINT('',(-0.5276,0.,-9.691854768452E-17));
#6376 = DIRECTION('',(1.,0.,1.836970198721E-16));
#6377 = DIRECTION('',(-1.836970198721E-16,0.,1.));
#6378 = ADVANCED_FACE('',(#6379),#6391,.T.);
#6379 = FACE_BOUND('',#6380,.T.);
#6380 = EDGE_LOOP('',(#6381,#6382,#6389,#6390));
#6381 = ORIENTED_EDGE('',*,*,#5368,.T.);
#6382 = ORIENTED_EDGE('',*,*,#6383,.F.);
#6383 = EDGE_CURVE('',#5388,#5371,#6384,.T.);
#6384 = CIRCLE('',#6385,2.6688);
#6385 = AXIS2_PLACEMENT_3D('',#6386,#6387,#6388);
#6386 = CARTESIAN_POINT('',(0.,0.,0.));
#6387 = DIRECTION('',(1.,0.,1.836970198721E-16));
#6388 = DIRECTION('',(-1.836970198721E-16,0.,1.));
#6389 = ORIENTED_EDGE('',*,*,#5387,.T.);
#6390 = ORIENTED_EDGE('',*,*,#6365,.T.);
#6391 = CONICAL_SURFACE('',#6392,2.7244,0.785398163397);
#6392 = AXIS2_PLACEMENT_3D('',#6393,#6394,#6395);
#6393 = CARTESIAN_POINT('',(-5.56E-02,0.,-1.021355430489E-17));
#6394 = DIRECTION('',(-1.,-0.,-1.836970198721E-16));
#6395 = DIRECTION('',(-1.836970198721E-16,0.,1.));
#6396 = ADVANCED_FACE('',(#6397,#6401),#6405,.T.);
#6397 = FACE_BOUND('',#6398,.T.);
#6398 = EDGE_LOOP('',(#6399,#6400));
#6399 = ORIENTED_EDGE('',*,*,#5986,.T.);
#6400 = ORIENTED_EDGE('',*,*,#5946,.T.);
#6401 = FACE_BOUND('',#6402,.T.);
#6402 = EDGE_LOOP('',(#6403,#6404));
#6403 = ORIENTED_EDGE('',*,*,#5395,.T.);
#6404 = ORIENTED_EDGE('',*,*,#6383,.T.);
#6405 = PLANE('',#6406);
#6406 = AXIS2_PLACEMENT_3D('',#6407,#6408,#6409);
#6407 = CARTESIAN_POINT('',(-2.451253033173E-16,0.,1.3344));
#6408 = DIRECTION('',(1.,0.,1.836970198721E-16));
#6409 = DIRECTION('',(-1.836970198721E-16,0.,1.));
#6410 = ORIENTED_CLOSED_SHELL('',*,#6411,.F.);
#6411 = CLOSED_SHELL('',(#6412,#6452,#6483,#6514,#6545,#6576,#6607,#6638
    ,#6669,#6691,#6731,#6762,#6793,#6824,#6855,#6870,#6885,#6916,#6947,
    #6978,#7009,#7040,#7055,#7070,#7101,#7132,#7163,#7194,#7225,#7256,
    #7287,#7318,#7349,#7380,#7411,#7442,#7473,#7495,#7538));
#6412 = ADVANCED_FACE('',(#6413),#6447,.F.);
#6413 = FACE_BOUND('',#6414,.F.);
#6414 = EDGE_LOOP('',(#6415,#6425,#6433,#6441));
#6415 = ORIENTED_EDGE('',*,*,#6416,.T.);
#6416 = EDGE_CURVE('',#6417,#6419,#6421,.T.);
#6417 = VERTEX_POINT('',#6418);
#6418 = CARTESIAN_POINT('',(-0.125537720526,-0.441886468313,
    2.485537089699));
#6419 = VERTEX_POINT('',#6420);
#6420 = CARTESIAN_POINT('',(-0.125537720526,-0.442001247055,
    2.496825791515));
#6421 = LINE('',#6422,#6423);
#6422 = CARTESIAN_POINT('',(-0.125537720526,-0.441886468313,2.4864733491
    ));
#6423 = VECTOR('',#6424,1.);
#6424 = DIRECTION('',(4.839607447432E-17,-9.368720098096E-33,1.));
#6425 = ORIENTED_EDGE('',*,*,#6426,.F.);
#6426 = EDGE_CURVE('',#6427,#6419,#6429,.T.);
#6427 = VERTEX_POINT('',#6428);
#6428 = CARTESIAN_POINT('',(-0.1112,-0.442001247055,2.496825791515));
#6429 = LINE('',#6430,#6431);
#6430 = CARTESIAN_POINT('',(-0.1112,-0.442001247055,2.496825791515));
#6431 = VECTOR('',#6432,1.);
#6432 = DIRECTION('',(-1.,1.935842978973E-16,4.839607447432E-17));
#6433 = ORIENTED_EDGE('',*,*,#6434,.T.);
#6434 = EDGE_CURVE('',#6427,#6435,#6437,.T.);
#6435 = VERTEX_POINT('',#6436);
#6436 = CARTESIAN_POINT('',(-0.1112,-0.441886468313,2.485537089699));
#6437 = LINE('',#6438,#6439);
#6438 = CARTESIAN_POINT('',(-0.1112,-0.441886468313,2.4864733491));
#6439 = VECTOR('',#6440,1.);
#6440 = DIRECTION('',(-4.839607447432E-17,9.368720098096E-33,-1.));
#6441 = ORIENTED_EDGE('',*,*,#6442,.T.);
#6442 = EDGE_CURVE('',#6435,#6417,#6443,.T.);
#6443 = LINE('',#6444,#6445);
#6444 = CARTESIAN_POINT('',(-0.1112,-0.441886468313,2.485537089699));
#6445 = VECTOR('',#6446,1.);
#6446 = DIRECTION('',(-1.,1.935842978973E-16,4.839607447432E-17));
#6447 = PLANE('',#6448);
#6448 = AXIS2_PLACEMENT_3D('',#6449,#6450,#6451);
#6449 = CARTESIAN_POINT('',(-0.1112,-0.441886468313,2.491163373583));
#6450 = DIRECTION('',(1.935842978973E-16,1.,0.));
#6451 = DIRECTION('',(-4.839607447432E-17,9.368720098096E-33,-1.));
#6452 = ADVANCED_FACE('',(#6453),#6478,.F.);
#6453 = FACE_BOUND('',#6454,.F.);
#6454 = EDGE_LOOP('',(#6455,#6463,#6471,#6477));
#6455 = ORIENTED_EDGE('',*,*,#6456,.T.);
#6456 = EDGE_CURVE('',#6419,#6457,#6459,.T.);
#6457 = VERTEX_POINT('',#6458);
#6458 = CARTESIAN_POINT('',(-0.125537720526,-0.445644409343,
    2.497248772434));
#6459 = LINE('',#6460,#6461);
#6460 = CARTESIAN_POINT('',(-0.125537720526,-0.445287928004,
    2.497209688335));
#6461 = VECTOR('',#6462,1.);
#6462 = DIRECTION('',(-1.871567133299E-16,-0.994043342248,0.108985474873
    ));
#6463 = ORIENTED_EDGE('',*,*,#6464,.F.);
#6464 = EDGE_CURVE('',#6465,#6457,#6467,.T.);
#6465 = VERTEX_POINT('',#6466);
#6466 = CARTESIAN_POINT('',(-0.1112,-0.445644409343,2.497248772434));
#6467 = LINE('',#6468,#6469);
#6468 = CARTESIAN_POINT('',(-0.1112,-0.445644409343,2.497248772434));
#6469 = VECTOR('',#6470,1.);
#6470 = DIRECTION('',(-1.,1.935842978973E-16,4.839607447432E-17));
#6471 = ORIENTED_EDGE('',*,*,#6472,.T.);
#6472 = EDGE_CURVE('',#6465,#6427,#6473,.T.);
#6473 = LINE('',#6474,#6475);
#6474 = CARTESIAN_POINT('',(-0.1112,-0.445287928004,2.497209688335));
#6475 = VECTOR('',#6476,1.);
#6476 = DIRECTION('',(1.871567133299E-16,0.994043342248,-0.108985474873)
  );
#6477 = ORIENTED_EDGE('',*,*,#6426,.T.);
#6478 = PLANE('',#6479);
#6479 = AXIS2_PLACEMENT_3D('',#6480,#6481,#6482);
#6480 = CARTESIAN_POINT('',(-0.1112,-0.44388021757,2.497055348999));
#6481 = DIRECTION('',(6.920567225642E-17,0.108985474873,0.994043342248)
  );
#6482 = DIRECTION('',(1.871567133299E-16,0.994043342248,-0.108985474873)
  );
#6483 = ADVANCED_FACE('',(#6484),#6509,.F.);
#6484 = FACE_BOUND('',#6485,.F.);
#6485 = EDGE_LOOP('',(#6486,#6494,#6502,#6508));
#6486 = ORIENTED_EDGE('',*,*,#6487,.T.);
#6487 = EDGE_CURVE('',#6457,#6488,#6490,.T.);
#6488 = VERTEX_POINT('',#6489);
#6489 = CARTESIAN_POINT('',(-0.125537720526,-0.448484120438,
    2.497248772434));
#6490 = LINE('',#6491,#6492);
#6491 = CARTESIAN_POINT('',(-0.125537720526,-0.448050778849,
    2.497248772434));
#6492 = VECTOR('',#6493,1.);
#6493 = DIRECTION('',(-1.935842978973E-16,-1.,0.));
#6494 = ORIENTED_EDGE('',*,*,#6495,.F.);
#6495 = EDGE_CURVE('',#6496,#6488,#6498,.T.);
#6496 = VERTEX_POINT('',#6497);
#6497 = CARTESIAN_POINT('',(-0.1112,-0.448484120438,2.497248772434));
#6498 = LINE('',#6499,#6500);
#6499 = CARTESIAN_POINT('',(-0.1112,-0.448484120438,2.497248772434));
#6500 = VECTOR('',#6501,1.);
#6501 = DIRECTION('',(-1.,1.935842978973E-16,4.839607447432E-17));
#6502 = ORIENTED_EDGE('',*,*,#6503,.T.);
#6503 = EDGE_CURVE('',#6496,#6465,#6504,.T.);
#6504 = LINE('',#6505,#6506);
#6505 = CARTESIAN_POINT('',(-0.1112,-0.448050778849,2.497248772434));
#6506 = VECTOR('',#6507,1.);
#6507 = DIRECTION('',(1.935842978973E-16,1.,0.));
#6508 = ORIENTED_EDGE('',*,*,#6464,.T.);
#6509 = PLANE('',#6510);
#6510 = AXIS2_PLACEMENT_3D('',#6511,#6512,#6513);
#6511 = CARTESIAN_POINT('',(-0.1112,-0.447697673503,2.497248772434));
#6512 = DIRECTION('',(4.839607447432E-17,-9.368720098096E-33,1.));
#6513 = DIRECTION('',(1.935842978973E-16,1.,1.368455531567E-48));
#6514 = ADVANCED_FACE('',(#6515),#6540,.F.);
#6515 = FACE_BOUND('',#6516,.F.);
#6516 = EDGE_LOOP('',(#6517,#6525,#6533,#6539));
#6517 = ORIENTED_EDGE('',*,*,#6518,.T.);
#6518 = EDGE_CURVE('',#6488,#6519,#6521,.T.);
#6519 = VERTEX_POINT('',#6520);
#6520 = CARTESIAN_POINT('',(-0.125537720526,-0.453236810564,
    2.495616363661));
#6521 = LINE('',#6522,#6523);
#6522 = CARTESIAN_POINT('',(-0.125537720526,-0.452012105021,
    2.496037013866));
#6523 = VECTOR('',#6524,1.);
#6524 = DIRECTION('',(-1.988069455365E-16,-0.945767839692,-0.32484333671
    ));
#6525 = ORIENTED_EDGE('',*,*,#6526,.F.);
#6526 = EDGE_CURVE('',#6527,#6519,#6529,.T.);
#6527 = VERTEX_POINT('',#6528);
#6528 = CARTESIAN_POINT('',(-0.1112,-0.453236810564,2.495616363661));
#6529 = LINE('',#6530,#6531);
#6530 = CARTESIAN_POINT('',(-0.1112,-0.453236810564,2.495616363661));
#6531 = VECTOR('',#6532,1.);
#6532 = DIRECTION('',(-1.,1.935842978973E-16,4.839607447432E-17));
#6533 = ORIENTED_EDGE('',*,*,#6534,.T.);
#6534 = EDGE_CURVE('',#6527,#6496,#6535,.T.);
#6535 = LINE('',#6536,#6537);
#6536 = CARTESIAN_POINT('',(-0.1112,-0.452012105021,2.496037013866));
#6537 = VECTOR('',#6538,1.);
#6538 = DIRECTION('',(1.988069455365E-16,0.945767839692,0.32484333671));
#6539 = ORIENTED_EDGE('',*,*,#6495,.T.);
#6540 = PLANE('',#6541);
#6541 = AXIS2_PLACEMENT_3D('',#6542,#6543,#6544);
#6542 = CARTESIAN_POINT('',(-0.1112,-0.450860465501,2.496432568047));
#6543 = DIRECTION('',(-1.711311845845E-17,-0.32484333671,0.945767839692)
  );
#6544 = DIRECTION('',(1.988069455365E-16,0.945767839692,0.32484333671));
#6545 = ADVANCED_FACE('',(#6546),#6571,.F.);
#6546 = FACE_BOUND('',#6547,.F.);
#6547 = EDGE_LOOP('',(#6548,#6556,#6564,#6570));
#6548 = ORIENTED_EDGE('',*,*,#6549,.T.);
#6549 = EDGE_CURVE('',#6519,#6550,#6552,.T.);
#6550 = VERTEX_POINT('',#6551);
#6551 = CARTESIAN_POINT('',(-0.125537720526,-0.45528582366,
    2.492360048244));
#6552 = LINE('',#6553,#6554);
#6553 = CARTESIAN_POINT('',(-0.125537720526,-0.456181377669,
    2.490936823407));
#6554 = VECTOR('',#6555,1.);
#6555 = DIRECTION('',(-1.440603836263E-16,-0.532578803246,
    -0.846380421757));
#6556 = ORIENTED_EDGE('',*,*,#6557,.F.);
#6557 = EDGE_CURVE('',#6558,#6550,#6560,.T.);
#6558 = VERTEX_POINT('',#6559);
#6559 = CARTESIAN_POINT('',(-0.1112,-0.45528582366,2.492360048244));
#6560 = LINE('',#6561,#6562);
#6561 = CARTESIAN_POINT('',(-0.1112,-0.45528582366,2.492360048244));
#6562 = VECTOR('',#6563,1.);
#6563 = DIRECTION('',(-1.,1.935842978973E-16,4.839607447432E-17));
#6564 = ORIENTED_EDGE('',*,*,#6565,.T.);
#6565 = EDGE_CURVE('',#6558,#6527,#6566,.T.);
#6566 = LINE('',#6567,#6568);
#6567 = CARTESIAN_POINT('',(-0.1112,-0.456181377669,2.490936823407));
#6568 = VECTOR('',#6569,1.);
#6569 = DIRECTION('',(1.440603836263E-16,0.532578803246,0.846380421757)
  );
#6570 = ORIENTED_EDGE('',*,*,#6526,.T.);
#6571 = PLANE('',#6572);
#6572 = AXIS2_PLACEMENT_3D('',#6573,#6574,#6575);
#6573 = CARTESIAN_POINT('',(-0.1112,-0.454261317112,2.493988205952));
#6574 = DIRECTION('',(-1.380712362744E-16,-0.846380421757,0.532578803246
    ));
#6575 = DIRECTION('',(1.440603836263E-16,0.532578803246,0.846380421757)
  );
#6576 = ADVANCED_FACE('',(#6577),#6602,.F.);
#6577 = FACE_BOUND('',#6578,.F.);
#6578 = EDGE_LOOP('',(#6579,#6587,#6595,#6601));
#6579 = ORIENTED_EDGE('',*,*,#6580,.T.);
#6580 = EDGE_CURVE('',#6550,#6581,#6583,.T.);
#6581 = VERTEX_POINT('',#6582);
#6582 = CARTESIAN_POINT('',(-0.125537720526,-0.45528582366,
    2.490196256406));
#6583 = LINE('',#6584,#6585);
#6584 = CARTESIAN_POINT('',(-0.125537720526,-0.45528582366,
    2.486259733108));
#6585 = VECTOR('',#6586,1.);
#6586 = DIRECTION('',(-4.839607447432E-17,9.368720098096E-33,-1.));
#6587 = ORIENTED_EDGE('',*,*,#6588,.F.);
#6588 = EDGE_CURVE('',#6589,#6581,#6591,.T.);
#6589 = VERTEX_POINT('',#6590);
#6590 = CARTESIAN_POINT('',(-0.1112,-0.45528582366,2.490196256406));
#6591 = LINE('',#6592,#6593);
#6592 = CARTESIAN_POINT('',(-0.1112,-0.45528582366,2.490196256406));
#6593 = VECTOR('',#6594,1.);
#6594 = DIRECTION('',(-1.,1.935842978973E-16,4.839607447432E-17));
#6595 = ORIENTED_EDGE('',*,*,#6596,.T.);
#6596 = EDGE_CURVE('',#6589,#6558,#6597,.T.);
#6597 = LINE('',#6598,#6599);
#6598 = CARTESIAN_POINT('',(-0.1112,-0.45528582366,2.486259733108));
#6599 = VECTOR('',#6600,1.);
#6600 = DIRECTION('',(4.839607447432E-17,-9.368720098096E-33,1.));
#6601 = ORIENTED_EDGE('',*,*,#6557,.T.);
#6602 = PLANE('',#6603);
#6603 = AXIS2_PLACEMENT_3D('',#6604,#6605,#6606);
#6604 = CARTESIAN_POINT('',(-0.1112,-0.45528582366,2.490736141599));
#6605 = DIRECTION('',(-1.935842978973E-16,-1.,0.));
#6606 = DIRECTION('',(4.839607447432E-17,-9.368720098096E-33,1.));
#6607 = ADVANCED_FACE('',(#6608),#6633,.F.);
#6608 = FACE_BOUND('',#6609,.F.);
#6609 = EDGE_LOOP('',(#6610,#6618,#6626,#6632));
#6610 = ORIENTED_EDGE('',*,*,#6611,.T.);
#6611 = EDGE_CURVE('',#6581,#6612,#6614,.T.);
#6612 = VERTEX_POINT('',#6613);
#6613 = CARTESIAN_POINT('',(-0.125537720526,-0.452611904081,
    2.486893179279));
#6614 = LINE('',#6615,#6616);
#6615 = CARTESIAN_POINT('',(-0.125537720526,-0.451197962153,
    2.485146545133));
#6616 = VECTOR('',#6617,1.);
#6617 = DIRECTION('',(8.418729668736E-17,0.629198228668,-0.777244870707)
  );
#6618 = ORIENTED_EDGE('',*,*,#6619,.F.);
#6619 = EDGE_CURVE('',#6620,#6612,#6622,.T.);
#6620 = VERTEX_POINT('',#6621);
#6621 = CARTESIAN_POINT('',(-0.1112,-0.452611904081,2.486893179279));
#6622 = LINE('',#6623,#6624);
#6623 = CARTESIAN_POINT('',(-0.1112,-0.452611904081,2.486893179279));
#6624 = VECTOR('',#6625,1.);
#6625 = DIRECTION('',(-1.,1.935842978973E-16,4.839607447432E-17));
#6626 = ORIENTED_EDGE('',*,*,#6627,.T.);
#6627 = EDGE_CURVE('',#6620,#6589,#6628,.T.);
#6628 = LINE('',#6629,#6630);
#6629 = CARTESIAN_POINT('',(-0.1112,-0.451197962153,2.485146545133));
#6630 = VECTOR('',#6631,1.);
#6631 = DIRECTION('',(-8.418729668736E-17,-0.629198228668,0.777244870707
    ));
#6632 = ORIENTED_EDGE('',*,*,#6588,.T.);
#6633 = PLANE('',#6634);
#6634 = AXIS2_PLACEMENT_3D('',#6635,#6636,#6637);
#6635 = CARTESIAN_POINT('',(-0.1112,-0.45394886387,2.488544717843));
#6636 = DIRECTION('',(-1.809131269239E-16,-0.777244870707,
    -0.629198228668));
#6637 = DIRECTION('',(-8.418729668736E-17,-0.629198228668,0.777244870707
    ));
#6638 = ADVANCED_FACE('',(#6639),#6664,.F.);
#6639 = FACE_BOUND('',#6640,.F.);
#6640 = EDGE_LOOP('',(#6641,#6649,#6657,#6663));
#6641 = ORIENTED_EDGE('',*,*,#6642,.T.);
#6642 = EDGE_CURVE('',#6612,#6643,#6645,.T.);
#6643 = VERTEX_POINT('',#6644);
#6644 = CARTESIAN_POINT('',(-0.125537720526,-0.4477699416,2.485537089699
    ));
#6645 = LINE('',#6646,#6647);
#6646 = CARTESIAN_POINT('',(-0.125537720526,-0.448786923292,
    2.485821916003));
#6647 = VECTOR('',#6648,1.);
#6648 = DIRECTION('',(1.733592485409E-16,0.962946456781,-0.269692642417)
  );
#6649 = ORIENTED_EDGE('',*,*,#6650,.F.);
#6650 = EDGE_CURVE('',#6651,#6643,#6653,.T.);
#6651 = VERTEX_POINT('',#6652);
#6652 = CARTESIAN_POINT('',(-0.1112,-0.4477699416,2.485537089699));
#6653 = LINE('',#6654,#6655);
#6654 = CARTESIAN_POINT('',(-0.1112,-0.4477699416,2.485537089699));
#6655 = VECTOR('',#6656,1.);
#6656 = DIRECTION('',(-1.,1.935842978973E-16,4.839607447432E-17));
#6657 = ORIENTED_EDGE('',*,*,#6658,.T.);
#6658 = EDGE_CURVE('',#6651,#6620,#6659,.T.);
#6659 = LINE('',#6660,#6661);
#6660 = CARTESIAN_POINT('',(-0.1112,-0.448786923292,2.485821916003));
#6661 = VECTOR('',#6662,1.);
#6662 = DIRECTION('',(-1.733592485409E-16,-0.962946456781,0.269692642417
    ));
#6663 = ORIENTED_EDGE('',*,*,#6619,.T.);
#6664 = PLANE('',#6665);
#6665 = AXIS2_PLACEMENT_3D('',#6666,#6667,#6668);
#6666 = CARTESIAN_POINT('',(-0.1112,-0.45019092284,2.486215134489));
#6667 = DIRECTION('',(-9.881108926749E-17,-0.269692642417,
    -0.962946456781));
#6668 = DIRECTION('',(-1.733592485409E-16,-0.962946456781,0.269692642417
    ));
#6669 = ADVANCED_FACE('',(#6670),#6686,.F.);
#6670 = FACE_BOUND('',#6671,.F.);
#6671 = EDGE_LOOP('',(#6672,#6678,#6679,#6685));
#6672 = ORIENTED_EDGE('',*,*,#6673,.T.);
#6673 = EDGE_CURVE('',#6643,#6417,#6674,.T.);
#6674 = LINE('',#6675,#6676);
#6675 = CARTESIAN_POINT('',(-0.125537720526,-0.446217507278,
    2.485537089699));
#6676 = VECTOR('',#6677,1.);
#6677 = DIRECTION('',(1.935842978973E-16,1.,0.));
#6678 = ORIENTED_EDGE('',*,*,#6442,.F.);
#6679 = ORIENTED_EDGE('',*,*,#6680,.T.);
#6680 = EDGE_CURVE('',#6435,#6651,#6681,.T.);
#6681 = LINE('',#6682,#6683);
#6682 = CARTESIAN_POINT('',(-0.1112,-0.446217507278,2.485537089699));
#6683 = VECTOR('',#6684,1.);
#6684 = DIRECTION('',(-1.935842978973E-16,-1.,0.));
#6685 = ORIENTED_EDGE('',*,*,#6650,.T.);
#6686 = PLANE('',#6687);
#6687 = AXIS2_PLACEMENT_3D('',#6688,#6689,#6690);
#6688 = CARTESIAN_POINT('',(-0.1112,-0.44403113036,2.485537089699));
#6689 = DIRECTION('',(-4.839607447432E-17,9.368720098096E-33,-1.));
#6690 = DIRECTION('',(-1.935842978973E-16,-1.,-1.368455531567E-48));
#6691 = ADVANCED_FACE('',(#6692),#6726,.T.);
#6692 = FACE_BOUND('',#6693,.F.);
#6693 = EDGE_LOOP('',(#6694,#6704,#6712,#6720));
#6694 = ORIENTED_EDGE('',*,*,#6695,.F.);
#6695 = EDGE_CURVE('',#6696,#6698,#6700,.T.);
#6696 = VERTEX_POINT('',#6697);
#6697 = CARTESIAN_POINT('',(-0.125537720526,-0.432546879577,
    2.463508073391));
#6698 = VERTEX_POINT('',#6699);
#6699 = CARTESIAN_POINT('',(-0.125537720526,-0.432995366883,
    2.502624243511));
#6700 = LINE('',#6701,#6702);
#6701 = CARTESIAN_POINT('',(-0.125537720526,-0.432546879577,
    2.502532845624));
#6702 = VECTOR('',#6703,1.);
#6703 = DIRECTION('',(4.839607447432E-17,-9.368720098096E-33,1.));
#6704 = ORIENTED_EDGE('',*,*,#6705,.F.);
#6705 = EDGE_CURVE('',#6706,#6696,#6708,.T.);
#6706 = VERTEX_POINT('',#6707);
#6707 = CARTESIAN_POINT('',(-0.1112,-0.432546879577,2.463508073391));
#6708 = LINE('',#6709,#6710);
#6709 = CARTESIAN_POINT('',(-0.1112,-0.432546879577,2.463508073391));
#6710 = VECTOR('',#6711,1.);
#6711 = DIRECTION('',(-1.,1.935842978973E-16,4.839607447432E-17));
#6712 = ORIENTED_EDGE('',*,*,#6713,.F.);
#6713 = EDGE_CURVE('',#6714,#6706,#6716,.T.);
#6714 = VERTEX_POINT('',#6715);
#6715 = CARTESIAN_POINT('',(-0.1112,-0.432995366883,2.502624243511));
#6716 = LINE('',#6717,#6718);
#6717 = CARTESIAN_POINT('',(-0.1112,-0.432546879577,2.502532845624));
#6718 = VECTOR('',#6719,1.);
#6719 = DIRECTION('',(-4.839607447432E-17,9.368720098096E-33,-1.));
#6720 = ORIENTED_EDGE('',*,*,#6721,.T.);
#6721 = EDGE_CURVE('',#6714,#6698,#6722,.T.);
#6722 = LINE('',#6723,#6724);
#6723 = CARTESIAN_POINT('',(-0.1112,-0.432995366883,2.502624243511));
#6724 = VECTOR('',#6725,1.);
#6725 = DIRECTION('',(-1.,1.935842978973E-16,4.839607447432E-17));
#6726 = PLANE('',#6727);
#6727 = AXIS2_PLACEMENT_3D('',#6728,#6729,#6730);
#6728 = CARTESIAN_POINT('',(-0.1112,-0.432546879577,2.483020459507));
#6729 = DIRECTION('',(1.935842978973E-16,1.,0.));
#6730 = DIRECTION('',(-4.839607447432E-17,9.368720098096E-33,-1.));
#6731 = ADVANCED_FACE('',(#6732),#6757,.T.);
#6732 = FACE_BOUND('',#6733,.F.);
#6733 = EDGE_LOOP('',(#6734,#6742,#6743,#6751));
#6734 = ORIENTED_EDGE('',*,*,#6735,.F.);
#6735 = EDGE_CURVE('',#6698,#6736,#6738,.T.);
#6736 = VERTEX_POINT('',#6737);
#6737 = CARTESIAN_POINT('',(-0.125537720526,-0.444080017602,
    2.503965454365));
#6738 = LINE('',#6739,#6740);
#6739 = CARTESIAN_POINT('',(-0.125537720526,-0.444080017602,
    2.503965454365));
#6740 = VECTOR('',#6741,1.);
#6741 = DIRECTION('',(-1.866135377903E-16,-0.993166852014,0.116703059349
    ));
#6742 = ORIENTED_EDGE('',*,*,#6721,.F.);
#6743 = ORIENTED_EDGE('',*,*,#6744,.F.);
#6744 = EDGE_CURVE('',#6745,#6714,#6747,.T.);
#6745 = VERTEX_POINT('',#6746);
#6746 = CARTESIAN_POINT('',(-0.1112,-0.444080017602,2.503965454365));
#6747 = LINE('',#6748,#6749);
#6748 = CARTESIAN_POINT('',(-0.1112,-0.444080017602,2.503965454365));
#6749 = VECTOR('',#6750,1.);
#6750 = DIRECTION('',(1.866135377903E-16,0.993166852014,-0.116703059349)
  );
#6751 = ORIENTED_EDGE('',*,*,#6752,.T.);
#6752 = EDGE_CURVE('',#6745,#6736,#6753,.T.);
#6753 = LINE('',#6754,#6755);
#6754 = CARTESIAN_POINT('',(-0.1112,-0.444080017602,2.503965454365));
#6755 = VECTOR('',#6756,1.);
#6756 = DIRECTION('',(-1.,1.935842978973E-16,4.839607447432E-17));
#6757 = PLANE('',#6758);
#6758 = AXIS2_PLACEMENT_3D('',#6759,#6760,#6761);
#6759 = CARTESIAN_POINT('',(-0.1112,-0.438761935896,2.503340547882));
#6760 = DIRECTION('',(7.065725674208E-17,0.116703059349,0.993166852014)
  );
#6761 = DIRECTION('',(1.866135377903E-16,0.993166852014,-0.116703059349)
  );
#6762 = ADVANCED_FACE('',(#6763),#6788,.T.);
#6763 = FACE_BOUND('',#6764,.F.);
#6764 = EDGE_LOOP('',(#6765,#6773,#6774,#6782));
#6765 = ORIENTED_EDGE('',*,*,#6766,.F.);
#6766 = EDGE_CURVE('',#6736,#6767,#6769,.T.);
#6767 = VERTEX_POINT('',#6768);
#6768 = CARTESIAN_POINT('',(-0.125537720526,-0.449750937663,
    2.503965454365));
#6769 = LINE('',#6770,#6771);
#6770 = CARTESIAN_POINT('',(-0.125537720526,-0.447625405407,
    2.503965454365));
#6771 = VECTOR('',#6772,1.);
#6772 = DIRECTION('',(-1.935842978973E-16,-1.,0.));
#6773 = ORIENTED_EDGE('',*,*,#6752,.F.);
#6774 = ORIENTED_EDGE('',*,*,#6775,.F.);
#6775 = EDGE_CURVE('',#6776,#6745,#6778,.T.);
#6776 = VERTEX_POINT('',#6777);
#6777 = CARTESIAN_POINT('',(-0.1112,-0.449750937663,2.503965454365));
#6778 = LINE('',#6779,#6780);
#6779 = CARTESIAN_POINT('',(-0.1112,-0.449750937663,2.503965454365));
#6780 = VECTOR('',#6781,1.);
#6781 = DIRECTION('',(1.935842978973E-16,1.,0.));
#6782 = ORIENTED_EDGE('',*,*,#6783,.T.);
#6783 = EDGE_CURVE('',#6776,#6767,#6784,.T.);
#6784 = LINE('',#6785,#6786);
#6785 = CARTESIAN_POINT('',(-0.1112,-0.449750937663,2.503965454365));
#6786 = VECTOR('',#6787,1.);
#6787 = DIRECTION('',(-1.,1.935842978973E-16,4.839607447432E-17));
#6788 = PLANE('',#6789);
#6789 = AXIS2_PLACEMENT_3D('',#6790,#6791,#6792);
#6790 = CARTESIAN_POINT('',(-0.1112,-0.448688171535,2.503965454365));
#6791 = DIRECTION('',(4.839607447432E-17,-9.368720098096E-33,1.));
#6792 = DIRECTION('',(1.935842978973E-16,1.,1.368455531567E-48));
#6793 = ADVANCED_FACE('',(#6794),#6819,.T.);
#6794 = FACE_BOUND('',#6795,.F.);
#6795 = EDGE_LOOP('',(#6796,#6804,#6805,#6813));
#6796 = ORIENTED_EDGE('',*,*,#6797,.F.);
#6797 = EDGE_CURVE('',#6767,#6798,#6800,.T.);
#6798 = VERTEX_POINT('',#6799);
#6799 = CARTESIAN_POINT('',(-0.125537720526,-0.456140287627,
    2.503132245721));
#6800 = LINE('',#6801,#6802);
#6801 = CARTESIAN_POINT('',(-0.125537720526,-0.456140287627,
    2.503132245721));
#6802 = VECTOR('',#6803,1.);
#6803 = DIRECTION('',(-1.982171252689E-16,-0.991604089688,
    -0.129310979094));
#6804 = ORIENTED_EDGE('',*,*,#6783,.F.);
#6805 = ORIENTED_EDGE('',*,*,#6806,.F.);
#6806 = EDGE_CURVE('',#6807,#6776,#6809,.T.);
#6807 = VERTEX_POINT('',#6808);
#6808 = CARTESIAN_POINT('',(-0.1112,-0.456140287627,2.503132245721));
#6809 = LINE('',#6810,#6811);
#6810 = CARTESIAN_POINT('',(-0.1112,-0.456140287627,2.503132245721));
#6811 = VECTOR('',#6812,1.);
#6812 = DIRECTION('',(1.982171252689E-16,0.991604089688,0.129310979094)
  );
#6813 = ORIENTED_EDGE('',*,*,#6814,.T.);
#6814 = EDGE_CURVE('',#6807,#6798,#6815,.T.);
#6815 = LINE('',#6816,#6817);
#6816 = CARTESIAN_POINT('',(-0.1112,-0.456140287627,2.503132245721));
#6817 = VECTOR('',#6818,1.);
#6818 = DIRECTION('',(-1.,1.935842978973E-16,4.839607447432E-17));
#6819 = PLANE('',#6820);
#6820 = AXIS2_PLACEMENT_3D('',#6821,#6822,#6823);
#6821 = CARTESIAN_POINT('',(-0.1112,-0.452945612645,2.503548850043));
#6822 = DIRECTION('',(2.295717027518E-17,-0.129310979094,0.991604089688)
  );
#6823 = DIRECTION('',(1.982171252689E-16,0.991604089688,0.129310979094)
  );
#6824 = ADVANCED_FACE('',(#6825),#6850,.T.);
#6825 = FACE_BOUND('',#6826,.F.);
#6826 = EDGE_LOOP('',(#6827,#6835,#6836,#6844));
#6827 = ORIENTED_EDGE('',*,*,#6828,.F.);
#6828 = EDGE_CURVE('',#6798,#6829,#6831,.T.);
#6829 = VERTEX_POINT('',#6830);
#6830 = CARTESIAN_POINT('',(-0.125537720526,-0.461156543753,
    2.500881307061));
#6831 = LINE('',#6832,#6833);
#6832 = CARTESIAN_POINT('',(-0.125537720526,-0.46052313514,
    2.501329794367));
#6833 = VECTOR('',#6834,1.);
#6834 = DIRECTION('',(-1.974426530328E-16,-0.924845208534,
    -0.380343713306));
#6835 = ORIENTED_EDGE('',*,*,#6814,.F.);
#6836 = ORIENTED_EDGE('',*,*,#6837,.F.);
#6837 = EDGE_CURVE('',#6838,#6807,#6840,.T.);
#6838 = VERTEX_POINT('',#6839);
#6839 = CARTESIAN_POINT('',(-0.1112,-0.461156543753,2.500881307061));
#6840 = LINE('',#6841,#6842);
#6841 = CARTESIAN_POINT('',(-0.1112,-0.46052313514,2.501329794367));
#6842 = VECTOR('',#6843,1.);
#6843 = DIRECTION('',(1.974426530328E-16,0.924845208534,0.380343713306)
  );
#6844 = ORIENTED_EDGE('',*,*,#6845,.T.);
#6845 = EDGE_CURVE('',#6838,#6829,#6846,.T.);
#6846 = LINE('',#6847,#6848);
#6847 = CARTESIAN_POINT('',(-0.1112,-0.461156543753,2.500881307061));
#6848 = VECTOR('',#6849,1.);
#6849 = DIRECTION('',(-1.,1.935842978973E-16,4.839607447432E-17));
#6850 = PLANE('',#6851);
#6851 = AXIS2_PLACEMENT_3D('',#6852,#6853,#6854);
#6852 = CARTESIAN_POINT('',(-0.1112,-0.458331711384,2.502231020044));
#6853 = DIRECTION('',(-2.886969311055E-17,-0.380343713306,0.924845208534
    ));
#6854 = DIRECTION('',(1.974426530328E-16,0.924845208534,0.380343713306)
  );
#6855 = ADVANCED_FACE('',(#6856),#6865,.T.);
#6856 = FACE_BOUND('',#6857,.F.);
#6857 = EDGE_LOOP('',(#6858,#6859));
#6858 = ORIENTED_EDGE('',*,*,#6845,.F.);
#6859 = ORIENTED_EDGE('',*,*,#6860,.T.);
#6860 = EDGE_CURVE('',#6838,#6829,#6861,.T.);
#6861 = LINE('',#6862,#6863);
#6862 = CARTESIAN_POINT('',(-0.1112,-0.461156543753,2.500881307061));
#6863 = VECTOR('',#6864,1.);
#6864 = DIRECTION('',(-1.,1.935842978973E-16,4.839607447432E-17));
#6865 = PLANE('',#6866);
#6866 = AXIS2_PLACEMENT_3D('',#6867,#6868,#6869);
#6867 = CARTESIAN_POINT('',(-0.1112,-0.460890852221,2.50108748369));
#6868 = DIRECTION('',(-6.610608230164E-17,-0.550236884445,0.835008605343
    ));
#6869 = DIRECTION('',(1.882738598416E-16,0.835008605343,0.550236884445)
  );
#6870 = ADVANCED_FACE('',(#6871),#6880,.T.);
#6871 = FACE_BOUND('',#6872,.F.);
#6872 = EDGE_LOOP('',(#6873,#6874));
#6873 = ORIENTED_EDGE('',*,*,#6860,.F.);
#6874 = ORIENTED_EDGE('',*,*,#6875,.T.);
#6875 = EDGE_CURVE('',#6838,#6829,#6876,.T.);
#6876 = LINE('',#6877,#6878);
#6877 = CARTESIAN_POINT('',(-0.1112,-0.461156543753,2.500881307061));
#6878 = VECTOR('',#6879,1.);
#6879 = DIRECTION('',(-1.,1.935842978973E-16,4.839607447432E-17));
#6880 = PLANE('',#6881);
#6881 = AXIS2_PLACEMENT_3D('',#6882,#6883,#6884);
#6882 = CARTESIAN_POINT('',(-0.1112,-0.461524260833,2.500638996384));
#6883 = DIRECTION('',(-8.04453158005E-17,-0.613065123433,0.790032375558)
  );
#6884 = DIRECTION('',(1.826078081098E-16,0.790032375558,0.613065123433)
  );
#6885 = ADVANCED_FACE('',(#6886),#6911,.T.);
#6886 = FACE_BOUND('',#6887,.F.);
#6887 = EDGE_LOOP('',(#6888,#6896,#6897,#6905));
#6888 = ORIENTED_EDGE('',*,*,#6889,.F.);
#6889 = EDGE_CURVE('',#6829,#6890,#6892,.T.);
#6890 = VERTEX_POINT('',#6891);
#6891 = CARTESIAN_POINT('',(-0.125537720526,-0.465067523105,
    2.494481329436));
#6892 = LINE('',#6893,#6894);
#6893 = CARTESIAN_POINT('',(-0.125537720526,-0.465067523105,
    2.494481329436));
#6894 = VECTOR('',#6895,1.);
#6895 = DIRECTION('',(-1.357774981889E-16,-0.482399045639,
    -0.875951574442));
#6896 = ORIENTED_EDGE('',*,*,#6875,.F.);
#6897 = ORIENTED_EDGE('',*,*,#6898,.F.);
#6898 = EDGE_CURVE('',#6899,#6838,#6901,.T.);
#6899 = VERTEX_POINT('',#6900);
#6900 = CARTESIAN_POINT('',(-0.1112,-0.465067523105,2.494481329436));
#6901 = LINE('',#6902,#6903);
#6902 = CARTESIAN_POINT('',(-0.1112,-0.465067523105,2.494481329436));
#6903 = VECTOR('',#6904,1.);
#6904 = DIRECTION('',(1.357774981889E-16,0.482399045639,0.875951574442)
  );
#6905 = ORIENTED_EDGE('',*,*,#6906,.T.);
#6906 = EDGE_CURVE('',#6899,#6890,#6907,.T.);
#6907 = LINE('',#6908,#6909);
#6908 = CARTESIAN_POINT('',(-0.1112,-0.465067523105,2.494481329436));
#6909 = VECTOR('',#6910,1.);
#6910 = DIRECTION('',(-1.,1.935842978973E-16,4.839607447432E-17));
#6911 = PLANE('',#6912);
#6912 = AXIS2_PLACEMENT_3D('',#6913,#6914,#6915);
#6913 = CARTESIAN_POINT('',(-0.1112,-0.463428737735,2.497457074595));
#6914 = DIRECTION('',(-1.462242503912E-16,-0.875951574442,0.482399045639
    ));
#6915 = DIRECTION('',(1.357774981889E-16,0.482399045639,0.875951574442)
  );
#6916 = ADVANCED_FACE('',(#6917),#6942,.T.);
#6917 = FACE_BOUND('',#6918,.F.);
#6918 = EDGE_LOOP('',(#6919,#6927,#6928,#6936));
#6919 = ORIENTED_EDGE('',*,*,#6920,.F.);
#6920 = EDGE_CURVE('',#6890,#6921,#6923,.T.);
#6921 = VERTEX_POINT('',#6922);
#6922 = CARTESIAN_POINT('',(-0.125537720526,-0.465067523105,
    2.491020962922));
#6923 = LINE('',#6924,#6925);
#6924 = CARTESIAN_POINT('',(-0.125537720526,-0.465067523105,
    2.492474826985));
#6925 = VECTOR('',#6926,1.);
#6926 = DIRECTION('',(-4.839607447432E-17,9.368720098096E-33,-1.));
#6927 = ORIENTED_EDGE('',*,*,#6906,.F.);
#6928 = ORIENTED_EDGE('',*,*,#6929,.F.);
#6929 = EDGE_CURVE('',#6930,#6899,#6932,.T.);
#6930 = VERTEX_POINT('',#6931);
#6931 = CARTESIAN_POINT('',(-0.1112,-0.465067523105,2.491020962922));
#6932 = LINE('',#6933,#6934);
#6933 = CARTESIAN_POINT('',(-0.1112,-0.465067523105,2.491020962922));
#6934 = VECTOR('',#6935,1.);
#6935 = DIRECTION('',(4.839607447432E-17,-9.368720098096E-33,1.));
#6936 = ORIENTED_EDGE('',*,*,#6937,.T.);
#6937 = EDGE_CURVE('',#6930,#6921,#6938,.T.);
#6938 = LINE('',#6939,#6940);
#6939 = CARTESIAN_POINT('',(-0.1112,-0.465067523105,2.491020962922));
#6940 = VECTOR('',#6941,1.);
#6941 = DIRECTION('',(-1.,1.935842978973E-16,4.839607447432E-17));
#6942 = PLANE('',#6943);
#6943 = AXIS2_PLACEMENT_3D('',#6944,#6945,#6946);
#6944 = CARTESIAN_POINT('',(-0.1112,-0.465067523105,2.491747894954));
#6945 = DIRECTION('',(-1.935842978973E-16,-1.,0.));
#6946 = DIRECTION('',(4.839607447432E-17,-9.368720098096E-33,1.));
#6947 = ADVANCED_FACE('',(#6948),#6973,.T.);
#6948 = FACE_BOUND('',#6949,.F.);
#6949 = EDGE_LOOP('',(#6950,#6958,#6959,#6967));
#6950 = ORIENTED_EDGE('',*,*,#6951,.F.);
#6951 = EDGE_CURVE('',#6921,#6952,#6954,.T.);
#6952 = VERTEX_POINT('',#6953);
#6953 = CARTESIAN_POINT('',(-0.125537720526,-0.462805956784,
    2.486663621796));
#6954 = LINE('',#6955,#6956);
#6955 = CARTESIAN_POINT('',(-0.125537720526,-0.462805956784,
    2.486663621796));
#6956 = VECTOR('',#6957,1.);
#6957 = DIRECTION('',(4.622371821301E-17,0.460670986113,-0.887570978882)
  );
#6958 = ORIENTED_EDGE('',*,*,#6937,.F.);
#6959 = ORIENTED_EDGE('',*,*,#6960,.F.);
#6960 = EDGE_CURVE('',#6961,#6930,#6963,.T.);
#6961 = VERTEX_POINT('',#6962);
#6962 = CARTESIAN_POINT('',(-0.1112,-0.462805956784,2.486663621796));
#6963 = LINE('',#6964,#6965);
#6964 = CARTESIAN_POINT('',(-0.1112,-0.462805956784,2.486663621796));
#6965 = VECTOR('',#6966,1.);
#6966 = DIRECTION('',(-4.622371821301E-17,-0.460670986113,0.887570978882
    ));
#6967 = ORIENTED_EDGE('',*,*,#6968,.T.);
#6968 = EDGE_CURVE('',#6961,#6952,#6969,.T.);
#6969 = LINE('',#6970,#6971);
#6970 = CARTESIAN_POINT('',(-0.1112,-0.462805956784,2.486663621796));
#6971 = VECTOR('',#6972,1.);
#6972 = DIRECTION('',(-1.,1.935842978973E-16,4.839607447432E-17));
#6973 = PLANE('',#6974);
#6974 = AXIS2_PLACEMENT_3D('',#6975,#6976,#6977);
#6975 = CARTESIAN_POINT('',(-0.1112,-0.463936739945,2.488842292359));
#6976 = DIRECTION('',(-1.94114472133E-16,-0.887570978882,-0.460670986113
    ));
#6977 = DIRECTION('',(-4.622371821301E-17,-0.460670986113,0.887570978882
    ));
#6978 = ADVANCED_FACE('',(#6979),#7004,.T.);
#6979 = FACE_BOUND('',#6980,.F.);
#6980 = EDGE_LOOP('',(#6981,#6989,#6990,#6998));
#6981 = ORIENTED_EDGE('',*,*,#6982,.F.);
#6982 = EDGE_CURVE('',#6952,#6983,#6985,.T.);
#6983 = VERTEX_POINT('',#6984);
#6984 = CARTESIAN_POINT('',(-0.125537720526,-0.458146790077,
    2.483505080862));
#6985 = LINE('',#6986,#6987);
#6986 = CARTESIAN_POINT('',(-0.125537720526,-0.458146790077,
    2.483505080862));
#6987 = VECTOR('',#6988,1.);
#6988 = DIRECTION('',(1.330782354514E-16,0.82772633423,-0.56113199483));
#6989 = ORIENTED_EDGE('',*,*,#6968,.F.);
#6990 = ORIENTED_EDGE('',*,*,#6991,.F.);
#6991 = EDGE_CURVE('',#6992,#6961,#6994,.T.);
#6992 = VERTEX_POINT('',#6993);
#6993 = CARTESIAN_POINT('',(-0.1112,-0.458146790077,2.483505080862));
#6994 = LINE('',#6995,#6996);
#6995 = CARTESIAN_POINT('',(-0.1112,-0.458146790077,2.483505080862));
#6996 = VECTOR('',#6997,1.);
#6997 = DIRECTION('',(-1.330782354514E-16,-0.82772633423,0.56113199483)
  );
#6998 = ORIENTED_EDGE('',*,*,#6999,.T.);
#6999 = EDGE_CURVE('',#6992,#6983,#7000,.T.);
#7000 = LINE('',#7001,#7002);
#7001 = CARTESIAN_POINT('',(-0.1112,-0.458146790077,2.483505080862));
#7002 = VECTOR('',#7003,1.);
#7003 = DIRECTION('',(-1.,1.935842978973E-16,4.839607447432E-17));
#7004 = PLANE('',#7005);
#7005 = AXIS2_PLACEMENT_3D('',#7006,#7007,#7008);
#7006 = CARTESIAN_POINT('',(-0.1112,-0.460476373431,2.485084351329));
#7007 = DIRECTION('',(-1.486850485626E-16,-0.56113199483,-0.82772633423)
  );
#7008 = DIRECTION('',(-1.330782354514E-16,-0.82772633423,0.56113199483)
  );
#7009 = ADVANCED_FACE('',(#7010),#7035,.T.);
#7010 = FACE_BOUND('',#7011,.F.);
#7011 = EDGE_LOOP('',(#7012,#7020,#7021,#7029));
#7012 = ORIENTED_EDGE('',*,*,#7013,.F.);
#7013 = EDGE_CURVE('',#6983,#7014,#7016,.T.);
#7014 = VERTEX_POINT('',#7015);
#7015 = CARTESIAN_POINT('',(-0.125537720526,-0.457421983578,
    2.482756893508));
#7016 = LINE('',#7017,#7018);
#7017 = CARTESIAN_POINT('',(-0.125537720526,-0.456947989885,
    2.483135238249));
#7018 = VECTOR('',#7019,1.);
#7019 = DIRECTION('',(1.707140401807E-16,0.955558946739,-0.294800100589)
  );
#7020 = ORIENTED_EDGE('',*,*,#6999,.F.);
#7021 = ORIENTED_EDGE('',*,*,#7022,.F.);
#7022 = EDGE_CURVE('',#7023,#6992,#7025,.T.);
#7023 = VERTEX_POINT('',#7024);
#7024 = CARTESIAN_POINT('',(-0.1112,-0.457421983578,2.482756893508));
#7025 = LINE('',#7026,#7027);
#7026 = CARTESIAN_POINT('',(-0.1112,-0.456947989885,2.483135238249));
#7027 = VECTOR('',#7028,1.);
#7028 = DIRECTION('',(-1.707140401807E-16,-0.955558946739,0.294800100589
    ));
#7029 = ORIENTED_EDGE('',*,*,#7030,.T.);
#7030 = EDGE_CURVE('',#7023,#7014,#7031,.T.);
#7031 = LINE('',#7032,#7033);
#7032 = CARTESIAN_POINT('',(-0.1112,-0.457421983578,2.482756893508));
#7033 = VECTOR('',#7034,1.);
#7034 = DIRECTION('',(-1.,1.935842978973E-16,4.839607447432E-17));
#7035 = PLANE('',#7036);
#7036 = AXIS2_PLACEMENT_3D('',#7037,#7038,#7039);
#7037 = CARTESIAN_POINT('',(-0.1112,-0.457547389981,2.483320159556));
#7038 = DIRECTION('',(-1.033139724436E-16,-0.294800100589,
    -0.955558946739));
#7039 = DIRECTION('',(-1.707140401807E-16,-0.955558946739,0.294800100589
    ));
#7040 = ADVANCED_FACE('',(#7041),#7050,.T.);
#7041 = FACE_BOUND('',#7042,.F.);
#7042 = EDGE_LOOP('',(#7043,#7044));
#7043 = ORIENTED_EDGE('',*,*,#7030,.F.);
#7044 = ORIENTED_EDGE('',*,*,#7045,.T.);
#7045 = EDGE_CURVE('',#7023,#7014,#7046,.T.);
#7046 = LINE('',#7047,#7048);
#7047 = CARTESIAN_POINT('',(-0.1112,-0.457421983578,2.482756893508));
#7048 = VECTOR('',#7049,1.);
#7049 = DIRECTION('',(-1.,1.935842978973E-16,4.839607447432E-17));
#7050 = PLANE('',#7051);
#7051 = AXIS2_PLACEMENT_3D('',#7052,#7053,#7054);
#7052 = CARTESIAN_POINT('',(-0.1112,-0.456947989885,2.482892927572));
#7053 = DIRECTION('',(-1.935842978973E-16,-1.,0.));
#7054 = DIRECTION('',(4.839607447432E-17,-9.368720098096E-33,1.));
#7055 = ADVANCED_FACE('',(#7056),#7065,.T.);
#7056 = FACE_BOUND('',#7057,.F.);
#7057 = EDGE_LOOP('',(#7058,#7059));
#7058 = ORIENTED_EDGE('',*,*,#7045,.F.);
#7059 = ORIENTED_EDGE('',*,*,#7060,.T.);
#7060 = EDGE_CURVE('',#7023,#7014,#7061,.T.);
#7061 = LINE('',#7062,#7063);
#7062 = CARTESIAN_POINT('',(-0.1112,-0.457421983578,2.482756893508));
#7063 = VECTOR('',#7064,1.);
#7064 = DIRECTION('',(-1.,1.935842978973E-16,4.839607447432E-17));
#7065 = PLANE('',#7066);
#7066 = AXIS2_PLACEMENT_3D('',#7067,#7068,#7069);
#7067 = CARTESIAN_POINT('',(-0.1112,-0.457421983578,2.48251458283));
#7068 = DIRECTION('',(-6.883860438913E-18,-0.275859506371,0.96119796751)
  );
#7069 = DIRECTION('',(1.994233508954E-16,0.96119796751,0.275859506371));
#7070 = ADVANCED_FACE('',(#7071),#7096,.T.);
#7071 = FACE_BOUND('',#7072,.F.);
#7072 = EDGE_LOOP('',(#7073,#7081,#7082,#7090));
#7073 = ORIENTED_EDGE('',*,*,#7074,.F.);
#7074 = EDGE_CURVE('',#7014,#7075,#7077,.T.);
#7075 = VERTEX_POINT('',#7076);
#7076 = CARTESIAN_POINT('',(-0.125537720526,-0.463821961203,
    2.474416304932));
#7077 = LINE('',#7078,#7079);
#7078 = CARTESIAN_POINT('',(-0.125537720526,-0.463821961203,
    2.474416304932));
#7079 = VECTOR('',#7080,1.);
#7080 = DIRECTION('',(-1.544029095593E-16,-0.597049230597,
    -0.802204597496));
#7081 = ORIENTED_EDGE('',*,*,#7060,.F.);
#7082 = ORIENTED_EDGE('',*,*,#7083,.F.);
#7083 = EDGE_CURVE('',#7084,#7023,#7086,.T.);
#7084 = VERTEX_POINT('',#7085);
#7085 = CARTESIAN_POINT('',(-0.1112,-0.463821961203,2.474416304932));
#7086 = LINE('',#7087,#7088);
#7087 = CARTESIAN_POINT('',(-0.1112,-0.463821961203,2.474416304932));
#7088 = VECTOR('',#7089,1.);
#7089 = DIRECTION('',(1.544029095593E-16,0.597049230597,0.802204597496)
  );
#7090 = ORIENTED_EDGE('',*,*,#7091,.T.);
#7091 = EDGE_CURVE('',#7084,#7075,#7092,.T.);
#7092 = LINE('',#7093,#7094);
#7093 = CARTESIAN_POINT('',(-0.1112,-0.463821961203,2.474416304932));
#7094 = VECTOR('',#7095,1.);
#7095 = DIRECTION('',(-1.,1.935842978973E-16,4.839607447432E-17));
#7096 = PLANE('',#7097);
#7097 = AXIS2_PLACEMENT_3D('',#7098,#7099,#7100);
#7098 = CARTESIAN_POINT('',(-0.1112,-0.460858969237,2.478397426849));
#7099 = DIRECTION('',(-1.263993747473E-16,-0.802204597496,0.597049230597
    ));
#7100 = DIRECTION('',(1.544029095594E-16,0.597049230597,0.802204597496)
  );
#7101 = ADVANCED_FACE('',(#7102),#7127,.T.);
#7102 = FACE_BOUND('',#7103,.F.);
#7103 = EDGE_LOOP('',(#7104,#7112,#7113,#7121));
#7104 = ORIENTED_EDGE('',*,*,#7105,.F.);
#7105 = EDGE_CURVE('',#7075,#7106,#7108,.T.);
#7106 = VERTEX_POINT('',#7107);
#7107 = CARTESIAN_POINT('',(-0.125537720526,-0.464115284654,
    2.473102725998));
#7108 = LINE('',#7109,#7110);
#7109 = CARTESIAN_POINT('',(-0.125537720526,-0.464115284654,
    2.473102725998));
#7110 = VECTOR('',#7111,1.);
#7111 = DIRECTION('',(-8.942133328124E-17,-0.217933618219,
    -0.975963594634));
#7112 = ORIENTED_EDGE('',*,*,#7091,.F.);
#7113 = ORIENTED_EDGE('',*,*,#7114,.F.);
#7114 = EDGE_CURVE('',#7115,#7084,#7117,.T.);
#7115 = VERTEX_POINT('',#7116);
#7116 = CARTESIAN_POINT('',(-0.1112,-0.464115284654,2.473102725998));
#7117 = LINE('',#7118,#7119);
#7118 = CARTESIAN_POINT('',(-0.1112,-0.464115284654,2.473102725998));
#7119 = VECTOR('',#7120,1.);
#7120 = DIRECTION('',(8.942133328124E-17,0.217933618219,0.975963594634)
  );
#7121 = ORIENTED_EDGE('',*,*,#7122,.T.);
#7122 = EDGE_CURVE('',#7115,#7106,#7123,.T.);
#7123 = LINE('',#7124,#7125);
#7124 = CARTESIAN_POINT('',(-0.1112,-0.464115284654,2.473102725998));
#7125 = VECTOR('',#7126,1.);
#7126 = DIRECTION('',(-1.,1.935842978973E-16,4.839607447432E-17));
#7127 = PLANE('',#7128);
#7128 = AXIS2_PLACEMENT_3D('',#7129,#7130,#7131);
#7129 = CARTESIAN_POINT('',(-0.1112,-0.463968622929,2.473759515465));
#7130 = DIRECTION('',(-1.783840956227E-16,-0.975963594634,0.217933618219
    ));
#7131 = DIRECTION('',(8.942133328124E-17,0.217933618219,0.975963594634)
  );
#7132 = ADVANCED_FACE('',(#7133),#7158,.T.);
#7133 = FACE_BOUND('',#7134,.F.);
#7134 = EDGE_LOOP('',(#7135,#7143,#7144,#7152));
#7135 = ORIENTED_EDGE('',*,*,#7136,.F.);
#7136 = EDGE_CURVE('',#7106,#7137,#7139,.T.);
#7137 = VERTEX_POINT('',#7138);
#7138 = CARTESIAN_POINT('',(-0.125537720526,-0.464417110235,
    2.471602100224));
#7139 = LINE('',#7140,#7141);
#7140 = CARTESIAN_POINT('',(-0.125537720526,-0.464417110235,
    2.471602100224));
#7141 = VECTOR('',#7142,1.);
#7142 = DIRECTION('',(-8.561765095364E-17,-0.197184188817,
    -0.980366459892));
#7143 = ORIENTED_EDGE('',*,*,#7122,.F.);
#7144 = ORIENTED_EDGE('',*,*,#7145,.F.);
#7145 = EDGE_CURVE('',#7146,#7115,#7148,.T.);
#7146 = VERTEX_POINT('',#7147);
#7147 = CARTESIAN_POINT('',(-0.1112,-0.464417110235,2.471602100224));
#7148 = LINE('',#7149,#7150);
#7149 = CARTESIAN_POINT('',(-0.1112,-0.464417110235,2.471602100224));
#7150 = VECTOR('',#7151,1.);
#7151 = DIRECTION('',(8.561765095364E-17,0.197184188817,0.980366459892)
  );
#7152 = ORIENTED_EDGE('',*,*,#7153,.T.);
#7153 = EDGE_CURVE('',#7146,#7137,#7154,.T.);
#7154 = LINE('',#7155,#7156);
#7155 = CARTESIAN_POINT('',(-0.1112,-0.464417110235,2.471602100224));
#7156 = VECTOR('',#7157,1.);
#7157 = DIRECTION('',(-1.,1.935842978973E-16,4.839607447432E-17));
#7158 = PLANE('',#7159);
#7159 = AXIS2_PLACEMENT_3D('',#7160,#7161,#7162);
#7160 = CARTESIAN_POINT('',(-0.1112,-0.464266197445,2.472352413111));
#7161 = DIRECTION('',(-1.80240612133E-16,-0.980366459892,0.197184188817)
  );
#7162 = DIRECTION('',(8.561765095364E-17,0.197184188817,0.980366459892)
  );
#7163 = ADVANCED_FACE('',(#7164),#7189,.T.);
#7164 = FACE_BOUND('',#7165,.F.);
#7165 = EDGE_LOOP('',(#7166,#7174,#7175,#7183));
#7166 = ORIENTED_EDGE('',*,*,#7167,.F.);
#7167 = EDGE_CURVE('',#7137,#7168,#7170,.T.);
#7168 = VERTEX_POINT('',#7169);
#7169 = CARTESIAN_POINT('',(-0.125537720526,-0.465641416815,
    2.46653058026));
#7170 = LINE('',#7171,#7172);
#7171 = CARTESIAN_POINT('',(-0.125537720526,-0.465641416815,
    2.46653058026));
#7172 = VECTOR('',#7173,1.);
#7173 = DIRECTION('',(-9.247251533203E-17,-0.234667083209,
    -0.972075799543));
#7174 = ORIENTED_EDGE('',*,*,#7153,.F.);
#7175 = ORIENTED_EDGE('',*,*,#7176,.F.);
#7176 = EDGE_CURVE('',#7177,#7146,#7179,.T.);
#7177 = VERTEX_POINT('',#7178);
#7178 = CARTESIAN_POINT('',(-0.1112,-0.465641416815,2.46653058026));
#7179 = LINE('',#7180,#7181);
#7180 = CARTESIAN_POINT('',(-0.1112,-0.465641416815,2.46653058026));
#7181 = VECTOR('',#7182,1.);
#7182 = DIRECTION('',(9.247251533203E-17,0.234667083209,0.972075799543)
  );
#7183 = ORIENTED_EDGE('',*,*,#7184,.T.);
#7184 = EDGE_CURVE('',#7177,#7168,#7185,.T.);
#7185 = LINE('',#7186,#7187);
#7186 = CARTESIAN_POINT('',(-0.1112,-0.465641416815,2.46653058026));
#7187 = VECTOR('',#7188,1.);
#7188 = DIRECTION('',(-1.,1.935842978973E-16,4.839607447432E-17));
#7189 = PLANE('',#7190);
#7190 = AXIS2_PLACEMENT_3D('',#7191,#7192,#7193);
#7191 = CARTESIAN_POINT('',(-0.1112,-0.465029263525,2.469066340242));
#7192 = DIRECTION('',(-1.768216455219E-16,-0.972075799543,0.234667083209
    ));
#7193 = DIRECTION('',(9.247251533203E-17,0.234667083209,0.972075799543)
  );
#7194 = ADVANCED_FACE('',(#7195),#7220,.T.);
#7195 = FACE_BOUND('',#7196,.F.);
#7196 = EDGE_LOOP('',(#7197,#7205,#7206,#7214));
#7197 = ORIENTED_EDGE('',*,*,#7198,.F.);
#7198 = EDGE_CURVE('',#7168,#7199,#7201,.T.);
#7199 = VERTEX_POINT('',#7200);
#7200 = CARTESIAN_POINT('',(-0.125537720526,-0.466899731911,
    2.463669613842));
#7201 = LINE('',#7202,#7203);
#7202 = CARTESIAN_POINT('',(-0.125537720526,-0.466772199975,
    2.463831154294));
#7203 = VECTOR('',#7204,1.);
#7204 = DIRECTION('',(-1.194326445414E-16,-0.3863680181,-0.922344704863)
  );
#7205 = ORIENTED_EDGE('',*,*,#7184,.F.);
#7206 = ORIENTED_EDGE('',*,*,#7207,.F.);
#7207 = EDGE_CURVE('',#7208,#7177,#7210,.T.);
#7208 = VERTEX_POINT('',#7209);
#7209 = CARTESIAN_POINT('',(-0.1112,-0.466899731911,2.463669613842));
#7210 = LINE('',#7211,#7212);
#7211 = CARTESIAN_POINT('',(-0.1112,-0.466772199975,2.463831154294));
#7212 = VECTOR('',#7213,1.);
#7213 = DIRECTION('',(1.194326445414E-16,0.3863680181,0.922344704863));
#7214 = ORIENTED_EDGE('',*,*,#7215,.T.);
#7215 = EDGE_CURVE('',#7208,#7199,#7216,.T.);
#7216 = LINE('',#7217,#7218);
#7217 = CARTESIAN_POINT('',(-0.1112,-0.466899731911,2.463669613842));
#7218 = VECTOR('',#7219,1.);
#7219 = DIRECTION('',(-1.,1.935842978973E-16,4.839607447432E-17));
#7220 = PLANE('',#7221);
#7221 = AXIS2_PLACEMENT_3D('',#7222,#7223,#7224);
#7222 = CARTESIAN_POINT('',(-0.1112,-0.466206808395,2.465180867277));
#7223 = DIRECTION('',(-1.598527567318E-16,-0.922344704863,0.3863680181)
  );
#7224 = DIRECTION('',(1.194326445414E-16,0.3863680181,0.922344704863));
#7225 = ADVANCED_FACE('',(#7226),#7251,.T.);
#7226 = FACE_BOUND('',#7227,.F.);
#7227 = EDGE_LOOP('',(#7228,#7236,#7237,#7245));
#7228 = ORIENTED_EDGE('',*,*,#7229,.F.);
#7229 = EDGE_CURVE('',#7199,#7230,#7232,.T.);
#7230 = VERTEX_POINT('',#7231);
#7231 = CARTESIAN_POINT('',(-0.125537720526,-0.457052140965,
    2.463692994697));
#7232 = LINE('',#7233,#7234);
#7233 = CARTESIAN_POINT('',(-0.125537720526,-0.457203053755,
    2.463669613842));
#7234 = VECTOR('',#7235,1.);
#7235 = DIRECTION('',(1.935842978973E-16,1.,-0.));
#7236 = ORIENTED_EDGE('',*,*,#7215,.F.);
#7237 = ORIENTED_EDGE('',*,*,#7238,.F.);
#7238 = EDGE_CURVE('',#7239,#7208,#7241,.T.);
#7239 = VERTEX_POINT('',#7240);
#7240 = CARTESIAN_POINT('',(-0.1112,-0.457052140965,2.463692994697));
#7241 = LINE('',#7242,#7243);
#7242 = CARTESIAN_POINT('',(-0.1112,-0.457203053755,2.463692994697));
#7243 = VECTOR('',#7244,1.);
#7244 = DIRECTION('',(-1.935842978973E-16,-1.,0.));
#7245 = ORIENTED_EDGE('',*,*,#7246,.T.);
#7246 = EDGE_CURVE('',#7239,#7230,#7247,.T.);
#7247 = LINE('',#7248,#7249);
#7248 = CARTESIAN_POINT('',(-0.1112,-0.457052140965,2.463692994697));
#7249 = VECTOR('',#7250,1.);
#7250 = DIRECTION('',(-1.,1.935842978973E-16,4.839607447432E-17));
#7251 = PLANE('',#7252);
#7252 = AXIS2_PLACEMENT_3D('',#7253,#7254,#7255);
#7253 = CARTESIAN_POINT('',(-0.1112,-0.462115158801,2.463508073391));
#7254 = DIRECTION('',(-4.839607447432E-17,9.368720098096E-33,-1.));
#7255 = DIRECTION('',(-1.935842978973E-16,-1.,-1.368455531567E-48));
#7256 = ADVANCED_FACE('',(#7257),#7282,.T.);
#7257 = FACE_BOUND('',#7258,.F.);
#7258 = EDGE_LOOP('',(#7259,#7267,#7268,#7276));
#7259 = ORIENTED_EDGE('',*,*,#7260,.F.);
#7260 = EDGE_CURVE('',#7230,#7261,#7263,.T.);
#7261 = VERTEX_POINT('',#7262);
#7262 = CARTESIAN_POINT('',(-0.125537720526,-0.45436334266,
    2.471721130031));
#7263 = LINE('',#7264,#7265);
#7264 = CARTESIAN_POINT('',(-0.125537720526,-0.45436334266,
    2.471721130031));
#7265 = VECTOR('',#7266,1.);
#7266 = DIRECTION('',(1.056426822869E-16,0.307861474984,0.951431191532)
  );
#7267 = ORIENTED_EDGE('',*,*,#7246,.F.);
#7268 = ORIENTED_EDGE('',*,*,#7269,.F.);
#7269 = EDGE_CURVE('',#7270,#7239,#7272,.T.);
#7270 = VERTEX_POINT('',#7271);
#7271 = CARTESIAN_POINT('',(-0.1112,-0.45436334266,2.471721130031));
#7272 = LINE('',#7273,#7274);
#7273 = CARTESIAN_POINT('',(-0.1112,-0.45436334266,2.471721130031));
#7274 = VECTOR('',#7275,1.);
#7275 = DIRECTION('',(-1.056426822869E-16,-0.307861474984,
    -0.951431191532));
#7276 = ORIENTED_EDGE('',*,*,#7277,.T.);
#7277 = EDGE_CURVE('',#7270,#7261,#7278,.T.);
#7278 = LINE('',#7279,#7280);
#7279 = CARTESIAN_POINT('',(-0.1112,-0.45436334266,2.471721130031));
#7280 = VECTOR('',#7281,1.);
#7281 = DIRECTION('',(-1.,1.935842978973E-16,4.839607447432E-17));
#7282 = PLANE('',#7283);
#7283 = AXIS2_PLACEMENT_3D('',#7284,#7285,#7286);
#7284 = CARTESIAN_POINT('',(-0.1112,-0.455632285418,2.467799523017));
#7285 = DIRECTION('',(1.692828523393E-16,0.951431191532,-0.307861474984)
  );
#7286 = DIRECTION('',(-1.056426822869E-16,-0.307861474984,
    -0.951431191532));
#7287 = ADVANCED_FACE('',(#7288),#7313,.T.);
#7288 = FACE_BOUND('',#7289,.F.);
#7289 = EDGE_LOOP('',(#7290,#7298,#7299,#7307));
#7290 = ORIENTED_EDGE('',*,*,#7291,.F.);
#7291 = EDGE_CURVE('',#7261,#7292,#7294,.T.);
#7292 = VERTEX_POINT('',#7293);
#7293 = CARTESIAN_POINT('',(-0.125537720526,-0.45406151708,
    2.472847662127));
#7294 = LINE('',#7295,#7296);
#7295 = CARTESIAN_POINT('',(-0.125537720526,-0.45406151708,
    2.472847662127));
#7296 = VECTOR('',#7297,1.);
#7297 = DIRECTION('',(9.684630658825E-17,0.258796817064,0.965931782));
#7298 = ORIENTED_EDGE('',*,*,#7277,.F.);
#7299 = ORIENTED_EDGE('',*,*,#7300,.F.);
#7300 = EDGE_CURVE('',#7301,#7270,#7303,.T.);
#7301 = VERTEX_POINT('',#7302);
#7302 = CARTESIAN_POINT('',(-0.1112,-0.45406151708,2.472847662127));
#7303 = LINE('',#7304,#7305);
#7304 = CARTESIAN_POINT('',(-0.1112,-0.45406151708,2.472847662127));
#7305 = VECTOR('',#7306,1.);
#7306 = DIRECTION('',(-9.684630658825E-17,-0.258796817064,-0.965931782)
  );
#7307 = ORIENTED_EDGE('',*,*,#7308,.T.);
#7308 = EDGE_CURVE('',#7301,#7292,#7309,.T.);
#7309 = LINE('',#7310,#7311);
#7310 = CARTESIAN_POINT('',(-0.1112,-0.45406151708,2.472847662127));
#7311 = VECTOR('',#7312,1.);
#7312 = DIRECTION('',(-1.,1.935842978973E-16,4.839607447432E-17));
#7313 = PLANE('',#7314);
#7314 = AXIS2_PLACEMENT_3D('',#7315,#7316,#7317);
#7315 = CARTESIAN_POINT('',(-0.1112,-0.45421242987,2.472284396079));
#7316 = DIRECTION('',(1.744644758027E-16,0.965931782,-0.258796817064));
#7317 = DIRECTION('',(-9.684630658825E-17,-0.258796817064,-0.965931782)
  );
#7318 = ADVANCED_FACE('',(#7319),#7344,.T.);
#7319 = FACE_BOUND('',#7320,.F.);
#7320 = EDGE_LOOP('',(#7321,#7329,#7330,#7338));
#7321 = ORIENTED_EDGE('',*,*,#7322,.F.);
#7322 = EDGE_CURVE('',#7292,#7323,#7325,.T.);
#7323 = VERTEX_POINT('',#7324);
#7324 = CARTESIAN_POINT('',(-0.125537720526,-0.453878721306,
    2.473935934642));
#7325 = LINE('',#7326,#7327);
#7326 = CARTESIAN_POINT('',(-0.125537720526,-0.453878721306,
    2.473935934642));
#7327 = VECTOR('',#7328,1.);
#7328 = DIRECTION('',(7.979437713536E-17,0.165648245084,0.98618490097));
#7329 = ORIENTED_EDGE('',*,*,#7308,.F.);
#7330 = ORIENTED_EDGE('',*,*,#7331,.F.);
#7331 = EDGE_CURVE('',#7332,#7301,#7334,.T.);
#7332 = VERTEX_POINT('',#7333);
#7333 = CARTESIAN_POINT('',(-0.1112,-0.453878721306,2.473935934642));
#7334 = LINE('',#7335,#7336);
#7335 = CARTESIAN_POINT('',(-0.1112,-0.453878721306,2.473935934642));
#7336 = VECTOR('',#7337,1.);
#7337 = DIRECTION('',(-7.979437713536E-17,-0.165648245084,-0.98618490097
    ));
#7338 = ORIENTED_EDGE('',*,*,#7339,.T.);
#7339 = EDGE_CURVE('',#7332,#7323,#7340,.T.);
#7340 = LINE('',#7341,#7342);
#7341 = CARTESIAN_POINT('',(-0.1112,-0.453878721306,2.473935934642));
#7342 = VECTOR('',#7343,1.);
#7343 = DIRECTION('',(-1.,1.935842978973E-16,4.839607447432E-17));
#7344 = PLANE('',#7345);
#7345 = AXIS2_PLACEMENT_3D('',#7346,#7347,#7348);
#7346 = CARTESIAN_POINT('',(-0.1112,-0.453970119193,2.473391798384));
#7347 = DIRECTION('',(1.828931868455E-16,0.98618490097,-0.165648245084)
  );
#7348 = DIRECTION('',(-7.979437713536E-17,-0.165648245084,-0.98618490097
    ));
#7349 = ADVANCED_FACE('',(#7350),#7375,.T.);
#7350 = FACE_BOUND('',#7351,.F.);
#7351 = EDGE_LOOP('',(#7352,#7360,#7361,#7369));
#7352 = ORIENTED_EDGE('',*,*,#7353,.F.);
#7353 = EDGE_CURVE('',#7323,#7354,#7356,.T.);
#7354 = VERTEX_POINT('',#7355);
#7355 = CARTESIAN_POINT('',(-0.125537720526,-0.451617154985,
    2.477600352253));
#7356 = LINE('',#7357,#7358);
#7357 = CARTESIAN_POINT('',(-0.125537720526,-0.451617154985,
    2.477600352253));
#7358 = VECTOR('',#7359,1.);
#7359 = DIRECTION('',(1.4285427879E-16,0.525198600993,0.850979688074));
#7360 = ORIENTED_EDGE('',*,*,#7339,.F.);
#7361 = ORIENTED_EDGE('',*,*,#7362,.F.);
#7362 = EDGE_CURVE('',#7363,#7332,#7365,.T.);
#7363 = VERTEX_POINT('',#7364);
#7364 = CARTESIAN_POINT('',(-0.1112,-0.451617154985,2.477600352253));
#7365 = LINE('',#7366,#7367);
#7366 = CARTESIAN_POINT('',(-0.1112,-0.451617154985,2.477600352253));
#7367 = VECTOR('',#7368,1.);
#7368 = DIRECTION('',(-1.4285427879E-16,-0.525198600993,-0.850979688074)
  );
#7369 = ORIENTED_EDGE('',*,*,#7370,.T.);
#7370 = EDGE_CURVE('',#7363,#7354,#7371,.T.);
#7371 = LINE('',#7372,#7373);
#7372 = CARTESIAN_POINT('',(-0.1112,-0.451617154985,2.477600352253));
#7373 = VECTOR('',#7374,1.);
#7374 = DIRECTION('',(-1.,1.935842978973E-16,4.839607447432E-17));
#7375 = PLANE('',#7376);
#7376 = AXIS2_PLACEMENT_3D('',#7377,#7378,#7379);
#7377 = CARTESIAN_POINT('',(-0.1112,-0.452747938145,2.475768143447));
#7378 = DIRECTION('',(1.393187548333E-16,0.850979688074,-0.525198600993)
  );
#7379 = DIRECTION('',(-1.4285427879E-16,-0.525198600993,-0.850979688074)
  );
#7380 = ADVANCED_FACE('',(#7381),#7406,.T.);
#7381 = FACE_BOUND('',#7382,.F.);
#7382 = EDGE_LOOP('',(#7383,#7391,#7392,#7400));
#7383 = ORIENTED_EDGE('',*,*,#7384,.F.);
#7384 = EDGE_CURVE('',#7354,#7385,#7387,.T.);
#7385 = VERTEX_POINT('',#7386);
#7386 = CARTESIAN_POINT('',(-0.125537720526,-0.447353337278,
    2.479075471639));
#7387 = LINE('',#7388,#7389);
#7388 = CARTESIAN_POINT('',(-0.125537720526,-0.447353337278,
    2.479075471639));
#7389 = VECTOR('',#7390,1.);
#7390 = DIRECTION('',(1.987683417048E-16,0.945042069751,0.326948751948)
  );
#7391 = ORIENTED_EDGE('',*,*,#7370,.F.);
#7392 = ORIENTED_EDGE('',*,*,#7393,.F.);
#7393 = EDGE_CURVE('',#7394,#7363,#7396,.T.);
#7394 = VERTEX_POINT('',#7395);
#7395 = CARTESIAN_POINT('',(-0.1112,-0.447353337278,2.479075471639));
#7396 = LINE('',#7397,#7398);
#7397 = CARTESIAN_POINT('',(-0.1112,-0.447353337278,2.479075471639));
#7398 = VECTOR('',#7399,1.);
#7399 = DIRECTION('',(-1.987683417048E-16,-0.945042069751,
    -0.326948751948));
#7400 = ORIENTED_EDGE('',*,*,#7401,.T.);
#7401 = EDGE_CURVE('',#7394,#7385,#7402,.T.);
#7402 = LINE('',#7403,#7404);
#7403 = CARTESIAN_POINT('',(-0.1112,-0.447353337278,2.479075471639));
#7404 = VECTOR('',#7405,1.);
#7405 = DIRECTION('',(-1.,1.935842978973E-16,4.839607447432E-17));
#7406 = PLANE('',#7407);
#7407 = AXIS2_PLACEMENT_3D('',#7408,#7409,#7410);
#7408 = CARTESIAN_POINT('',(-0.1112,-0.449485246131,2.478337911946));
#7409 = DIRECTION('',(1.755581820517E-17,0.326948751948,-0.945042069751)
  );
#7410 = DIRECTION('',(-1.987683417048E-16,-0.945042069751,
    -0.326948751948));
#7411 = ADVANCED_FACE('',(#7412),#7437,.T.);
#7412 = FACE_BOUND('',#7413,.F.);
#7413 = EDGE_LOOP('',(#7414,#7422,#7423,#7431));
#7414 = ORIENTED_EDGE('',*,*,#7415,.F.);
#7415 = EDGE_CURVE('',#7385,#7416,#7418,.T.);
#7416 = VERTEX_POINT('',#7417);
#7417 = CARTESIAN_POINT('',(-0.125537720526,-0.44165691083,
    2.479075471639));
#7418 = LINE('',#7419,#7420);
#7419 = CARTESIAN_POINT('',(-0.125537720526,-0.445941983859,
    2.479075471639));
#7420 = VECTOR('',#7421,1.);
#7421 = DIRECTION('',(1.935842978973E-16,1.,-0.));
#7422 = ORIENTED_EDGE('',*,*,#7401,.F.);
#7423 = ORIENTED_EDGE('',*,*,#7424,.F.);
#7424 = EDGE_CURVE('',#7425,#7394,#7427,.T.);
#7425 = VERTEX_POINT('',#7426);
#7426 = CARTESIAN_POINT('',(-0.1112,-0.44165691083,2.479075471639));
#7427 = LINE('',#7428,#7429);
#7428 = CARTESIAN_POINT('',(-0.1112,-0.44165691083,2.479075471639));
#7429 = VECTOR('',#7430,1.);
#7430 = DIRECTION('',(-1.935842978973E-16,-1.,0.));
#7431 = ORIENTED_EDGE('',*,*,#7432,.T.);
#7432 = EDGE_CURVE('',#7425,#7416,#7433,.T.);
#7433 = LINE('',#7434,#7435);
#7434 = CARTESIAN_POINT('',(-0.1112,-0.44165691083,2.479075471639));
#7435 = VECTOR('',#7436,1.);
#7436 = DIRECTION('',(-1.,1.935842978973E-16,4.839607447432E-17));
#7437 = PLANE('',#7438);
#7438 = AXIS2_PLACEMENT_3D('',#7439,#7440,#7441);
#7439 = CARTESIAN_POINT('',(-0.1112,-0.443799447344,2.479075471639));
#7440 = DIRECTION('',(-4.839607447432E-17,9.368720098096E-33,-1.));
#7441 = DIRECTION('',(-1.935842978973E-16,-1.,-1.368455531567E-48));
#7442 = ADVANCED_FACE('',(#7443),#7468,.T.);
#7443 = FACE_BOUND('',#7444,.F.);
#7444 = EDGE_LOOP('',(#7445,#7453,#7454,#7462));
#7445 = ORIENTED_EDGE('',*,*,#7446,.F.);
#7446 = EDGE_CURVE('',#7416,#7447,#7449,.T.);
#7447 = VERTEX_POINT('',#7448);
#7448 = CARTESIAN_POINT('',(-0.125537720526,-0.44165691083,
    2.463508073391));
#7449 = LINE('',#7450,#7451);
#7450 = CARTESIAN_POINT('',(-0.125537720526,-0.44165691083,
    2.463508073391));
#7451 = VECTOR('',#7452,1.);
#7452 = DIRECTION('',(-4.839607447432E-17,9.368720098096E-33,-1.));
#7453 = ORIENTED_EDGE('',*,*,#7432,.F.);
#7454 = ORIENTED_EDGE('',*,*,#7455,.F.);
#7455 = EDGE_CURVE('',#7456,#7425,#7458,.T.);
#7456 = VERTEX_POINT('',#7457);
#7457 = CARTESIAN_POINT('',(-0.1112,-0.44165691083,2.463508073391));
#7458 = LINE('',#7459,#7460);
#7459 = CARTESIAN_POINT('',(-0.1112,-0.44165691083,2.463508073391));
#7460 = VECTOR('',#7461,1.);
#7461 = DIRECTION('',(4.839607447432E-17,-9.368720098096E-33,1.));
#7462 = ORIENTED_EDGE('',*,*,#7463,.T.);
#7463 = EDGE_CURVE('',#7456,#7447,#7464,.T.);
#7464 = LINE('',#7465,#7466);
#7465 = CARTESIAN_POINT('',(-0.1112,-0.44165691083,2.463508073391));
#7466 = VECTOR('',#7467,1.);
#7467 = DIRECTION('',(-1.,1.935842978973E-16,4.839607447432E-17));
#7468 = PLANE('',#7469);
#7469 = AXIS2_PLACEMENT_3D('',#7470,#7471,#7472);
#7470 = CARTESIAN_POINT('',(-0.1112,-0.44165691083,2.471291772515));
#7471 = DIRECTION('',(-1.935842978973E-16,-1.,0.));
#7472 = DIRECTION('',(4.839607447432E-17,-9.368720098096E-33,1.));
#7473 = ADVANCED_FACE('',(#7474),#7490,.T.);
#7474 = FACE_BOUND('',#7475,.F.);
#7475 = EDGE_LOOP('',(#7476,#7482,#7483,#7489));
#7476 = ORIENTED_EDGE('',*,*,#7477,.F.);
#7477 = EDGE_CURVE('',#7447,#6696,#7478,.T.);
#7478 = LINE('',#7479,#7480);
#7479 = CARTESIAN_POINT('',(-0.125537720526,-0.432546879577,
    2.463508073391));
#7480 = VECTOR('',#7481,1.);
#7481 = DIRECTION('',(1.935842978973E-16,1.,-0.));
#7482 = ORIENTED_EDGE('',*,*,#7463,.F.);
#7483 = ORIENTED_EDGE('',*,*,#7484,.F.);
#7484 = EDGE_CURVE('',#6706,#7456,#7485,.T.);
#7485 = LINE('',#7486,#7487);
#7486 = CARTESIAN_POINT('',(-0.1112,-0.432546879577,2.463508073391));
#7487 = VECTOR('',#7488,1.);
#7488 = DIRECTION('',(-1.935842978973E-16,-1.,0.));
#7489 = ORIENTED_EDGE('',*,*,#6705,.T.);
#7490 = PLANE('',#7491);
#7491 = AXIS2_PLACEMENT_3D('',#7492,#7493,#7494);
#7492 = CARTESIAN_POINT('',(-0.1112,-0.437101895203,2.463508073391));
#7493 = DIRECTION('',(-4.839607447432E-17,9.368720098096E-33,-1.));
#7494 = DIRECTION('',(-1.935842978973E-16,-1.,-1.368455531567E-48));
#7495 = ADVANCED_FACE('',(#7496,#7507),#7533,.F.);
#7496 = FACE_BOUND('',#7497,.F.);
#7497 = EDGE_LOOP('',(#7498,#7499,#7500,#7501,#7502,#7503,#7504,#7505,
    #7506));
#7498 = ORIENTED_EDGE('',*,*,#6434,.F.);
#7499 = ORIENTED_EDGE('',*,*,#6472,.F.);
#7500 = ORIENTED_EDGE('',*,*,#6503,.F.);
#7501 = ORIENTED_EDGE('',*,*,#6534,.F.);
#7502 = ORIENTED_EDGE('',*,*,#6565,.F.);
#7503 = ORIENTED_EDGE('',*,*,#6596,.F.);
#7504 = ORIENTED_EDGE('',*,*,#6627,.F.);
#7505 = ORIENTED_EDGE('',*,*,#6658,.F.);
#7506 = ORIENTED_EDGE('',*,*,#6680,.F.);
#7507 = FACE_BOUND('',#7508,.F.);
#7508 = EDGE_LOOP('',(#7509,#7510,#7511,#7512,#7513,#7514,#7515,#7516,
    #7517,#7518,#7519,#7520,#7521,#7522,#7523,#7524,#7525,#7526,#7527,
    #7528,#7529,#7530,#7531,#7532));
#7509 = ORIENTED_EDGE('',*,*,#7484,.T.);
#7510 = ORIENTED_EDGE('',*,*,#7455,.T.);
#7511 = ORIENTED_EDGE('',*,*,#7424,.T.);
#7512 = ORIENTED_EDGE('',*,*,#7393,.T.);
#7513 = ORIENTED_EDGE('',*,*,#7362,.T.);
#7514 = ORIENTED_EDGE('',*,*,#7331,.T.);
#7515 = ORIENTED_EDGE('',*,*,#7300,.T.);
#7516 = ORIENTED_EDGE('',*,*,#7269,.T.);
#7517 = ORIENTED_EDGE('',*,*,#7238,.T.);
#7518 = ORIENTED_EDGE('',*,*,#7207,.T.);
#7519 = ORIENTED_EDGE('',*,*,#7176,.T.);
#7520 = ORIENTED_EDGE('',*,*,#7145,.T.);
#7521 = ORIENTED_EDGE('',*,*,#7114,.T.);
#7522 = ORIENTED_EDGE('',*,*,#7083,.T.);
#7523 = ORIENTED_EDGE('',*,*,#7022,.T.);
#7524 = ORIENTED_EDGE('',*,*,#6991,.T.);
#7525 = ORIENTED_EDGE('',*,*,#6960,.T.);
#7526 = ORIENTED_EDGE('',*,*,#6929,.T.);
#7527 = ORIENTED_EDGE('',*,*,#6898,.T.);
#7528 = ORIENTED_EDGE('',*,*,#6837,.T.);
#7529 = ORIENTED_EDGE('',*,*,#6806,.T.);
#7530 = ORIENTED_EDGE('',*,*,#6775,.T.);
#7531 = ORIENTED_EDGE('',*,*,#6744,.T.);
#7532 = ORIENTED_EDGE('',*,*,#6713,.T.);
#7533 = PLANE('',#7534);
#7534 = AXIS2_PLACEMENT_3D('',#7535,#7536,#7537);
#7535 = CARTESIAN_POINT('',(-0.1112,-0.448403884195,2.481783324617));
#7536 = DIRECTION('',(-1.,1.935842978973E-16,4.839607447432E-17));
#7537 = DIRECTION('',(-1.935842978973E-16,-1.,0.));
#7538 = ADVANCED_FACE('',(#7539,#7550),#7576,.T.);
#7539 = FACE_BOUND('',#7540,.F.);
#7540 = EDGE_LOOP('',(#7541,#7542,#7543,#7544,#7545,#7546,#7547,#7548,
    #7549));
#7541 = ORIENTED_EDGE('',*,*,#6416,.F.);
#7542 = ORIENTED_EDGE('',*,*,#6673,.F.);
#7543 = ORIENTED_EDGE('',*,*,#6642,.F.);
#7544 = ORIENTED_EDGE('',*,*,#6611,.F.);
#7545 = ORIENTED_EDGE('',*,*,#6580,.F.);
#7546 = ORIENTED_EDGE('',*,*,#6549,.F.);
#7547 = ORIENTED_EDGE('',*,*,#6518,.F.);
#7548 = ORIENTED_EDGE('',*,*,#6487,.F.);
#7549 = ORIENTED_EDGE('',*,*,#6456,.F.);
#7550 = FACE_BOUND('',#7551,.F.);
#7551 = EDGE_LOOP('',(#7552,#7553,#7554,#7555,#7556,#7557,#7558,#7559,
    #7560,#7561,#7562,#7563,#7564,#7565,#7566,#7567,#7568,#7569,#7570,
    #7571,#7572,#7573,#7574,#7575));
#7552 = ORIENTED_EDGE('',*,*,#6695,.T.);
#7553 = ORIENTED_EDGE('',*,*,#6735,.T.);
#7554 = ORIENTED_EDGE('',*,*,#6766,.T.);
#7555 = ORIENTED_EDGE('',*,*,#6797,.T.);
#7556 = ORIENTED_EDGE('',*,*,#6828,.T.);
#7557 = ORIENTED_EDGE('',*,*,#6889,.T.);
#7558 = ORIENTED_EDGE('',*,*,#6920,.T.);
#7559 = ORIENTED_EDGE('',*,*,#6951,.T.);
#7560 = ORIENTED_EDGE('',*,*,#6982,.T.);
#7561 = ORIENTED_EDGE('',*,*,#7013,.T.);
#7562 = ORIENTED_EDGE('',*,*,#7074,.T.);
#7563 = ORIENTED_EDGE('',*,*,#7105,.T.);
#7564 = ORIENTED_EDGE('',*,*,#7136,.T.);
#7565 = ORIENTED_EDGE('',*,*,#7167,.T.);
#7566 = ORIENTED_EDGE('',*,*,#7198,.T.);
#7567 = ORIENTED_EDGE('',*,*,#7229,.T.);
#7568 = ORIENTED_EDGE('',*,*,#7260,.T.);
#7569 = ORIENTED_EDGE('',*,*,#7291,.T.);
#7570 = ORIENTED_EDGE('',*,*,#7322,.T.);
#7571 = ORIENTED_EDGE('',*,*,#7353,.T.);
#7572 = ORIENTED_EDGE('',*,*,#7384,.T.);
#7573 = ORIENTED_EDGE('',*,*,#7415,.T.);
#7574 = ORIENTED_EDGE('',*,*,#7446,.T.);
#7575 = ORIENTED_EDGE('',*,*,#7477,.T.);
#7576 = PLANE('',#7577);
#7577 = AXIS2_PLACEMENT_3D('',#7578,#7579,#7580);
#7578 = CARTESIAN_POINT('',(-0.125537720526,-0.448403884195,
    2.481783324617));
#7579 = DIRECTION('',(-1.,1.935842978973E-16,4.839607447432E-17));
#7580 = DIRECTION('',(-1.935842978973E-16,-1.,0.));
#7581 = ORIENTED_CLOSED_SHELL('',*,#7582,.F.);
#7582 = CLOSED_SHELL('',(#7583,#7623,#7654,#7685,#7716,#7747,#7778,#7809
    ,#7840,#7871,#7902,#7933,#7955,#7975));
#7583 = ADVANCED_FACE('',(#7584),#7618,.T.);
#7584 = FACE_BOUND('',#7585,.F.);
#7585 = EDGE_LOOP('',(#7586,#7596,#7604,#7612));
#7586 = ORIENTED_EDGE('',*,*,#7587,.F.);
#7587 = EDGE_CURVE('',#7588,#7590,#7592,.T.);
#7588 = VERTEX_POINT('',#7589);
#7589 = CARTESIAN_POINT('',(-0.125537720526,-7.461349761971E-02,
    2.521780520862));
#7590 = VERTEX_POINT('',#7591);
#7591 = CARTESIAN_POINT('',(-0.125537720526,-0.184325735088,
    2.521780520862));
#7592 = LINE('',#7593,#7594);
#7593 = CARTESIAN_POINT('',(-0.125537720526,-7.461349761971E-02,
    2.521780520862));
#7594 = VECTOR('',#7595,1.);
#7595 = DIRECTION('',(-1.935842978973E-16,-1.,0.));
#7596 = ORIENTED_EDGE('',*,*,#7597,.F.);
#7597 = EDGE_CURVE('',#7598,#7588,#7600,.T.);
#7598 = VERTEX_POINT('',#7599);
#7599 = CARTESIAN_POINT('',(-0.1112,-7.461349761971E-02,2.521780520862)
  );
#7600 = LINE('',#7601,#7602);
#7601 = CARTESIAN_POINT('',(-0.1112,-7.461349761971E-02,2.521780520862)
  );
#7602 = VECTOR('',#7603,1.);
#7603 = DIRECTION('',(-1.,1.935842978973E-16,4.839607447432E-17));
#7604 = ORIENTED_EDGE('',*,*,#7605,.T.);
#7605 = EDGE_CURVE('',#7598,#7606,#7608,.T.);
#7606 = VERTEX_POINT('',#7607);
#7607 = CARTESIAN_POINT('',(-0.1112,-0.184325735088,2.521780520862));
#7608 = LINE('',#7609,#7610);
#7609 = CARTESIAN_POINT('',(-0.1112,-7.461349761971E-02,2.521780520862)
  );
#7610 = VECTOR('',#7611,1.);
#7611 = DIRECTION('',(-1.935842978973E-16,-1.,0.));
#7612 = ORIENTED_EDGE('',*,*,#7613,.T.);
#7613 = EDGE_CURVE('',#7606,#7590,#7614,.T.);
#7614 = LINE('',#7615,#7616);
#7615 = CARTESIAN_POINT('',(-0.1112,-0.184325735088,2.521780520862));
#7616 = VECTOR('',#7617,1.);
#7617 = DIRECTION('',(-1.,1.935842978973E-16,4.839607447432E-17));
#7618 = PLANE('',#7619);
#7619 = AXIS2_PLACEMENT_3D('',#7620,#7621,#7622);
#7620 = CARTESIAN_POINT('',(-0.1112,-0.129469616354,2.521780520862));
#7621 = DIRECTION('',(4.839607447432E-17,-9.368720098096E-33,1.));
#7622 = DIRECTION('',(1.935842978973E-16,1.,1.368455531567E-48));
#7623 = ADVANCED_FACE('',(#7624),#7649,.T.);
#7624 = FACE_BOUND('',#7625,.F.);
#7625 = EDGE_LOOP('',(#7626,#7634,#7635,#7643));
#7626 = ORIENTED_EDGE('',*,*,#7627,.F.);
#7627 = EDGE_CURVE('',#7590,#7628,#7630,.T.);
#7628 = VERTEX_POINT('',#7629);
#7629 = CARTESIAN_POINT('',(-0.125537720526,-0.234794511341,
    2.41168116494));
#7630 = LINE('',#7631,#7632);
#7631 = CARTESIAN_POINT('',(-0.125537720526,-0.184325735088,
    2.521780520862));
#7632 = VECTOR('',#7633,1.);
#7633 = DIRECTION('',(-1.246606637662E-16,-0.416699548532,
    -0.909044270789));
#7634 = ORIENTED_EDGE('',*,*,#7613,.F.);
#7635 = ORIENTED_EDGE('',*,*,#7636,.T.);
#7636 = EDGE_CURVE('',#7606,#7637,#7639,.T.);
#7637 = VERTEX_POINT('',#7638);
#7638 = CARTESIAN_POINT('',(-0.1112,-0.234794511341,2.41168116494));
#7639 = LINE('',#7640,#7641);
#7640 = CARTESIAN_POINT('',(-0.1112,-0.184325735088,2.521780520862));
#7641 = VECTOR('',#7642,1.);
#7642 = DIRECTION('',(-1.246606637662E-16,-0.416699548532,
    -0.909044270789));
#7643 = ORIENTED_EDGE('',*,*,#7644,.T.);
#7644 = EDGE_CURVE('',#7637,#7628,#7645,.T.);
#7645 = LINE('',#7646,#7647);
#7646 = CARTESIAN_POINT('',(-0.1112,-0.234794511341,2.41168116494));
#7647 = VECTOR('',#7648,1.);
#7648 = DIRECTION('',(-1.,1.935842978973E-16,4.839607447432E-17));
#7649 = PLANE('',#7650);
#7650 = AXIS2_PLACEMENT_3D('',#7651,#7652,#7653);
#7651 = CARTESIAN_POINT('',(-0.1112,-0.209560123215,2.466730842901));
#7652 = DIRECTION('',(-1.55810074534E-16,-0.909044270789,0.416699548532)
  );
#7653 = DIRECTION('',(1.246606637662E-16,0.416699548532,0.909044270789)
  );
#7654 = ADVANCED_FACE('',(#7655),#7680,.T.);
#7655 = FACE_BOUND('',#7656,.F.);
#7656 = EDGE_LOOP('',(#7657,#7665,#7666,#7674));
#7657 = ORIENTED_EDGE('',*,*,#7658,.F.);
#7658 = EDGE_CURVE('',#7628,#7659,#7661,.T.);
#7659 = VERTEX_POINT('',#7660);
#7660 = CARTESIAN_POINT('',(-0.125537720526,-0.285277625315,
    2.521780520862));
#7661 = LINE('',#7662,#7663);
#7662 = CARTESIAN_POINT('',(-0.125537720526,-0.234794511341,
    2.41168116494));
#7663 = VECTOR('',#7664,1.);
#7664 = DIRECTION('',(-3.669342165668E-17,-0.416797366423,0.908999425381
    ));
#7665 = ORIENTED_EDGE('',*,*,#7644,.F.);
#7666 = ORIENTED_EDGE('',*,*,#7667,.T.);
#7667 = EDGE_CURVE('',#7637,#7668,#7670,.T.);
#7668 = VERTEX_POINT('',#7669);
#7669 = CARTESIAN_POINT('',(-0.1112,-0.285277625315,2.521780520862));
#7670 = LINE('',#7671,#7672);
#7671 = CARTESIAN_POINT('',(-0.1112,-0.234794511341,2.41168116494));
#7672 = VECTOR('',#7673,1.);
#7673 = DIRECTION('',(-3.669342165668E-17,-0.416797366423,0.908999425381
    ));
#7674 = ORIENTED_EDGE('',*,*,#7675,.T.);
#7675 = EDGE_CURVE('',#7668,#7659,#7676,.T.);
#7676 = LINE('',#7677,#7678);
#7677 = CARTESIAN_POINT('',(-0.1112,-0.285277625315,2.521780520862));
#7678 = VECTOR('',#7679,1.);
#7679 = DIRECTION('',(-1.,1.935842978973E-16,4.839607447432E-17));
#7680 = PLANE('',#7681);
#7681 = AXIS2_PLACEMENT_3D('',#7682,#7683,#7684);
#7682 = CARTESIAN_POINT('',(-0.1112,-0.260036068328,2.466730842901));
#7683 = DIRECTION('',(1.961393719375E-16,0.908999425381,0.416797366423)
  );
#7684 = DIRECTION('',(3.669342165668E-17,0.416797366423,-0.908999425381)
  );
#7685 = ADVANCED_FACE('',(#7686),#7711,.T.);
#7686 = FACE_BOUND('',#7687,.F.);
#7687 = EDGE_LOOP('',(#7688,#7696,#7697,#7705));
#7688 = ORIENTED_EDGE('',*,*,#7689,.F.);
#7689 = EDGE_CURVE('',#7659,#7690,#7692,.T.);
#7690 = VERTEX_POINT('',#7691);
#7691 = CARTESIAN_POINT('',(-0.125537720526,-0.394989862784,
    2.521780520862));
#7692 = LINE('',#7693,#7694);
#7693 = CARTESIAN_POINT('',(-0.125537720526,-0.285277625315,
    2.521780520862));
#7694 = VECTOR('',#7695,1.);
#7695 = DIRECTION('',(-1.935842978973E-16,-1.,0.));
#7696 = ORIENTED_EDGE('',*,*,#7675,.F.);
#7697 = ORIENTED_EDGE('',*,*,#7698,.T.);
#7698 = EDGE_CURVE('',#7668,#7699,#7701,.T.);
#7699 = VERTEX_POINT('',#7700);
#7700 = CARTESIAN_POINT('',(-0.1112,-0.394989862784,2.521780520862));
#7701 = LINE('',#7702,#7703);
#7702 = CARTESIAN_POINT('',(-0.1112,-0.285277625315,2.521780520862));
#7703 = VECTOR('',#7704,1.);
#7704 = DIRECTION('',(-1.935842978973E-16,-1.,0.));
#7705 = ORIENTED_EDGE('',*,*,#7706,.T.);
#7706 = EDGE_CURVE('',#7699,#7690,#7707,.T.);
#7707 = LINE('',#7708,#7709);
#7708 = CARTESIAN_POINT('',(-0.1112,-0.394989862784,2.521780520862));
#7709 = VECTOR('',#7710,1.);
#7710 = DIRECTION('',(-1.,1.935842978973E-16,4.839607447432E-17));
#7711 = PLANE('',#7712);
#7712 = AXIS2_PLACEMENT_3D('',#7713,#7714,#7715);
#7713 = CARTESIAN_POINT('',(-0.1112,-0.340133744049,2.521780520862));
#7714 = DIRECTION('',(4.839607447432E-17,-9.368720098096E-33,1.));
#7715 = DIRECTION('',(1.935842978973E-16,1.,1.368455531567E-48));
#7716 = ADVANCED_FACE('',(#7717),#7742,.T.);
#7717 = FACE_BOUND('',#7718,.F.);
#7718 = EDGE_LOOP('',(#7719,#7727,#7728,#7736));
#7719 = ORIENTED_EDGE('',*,*,#7720,.F.);
#7720 = EDGE_CURVE('',#7690,#7721,#7723,.T.);
#7721 = VERTEX_POINT('',#7722);
#7722 = CARTESIAN_POINT('',(-0.125537720526,-0.394989862784,
    2.12540850182));
#7723 = LINE('',#7724,#7725);
#7724 = CARTESIAN_POINT('',(-0.125537720526,-0.394989862784,
    2.521780520862));
#7725 = VECTOR('',#7726,1.);
#7726 = DIRECTION('',(-4.839607447432E-17,9.368720098096E-33,-1.));
#7727 = ORIENTED_EDGE('',*,*,#7706,.F.);
#7728 = ORIENTED_EDGE('',*,*,#7729,.T.);
#7729 = EDGE_CURVE('',#7699,#7730,#7732,.T.);
#7730 = VERTEX_POINT('',#7731);
#7731 = CARTESIAN_POINT('',(-0.1112,-0.394989862784,2.12540850182));
#7732 = LINE('',#7733,#7734);
#7733 = CARTESIAN_POINT('',(-0.1112,-0.394989862784,2.521780520862));
#7734 = VECTOR('',#7735,1.);
#7735 = DIRECTION('',(-4.839607447432E-17,9.368720098096E-33,-1.));
#7736 = ORIENTED_EDGE('',*,*,#7737,.T.);
#7737 = EDGE_CURVE('',#7730,#7721,#7738,.T.);
#7738 = LINE('',#7739,#7740);
#7739 = CARTESIAN_POINT('',(-0.1112,-0.394989862784,2.12540850182));
#7740 = VECTOR('',#7741,1.);
#7741 = DIRECTION('',(-1.,1.935842978973E-16,4.839607447432E-17));
#7742 = PLANE('',#7743);
#7743 = AXIS2_PLACEMENT_3D('',#7744,#7745,#7746);
#7744 = CARTESIAN_POINT('',(-0.1112,-0.394989862784,2.323594511341));
#7745 = DIRECTION('',(-1.935842978973E-16,-1.,0.));
#7746 = DIRECTION('',(4.839607447432E-17,-9.368720098096E-33,1.));
#7747 = ADVANCED_FACE('',(#7748),#7773,.T.);
#7748 = FACE_BOUND('',#7749,.F.);
#7749 = EDGE_LOOP('',(#7750,#7758,#7759,#7767));
#7750 = ORIENTED_EDGE('',*,*,#7751,.F.);
#7751 = EDGE_CURVE('',#7721,#7752,#7754,.T.);
#7752 = VERTEX_POINT('',#7753);
#7753 = CARTESIAN_POINT('',(-0.125537720526,-0.285277625315,
    2.12540850182));
#7754 = LINE('',#7755,#7756);
#7755 = CARTESIAN_POINT('',(-0.125537720526,-0.394989862784,
    2.12540850182));
#7756 = VECTOR('',#7757,1.);
#7757 = DIRECTION('',(1.935842978973E-16,1.,0.));
#7758 = ORIENTED_EDGE('',*,*,#7737,.F.);
#7759 = ORIENTED_EDGE('',*,*,#7760,.T.);
#7760 = EDGE_CURVE('',#7730,#7761,#7763,.T.);
#7761 = VERTEX_POINT('',#7762);
#7762 = CARTESIAN_POINT('',(-0.1112,-0.285277625315,2.12540850182));
#7763 = LINE('',#7764,#7765);
#7764 = CARTESIAN_POINT('',(-0.1112,-0.394989862784,2.12540850182));
#7765 = VECTOR('',#7766,1.);
#7766 = DIRECTION('',(1.935842978973E-16,1.,0.));
#7767 = ORIENTED_EDGE('',*,*,#7768,.T.);
#7768 = EDGE_CURVE('',#7761,#7752,#7769,.T.);
#7769 = LINE('',#7770,#7771);
#7770 = CARTESIAN_POINT('',(-0.1112,-0.285277625315,2.12540850182));
#7771 = VECTOR('',#7772,1.);
#7772 = DIRECTION('',(-1.,1.935842978973E-16,4.839607447432E-17));
#7773 = PLANE('',#7774);
#7774 = AXIS2_PLACEMENT_3D('',#7775,#7776,#7777);
#7775 = CARTESIAN_POINT('',(-0.1112,-0.340133744049,2.12540850182));
#7776 = DIRECTION('',(-4.839607447432E-17,9.368720098096E-33,-1.));
#7777 = DIRECTION('',(-1.935842978973E-16,-1.,-1.368455531567E-48));
#7778 = ADVANCED_FACE('',(#7779),#7804,.T.);
#7779 = FACE_BOUND('',#7780,.F.);
#7780 = EDGE_LOOP('',(#7781,#7789,#7790,#7798));
#7781 = ORIENTED_EDGE('',*,*,#7782,.F.);
#7782 = EDGE_CURVE('',#7752,#7783,#7785,.T.);
#7783 = VERTEX_POINT('',#7784);
#7784 = CARTESIAN_POINT('',(-0.125537720526,-0.285277625315,
    2.237715866704));
#7785 = LINE('',#7786,#7787);
#7786 = CARTESIAN_POINT('',(-0.125537720526,-0.285277625315,
    2.12540850182));
#7787 = VECTOR('',#7788,1.);
#7788 = DIRECTION('',(4.839607447432E-17,-9.368720098096E-33,1.));
#7789 = ORIENTED_EDGE('',*,*,#7768,.F.);
#7790 = ORIENTED_EDGE('',*,*,#7791,.T.);
#7791 = EDGE_CURVE('',#7761,#7792,#7794,.T.);
#7792 = VERTEX_POINT('',#7793);
#7793 = CARTESIAN_POINT('',(-0.1112,-0.285277625315,2.237715866704));
#7794 = LINE('',#7795,#7796);
#7795 = CARTESIAN_POINT('',(-0.1112,-0.285277625315,2.12540850182));
#7796 = VECTOR('',#7797,1.);
#7797 = DIRECTION('',(4.839607447432E-17,-9.368720098096E-33,1.));
#7798 = ORIENTED_EDGE('',*,*,#7799,.T.);
#7799 = EDGE_CURVE('',#7792,#7783,#7800,.T.);
#7800 = LINE('',#7801,#7802);
#7801 = CARTESIAN_POINT('',(-0.1112,-0.285277625315,2.237715866704));
#7802 = VECTOR('',#7803,1.);
#7803 = DIRECTION('',(-1.,1.935842978973E-16,4.839607447432E-17));
#7804 = PLANE('',#7805);
#7805 = AXIS2_PLACEMENT_3D('',#7806,#7807,#7808);
#7806 = CARTESIAN_POINT('',(-0.1112,-0.285277625315,2.181562184262));
#7807 = DIRECTION('',(1.935842978973E-16,1.,0.));
#7808 = DIRECTION('',(-4.839607447432E-17,9.368720098096E-33,-1.));
#7809 = ADVANCED_FACE('',(#7810),#7835,.T.);
#7810 = FACE_BOUND('',#7811,.F.);
#7811 = EDGE_LOOP('',(#7812,#7820,#7821,#7829));
#7812 = ORIENTED_EDGE('',*,*,#7813,.F.);
#7813 = EDGE_CURVE('',#7783,#7814,#7816,.T.);
#7814 = VERTEX_POINT('',#7815);
#7815 = CARTESIAN_POINT('',(-0.125537720526,-0.232597972557,
    2.14082441893));
#7816 = LINE('',#7817,#7818);
#7817 = CARTESIAN_POINT('',(-0.125537720526,-0.285277625315,
    2.237715866704));
#7818 = VECTOR('',#7819,1.);
#7819 = DIRECTION('',(4.994982118103E-17,0.477662109543,-0.878543629598)
  );
#7820 = ORIENTED_EDGE('',*,*,#7799,.F.);
#7821 = ORIENTED_EDGE('',*,*,#7822,.T.);
#7822 = EDGE_CURVE('',#7792,#7823,#7825,.T.);
#7823 = VERTEX_POINT('',#7824);
#7824 = CARTESIAN_POINT('',(-0.1112,-0.232597972557,2.14082441893));
#7825 = LINE('',#7826,#7827);
#7826 = CARTESIAN_POINT('',(-0.1112,-0.285277625315,2.237715866704));
#7827 = VECTOR('',#7828,1.);
#7828 = DIRECTION('',(4.994982118103E-17,0.477662109543,-0.878543629598)
  );
#7829 = ORIENTED_EDGE('',*,*,#7830,.T.);
#7830 = EDGE_CURVE('',#7823,#7814,#7831,.T.);
#7831 = LINE('',#7832,#7833);
#7832 = CARTESIAN_POINT('',(-0.1112,-0.232597972557,2.14082441893));
#7833 = VECTOR('',#7834,1.);
#7834 = DIRECTION('',(-1.,1.935842978973E-16,4.839607447432E-17));
#7835 = PLANE('',#7836);
#7836 = AXIS2_PLACEMENT_3D('',#7837,#7838,#7839);
#7837 = CARTESIAN_POINT('',(-0.1112,-0.258937798936,2.189270142817));
#7838 = DIRECTION('',(-1.931892227348E-16,-0.878543629598,
    -0.477662109543));
#7839 = DIRECTION('',(-4.994982118103E-17,-0.477662109543,0.878543629598
    ));
#7840 = ADVANCED_FACE('',(#7841),#7866,.T.);
#7841 = FACE_BOUND('',#7842,.F.);
#7842 = EDGE_LOOP('',(#7843,#7851,#7852,#7860));
#7843 = ORIENTED_EDGE('',*,*,#7844,.F.);
#7844 = EDGE_CURVE('',#7814,#7845,#7847,.T.);
#7845 = VERTEX_POINT('',#7846);
#7846 = CARTESIAN_POINT('',(-0.125537720526,-0.1849766676,2.237532343881
    ));
#7847 = LINE('',#7848,#7849);
#7848 = CARTESIAN_POINT('',(-0.125537720526,-0.232597972557,
    2.14082441893));
#7849 = VECTOR('',#7850,1.);
#7850 = DIRECTION('',(1.28936889928E-16,0.441768023341,0.897129318189));
#7851 = ORIENTED_EDGE('',*,*,#7830,.F.);
#7852 = ORIENTED_EDGE('',*,*,#7853,.T.);
#7853 = EDGE_CURVE('',#7823,#7854,#7856,.T.);
#7854 = VERTEX_POINT('',#7855);
#7855 = CARTESIAN_POINT('',(-0.1112,-0.1849766676,2.237532343881));
#7856 = LINE('',#7857,#7858);
#7857 = CARTESIAN_POINT('',(-0.1112,-0.232597972557,2.14082441893));
#7858 = VECTOR('',#7859,1.);
#7859 = DIRECTION('',(1.28936889928E-16,0.441768023341,0.897129318189));
#7860 = ORIENTED_EDGE('',*,*,#7861,.T.);
#7861 = EDGE_CURVE('',#7854,#7845,#7862,.T.);
#7862 = LINE('',#7863,#7864);
#7863 = CARTESIAN_POINT('',(-0.1112,-0.1849766676,2.237532343881));
#7864 = VECTOR('',#7865,1.);
#7865 = DIRECTION('',(-1.,1.935842978973E-16,4.839607447432E-17));
#7866 = PLANE('',#7867);
#7867 = AXIS2_PLACEMENT_3D('',#7868,#7869,#7870);
#7868 = CARTESIAN_POINT('',(-0.1112,-0.208787320078,2.189178381406));
#7869 = DIRECTION('',(1.522903110267E-16,0.897129318189,-0.441768023341)
  );
#7870 = DIRECTION('',(-1.28936889928E-16,-0.441768023341,-0.897129318189
    ));
#7871 = ADVANCED_FACE('',(#7872),#7897,.T.);
#7872 = FACE_BOUND('',#7873,.F.);
#7873 = EDGE_LOOP('',(#7874,#7882,#7883,#7891));
#7874 = ORIENTED_EDGE('',*,*,#7875,.F.);
#7875 = EDGE_CURVE('',#7845,#7876,#7878,.T.);
#7876 = VERTEX_POINT('',#7877);
#7877 = CARTESIAN_POINT('',(-0.125537720526,-0.185524368524,
    2.125219243909));
#7878 = LINE('',#7879,#7880);
#7879 = CARTESIAN_POINT('',(-0.125537720526,-0.1849766676,2.237532343881
    ));
#7880 = VECTOR('',#7881,1.);
#7881 = DIRECTION('',(-4.933951214085E-17,-4.876496258991E-03,
    -0.999988109821));
#7882 = ORIENTED_EDGE('',*,*,#7861,.F.);
#7883 = ORIENTED_EDGE('',*,*,#7884,.T.);
#7884 = EDGE_CURVE('',#7854,#7885,#7887,.T.);
#7885 = VERTEX_POINT('',#7886);
#7886 = CARTESIAN_POINT('',(-0.1112,-0.185524368524,2.125219243909));
#7887 = LINE('',#7888,#7889);
#7888 = CARTESIAN_POINT('',(-0.1112,-0.1849766676,2.237532343881));
#7889 = VECTOR('',#7890,1.);
#7890 = DIRECTION('',(-4.933951214085E-17,-4.876496258991E-03,
    -0.999988109821));
#7891 = ORIENTED_EDGE('',*,*,#7892,.T.);
#7892 = EDGE_CURVE('',#7885,#7876,#7893,.T.);
#7893 = LINE('',#7894,#7895);
#7894 = CARTESIAN_POINT('',(-0.1112,-0.185524368524,2.125219243909));
#7895 = VECTOR('',#7896,1.);
#7896 = DIRECTION('',(-1.,1.935842978973E-16,4.839607447432E-17));
#7897 = PLANE('',#7898);
#7898 = AXIS2_PLACEMENT_3D('',#7899,#7900,#7901);
#7899 = CARTESIAN_POINT('',(-0.1112,-0.185250518062,2.181375793895));
#7900 = DIRECTION('',(-1.933459928693E-16,-0.999988109821,
    4.876496258991E-03));
#7901 = DIRECTION('',(4.933951214085E-17,4.876496258991E-03,
    0.999988109821));
#7902 = ADVANCED_FACE('',(#7903),#7928,.T.);
#7903 = FACE_BOUND('',#7904,.F.);
#7904 = EDGE_LOOP('',(#7905,#7913,#7914,#7922));
#7905 = ORIENTED_EDGE('',*,*,#7906,.F.);
#7906 = EDGE_CURVE('',#7876,#7907,#7909,.T.);
#7907 = VERTEX_POINT('',#7908);
#7908 = CARTESIAN_POINT('',(-0.125537720526,-7.461349761971E-02,
    2.12540850182));
#7909 = LINE('',#7910,#7911);
#7910 = CARTESIAN_POINT('',(-0.125537720526,-0.185524368524,
    2.125219243909));
#7911 = VECTOR('',#7912,1.);
#7912 = DIRECTION('',(1.936665988267E-16,0.999998544109,
    1.706393916727E-03));
#7913 = ORIENTED_EDGE('',*,*,#7892,.F.);
#7914 = ORIENTED_EDGE('',*,*,#7915,.T.);
#7915 = EDGE_CURVE('',#7885,#7916,#7918,.T.);
#7916 = VERTEX_POINT('',#7917);
#7917 = CARTESIAN_POINT('',(-0.1112,-7.461349761971E-02,2.12540850182));
#7918 = LINE('',#7919,#7920);
#7919 = CARTESIAN_POINT('',(-0.1112,-0.185524368524,2.125219243909));
#7920 = VECTOR('',#7921,1.);
#7921 = DIRECTION('',(1.936665988267E-16,0.999998544109,
    1.706393916727E-03));
#7922 = ORIENTED_EDGE('',*,*,#7923,.T.);
#7923 = EDGE_CURVE('',#7916,#7907,#7924,.T.);
#7924 = LINE('',#7925,#7926);
#7925 = CARTESIAN_POINT('',(-0.1112,-7.461349761971E-02,2.12540850182));
#7926 = VECTOR('',#7927,1.);
#7927 = DIRECTION('',(-1.,1.935842978973E-16,4.839607447432E-17));
#7928 = PLANE('',#7929);
#7929 = AXIS2_PLACEMENT_3D('',#7930,#7931,#7932);
#7930 = CARTESIAN_POINT('',(-0.1112,-0.130068933072,2.125313872865));
#7931 = DIRECTION('',(-4.80656729466E-17,1.706393916727E-03,
    -0.999998544109));
#7932 = DIRECTION('',(-1.936665988267E-16,-0.999998544109,
    -1.706393916727E-03));
#7933 = ADVANCED_FACE('',(#7934),#7950,.T.);
#7934 = FACE_BOUND('',#7935,.F.);
#7935 = EDGE_LOOP('',(#7936,#7942,#7943,#7949));
#7936 = ORIENTED_EDGE('',*,*,#7937,.F.);
#7937 = EDGE_CURVE('',#7907,#7588,#7938,.T.);
#7938 = LINE('',#7939,#7940);
#7939 = CARTESIAN_POINT('',(-0.125537720526,-7.461349761971E-02,
    2.12540850182));
#7940 = VECTOR('',#7941,1.);
#7941 = DIRECTION('',(4.839607447432E-17,-9.368720098096E-33,1.));
#7942 = ORIENTED_EDGE('',*,*,#7923,.F.);
#7943 = ORIENTED_EDGE('',*,*,#7944,.T.);
#7944 = EDGE_CURVE('',#7916,#7598,#7945,.T.);
#7945 = LINE('',#7946,#7947);
#7946 = CARTESIAN_POINT('',(-0.1112,-7.461349761971E-02,2.12540850182));
#7947 = VECTOR('',#7948,1.);
#7948 = DIRECTION('',(4.839607447432E-17,-9.368720098096E-33,1.));
#7949 = ORIENTED_EDGE('',*,*,#7597,.T.);
#7950 = PLANE('',#7951);
#7951 = AXIS2_PLACEMENT_3D('',#7952,#7953,#7954);
#7952 = CARTESIAN_POINT('',(-0.1112,-7.461349761971E-02,2.323594511341)
  );
#7953 = DIRECTION('',(1.935842978973E-16,1.,0.));
#7954 = DIRECTION('',(-4.839607447432E-17,9.368720098096E-33,-1.));
#7955 = ADVANCED_FACE('',(#7956),#7970,.T.);
#7956 = FACE_BOUND('',#7957,.F.);
#7957 = EDGE_LOOP('',(#7958,#7959,#7960,#7961,#7962,#7963,#7964,#7965,
    #7966,#7967,#7968,#7969));
#7958 = ORIENTED_EDGE('',*,*,#7587,.T.);
#7959 = ORIENTED_EDGE('',*,*,#7627,.T.);
#7960 = ORIENTED_EDGE('',*,*,#7658,.T.);
#7961 = ORIENTED_EDGE('',*,*,#7689,.T.);
#7962 = ORIENTED_EDGE('',*,*,#7720,.T.);
#7963 = ORIENTED_EDGE('',*,*,#7751,.T.);
#7964 = ORIENTED_EDGE('',*,*,#7782,.T.);
#7965 = ORIENTED_EDGE('',*,*,#7813,.T.);
#7966 = ORIENTED_EDGE('',*,*,#7844,.T.);
#7967 = ORIENTED_EDGE('',*,*,#7875,.T.);
#7968 = ORIENTED_EDGE('',*,*,#7906,.T.);
#7969 = ORIENTED_EDGE('',*,*,#7937,.T.);
#7970 = PLANE('',#7971);
#7971 = AXIS2_PLACEMENT_3D('',#7972,#7973,#7974);
#7972 = CARTESIAN_POINT('',(-0.125537720526,-0.234749851219,
    2.309617870418));
#7973 = DIRECTION('',(-1.,1.935842978973E-16,4.839607447432E-17));
#7974 = DIRECTION('',(-1.935842978973E-16,-1.,0.));
#7975 = ADVANCED_FACE('',(#7976),#7990,.F.);
#7976 = FACE_BOUND('',#7977,.F.);
#7977 = EDGE_LOOP('',(#7978,#7979,#7980,#7981,#7982,#7983,#7984,#7985,
    #7986,#7987,#7988,#7989));
#7978 = ORIENTED_EDGE('',*,*,#7944,.F.);
#7979 = ORIENTED_EDGE('',*,*,#7915,.F.);
#7980 = ORIENTED_EDGE('',*,*,#7884,.F.);
#7981 = ORIENTED_EDGE('',*,*,#7853,.F.);
#7982 = ORIENTED_EDGE('',*,*,#7822,.F.);
#7983 = ORIENTED_EDGE('',*,*,#7791,.F.);
#7984 = ORIENTED_EDGE('',*,*,#7760,.F.);
#7985 = ORIENTED_EDGE('',*,*,#7729,.F.);
#7986 = ORIENTED_EDGE('',*,*,#7698,.F.);
#7987 = ORIENTED_EDGE('',*,*,#7667,.F.);
#7988 = ORIENTED_EDGE('',*,*,#7636,.F.);
#7989 = ORIENTED_EDGE('',*,*,#7605,.F.);
#7990 = PLANE('',#7991);
#7991 = AXIS2_PLACEMENT_3D('',#7992,#7993,#7994);
#7992 = CARTESIAN_POINT('',(-0.1112,-0.234749851219,2.309617870418));
#7993 = DIRECTION('',(-1.,1.935842978973E-16,4.839607447432E-17));
#7994 = DIRECTION('',(-1.935842978973E-16,-1.,0.));
#7995 = ORIENTED_CLOSED_SHELL('',*,#7996,.F.);
#7996 = CLOSED_SHELL('',(#7997,#8037,#8068,#8099,#8130,#8161,#8192,#8223
    ,#8254,#8285,#8316,#8347,#8378,#8409,#8431,#8471,#8502,#8533,#8564,
    #8595,#8626,#8657,#8688,#8719,#8750,#8781,#8812,#8843,#8874,#8905,
    #8936,#8967,#8998,#9029,#9060,#9091,#9122,#9153,#9175,#9223));
#7997 = ADVANCED_FACE('',(#7998),#8032,.F.);
#7998 = FACE_BOUND('',#7999,.F.);
#7999 = EDGE_LOOP('',(#8000,#8010,#8018,#8026));
#8000 = ORIENTED_EDGE('',*,*,#8001,.T.);
#8001 = EDGE_CURVE('',#8002,#8004,#8006,.T.);
#8002 = VERTEX_POINT('',#8003);
#8003 = CARTESIAN_POINT('',(-0.125537720526,0.289647762532,
    2.314789717166));
#8004 = VERTEX_POINT('',#8005);
#8005 = CARTESIAN_POINT('',(-0.125537720526,0.288776315878,
    2.422167773733));
#8006 = LINE('',#8007,#8008);
#8007 = CARTESIAN_POINT('',(-0.125537720526,0.289363251111,2.34984669205
    ));
#8008 = VECTOR('',#8009,1.);
#8009 = DIRECTION('',(4.682346301057E-17,-8.115419334602E-03,
    0.999967069442));
#8010 = ORIENTED_EDGE('',*,*,#8011,.F.);
#8011 = EDGE_CURVE('',#8012,#8004,#8014,.T.);
#8012 = VERTEX_POINT('',#8013);
#8013 = CARTESIAN_POINT('',(-0.1112,0.288776315878,2.422167773733));
#8014 = LINE('',#8015,#8016);
#8015 = CARTESIAN_POINT('',(-0.1112,0.288776315878,2.422167773733));
#8016 = VECTOR('',#8017,1.);
#8017 = DIRECTION('',(-1.,1.935842978973E-16,4.839607447432E-17));
#8018 = ORIENTED_EDGE('',*,*,#8019,.T.);
#8019 = EDGE_CURVE('',#8012,#8020,#8022,.T.);
#8020 = VERTEX_POINT('',#8021);
#8021 = CARTESIAN_POINT('',(-0.1112,0.289647762532,2.314789717166));
#8022 = LINE('',#8023,#8024);
#8023 = CARTESIAN_POINT('',(-0.1112,0.289363251111,2.34984669205));
#8024 = VECTOR('',#8025,1.);
#8025 = DIRECTION('',(-4.682346301057E-17,8.115419334602E-03,
    -0.999967069442));
#8026 = ORIENTED_EDGE('',*,*,#8027,.T.);
#8027 = EDGE_CURVE('',#8020,#8002,#8028,.T.);
#8028 = LINE('',#8029,#8030);
#8029 = CARTESIAN_POINT('',(-0.1112,0.289647762532,2.314789717166));
#8030 = VECTOR('',#8031,1.);
#8031 = DIRECTION('',(-1.,1.935842978973E-16,4.839607447432E-17));
#8032 = PLANE('',#8033);
#8033 = AXIS2_PLACEMENT_3D('',#8034,#8035,#8036);
#8034 = CARTESIAN_POINT('',(-0.1112,0.289212039205,2.368478745449));
#8035 = DIRECTION('',(1.939706774969E-16,0.999967069442,
    8.115419334602E-03));
#8036 = DIRECTION('',(-4.682346301057E-17,8.115419334602E-03,
    -0.999967069442));
#8037 = ADVANCED_FACE('',(#8038),#8063,.F.);
#8038 = FACE_BOUND('',#8039,.F.);
#8039 = EDGE_LOOP('',(#8040,#8048,#8056,#8062));
#8040 = ORIENTED_EDGE('',*,*,#8041,.T.);
#8041 = EDGE_CURVE('',#8004,#8042,#8044,.T.);
#8042 = VERTEX_POINT('',#8043);
#8043 = CARTESIAN_POINT('',(-0.125537720526,0.270994388127,
    2.419383388407));
#8044 = LINE('',#8045,#8046);
#8045 = CARTESIAN_POINT('',(-0.125537720526,0.280926429906,2.42093859838
    ));
#8046 = VECTOR('',#8047,1.);
#8047 = DIRECTION('',(-1.987407057807E-16,-0.987961481347,
    -0.154700069083));
#8048 = ORIENTED_EDGE('',*,*,#8049,.F.);
#8049 = EDGE_CURVE('',#8050,#8042,#8052,.T.);
#8050 = VERTEX_POINT('',#8051);
#8051 = CARTESIAN_POINT('',(-0.1112,0.270994388127,2.419383388407));
#8052 = LINE('',#8053,#8054);
#8053 = CARTESIAN_POINT('',(-0.1112,0.270994388127,2.419383388407));
#8054 = VECTOR('',#8055,1.);
#8055 = DIRECTION('',(-1.,1.935842978973E-16,4.839607447432E-17));
#8056 = ORIENTED_EDGE('',*,*,#8057,.T.);
#8057 = EDGE_CURVE('',#8050,#8012,#8058,.T.);
#8058 = LINE('',#8059,#8060);
#8059 = CARTESIAN_POINT('',(-0.1112,0.280926429906,2.42093859838));
#8060 = VECTOR('',#8061,1.);
#8061 = DIRECTION('',(1.987407057807E-16,0.987961481347,0.154700069083)
  );
#8062 = ORIENTED_EDGE('',*,*,#8011,.T.);
#8063 = PLANE('',#8064);
#8064 = AXIS2_PLACEMENT_3D('',#8065,#8066,#8067);
#8065 = CARTESIAN_POINT('',(-0.1112,0.279885352002,2.42077558107));
#8066 = DIRECTION('',(1.786595317102E-17,-0.154700069083,0.987961481347)
  );
#8067 = DIRECTION('',(1.987407057807E-16,0.987961481347,0.154700069083)
  );
#8068 = ADVANCED_FACE('',(#8069),#8094,.F.);
#8069 = FACE_BOUND('',#8070,.F.);
#8070 = EDGE_LOOP('',(#8071,#8079,#8087,#8093));
#8071 = ORIENTED_EDGE('',*,*,#8072,.T.);
#8072 = EDGE_CURVE('',#8042,#8073,#8075,.T.);
#8073 = VERTEX_POINT('',#8074);
#8074 = CARTESIAN_POINT('',(-0.125537720526,0.269734389247,
    2.418698045365));
#8075 = LINE('',#8076,#8077);
#8076 = CARTESIAN_POINT('',(-0.125537720526,0.261847953299,
    2.414408427269));
#8077 = VECTOR('',#8078,1.);
#8078 = DIRECTION('',(-1.931805122629E-16,-0.878460347477,-0.477815255)
  );
#8079 = ORIENTED_EDGE('',*,*,#8080,.F.);
#8080 = EDGE_CURVE('',#8081,#8073,#8083,.T.);
#8081 = VERTEX_POINT('',#8082);
#8082 = CARTESIAN_POINT('',(-0.1112,0.269734389247,2.418698045365));
#8083 = LINE('',#8084,#8085);
#8084 = CARTESIAN_POINT('',(-0.1112,0.269734389247,2.418698045365));
#8085 = VECTOR('',#8086,1.);
#8086 = DIRECTION('',(-1.,1.935842978973E-16,4.839607447432E-17));
#8087 = ORIENTED_EDGE('',*,*,#8088,.T.);
#8088 = EDGE_CURVE('',#8081,#8050,#8089,.T.);
#8089 = LINE('',#8090,#8091);
#8090 = CARTESIAN_POINT('',(-0.1112,0.261847953299,2.414408427269));
#8091 = VECTOR('',#8092,1.);
#8092 = DIRECTION('',(1.931805122629E-16,0.878460347477,0.477815255));
#8093 = ORIENTED_EDGE('',*,*,#8049,.T.);
#8094 = PLANE('',#8095);
#8095 = AXIS2_PLACEMENT_3D('',#8096,#8097,#8098);
#8096 = CARTESIAN_POINT('',(-0.1112,0.270364388687,2.419040716886));
#8097 = DIRECTION('',(-4.998349826455E-17,-0.477815255,0.878460347477));
#8098 = DIRECTION('',(1.931805122629E-16,0.878460347477,0.477815255));
#8099 = ADVANCED_FACE('',(#8100),#8125,.F.);
#8100 = FACE_BOUND('',#8101,.F.);
#8101 = EDGE_LOOP('',(#8102,#8110,#8118,#8124));
#8102 = ORIENTED_EDGE('',*,*,#8103,.T.);
#8103 = EDGE_CURVE('',#8073,#8104,#8106,.T.);
#8104 = VERTEX_POINT('',#8105);
#8105 = CARTESIAN_POINT('',(-0.125537720526,0.265782626715,
    2.416862817138));
#8106 = LINE('',#8107,#8108);
#8107 = CARTESIAN_POINT('',(-0.125537720526,0.262863465849,
    2.415507136887));
#8108 = VECTOR('',#8109,1.);
#8109 = DIRECTION('',(-1.959590574115E-16,-0.906966768394,
    -0.421202185452));
#8110 = ORIENTED_EDGE('',*,*,#8111,.F.);
#8111 = EDGE_CURVE('',#8112,#8104,#8114,.T.);
#8112 = VERTEX_POINT('',#8113);
#8113 = CARTESIAN_POINT('',(-0.1112,0.265782626715,2.416862817138));
#8114 = LINE('',#8115,#8116);
#8115 = CARTESIAN_POINT('',(-0.1112,0.265782626715,2.416862817138));
#8116 = VECTOR('',#8117,1.);
#8117 = DIRECTION('',(-1.,1.935842978973E-16,4.839607447432E-17));
#8118 = ORIENTED_EDGE('',*,*,#8119,.T.);
#8119 = EDGE_CURVE('',#8112,#8081,#8120,.T.);
#8120 = LINE('',#8121,#8122);
#8121 = CARTESIAN_POINT('',(-0.1112,0.262863465849,2.415507136887));
#8122 = VECTOR('',#8123,1.);
#8123 = DIRECTION('',(1.959590574115E-16,0.906966768394,0.421202185452)
  );
#8124 = ORIENTED_EDGE('',*,*,#8080,.T.);
#8125 = PLANE('',#8126);
#8126 = AXIS2_PLACEMENT_3D('',#8127,#8128,#8129);
#8127 = CARTESIAN_POINT('',(-0.1112,0.267758507981,2.417780431252));
#8128 = DIRECTION('',(-3.764449807469E-17,-0.421202185452,0.906966768394
    ));
#8129 = DIRECTION('',(1.959590574115E-16,0.906966768394,0.421202185452)
  );
#8130 = ADVANCED_FACE('',(#8131),#8156,.F.);
#8131 = FACE_BOUND('',#8132,.F.);
#8132 = EDGE_LOOP('',(#8133,#8141,#8149,#8155));
#8133 = ORIENTED_EDGE('',*,*,#8134,.T.);
#8134 = EDGE_CURVE('',#8104,#8135,#8137,.T.);
#8135 = VERTEX_POINT('',#8136);
#8136 = CARTESIAN_POINT('',(-0.125537720526,0.25969941865,2.411899098292
    ));
#8137 = LINE('',#8138,#8139);
#8138 = CARTESIAN_POINT('',(-0.125537720526,0.252378204063,
    2.405925202538));
#8139 = VECTOR('',#8140,1.);
#8140 = DIRECTION('',(-1.805849240442E-16,-0.774796283329,
    -0.632210976922));
#8141 = ORIENTED_EDGE('',*,*,#8142,.F.);
#8142 = EDGE_CURVE('',#8143,#8135,#8145,.T.);
#8143 = VERTEX_POINT('',#8144);
#8144 = CARTESIAN_POINT('',(-0.1112,0.25969941865,2.411899098292));
#8145 = LINE('',#8146,#8147);
#8146 = CARTESIAN_POINT('',(-0.1112,0.25969941865,2.411899098292));
#8147 = VECTOR('',#8148,1.);
#8148 = DIRECTION('',(-1.,1.935842978973E-16,4.839607447432E-17));
#8149 = ORIENTED_EDGE('',*,*,#8150,.T.);
#8150 = EDGE_CURVE('',#8143,#8112,#8151,.T.);
#8151 = LINE('',#8152,#8153);
#8152 = CARTESIAN_POINT('',(-0.1112,0.252378204063,2.405925202538));
#8153 = VECTOR('',#8154,1.);
#8154 = DIRECTION('',(1.805849240442E-16,0.774796283329,0.632210976922)
  );
#8155 = ORIENTED_EDGE('',*,*,#8111,.T.);
#8156 = PLANE('',#8157);
#8157 = AXIS2_PLACEMENT_3D('',#8158,#8159,#8160);
#8158 = CARTESIAN_POINT('',(-0.1112,0.262741022683,2.414380957715));
#8159 = DIRECTION('',(-8.488901945995E-17,-0.632210976922,0.774796283329
    ));
#8160 = DIRECTION('',(1.805849240442E-16,0.774796283329,0.632210976922)
  );
#8161 = ADVANCED_FACE('',(#8162),#8187,.F.);
#8162 = FACE_BOUND('',#8163,.F.);
#8163 = EDGE_LOOP('',(#8164,#8172,#8180,#8186));
#8164 = ORIENTED_EDGE('',*,*,#8165,.T.);
#8165 = EDGE_CURVE('',#8135,#8166,#8168,.T.);
#8166 = VERTEX_POINT('',#8167);
#8167 = CARTESIAN_POINT('',(-0.125537720526,0.25349233268,2.401036841221
    ));
#8168 = LINE('',#8169,#8170);
#8169 = CARTESIAN_POINT('',(-0.125537720526,0.24525279625,2.386617842794
    ));
#8170 = VECTOR('',#8171,1.);
#8171 = DIRECTION('',(-1.380650869658E-16,-0.496143875139,
    -0.868240321088));
#8172 = ORIENTED_EDGE('',*,*,#8173,.F.);
#8173 = EDGE_CURVE('',#8174,#8166,#8176,.T.);
#8174 = VERTEX_POINT('',#8175);
#8175 = CARTESIAN_POINT('',(-0.1112,0.25349233268,2.401036841221));
#8176 = LINE('',#8177,#8178);
#8177 = CARTESIAN_POINT('',(-0.1112,0.25349233268,2.401036841221));
#8178 = VECTOR('',#8179,1.);
#8179 = DIRECTION('',(-1.,1.935842978973E-16,4.839607447432E-17));
#8180 = ORIENTED_EDGE('',*,*,#8181,.T.);
#8181 = EDGE_CURVE('',#8174,#8143,#8182,.T.);
#8182 = LINE('',#8183,#8184);
#8183 = CARTESIAN_POINT('',(-0.1112,0.24525279625,2.386617842794));
#8184 = VECTOR('',#8185,1.);
#8185 = DIRECTION('',(1.380650869658E-16,0.496143875139,0.868240321088)
  );
#8186 = ORIENTED_EDGE('',*,*,#8142,.T.);
#8187 = PLANE('',#8188);
#8188 = AXIS2_PLACEMENT_3D('',#8189,#8190,#8191);
#8189 = CARTESIAN_POINT('',(-0.1112,0.256595875665,2.406467969756));
#8190 = DIRECTION('',(-1.440662770326E-16,-0.868240321088,0.496143875139
    ));
#8191 = DIRECTION('',(1.380650869658E-16,0.496143875139,0.868240321088)
  );
#8192 = ADVANCED_FACE('',(#8193),#8218,.F.);
#8193 = FACE_BOUND('',#8194,.F.);
#8194 = EDGE_LOOP('',(#8195,#8203,#8211,#8217));
#8195 = ORIENTED_EDGE('',*,*,#8196,.T.);
#8196 = EDGE_CURVE('',#8166,#8197,#8199,.T.);
#8197 = VERTEX_POINT('',#8198);
#8198 = CARTESIAN_POINT('',(-0.125537720526,0.248933797816,
    2.385979367124));
#8199 = LINE('',#8200,#8201);
#8200 = CARTESIAN_POINT('',(-0.125537720526,0.24446418767,2.371215623728
    ));
#8201 = VECTOR('',#8202,1.);
#8202 = DIRECTION('',(-1.024119335446E-16,-0.289754950919,
    -0.957100866376));
#8203 = ORIENTED_EDGE('',*,*,#8204,.F.);
#8204 = EDGE_CURVE('',#8205,#8197,#8207,.T.);
#8205 = VERTEX_POINT('',#8206);
#8206 = CARTESIAN_POINT('',(-0.1112,0.248933797816,2.385979367124));
#8207 = LINE('',#8208,#8209);
#8208 = CARTESIAN_POINT('',(-0.1112,0.248933797816,2.385979367124));
#8209 = VECTOR('',#8210,1.);
#8210 = DIRECTION('',(-1.,1.935842978973E-16,4.839607447432E-17));
#8211 = ORIENTED_EDGE('',*,*,#8212,.T.);
#8212 = EDGE_CURVE('',#8205,#8174,#8213,.T.);
#8213 = LINE('',#8214,#8215);
#8214 = CARTESIAN_POINT('',(-0.1112,0.24446418767,2.371215623728));
#8215 = VECTOR('',#8216,1.);
#8216 = DIRECTION('',(1.024119335446E-16,0.289754950919,0.957100866376)
  );
#8217 = ORIENTED_EDGE('',*,*,#8173,.T.);
#8218 = PLANE('',#8219);
#8219 = AXIS2_PLACEMENT_3D('',#8220,#8221,#8222);
#8220 = CARTESIAN_POINT('',(-0.1112,0.251213065248,2.393508104173));
#8221 = DIRECTION('',(-1.712566970503E-16,-0.957100866376,0.289754950919
    ));
#8222 = DIRECTION('',(1.024119335446E-16,0.289754950919,0.957100866376)
  );
#8223 = ADVANCED_FACE('',(#8224),#8249,.F.);
#8224 = FACE_BOUND('',#8225,.F.);
#8225 = EDGE_LOOP('',(#8226,#8234,#8242,#8248));
#8226 = ORIENTED_EDGE('',*,*,#8227,.T.);
#8227 = EDGE_CURVE('',#8197,#8228,#8230,.T.);
#8228 = VERTEX_POINT('',#8229);
#8229 = CARTESIAN_POINT('',(-0.125537720526,0.247953671241,
    2.380846463176));
#8230 = LINE('',#8231,#8232);
#8231 = CARTESIAN_POINT('',(-0.125537720526,0.244477399496,
    2.362641295173));
#8232 = VECTOR('',#8233,1.);
#8233 = DIRECTION('',(-8.384603889951E-17,-0.187560930284,
    -0.982252970182));
#8234 = ORIENTED_EDGE('',*,*,#8235,.F.);
#8235 = EDGE_CURVE('',#8236,#8228,#8238,.T.);
#8236 = VERTEX_POINT('',#8237);
#8237 = CARTESIAN_POINT('',(-0.1112,0.247953671241,2.380846463176));
#8238 = LINE('',#8239,#8240);
#8239 = CARTESIAN_POINT('',(-0.1112,0.247953671241,2.380846463176));
#8240 = VECTOR('',#8241,1.);
#8241 = DIRECTION('',(-1.,1.935842978973E-16,4.839607447432E-17));
#8242 = ORIENTED_EDGE('',*,*,#8243,.T.);
#8243 = EDGE_CURVE('',#8236,#8205,#8244,.T.);
#8244 = LINE('',#8245,#8246);
#8245 = CARTESIAN_POINT('',(-0.1112,0.244477399496,2.362641295173));
#8246 = VECTOR('',#8247,1.);
#8247 = DIRECTION('',(8.384603889951E-17,0.187560930284,0.982252970182)
  );
#8248 = ORIENTED_EDGE('',*,*,#8204,.T.);
#8249 = PLANE('',#8250);
#8250 = AXIS2_PLACEMENT_3D('',#8251,#8252,#8253);
#8251 = CARTESIAN_POINT('',(-0.1112,0.248443734528,2.38341291515));
#8252 = DIRECTION('',(-1.810715388397E-16,-0.982252970182,0.187560930284
    ));
#8253 = DIRECTION('',(8.384603889951E-17,0.187560930284,0.982252970182)
  );
#8254 = ADVANCED_FACE('',(#8255),#8280,.F.);
#8255 = FACE_BOUND('',#8256,.F.);
#8256 = EDGE_LOOP('',(#8257,#8265,#8273,#8279));
#8257 = ORIENTED_EDGE('',*,*,#8258,.T.);
#8258 = EDGE_CURVE('',#8228,#8259,#8261,.T.);
#8259 = VERTEX_POINT('',#8260);
#8260 = CARTESIAN_POINT('',(-0.125537720526,0.246926803696,
    2.375355116214));
#8261 = LINE('',#8262,#8263);
#8262 = CARTESIAN_POINT('',(-0.125537720526,0.244030248499,
    2.359865299954));
#8263 = VECTOR('',#8264,1.);
#8264 = DIRECTION('',(-8.315445162247E-17,-0.183811245028,
    -0.982961558862));
#8265 = ORIENTED_EDGE('',*,*,#8266,.F.);
#8266 = EDGE_CURVE('',#8267,#8259,#8269,.T.);
#8267 = VERTEX_POINT('',#8268);
#8268 = CARTESIAN_POINT('',(-0.1112,0.246926803696,2.375355116214));
#8269 = LINE('',#8270,#8271);
#8270 = CARTESIAN_POINT('',(-0.1112,0.246926803696,2.375355116214));
#8271 = VECTOR('',#8272,1.);
#8272 = DIRECTION('',(-1.,1.935842978973E-16,4.839607447432E-17));
#8273 = ORIENTED_EDGE('',*,*,#8274,.T.);
#8274 = EDGE_CURVE('',#8267,#8236,#8275,.T.);
#8275 = LINE('',#8276,#8277);
#8276 = CARTESIAN_POINT('',(-0.1112,0.244030248499,2.359865299954));
#8277 = VECTOR('',#8278,1.);
#8278 = DIRECTION('',(8.315445162247E-17,0.183811245028,0.982961558862)
  );
#8279 = ORIENTED_EDGE('',*,*,#8235,.T.);
#8280 = PLANE('',#8281);
#8281 = AXIS2_PLACEMENT_3D('',#8282,#8283,#8284);
#8282 = CARTESIAN_POINT('',(-0.1112,0.247440237468,2.378100789695));
#8283 = DIRECTION('',(-1.813901805288E-16,-0.982961558862,0.183811245028
    ));
#8284 = DIRECTION('',(8.315445162247E-17,0.183811245028,0.982961558862)
  );
#8285 = ADVANCED_FACE('',(#8286),#8311,.F.);
#8286 = FACE_BOUND('',#8287,.F.);
#8287 = EDGE_LOOP('',(#8288,#8296,#8304,#8310));
#8288 = ORIENTED_EDGE('',*,*,#8289,.T.);
#8289 = EDGE_CURVE('',#8259,#8290,#8292,.T.);
#8290 = VERTEX_POINT('',#8291);
#8291 = CARTESIAN_POINT('',(-0.125537720526,0.248000412209,
    2.358052355083));
#8292 = LINE('',#8293,#8294);
#8293 = CARTESIAN_POINT('',(-0.125537720526,0.248651910576,
    2.347552512292));
#8294 = VECTOR('',#8295,1.);
#8295 = DIRECTION('',(-3.631464140348E-17,6.192929298398E-02,
    -0.99808053917));
#8296 = ORIENTED_EDGE('',*,*,#8297,.F.);
#8297 = EDGE_CURVE('',#8298,#8290,#8300,.T.);
#8298 = VERTEX_POINT('',#8299);
#8299 = CARTESIAN_POINT('',(-0.1112,0.248000412209,2.358052355083));
#8300 = LINE('',#8301,#8302);
#8301 = CARTESIAN_POINT('',(-0.1112,0.248000412209,2.358052355083));
#8302 = VECTOR('',#8303,1.);
#8303 = DIRECTION('',(-1.,1.935842978973E-16,4.839607447432E-17));
#8304 = ORIENTED_EDGE('',*,*,#8305,.T.);
#8305 = EDGE_CURVE('',#8298,#8267,#8306,.T.);
#8306 = LINE('',#8307,#8308);
#8307 = CARTESIAN_POINT('',(-0.1112,0.248651910576,2.347552512292));
#8308 = VECTOR('',#8309,1.);
#8309 = DIRECTION('',(3.631464140348E-17,-6.192929298398E-02,
    0.99808053917));
#8310 = ORIENTED_EDGE('',*,*,#8266,.T.);
#8311 = PLANE('',#8312);
#8312 = AXIS2_PLACEMENT_3D('',#8313,#8314,#8315);
#8313 = CARTESIAN_POINT('',(-0.1112,0.247463607953,2.366703735648));
#8314 = DIRECTION('',(-1.962098550956E-16,-0.99808053917,
    -6.192929298398E-02));
#8315 = DIRECTION('',(3.631464140348E-17,-6.192929298398E-02,
    0.99808053917));
#8316 = ADVANCED_FACE('',(#8317),#8342,.F.);
#8317 = FACE_BOUND('',#8318,.F.);
#8318 = EDGE_LOOP('',(#8319,#8327,#8335,#8341));
#8319 = ORIENTED_EDGE('',*,*,#8320,.T.);
#8320 = EDGE_CURVE('',#8290,#8321,#8323,.T.);
#8321 = VERTEX_POINT('',#8322);
#8322 = CARTESIAN_POINT('',(-0.125537720526,0.255685717166,
    2.336336443573));
#8323 = LINE('',#8324,#8325);
#8324 = CARTESIAN_POINT('',(-0.125537720526,0.256807013461,
    2.333168062975));
#8325 = VECTOR('',#8326,1.);
#8326 = DIRECTION('',(1.896139378502E-17,0.33362545533,-0.942705709941)
  );
#8327 = ORIENTED_EDGE('',*,*,#8328,.F.);
#8328 = EDGE_CURVE('',#8329,#8321,#8331,.T.);
#8329 = VERTEX_POINT('',#8330);
#8330 = CARTESIAN_POINT('',(-0.1112,0.255685717166,2.336336443573));
#8331 = LINE('',#8332,#8333);
#8332 = CARTESIAN_POINT('',(-0.1112,0.255685717166,2.336336443573));
#8333 = VECTOR('',#8334,1.);
#8334 = DIRECTION('',(-1.,1.935842978973E-16,4.839607447432E-17));
#8335 = ORIENTED_EDGE('',*,*,#8336,.T.);
#8336 = EDGE_CURVE('',#8329,#8298,#8337,.T.);
#8337 = LINE('',#8338,#8339);
#8338 = CARTESIAN_POINT('',(-0.1112,0.256807013461,2.333168062975));
#8339 = VECTOR('',#8340,1.);
#8340 = DIRECTION('',(-1.896139378502E-17,-0.33362545533,0.942705709941)
  );
#8341 = ORIENTED_EDGE('',*,*,#8297,.T.);
#8342 = PLANE('',#8343);
#8343 = AXIS2_PLACEMENT_3D('',#8344,#8345,#8346);
#8344 = CARTESIAN_POINT('',(-0.1112,0.251843064688,2.347194399328));
#8345 = DIRECTION('',(-1.986391853654E-16,-0.942705709941,-0.33362545533
    ));
#8346 = DIRECTION('',(-1.896139378502E-17,-0.33362545533,0.942705709941)
  );
#8347 = ADVANCED_FACE('',(#8348),#8373,.F.);
#8348 = FACE_BOUND('',#8349,.F.);
#8349 = EDGE_LOOP('',(#8350,#8358,#8366,#8372));
#8350 = ORIENTED_EDGE('',*,*,#8351,.T.);
#8351 = EDGE_CURVE('',#8321,#8352,#8354,.T.);
#8352 = VERTEX_POINT('',#8353);
#8353 = CARTESIAN_POINT('',(-0.125537720526,0.269936551106,
    2.320355620274));
#8354 = LINE('',#8355,#8356);
#8355 = CARTESIAN_POINT('',(-0.125537720526,0.269443802773,
    2.320908186116));
#8356 = VECTOR('',#8357,1.);
#8357 = DIRECTION('',(9.27204473932E-17,0.665554165596,-0.746349551254)
  );
#8358 = ORIENTED_EDGE('',*,*,#8359,.F.);
#8359 = EDGE_CURVE('',#8360,#8352,#8362,.T.);
#8360 = VERTEX_POINT('',#8361);
#8361 = CARTESIAN_POINT('',(-0.1112,0.269936551106,2.320355620274));
#8362 = LINE('',#8363,#8364);
#8363 = CARTESIAN_POINT('',(-0.1112,0.269936551106,2.320355620274));
#8364 = VECTOR('',#8365,1.);
#8365 = DIRECTION('',(-1.,1.935842978973E-16,4.839607447432E-17));
#8366 = ORIENTED_EDGE('',*,*,#8367,.T.);
#8367 = EDGE_CURVE('',#8360,#8329,#8368,.T.);
#8368 = LINE('',#8369,#8370);
#8369 = CARTESIAN_POINT('',(-0.1112,0.269443802773,2.320908186116));
#8370 = VECTOR('',#8371,1.);
#8371 = DIRECTION('',(-9.27204473932E-17,-0.665554165596,0.746349551254)
  );
#8372 = ORIENTED_EDGE('',*,*,#8328,.T.);
#8373 = PLANE('',#8374);
#8374 = AXIS2_PLACEMENT_3D('',#8375,#8376,#8377);
#8375 = CARTESIAN_POINT('',(-0.1112,0.262811134136,2.328346031924));
#8376 = DIRECTION('',(-1.766917628304E-16,-0.746349551254,
    -0.665554165596));
#8377 = DIRECTION('',(-9.27204473932E-17,-0.665554165596,0.746349551254)
  );
#8378 = ADVANCED_FACE('',(#8379),#8404,.F.);
#8379 = FACE_BOUND('',#8380,.F.);
#8380 = EDGE_LOOP('',(#8381,#8389,#8397,#8403));
#8381 = ORIENTED_EDGE('',*,*,#8382,.T.);
#8382 = EDGE_CURVE('',#8352,#8383,#8385,.T.);
#8383 = VERTEX_POINT('',#8384);
#8384 = CARTESIAN_POINT('',(-0.125537720526,0.284809068608,
    2.314543108373));
#8385 = LINE('',#8386,#8387);
#8386 = CARTESIAN_POINT('',(-0.125537720526,0.283124712356,
    2.315201392403));
#8387 = VECTOR('',#8388,1.);
#8388 = DIRECTION('',(1.626868022297E-16,0.931395047477,-0.364009979994)
  );
#8389 = ORIENTED_EDGE('',*,*,#8390,.F.);
#8390 = EDGE_CURVE('',#8391,#8383,#8393,.T.);
#8391 = VERTEX_POINT('',#8392);
#8392 = CARTESIAN_POINT('',(-0.1112,0.284809068608,2.314543108373));
#8393 = LINE('',#8394,#8395);
#8394 = CARTESIAN_POINT('',(-0.1112,0.284809068608,2.314543108373));
#8395 = VECTOR('',#8396,1.);
#8396 = DIRECTION('',(-1.,1.935842978973E-16,4.839607447432E-17));
#8397 = ORIENTED_EDGE('',*,*,#8398,.T.);
#8398 = EDGE_CURVE('',#8391,#8360,#8399,.T.);
#8399 = LINE('',#8400,#8401);
#8400 = CARTESIAN_POINT('',(-0.1112,0.283124712356,2.315201392403));
#8401 = VECTOR('',#8402,1.);
#8402 = DIRECTION('',(-1.626868022297E-16,-0.931395047477,0.364009979994
    ));
#8403 = ORIENTED_EDGE('',*,*,#8359,.T.);
#8404 = PLANE('',#8405);
#8405 = AXIS2_PLACEMENT_3D('',#8406,#8407,#8408);
#8406 = CARTESIAN_POINT('',(-0.1112,0.277372809857,2.317449364324));
#8407 = DIRECTION('',(-1.155424804874E-16,-0.364009979994,
    -0.931395047477));
#8408 = DIRECTION('',(-1.626868022297E-16,-0.931395047477,0.364009979994
    ));
#8409 = ADVANCED_FACE('',(#8410),#8426,.F.);
#8410 = FACE_BOUND('',#8411,.F.);
#8411 = EDGE_LOOP('',(#8412,#8418,#8419,#8425));
#8412 = ORIENTED_EDGE('',*,*,#8413,.T.);
#8413 = EDGE_CURVE('',#8383,#8002,#8414,.T.);
#8414 = LINE('',#8415,#8416);
#8415 = CARTESIAN_POINT('',(-0.125537720526,0.292041844329,
    2.314911733899));
#8416 = VECTOR('',#8417,1.);
#8417 = DIRECTION('',(1.957967222635E-16,0.998703759004,
    5.089991897258E-02));
#8418 = ORIENTED_EDGE('',*,*,#8027,.F.);
#8419 = ORIENTED_EDGE('',*,*,#8420,.T.);
#8420 = EDGE_CURVE('',#8020,#8391,#8421,.T.);
#8421 = LINE('',#8422,#8423);
#8422 = CARTESIAN_POINT('',(-0.1112,0.292041844329,2.314911733899));
#8423 = VECTOR('',#8424,1.);
#8424 = DIRECTION('',(-1.957967222635E-16,-0.998703759004,
    -5.089991897258E-02));
#8425 = ORIENTED_EDGE('',*,*,#8390,.T.);
#8426 = PLANE('',#8427);
#8427 = AXIS2_PLACEMENT_3D('',#8428,#8429,#8430);
#8428 = CARTESIAN_POINT('',(-0.1112,0.28722841557,2.31466641277));
#8429 = DIRECTION('',(-3.84799164212E-17,5.089991897258E-02,
    -0.998703759004));
#8430 = DIRECTION('',(-1.957967222635E-16,-0.998703759004,
    -5.089991897258E-02));
#8431 = ADVANCED_FACE('',(#8432),#8466,.T.);
#8432 = FACE_BOUND('',#8433,.F.);
#8433 = EDGE_LOOP('',(#8434,#8444,#8452,#8460));
#8434 = ORIENTED_EDGE('',*,*,#8435,.F.);
#8435 = EDGE_CURVE('',#8436,#8438,#8440,.T.);
#8436 = VERTEX_POINT('',#8437);
#8437 = CARTESIAN_POINT('',(-0.125537720526,0.285089227667,2.12540850182
    ));
#8438 = VERTEX_POINT('',#8439);
#8439 = CARTESIAN_POINT('',(-0.125537720526,0.394986995239,2.12540850182
    ));
#8440 = LINE('',#8441,#8442);
#8441 = CARTESIAN_POINT('',(-0.125537720526,0.394986995239,2.12540850182
    ));
#8442 = VECTOR('',#8443,1.);
#8443 = DIRECTION('',(1.935842978973E-16,1.,-0.));
#8444 = ORIENTED_EDGE('',*,*,#8445,.F.);
#8445 = EDGE_CURVE('',#8446,#8436,#8448,.T.);
#8446 = VERTEX_POINT('',#8447);
#8447 = CARTESIAN_POINT('',(-0.1112,0.285089227667,2.12540850182));
#8448 = LINE('',#8449,#8450);
#8449 = CARTESIAN_POINT('',(-0.1112,0.285089227667,2.12540850182));
#8450 = VECTOR('',#8451,1.);
#8451 = DIRECTION('',(-1.,1.935842978973E-16,4.839607447432E-17));
#8452 = ORIENTED_EDGE('',*,*,#8453,.F.);
#8453 = EDGE_CURVE('',#8454,#8446,#8456,.T.);
#8454 = VERTEX_POINT('',#8455);
#8455 = CARTESIAN_POINT('',(-0.1112,0.394986995239,2.12540850182));
#8456 = LINE('',#8457,#8458);
#8457 = CARTESIAN_POINT('',(-0.1112,0.394986995239,2.12540850182));
#8458 = VECTOR('',#8459,1.);
#8459 = DIRECTION('',(-1.935842978973E-16,-1.,0.));
#8460 = ORIENTED_EDGE('',*,*,#8461,.T.);
#8461 = EDGE_CURVE('',#8454,#8438,#8462,.T.);
#8462 = LINE('',#8463,#8464);
#8463 = CARTESIAN_POINT('',(-0.1112,0.394986995239,2.12540850182));
#8464 = VECTOR('',#8465,1.);
#8465 = DIRECTION('',(-1.,1.935842978973E-16,4.839607447432E-17));
#8466 = PLANE('',#8467);
#8467 = AXIS2_PLACEMENT_3D('',#8468,#8469,#8470);
#8468 = CARTESIAN_POINT('',(-0.1112,0.340038111453,2.12540850182));
#8469 = DIRECTION('',(-4.839607447432E-17,9.368720098096E-33,-1.));
#8470 = DIRECTION('',(-1.935842978973E-16,-1.,-1.368455531567E-48));
#8471 = ADVANCED_FACE('',(#8472),#8497,.T.);
#8472 = FACE_BOUND('',#8473,.F.);
#8473 = EDGE_LOOP('',(#8474,#8482,#8483,#8491));
#8474 = ORIENTED_EDGE('',*,*,#8475,.F.);
#8475 = EDGE_CURVE('',#8438,#8476,#8478,.T.);
#8476 = VERTEX_POINT('',#8477);
#8477 = CARTESIAN_POINT('',(-0.125537720526,0.394986995239,
    2.523879563148));
#8478 = LINE('',#8479,#8480);
#8479 = CARTESIAN_POINT('',(-0.125537720526,0.394986995239,
    2.523879563148));
#8480 = VECTOR('',#8481,1.);
#8481 = DIRECTION('',(4.839607447432E-17,-9.368720098096E-33,1.));
#8482 = ORIENTED_EDGE('',*,*,#8461,.F.);
#8483 = ORIENTED_EDGE('',*,*,#8484,.F.);
#8484 = EDGE_CURVE('',#8485,#8454,#8487,.T.);
#8485 = VERTEX_POINT('',#8486);
#8486 = CARTESIAN_POINT('',(-0.1112,0.394986995239,2.523879563148));
#8487 = LINE('',#8488,#8489);
#8488 = CARTESIAN_POINT('',(-0.1112,0.394986995239,2.523879563148));
#8489 = VECTOR('',#8490,1.);
#8490 = DIRECTION('',(-4.839607447432E-17,9.368720098096E-33,-1.));
#8491 = ORIENTED_EDGE('',*,*,#8492,.T.);
#8492 = EDGE_CURVE('',#8485,#8476,#8493,.T.);
#8493 = LINE('',#8494,#8495);
#8494 = CARTESIAN_POINT('',(-0.1112,0.394986995239,2.523879563148));
#8495 = VECTOR('',#8496,1.);
#8496 = DIRECTION('',(-1.,1.935842978973E-16,4.839607447432E-17));
#8497 = PLANE('',#8498);
#8498 = AXIS2_PLACEMENT_3D('',#8499,#8500,#8501);
#8499 = CARTESIAN_POINT('',(-0.1112,0.394986995239,2.324644032484));
#8500 = DIRECTION('',(1.935842978973E-16,1.,0.));
#8501 = DIRECTION('',(-4.839607447432E-17,9.368720098096E-33,-1.));
#8502 = ADVANCED_FACE('',(#8503),#8528,.T.);
#8503 = FACE_BOUND('',#8504,.F.);
#8504 = EDGE_LOOP('',(#8505,#8513,#8514,#8522));
#8505 = ORIENTED_EDGE('',*,*,#8506,.F.);
#8506 = EDGE_CURVE('',#8476,#8507,#8509,.T.);
#8507 = VERTEX_POINT('',#8508);
#8508 = CARTESIAN_POINT('',(-0.125537720526,0.297037136936,
    2.523879563148));
#8509 = LINE('',#8510,#8511);
#8510 = CARTESIAN_POINT('',(-0.125537720526,0.297037136936,
    2.523879563148));
#8511 = VECTOR('',#8512,1.);
#8512 = DIRECTION('',(-1.935842978973E-16,-1.,0.));
#8513 = ORIENTED_EDGE('',*,*,#8492,.F.);
#8514 = ORIENTED_EDGE('',*,*,#8515,.F.);
#8515 = EDGE_CURVE('',#8516,#8485,#8518,.T.);
#8516 = VERTEX_POINT('',#8517);
#8517 = CARTESIAN_POINT('',(-0.1112,0.297037136936,2.523879563148));
#8518 = LINE('',#8519,#8520);
#8519 = CARTESIAN_POINT('',(-0.1112,0.297037136936,2.523879563148));
#8520 = VECTOR('',#8521,1.);
#8521 = DIRECTION('',(1.935842978973E-16,1.,0.));
#8522 = ORIENTED_EDGE('',*,*,#8523,.T.);
#8523 = EDGE_CURVE('',#8516,#8507,#8524,.T.);
#8524 = LINE('',#8525,#8526);
#8525 = CARTESIAN_POINT('',(-0.1112,0.297037136936,2.523879563148));
#8526 = VECTOR('',#8527,1.);
#8527 = DIRECTION('',(-1.,1.935842978973E-16,4.839607447432E-17));
#8528 = PLANE('',#8529);
#8529 = AXIS2_PLACEMENT_3D('',#8530,#8531,#8532);
#8530 = CARTESIAN_POINT('',(-0.1112,0.346012066088,2.523879563148));
#8531 = DIRECTION('',(4.839607447432E-17,-9.368720098096E-33,1.));
#8532 = DIRECTION('',(1.935842978973E-16,1.,1.368455531567E-48));
#8533 = ADVANCED_FACE('',(#8534),#8559,.T.);
#8534 = FACE_BOUND('',#8535,.F.);
#8535 = EDGE_LOOP('',(#8536,#8544,#8545,#8553));
#8536 = ORIENTED_EDGE('',*,*,#8537,.F.);
#8537 = EDGE_CURVE('',#8507,#8538,#8540,.T.);
#8538 = VERTEX_POINT('',#8539);
#8539 = CARTESIAN_POINT('',(-0.125537720526,0.289787411929,
    2.523489577149));
#8540 = LINE('',#8541,#8542);
#8541 = CARTESIAN_POINT('',(-0.125537720526,0.289787411929,
    2.523489577149));
#8542 = VECTOR('',#8543,1.);
#8543 = DIRECTION('',(-1.959044376871E-16,-0.998556277672,
    -5.371555010021E-02));
#8544 = ORIENTED_EDGE('',*,*,#8523,.F.);
#8545 = ORIENTED_EDGE('',*,*,#8546,.F.);
#8546 = EDGE_CURVE('',#8547,#8516,#8549,.T.);
#8547 = VERTEX_POINT('',#8548);
#8548 = CARTESIAN_POINT('',(-0.1112,0.289787411929,2.523489577149));
#8549 = LINE('',#8550,#8551);
#8550 = CARTESIAN_POINT('',(-0.1112,0.289787411929,2.523489577149));
#8551 = VECTOR('',#8552,1.);
#8552 = DIRECTION('',(1.959044376871E-16,0.998556277672,
    5.371555010021E-02));
#8553 = ORIENTED_EDGE('',*,*,#8554,.T.);
#8554 = EDGE_CURVE('',#8547,#8538,#8555,.T.);
#8555 = LINE('',#8556,#8557);
#8556 = CARTESIAN_POINT('',(-0.1112,0.289787411929,2.523489577149));
#8557 = VECTOR('',#8558,1.);
#8558 = DIRECTION('',(-1.,1.935842978973E-16,4.839607447432E-17));
#8559 = PLANE('',#8560);
#8560 = AXIS2_PLACEMENT_3D('',#8561,#8562,#8563);
#8561 = CARTESIAN_POINT('',(-0.1112,0.293412274433,2.523684570148));
#8562 = DIRECTION('',(3.792771692868E-17,-5.371555010021E-02,
    0.998556277672));
#8563 = DIRECTION('',(1.959044376871E-16,0.998556277672,
    5.371555010021E-02));
#8564 = ADVANCED_FACE('',(#8565),#8590,.T.);
#8565 = FACE_BOUND('',#8566,.F.);
#8566 = EDGE_LOOP('',(#8567,#8575,#8576,#8584));
#8567 = ORIENTED_EDGE('',*,*,#8568,.F.);
#8568 = EDGE_CURVE('',#8538,#8569,#8571,.T.);
#8569 = VERTEX_POINT('',#8570);
#8570 = CARTESIAN_POINT('',(-0.125537720526,0.268116234108,
    2.520581887426));
#8571 = LINE('',#8572,#8573);
#8572 = CARTESIAN_POINT('',(-0.125537720526,0.268116234108,
    2.520581887426));
#8573 = VECTOR('',#8574,1.);
#8574 = DIRECTION('',(-1.983007647934E-16,-0.991118523627,
    -0.132981472855));
#8575 = ORIENTED_EDGE('',*,*,#8554,.F.);
#8576 = ORIENTED_EDGE('',*,*,#8577,.F.);
#8577 = EDGE_CURVE('',#8578,#8547,#8580,.T.);
#8578 = VERTEX_POINT('',#8579);
#8579 = CARTESIAN_POINT('',(-0.1112,0.268116234108,2.520581887426));
#8580 = LINE('',#8581,#8582);
#8581 = CARTESIAN_POINT('',(-0.1112,0.268116234108,2.520581887426));
#8582 = VECTOR('',#8583,1.);
#8583 = DIRECTION('',(1.983007647934E-16,0.991118523627,0.132981472855)
  );
#8584 = ORIENTED_EDGE('',*,*,#8585,.T.);
#8585 = EDGE_CURVE('',#8578,#8569,#8586,.T.);
#8586 = LINE('',#8587,#8588);
#8587 = CARTESIAN_POINT('',(-0.1112,0.268116234108,2.520581887426));
#8588 = VECTOR('',#8589,1.);
#8589 = DIRECTION('',(-1.,1.935842978973E-16,4.839607447432E-17));
#8590 = PLANE('',#8591);
#8591 = AXIS2_PLACEMENT_3D('',#8592,#8593,#8594);
#8592 = CARTESIAN_POINT('',(-0.1112,0.278951823019,2.522035732288));
#8593 = DIRECTION('',(2.222312082627E-17,-0.132981472855,0.991118523627)
  );
#8594 = DIRECTION('',(1.983007647934E-16,0.991118523627,0.132981472855)
  );
#8595 = ADVANCED_FACE('',(#8596),#8621,.T.);
#8596 = FACE_BOUND('',#8597,.F.);
#8597 = EDGE_LOOP('',(#8598,#8606,#8607,#8615));
#8598 = ORIENTED_EDGE('',*,*,#8599,.F.);
#8599 = EDGE_CURVE('',#8569,#8600,#8602,.T.);
#8600 = VERTEX_POINT('',#8601);
#8601 = CARTESIAN_POINT('',(-0.125537720526,0.24014391487,2.513645298236
    ));
#8602 = LINE('',#8603,#8604);
#8603 = CARTESIAN_POINT('',(-0.125537720526,0.24014391487,2.513645298236
    ));
#8604 = VECTOR('',#8605,1.);
#8605 = DIRECTION('',(-1.995417661332E-16,-0.970601957502,
    -0.240690340673));
#8606 = ORIENTED_EDGE('',*,*,#8585,.F.);
#8607 = ORIENTED_EDGE('',*,*,#8608,.F.);
#8608 = EDGE_CURVE('',#8609,#8578,#8611,.T.);
#8609 = VERTEX_POINT('',#8610);
#8610 = CARTESIAN_POINT('',(-0.1112,0.24014391487,2.513645298236));
#8611 = LINE('',#8612,#8613);
#8612 = CARTESIAN_POINT('',(-0.1112,0.24014391487,2.513645298236));
#8613 = VECTOR('',#8614,1.);
#8614 = DIRECTION('',(1.995417661332E-16,0.970601957502,0.240690340673)
  );
#8615 = ORIENTED_EDGE('',*,*,#8616,.T.);
#8616 = EDGE_CURVE('',#8609,#8600,#8617,.T.);
#8617 = LINE('',#8618,#8619);
#8618 = CARTESIAN_POINT('',(-0.1112,0.24014391487,2.513645298236));
#8619 = VECTOR('',#8620,1.);
#8620 = DIRECTION('',(-1.,1.935842978973E-16,4.839607447432E-17));
#8621 = PLANE('',#8622);
#8622 = AXIS2_PLACEMENT_3D('',#8623,#8624,#8625);
#8623 = CARTESIAN_POINT('',(-0.1112,0.254130074489,2.517113592831));
#8624 = DIRECTION('',(3.794540103408E-19,-0.240690340673,0.970601957502)
  );
#8625 = DIRECTION('',(1.995417661332E-16,0.970601957502,0.240690340673)
  );
#8626 = ADVANCED_FACE('',(#8627),#8652,.T.);
#8627 = FACE_BOUND('',#8628,.F.);
#8628 = EDGE_LOOP('',(#8629,#8637,#8638,#8646));
#8629 = ORIENTED_EDGE('',*,*,#8630,.F.);
#8630 = EDGE_CURVE('',#8600,#8631,#8633,.T.);
#8631 = VERTEX_POINT('',#8632);
#8632 = CARTESIAN_POINT('',(-0.125537720526,0.213960943153,
    2.502613856063));
#8633 = LINE('',#8634,#8635);
#8634 = CARTESIAN_POINT('',(-0.125537720526,0.213960943153,
    2.502613856063));
#8635 = VECTOR('',#8636,1.);
#8636 = DIRECTION('',(-1.971876049555E-16,-0.921546820117,
    -0.388267251171));
#8637 = ORIENTED_EDGE('',*,*,#8616,.F.);
#8638 = ORIENTED_EDGE('',*,*,#8639,.F.);
#8639 = EDGE_CURVE('',#8640,#8609,#8642,.T.);
#8640 = VERTEX_POINT('',#8641);
#8641 = CARTESIAN_POINT('',(-0.1112,0.213960943153,2.502613856063));
#8642 = LINE('',#8643,#8644);
#8643 = CARTESIAN_POINT('',(-0.1112,0.213960943153,2.502613856063));
#8644 = VECTOR('',#8645,1.);
#8645 = DIRECTION('',(1.971876049555E-16,0.921546820117,0.388267251171)
  );
#8646 = ORIENTED_EDGE('',*,*,#8647,.T.);
#8647 = EDGE_CURVE('',#8640,#8631,#8648,.T.);
#8648 = LINE('',#8649,#8650);
#8649 = CARTESIAN_POINT('',(-0.1112,0.213960943153,2.502613856063));
#8650 = VECTOR('',#8651,1.);
#8651 = DIRECTION('',(-1.,1.935842978973E-16,4.839607447432E-17));
#8652 = PLANE('',#8653);
#8653 = AXIS2_PLACEMENT_3D('',#8654,#8655,#8656);
#8654 = CARTESIAN_POINT('',(-0.1112,0.227052429011,2.508129577149));
#8655 = DIRECTION('',(-3.056319467645E-17,-0.388267251171,0.921546820117
    ));
#8656 = DIRECTION('',(1.971876049555E-16,0.921546820117,0.388267251171)
  );
#8657 = ADVANCED_FACE('',(#8658),#8683,.T.);
#8658 = FACE_BOUND('',#8659,.F.);
#8659 = EDGE_LOOP('',(#8660,#8668,#8669,#8677));
#8660 = ORIENTED_EDGE('',*,*,#8661,.F.);
#8661 = EDGE_CURVE('',#8631,#8662,#8664,.T.);
#8662 = VERTEX_POINT('',#8663);
#8663 = CARTESIAN_POINT('',(-0.125537720526,0.190437905349,
    2.487120515262));
#8664 = LINE('',#8665,#8666);
#8665 = CARTESIAN_POINT('',(-0.125537720526,0.190437905349,
    2.487120515262));
#8666 = VECTOR('',#8667,1.);
#8667 = DIRECTION('',(-1.882883362611E-16,-0.835129118023,
    -0.550053957563));
#8668 = ORIENTED_EDGE('',*,*,#8647,.F.);
#8669 = ORIENTED_EDGE('',*,*,#8670,.F.);
#8670 = EDGE_CURVE('',#8671,#8640,#8673,.T.);
#8671 = VERTEX_POINT('',#8672);
#8672 = CARTESIAN_POINT('',(-0.1112,0.190437905349,2.487120515262));
#8673 = LINE('',#8674,#8675);
#8674 = CARTESIAN_POINT('',(-0.1112,0.190437905349,2.487120515262));
#8675 = VECTOR('',#8676,1.);
#8676 = DIRECTION('',(1.882883362611E-16,0.835129118023,0.550053957563)
  );
#8677 = ORIENTED_EDGE('',*,*,#8678,.T.);
#8678 = EDGE_CURVE('',#8671,#8662,#8679,.T.);
#8679 = LINE('',#8680,#8681);
#8680 = CARTESIAN_POINT('',(-0.1112,0.190437905349,2.487120515262));
#8681 = VECTOR('',#8682,1.);
#8682 = DIRECTION('',(-1.,1.935842978973E-16,4.839607447432E-17));
#8683 = PLANE('',#8684);
#8684 = AXIS2_PLACEMENT_3D('',#8685,#8686,#8687);
#8685 = CARTESIAN_POINT('',(-0.1112,0.202199424251,2.494867185662));
#8686 = DIRECTION('',(-6.606483818887E-17,-0.550053957563,0.835129118023
    ));
#8687 = DIRECTION('',(1.882883362611E-16,0.835129118023,0.550053957563)
  );
#8688 = ADVANCED_FACE('',(#8689),#8714,.T.);
#8689 = FACE_BOUND('',#8690,.F.);
#8690 = EDGE_LOOP('',(#8691,#8699,#8700,#8708));
#8691 = ORIENTED_EDGE('',*,*,#8692,.F.);
#8692 = EDGE_CURVE('',#8662,#8693,#8695,.T.);
#8693 = VERTEX_POINT('',#8694);
#8694 = CARTESIAN_POINT('',(-0.125537720526,0.170462306357,
    2.466720806497));
#8695 = LINE('',#8696,#8697);
#8696 = CARTESIAN_POINT('',(-0.125537720526,0.170462306357,
    2.466720806497));
#8697 = VECTOR('',#8698,1.);
#8698 = DIRECTION('',(-1.700181853589E-16,-0.699640602111,
    -0.714494946013));
#8699 = ORIENTED_EDGE('',*,*,#8678,.F.);
#8700 = ORIENTED_EDGE('',*,*,#8701,.F.);
#8701 = EDGE_CURVE('',#8702,#8671,#8704,.T.);
#8702 = VERTEX_POINT('',#8703);
#8703 = CARTESIAN_POINT('',(-0.1112,0.170462306357,2.466720806497));
#8704 = LINE('',#8705,#8706);
#8705 = CARTESIAN_POINT('',(-0.1112,0.170462306357,2.466720806497));
#8706 = VECTOR('',#8707,1.);
#8707 = DIRECTION('',(1.700181853589E-16,0.699640602111,0.714494946013)
  );
#8708 = ORIENTED_EDGE('',*,*,#8709,.T.);
#8709 = EDGE_CURVE('',#8702,#8693,#8710,.T.);
#8710 = LINE('',#8711,#8712);
#8711 = CARTESIAN_POINT('',(-0.1112,0.170462306357,2.466720806497));
#8712 = VECTOR('',#8713,1.);
#8713 = DIRECTION('',(-1.,1.935842978973E-16,4.839607447432E-17));
#8714 = PLANE('',#8715);
#8715 = AXIS2_PLACEMENT_3D('',#8716,#8717,#8718);
#8716 = CARTESIAN_POINT('',(-0.1112,0.180450105853,2.476920660879));
#8717 = DIRECTION('',(-1.0445514379E-16,-0.714494946013,0.699640602111)
  );
#8718 = DIRECTION('',(1.700181853589E-16,0.699640602111,0.714494946013)
  );
#8719 = ADVANCED_FACE('',(#8720),#8745,.T.);
#8720 = FACE_BOUND('',#8721,.F.);
#8721 = EDGE_LOOP('',(#8722,#8730,#8731,#8739));
#8722 = ORIENTED_EDGE('',*,*,#8723,.F.);
#8723 = EDGE_CURVE('',#8693,#8724,#8726,.T.);
#8724 = VERTEX_POINT('',#8725);
#8725 = CARTESIAN_POINT('',(-0.125537720526,0.154904732568,
    2.441019008681));
#8726 = LINE('',#8727,#8728);
#8727 = CARTESIAN_POINT('',(-0.125537720526,0.154904732568,
    2.441019008681));
#8728 = VECTOR('',#8729,1.);
#8729 = DIRECTION('',(-1.41646206256E-16,-0.51783245939,-0.855482053583)
  );
#8730 = ORIENTED_EDGE('',*,*,#8709,.F.);
#8731 = ORIENTED_EDGE('',*,*,#8732,.F.);
#8732 = EDGE_CURVE('',#8733,#8702,#8735,.T.);
#8733 = VERTEX_POINT('',#8734);
#8734 = CARTESIAN_POINT('',(-0.1112,0.154904732568,2.441019008681));
#8735 = LINE('',#8736,#8737);
#8736 = CARTESIAN_POINT('',(-0.1112,0.154904732568,2.441019008681));
#8737 = VECTOR('',#8738,1.);
#8738 = DIRECTION('',(1.41646206256E-16,0.51783245939,0.855482053583));
#8739 = ORIENTED_EDGE('',*,*,#8740,.T.);
#8740 = EDGE_CURVE('',#8733,#8724,#8741,.T.);
#8741 = LINE('',#8742,#8743);
#8742 = CARTESIAN_POINT('',(-0.1112,0.154904732568,2.441019008681));
#8743 = VECTOR('',#8744,1.);
#8744 = DIRECTION('',(-1.,1.935842978973E-16,4.839607447432E-17));
#8745 = PLANE('',#8746);
#8746 = AXIS2_PLACEMENT_3D('',#8747,#8748,#8749);
#8747 = CARTESIAN_POINT('',(-0.1112,0.162683519462,2.453869907589));
#8748 = DIRECTION('',(-1.405468344367E-16,-0.855482053583,0.51783245939)
  );
#8749 = DIRECTION('',(1.41646206256E-16,0.51783245939,0.855482053583));
#8750 = ADVANCED_FACE('',(#8751),#8776,.T.);
#8751 = FACE_BOUND('',#8752,.F.);
#8752 = EDGE_LOOP('',(#8753,#8761,#8762,#8770));
#8753 = ORIENTED_EDGE('',*,*,#8754,.F.);
#8754 = EDGE_CURVE('',#8724,#8755,#8757,.T.);
#8755 = VERTEX_POINT('',#8756);
#8756 = CARTESIAN_POINT('',(-0.125537720526,0.144605661159,2.40961366564
    ));
#8757 = LINE('',#8758,#8759);
#8758 = CARTESIAN_POINT('',(-0.125537720526,0.144605661159,2.40961366564
    ));
#8759 = VECTOR('',#8760,1.);
#8760 = DIRECTION('',(-1.063095609304E-16,-0.31161179933,-0.950209496121
    ));
#8761 = ORIENTED_EDGE('',*,*,#8740,.F.);
#8762 = ORIENTED_EDGE('',*,*,#8763,.F.);
#8763 = EDGE_CURVE('',#8764,#8733,#8766,.T.);
#8764 = VERTEX_POINT('',#8765);
#8765 = CARTESIAN_POINT('',(-0.1112,0.144605661159,2.40961366564));
#8766 = LINE('',#8767,#8768);
#8767 = CARTESIAN_POINT('',(-0.1112,0.144605661159,2.40961366564));
#8768 = VECTOR('',#8769,1.);
#8769 = DIRECTION('',(1.063095609304E-16,0.31161179933,0.950209496121));
#8770 = ORIENTED_EDGE('',*,*,#8771,.T.);
#8771 = EDGE_CURVE('',#8764,#8755,#8772,.T.);
#8772 = LINE('',#8773,#8774);
#8773 = CARTESIAN_POINT('',(-0.1112,0.144605661159,2.40961366564));
#8774 = VECTOR('',#8775,1.);
#8775 = DIRECTION('',(-1.,1.935842978973E-16,4.839607447432E-17));
#8776 = PLANE('',#8777);
#8777 = AXIS2_PLACEMENT_3D('',#8778,#8779,#8780);
#8778 = CARTESIAN_POINT('',(-0.1112,0.149755196864,2.42531633716));
#8779 = DIRECTION('',(-1.688648503144E-16,-0.950209496121,0.31161179933)
  );
#8780 = DIRECTION('',(1.063095609304E-16,0.31161179933,0.950209496121));
#8781 = ADVANCED_FACE('',(#8782),#8807,.T.);
#8782 = FACE_BOUND('',#8783,.F.);
#8783 = EDGE_LOOP('',(#8784,#8792,#8793,#8801));
#8784 = ORIENTED_EDGE('',*,*,#8785,.F.);
#8785 = EDGE_CURVE('',#8755,#8786,#8788,.T.);
#8786 = VERTEX_POINT('',#8787);
#8787 = CARTESIAN_POINT('',(-0.125537720526,0.140623215906,
    2.381451514982));
#8788 = LINE('',#8789,#8790);
#8789 = CARTESIAN_POINT('',(-0.125537720526,0.140623215906,
    2.381451514982));
#8790 = VECTOR('',#8791,1.);
#8791 = DIRECTION('',(-7.502464801112E-17,-0.140018209169,
    -0.990148928748));
#8792 = ORIENTED_EDGE('',*,*,#8771,.F.);
#8793 = ORIENTED_EDGE('',*,*,#8794,.F.);
#8794 = EDGE_CURVE('',#8795,#8764,#8797,.T.);
#8795 = VERTEX_POINT('',#8796);
#8796 = CARTESIAN_POINT('',(-0.1112,0.140623215906,2.381451514982));
#8797 = LINE('',#8798,#8799);
#8798 = CARTESIAN_POINT('',(-0.1112,0.140623215906,2.381451514982));
#8799 = VECTOR('',#8800,1.);
#8800 = DIRECTION('',(7.502464801112E-17,0.140018209169,0.990148928748)
  );
#8801 = ORIENTED_EDGE('',*,*,#8802,.T.);
#8802 = EDGE_CURVE('',#8795,#8786,#8803,.T.);
#8803 = LINE('',#8804,#8805);
#8804 = CARTESIAN_POINT('',(-0.1112,0.140623215906,2.381451514982));
#8805 = VECTOR('',#8806,1.);
#8806 = DIRECTION('',(-1.,1.935842978973E-16,4.839607447432E-17));
#8807 = PLANE('',#8808);
#8808 = AXIS2_PLACEMENT_3D('',#8809,#8810,#8811);
#8809 = CARTESIAN_POINT('',(-0.1112,0.142614438533,2.395532590311));
#8810 = DIRECTION('',(-1.849009535068E-16,-0.990148928748,0.140018209169
    ));
#8811 = DIRECTION('',(7.502464801112E-17,0.140018209169,0.990148928748)
  );
#8812 = ADVANCED_FACE('',(#8813),#8838,.T.);
#8813 = FACE_BOUND('',#8814,.F.);
#8814 = EDGE_LOOP('',(#8815,#8823,#8824,#8832));
#8815 = ORIENTED_EDGE('',*,*,#8816,.F.);
#8816 = EDGE_CURVE('',#8786,#8817,#8819,.T.);
#8817 = VERTEX_POINT('',#8818);
#8818 = CARTESIAN_POINT('',(-0.125537720526,0.14043625203,2.372040235228
    ));
#8819 = LINE('',#8820,#8821);
#8820 = CARTESIAN_POINT('',(-0.125537720526,0.14043625203,2.372040235228
    ));
#8821 = VECTOR('',#8822,1.);
#8822 = DIRECTION('',(-5.223150192665E-17,-1.986201646593E-02,
    -0.999802730693));
#8823 = ORIENTED_EDGE('',*,*,#8802,.F.);
#8824 = ORIENTED_EDGE('',*,*,#8825,.F.);
#8825 = EDGE_CURVE('',#8826,#8795,#8828,.T.);
#8826 = VERTEX_POINT('',#8827);
#8827 = CARTESIAN_POINT('',(-0.1112,0.14043625203,2.372040235228));
#8828 = LINE('',#8829,#8830);
#8829 = CARTESIAN_POINT('',(-0.1112,0.14043625203,2.372040235228));
#8830 = VECTOR('',#8831,1.);
#8831 = DIRECTION('',(5.223150192665E-17,1.986201646593E-02,
    0.999802730693));
#8832 = ORIENTED_EDGE('',*,*,#8833,.T.);
#8833 = EDGE_CURVE('',#8826,#8817,#8834,.T.);
#8834 = LINE('',#8835,#8836);
#8835 = CARTESIAN_POINT('',(-0.1112,0.14043625203,2.372040235228));
#8836 = VECTOR('',#8837,1.);
#8837 = DIRECTION('',(-1.,1.935842978973E-16,4.839607447432E-17));
#8838 = PLANE('',#8839);
#8839 = AXIS2_PLACEMENT_3D('',#8840,#8841,#8842);
#8840 = CARTESIAN_POINT('',(-0.1112,0.140529733968,2.376745875105));
#8841 = DIRECTION('',(-1.92584866029E-16,-0.999802730693,
    1.986201646593E-02));
#8842 = DIRECTION('',(5.223150192665E-17,1.986201646593E-02,
    0.999802730693));
#8843 = ADVANCED_FACE('',(#8844),#8869,.T.);
#8844 = FACE_BOUND('',#8845,.F.);
#8845 = EDGE_LOOP('',(#8846,#8854,#8855,#8863));
#8846 = ORIENTED_EDGE('',*,*,#8847,.F.);
#8847 = EDGE_CURVE('',#8817,#8848,#8850,.T.);
#8848 = VERTEX_POINT('',#8849);
#8849 = CARTESIAN_POINT('',(-0.125537720526,0.140249861663,
    2.362333598432));
#8850 = LINE('',#8851,#8852);
#8851 = CARTESIAN_POINT('',(-0.125537720526,0.140249861663,
    2.362333598432));
#8852 = VECTOR('',#8853,1.);
#8853 = DIRECTION('',(-5.210374526343E-17,-1.919882409554E-02,
    -0.999815685591));
#8854 = ORIENTED_EDGE('',*,*,#8833,.F.);
#8855 = ORIENTED_EDGE('',*,*,#8856,.F.);
#8856 = EDGE_CURVE('',#8857,#8826,#8859,.T.);
#8857 = VERTEX_POINT('',#8858);
#8858 = CARTESIAN_POINT('',(-0.1112,0.140249861663,2.362333598432));
#8859 = LINE('',#8860,#8861);
#8860 = CARTESIAN_POINT('',(-0.1112,0.140249861663,2.362333598432));
#8861 = VECTOR('',#8862,1.);
#8862 = DIRECTION('',(5.210374526343E-17,1.919882409554E-02,
    0.999815685591));
#8863 = ORIENTED_EDGE('',*,*,#8864,.T.);
#8864 = EDGE_CURVE('',#8857,#8848,#8865,.T.);
#8865 = LINE('',#8866,#8867);
#8866 = CARTESIAN_POINT('',(-0.1112,0.140249861663,2.362333598432));
#8867 = VECTOR('',#8868,1.);
#8868 = DIRECTION('',(-1.,1.935842978973E-16,4.839607447432E-17));
#8869 = PLANE('',#8870);
#8870 = AXIS2_PLACEMENT_3D('',#8871,#8872,#8873);
#8871 = CARTESIAN_POINT('',(-0.1112,0.140343056847,2.36718691683));
#8872 = DIRECTION('',(-1.92619469801E-16,-0.999815685591,
    1.919882409554E-02));
#8873 = DIRECTION('',(5.210374526343E-17,1.919882409554E-02,
    0.999815685591));
#8874 = ADVANCED_FACE('',(#8875),#8900,.T.);
#8875 = FACE_BOUND('',#8876,.F.);
#8876 = EDGE_LOOP('',(#8877,#8885,#8886,#8894));
#8877 = ORIENTED_EDGE('',*,*,#8878,.F.);
#8878 = EDGE_CURVE('',#8848,#8879,#8881,.T.);
#8879 = VERTEX_POINT('',#8880);
#8880 = CARTESIAN_POINT('',(-0.125537720526,0.144683371605,
    2.333084648558));
#8881 = LINE('',#8882,#8883);
#8882 = CARTESIAN_POINT('',(-0.125537720526,0.144683371605,
    2.333084648558));
#8883 = VECTOR('',#8884,1.);
#8884 = DIRECTION('',(-1.883769163085E-17,0.149866540265,-0.988706235496
    ));
#8885 = ORIENTED_EDGE('',*,*,#8864,.F.);
#8886 = ORIENTED_EDGE('',*,*,#8887,.F.);
#8887 = EDGE_CURVE('',#8888,#8857,#8890,.T.);
#8888 = VERTEX_POINT('',#8889);
#8889 = CARTESIAN_POINT('',(-0.1112,0.144683371605,2.333084648558));
#8890 = LINE('',#8891,#8892);
#8891 = CARTESIAN_POINT('',(-0.1112,0.144683371605,2.333084648558));
#8892 = VECTOR('',#8893,1.);
#8893 = DIRECTION('',(1.883769163085E-17,-0.149866540265,0.988706235496)
  );
#8894 = ORIENTED_EDGE('',*,*,#8895,.T.);
#8895 = EDGE_CURVE('',#8888,#8879,#8896,.T.);
#8896 = LINE('',#8897,#8898);
#8897 = CARTESIAN_POINT('',(-0.1112,0.144683371605,2.333084648558));
#8898 = VECTOR('',#8899,1.);
#8899 = DIRECTION('',(-1.,1.935842978973E-16,4.839607447432E-17));
#8900 = PLANE('',#8901);
#8901 = AXIS2_PLACEMENT_3D('',#8902,#8903,#8904);
#8902 = CARTESIAN_POINT('',(-0.1112,0.142466616634,2.347709123495));
#8903 = DIRECTION('',(-1.986509546691E-16,-0.988706235496,
    -0.149866540265));
#8904 = DIRECTION('',(1.883769163085E-17,-0.149866540265,0.988706235496)
  );
#8905 = ADVANCED_FACE('',(#8906),#8931,.T.);
#8906 = FACE_BOUND('',#8907,.F.);
#8907 = EDGE_LOOP('',(#8908,#8916,#8917,#8925));
#8908 = ORIENTED_EDGE('',*,*,#8909,.F.);
#8909 = EDGE_CURVE('',#8879,#8910,#8912,.T.);
#8910 = VERTEX_POINT('',#8911);
#8911 = CARTESIAN_POINT('',(-0.125537720526,0.15751849902,2.30024266592)
  );
#8912 = LINE('',#8913,#8914);
#8913 = CARTESIAN_POINT('',(-0.125537720526,0.15751849902,2.30024266592)
  );
#8914 = VECTOR('',#8915,1.);
#8915 = DIRECTION('',(2.538943138631E-17,0.364003763778,-0.931397476889)
  );
#8916 = ORIENTED_EDGE('',*,*,#8895,.F.);
#8917 = ORIENTED_EDGE('',*,*,#8918,.F.);
#8918 = EDGE_CURVE('',#8919,#8888,#8921,.T.);
#8919 = VERTEX_POINT('',#8920);
#8920 = CARTESIAN_POINT('',(-0.1112,0.15751849902,2.30024266592));
#8921 = LINE('',#8922,#8923);
#8922 = CARTESIAN_POINT('',(-0.1112,0.15751849902,2.30024266592));
#8923 = VECTOR('',#8924,1.);
#8924 = DIRECTION('',(-2.538943138631E-17,-0.364003763778,0.931397476889
    ));
#8925 = ORIENTED_EDGE('',*,*,#8926,.T.);
#8926 = EDGE_CURVE('',#8919,#8910,#8927,.T.);
#8927 = LINE('',#8928,#8929);
#8928 = CARTESIAN_POINT('',(-0.1112,0.15751849902,2.30024266592));
#8929 = VECTOR('',#8930,1.);
#8930 = DIRECTION('',(-1.,1.935842978973E-16,4.839607447432E-17));
#8931 = PLANE('',#8932);
#8932 = AXIS2_PLACEMENT_3D('',#8933,#8934,#8935);
#8933 = CARTESIAN_POINT('',(-0.1112,0.151100935312,2.316663657239));
#8934 = DIRECTION('',(-1.979202798876E-16,-0.931397476889,
    -0.364003763778));
#8935 = DIRECTION('',(-2.538943138631E-17,-0.364003763778,0.931397476889
    ));
#8936 = ADVANCED_FACE('',(#8937),#8962,.T.);
#8937 = FACE_BOUND('',#8938,.F.);
#8938 = EDGE_LOOP('',(#8939,#8947,#8948,#8956));
#8939 = ORIENTED_EDGE('',*,*,#8940,.F.);
#8940 = EDGE_CURVE('',#8910,#8941,#8943,.T.);
#8941 = VERTEX_POINT('',#8942);
#8942 = CARTESIAN_POINT('',(-0.125537720526,0.176623224867,
    2.273233267992));
#8943 = LINE('',#8944,#8945);
#8944 = CARTESIAN_POINT('',(-0.125537720526,0.176623224867,
    2.273233267992));
#8945 = VECTOR('',#8946,1.);
#8946 = DIRECTION('',(7.227916591451E-17,0.577475147909,-0.816408264012)
  );
#8947 = ORIENTED_EDGE('',*,*,#8926,.F.);
#8948 = ORIENTED_EDGE('',*,*,#8949,.F.);
#8949 = EDGE_CURVE('',#8950,#8919,#8952,.T.);
#8950 = VERTEX_POINT('',#8951);
#8951 = CARTESIAN_POINT('',(-0.1112,0.176623224867,2.273233267992));
#8952 = LINE('',#8953,#8954);
#8953 = CARTESIAN_POINT('',(-0.1112,0.176623224867,2.273233267992));
#8954 = VECTOR('',#8955,1.);
#8955 = DIRECTION('',(-7.227916591451E-17,-0.577475147909,0.816408264012
    ));
#8956 = ORIENTED_EDGE('',*,*,#8957,.T.);
#8957 = EDGE_CURVE('',#8950,#8941,#8958,.T.);
#8958 = LINE('',#8959,#8960);
#8959 = CARTESIAN_POINT('',(-0.1112,0.176623224867,2.273233267992));
#8960 = VECTOR('',#8961,1.);
#8961 = DIRECTION('',(-1.,1.935842978973E-16,4.839607447432E-17));
#8962 = PLANE('',#8963);
#8963 = AXIS2_PLACEMENT_3D('',#8964,#8965,#8966);
#8964 = CARTESIAN_POINT('',(-0.1112,0.167070861943,2.286737966956));
#8965 = DIRECTION('',(-1.859913508516E-16,-0.816408264012,
    -0.577475147909));
#8966 = DIRECTION('',(-7.227916591451E-17,-0.577475147909,0.816408264012
    ));
#8967 = ADVANCED_FACE('',(#8968),#8993,.T.);
#8968 = FACE_BOUND('',#8969,.F.);
#8969 = EDGE_LOOP('',(#8970,#8978,#8979,#8987));
#8970 = ORIENTED_EDGE('',*,*,#8971,.F.);
#8971 = EDGE_CURVE('',#8941,#8972,#8974,.T.);
#8972 = VERTEX_POINT('',#8973);
#8973 = CARTESIAN_POINT('',(-0.125537720526,0.199694624475,2.25176683282
    ));
#8974 = LINE('',#8975,#8976);
#8975 = CARTESIAN_POINT('',(-0.125537720526,0.199694624475,2.25176683282
    ));
#8976 = VECTOR('',#8977,1.);
#8977 = DIRECTION('',(1.087589541988E-16,0.732112861996,-0.681183350722)
  );
#8978 = ORIENTED_EDGE('',*,*,#8957,.F.);
#8979 = ORIENTED_EDGE('',*,*,#8980,.F.);
#8980 = EDGE_CURVE('',#8981,#8950,#8983,.T.);
#8981 = VERTEX_POINT('',#8982);
#8982 = CARTESIAN_POINT('',(-0.1112,0.199694624475,2.25176683282));
#8983 = LINE('',#8984,#8985);
#8984 = CARTESIAN_POINT('',(-0.1112,0.199694624475,2.25176683282));
#8985 = VECTOR('',#8986,1.);
#8986 = DIRECTION('',(-1.087589541988E-16,-0.732112861996,0.681183350722
    ));
#8987 = ORIENTED_EDGE('',*,*,#8988,.T.);
#8988 = EDGE_CURVE('',#8981,#8972,#8989,.T.);
#8989 = LINE('',#8990,#8991);
#8990 = CARTESIAN_POINT('',(-0.1112,0.199694624475,2.25176683282));
#8991 = VECTOR('',#8992,1.);
#8992 = DIRECTION('',(-1.,1.935842978973E-16,4.839607447432E-17));
#8993 = PLANE('',#8994);
#8994 = AXIS2_PLACEMENT_3D('',#8995,#8996,#8997);
#8995 = CARTESIAN_POINT('',(-0.1112,0.188158924671,2.262500050406));
#8996 = DIRECTION('',(-1.672977892815E-16,-0.681183350722,
    -0.732112861996));
#8997 = DIRECTION('',(-1.087589541988E-16,-0.732112861996,0.681183350722
    ));
#8998 = ADVANCED_FACE('',(#8999),#9024,.T.);
#8999 = FACE_BOUND('',#9000,.F.);
#9000 = EDGE_LOOP('',(#9001,#9009,#9010,#9018));
#9001 = ORIENTED_EDGE('',*,*,#9002,.F.);
#9002 = EDGE_CURVE('',#8972,#9003,#9005,.T.);
#9003 = VERTEX_POINT('',#9004);
#9004 = CARTESIAN_POINT('',(-0.125537720526,0.224399950714,
    2.235568076169));
#9005 = LINE('',#9006,#9007);
#9006 = CARTESIAN_POINT('',(-0.125537720526,0.224399950714,
    2.235568076169));
#9007 = VECTOR('',#9008,1.);
#9008 = DIRECTION('',(1.353515025613E-16,0.83626698669,-0.548322466231)
  );
#9009 = ORIENTED_EDGE('',*,*,#8988,.F.);
#9010 = ORIENTED_EDGE('',*,*,#9011,.F.);
#9011 = EDGE_CURVE('',#9012,#8981,#9014,.T.);
#9012 = VERTEX_POINT('',#9013);
#9013 = CARTESIAN_POINT('',(-0.1112,0.224399950714,2.235568076169));
#9014 = LINE('',#9015,#9016);
#9015 = CARTESIAN_POINT('',(-0.1112,0.224399950714,2.235568076169));
#9016 = VECTOR('',#9017,1.);
#9017 = DIRECTION('',(-1.353515025613E-16,-0.83626698669,0.548322466231)
  );
#9018 = ORIENTED_EDGE('',*,*,#9019,.T.);
#9019 = EDGE_CURVE('',#9012,#9003,#9020,.T.);
#9020 = LINE('',#9021,#9022);
#9021 = CARTESIAN_POINT('',(-0.1112,0.224399950714,2.235568076169));
#9022 = VECTOR('',#9023,1.);
#9023 = DIRECTION('',(-1.,1.935842978973E-16,4.839607447432E-17));
#9024 = PLANE('',#9025);
#9025 = AXIS2_PLACEMENT_3D('',#9026,#9027,#9028);
#9026 = CARTESIAN_POINT('',(-0.1112,0.212047287595,2.243667454495));
#9027 = DIRECTION('',(-1.466186590148E-16,-0.548322466231,-0.83626698669
    ));
#9028 = DIRECTION('',(-1.353515025613E-16,-0.83626698669,0.548322466231)
  );
#9029 = ADVANCED_FACE('',(#9030),#9055,.T.);
#9030 = FACE_BOUND('',#9031,.F.);
#9031 = EDGE_LOOP('',(#9032,#9040,#9041,#9049));
#9032 = ORIENTED_EDGE('',*,*,#9033,.F.);
#9033 = EDGE_CURVE('',#9003,#9034,#9036,.T.);
#9034 = VERTEX_POINT('',#9035);
#9035 = CARTESIAN_POINT('',(-0.125537720526,0.248451476897,
    2.224338773453));
#9036 = LINE('',#9037,#9038);
#9037 = CARTESIAN_POINT('',(-0.125537720526,0.248451476897,
    2.224338773453));
#9038 = VECTOR('',#9039,1.);
#9039 = DIRECTION('',(1.54934264384E-16,0.906107227942,-0.423048095931)
  );
#9040 = ORIENTED_EDGE('',*,*,#9019,.F.);
#9041 = ORIENTED_EDGE('',*,*,#9042,.F.);
#9042 = EDGE_CURVE('',#9043,#9012,#9045,.T.);
#9043 = VERTEX_POINT('',#9044);
#9044 = CARTESIAN_POINT('',(-0.1112,0.248451476897,2.224338773453));
#9045 = LINE('',#9046,#9047);
#9046 = CARTESIAN_POINT('',(-0.1112,0.248451476897,2.224338773453));
#9047 = VECTOR('',#9048,1.);
#9048 = DIRECTION('',(-1.54934264384E-16,-0.906107227942,0.423048095931)
  );
#9049 = ORIENTED_EDGE('',*,*,#9050,.T.);
#9050 = EDGE_CURVE('',#9043,#9034,#9051,.T.);
#9051 = LINE('',#9052,#9053);
#9052 = CARTESIAN_POINT('',(-0.1112,0.248451476897,2.224338773453));
#9053 = VECTOR('',#9054,1.);
#9054 = DIRECTION('',(-1.,1.935842978973E-16,4.839607447432E-17));
#9055 = PLANE('',#9056);
#9056 = AXIS2_PLACEMENT_3D('',#9057,#9058,#9059);
#9057 = CARTESIAN_POINT('',(-0.1112,0.236425713806,2.229953424811));
#9058 = DIRECTION('',(-1.257475015128E-16,-0.423048095931,
    -0.906107227942));
#9059 = DIRECTION('',(-1.54934264384E-16,-0.906107227942,0.423048095931)
  );
#9060 = ADVANCED_FACE('',(#9061),#9086,.T.);
#9061 = FACE_BOUND('',#9062,.F.);
#9062 = EDGE_LOOP('',(#9063,#9071,#9072,#9080));
#9063 = ORIENTED_EDGE('',*,*,#9064,.F.);
#9064 = EDGE_CURVE('',#9034,#9065,#9067,.T.);
#9065 = VERTEX_POINT('',#9066);
#9066 = CARTESIAN_POINT('',(-0.125537720526,0.269500971157,
    2.217817978157));
#9067 = LINE('',#9068,#9069);
#9068 = CARTESIAN_POINT('',(-0.125537720526,0.269500971157,
    2.217817978157));
#9069 = VECTOR('',#9070,1.);
#9070 = DIRECTION('',(1.705938506638E-16,0.955215676929,-0.295910477255)
  );
#9071 = ORIENTED_EDGE('',*,*,#9050,.F.);
#9072 = ORIENTED_EDGE('',*,*,#9073,.F.);
#9073 = EDGE_CURVE('',#9074,#9043,#9076,.T.);
#9074 = VERTEX_POINT('',#9075);
#9075 = CARTESIAN_POINT('',(-0.1112,0.269500971157,2.217817978157));
#9076 = LINE('',#9077,#9078);
#9077 = CARTESIAN_POINT('',(-0.1112,0.269500971157,2.217817978157));
#9078 = VECTOR('',#9079,1.);
#9079 = DIRECTION('',(-1.705938506638E-16,-0.955215676929,0.295910477255
    ));
#9080 = ORIENTED_EDGE('',*,*,#9081,.T.);
#9081 = EDGE_CURVE('',#9074,#9065,#9082,.T.);
#9082 = LINE('',#9083,#9084);
#9083 = CARTESIAN_POINT('',(-0.1112,0.269500971157,2.217817978157));
#9084 = VECTOR('',#9085,1.);
#9085 = DIRECTION('',(-1.,1.935842978973E-16,4.839607447432E-17));
#9086 = PLANE('',#9087);
#9087 = AXIS2_PLACEMENT_3D('',#9088,#9089,#9090);
#9088 = CARTESIAN_POINT('',(-0.1112,0.258976224027,2.221078375805));
#9089 = DIRECTION('',(-1.035123110195E-16,-0.295910477255,
    -0.955215676929));
#9090 = DIRECTION('',(-1.705938506638E-16,-0.955215676929,0.295910477255
    ));
#9091 = ADVANCED_FACE('',(#9092),#9117,.T.);
#9092 = FACE_BOUND('',#9093,.F.);
#9093 = EDGE_LOOP('',(#9094,#9102,#9103,#9111));
#9094 = ORIENTED_EDGE('',*,*,#9095,.F.);
#9095 = EDGE_CURVE('',#9065,#9096,#9098,.T.);
#9096 = VERTEX_POINT('',#9097);
#9097 = CARTESIAN_POINT('',(-0.125537720526,0.281324429011,
    2.215704598152));
#9098 = LINE('',#9099,#9100);
#9099 = CARTESIAN_POINT('',(-0.125537720526,0.281324429011,
    2.215704598152));
#9100 = VECTOR('',#9101,1.);
#9101 = DIRECTION('',(1.820484306362E-16,0.984398050372,-0.175955899089)
  );
#9102 = ORIENTED_EDGE('',*,*,#9081,.F.);
#9103 = ORIENTED_EDGE('',*,*,#9104,.F.);
#9104 = EDGE_CURVE('',#9105,#9074,#9107,.T.);
#9105 = VERTEX_POINT('',#9106);
#9106 = CARTESIAN_POINT('',(-0.1112,0.281324429011,2.215704598152));
#9107 = LINE('',#9108,#9109);
#9108 = CARTESIAN_POINT('',(-0.1112,0.281324429011,2.215704598152));
#9109 = VECTOR('',#9110,1.);
#9110 = DIRECTION('',(-1.820484306362E-16,-0.984398050372,0.175955899089
    ));
#9111 = ORIENTED_EDGE('',*,*,#9112,.T.);
#9112 = EDGE_CURVE('',#9105,#9096,#9113,.T.);
#9113 = LINE('',#9114,#9115);
#9114 = CARTESIAN_POINT('',(-0.1112,0.281324429011,2.215704598152));
#9115 = VECTOR('',#9116,1.);
#9116 = DIRECTION('',(-1.,1.935842978973E-16,4.839607447432E-17));
#9117 = PLANE('',#9118);
#9118 = AXIS2_PLACEMENT_3D('',#9119,#9120,#9121);
#9119 = CARTESIAN_POINT('',(-0.1112,0.275412700084,2.216761288155));
#9120 = DIRECTION('',(-8.170330054421E-17,-0.175955899089,
    -0.984398050372));
#9121 = DIRECTION('',(-1.820484306362E-16,-0.984398050372,0.175955899089
    ));
#9122 = ADVANCED_FACE('',(#9123),#9148,.T.);
#9123 = FACE_BOUND('',#9124,.F.);
#9124 = EDGE_LOOP('',(#9125,#9133,#9134,#9142));
#9125 = ORIENTED_EDGE('',*,*,#9126,.F.);
#9126 = EDGE_CURVE('',#9096,#9127,#9129,.T.);
#9127 = VERTEX_POINT('',#9128);
#9128 = CARTESIAN_POINT('',(-0.125537720526,0.28526042005,2.215704598152
    ));
#9129 = LINE('',#9130,#9131);
#9130 = CARTESIAN_POINT('',(-0.125537720526,0.28526042005,2.215704598152
    ));
#9131 = VECTOR('',#9132,1.);
#9132 = DIRECTION('',(1.935842978973E-16,1.,-0.));
#9133 = ORIENTED_EDGE('',*,*,#9112,.F.);
#9134 = ORIENTED_EDGE('',*,*,#9135,.F.);
#9135 = EDGE_CURVE('',#9136,#9105,#9138,.T.);
#9136 = VERTEX_POINT('',#9137);
#9137 = CARTESIAN_POINT('',(-0.1112,0.28526042005,2.215704598152));
#9138 = LINE('',#9139,#9140);
#9139 = CARTESIAN_POINT('',(-0.1112,0.28526042005,2.215704598152));
#9140 = VECTOR('',#9141,1.);
#9141 = DIRECTION('',(-1.935842978973E-16,-1.,0.));
#9142 = ORIENTED_EDGE('',*,*,#9143,.T.);
#9143 = EDGE_CURVE('',#9136,#9127,#9144,.T.);
#9144 = LINE('',#9145,#9146);
#9145 = CARTESIAN_POINT('',(-0.1112,0.28526042005,2.215704598152));
#9146 = VECTOR('',#9147,1.);
#9147 = DIRECTION('',(-1.,1.935842978973E-16,4.839607447432E-17));
#9148 = PLANE('',#9149);
#9149 = AXIS2_PLACEMENT_3D('',#9150,#9151,#9152);
#9150 = CARTESIAN_POINT('',(-0.1112,0.283292424531,2.215704598152));
#9151 = DIRECTION('',(-4.839607447432E-17,9.368720098096E-33,-1.));
#9152 = DIRECTION('',(-1.935842978973E-16,-1.,-1.368455531567E-48));
#9153 = ADVANCED_FACE('',(#9154),#9170,.T.);
#9154 = FACE_BOUND('',#9155,.F.);
#9155 = EDGE_LOOP('',(#9156,#9162,#9163,#9169));
#9156 = ORIENTED_EDGE('',*,*,#9157,.F.);
#9157 = EDGE_CURVE('',#9127,#8436,#9158,.T.);
#9158 = LINE('',#9159,#9160);
#9159 = CARTESIAN_POINT('',(-0.125537720526,0.285089227667,2.12540850182
    ));
#9160 = VECTOR('',#9161,1.);
#9161 = DIRECTION('',(-4.876300333713E-17,-1.895896748272E-03,
    -0.999998202786));
#9162 = ORIENTED_EDGE('',*,*,#9143,.F.);
#9163 = ORIENTED_EDGE('',*,*,#9164,.F.);
#9164 = EDGE_CURVE('',#8446,#9136,#9165,.T.);
#9165 = LINE('',#9166,#9167);
#9166 = CARTESIAN_POINT('',(-0.1112,0.285089227667,2.12540850182));
#9167 = VECTOR('',#9168,1.);
#9168 = DIRECTION('',(4.876300333713E-17,1.895896748272E-03,
    0.999998202786));
#9169 = ORIENTED_EDGE('',*,*,#8445,.T.);
#9170 = PLANE('',#9171);
#9171 = AXIS2_PLACEMENT_3D('',#9172,#9173,#9174);
#9172 = CARTESIAN_POINT('',(-0.1112,0.285174823859,2.170556549986));
#9173 = DIRECTION('',(-1.934921960247E-16,-0.999998202786,
    1.895896748272E-03));
#9174 = DIRECTION('',(4.876300333713E-17,1.895896748272E-03,
    0.999998202786));
#9175 = ADVANCED_FACE('',(#9176,#9192),#9218,.F.);
#9176 = FACE_BOUND('',#9177,.F.);
#9177 = EDGE_LOOP('',(#9178,#9179,#9180,#9181,#9182,#9183,#9184,#9185,
    #9186,#9187,#9188,#9189,#9190,#9191));
#9178 = ORIENTED_EDGE('',*,*,#8019,.F.);
#9179 = ORIENTED_EDGE('',*,*,#8057,.F.);
#9180 = ORIENTED_EDGE('',*,*,#8088,.F.);
#9181 = ORIENTED_EDGE('',*,*,#8119,.F.);
#9182 = ORIENTED_EDGE('',*,*,#8150,.F.);
#9183 = ORIENTED_EDGE('',*,*,#8181,.F.);
#9184 = ORIENTED_EDGE('',*,*,#8212,.F.);
#9185 = ORIENTED_EDGE('',*,*,#8243,.F.);
#9186 = ORIENTED_EDGE('',*,*,#8274,.F.);
#9187 = ORIENTED_EDGE('',*,*,#8305,.F.);
#9188 = ORIENTED_EDGE('',*,*,#8336,.F.);
#9189 = ORIENTED_EDGE('',*,*,#8367,.F.);
#9190 = ORIENTED_EDGE('',*,*,#8398,.F.);
#9191 = ORIENTED_EDGE('',*,*,#8420,.F.);
#9192 = FACE_BOUND('',#9193,.F.);
#9193 = EDGE_LOOP('',(#9194,#9195,#9196,#9197,#9198,#9199,#9200,#9201,
    #9202,#9203,#9204,#9205,#9206,#9207,#9208,#9209,#9210,#9211,#9212,
    #9213,#9214,#9215,#9216,#9217));
#9194 = ORIENTED_EDGE('',*,*,#9164,.T.);
#9195 = ORIENTED_EDGE('',*,*,#9135,.T.);
#9196 = ORIENTED_EDGE('',*,*,#9104,.T.);
#9197 = ORIENTED_EDGE('',*,*,#9073,.T.);
#9198 = ORIENTED_EDGE('',*,*,#9042,.T.);
#9199 = ORIENTED_EDGE('',*,*,#9011,.T.);
#9200 = ORIENTED_EDGE('',*,*,#8980,.T.);
#9201 = ORIENTED_EDGE('',*,*,#8949,.T.);
#9202 = ORIENTED_EDGE('',*,*,#8918,.T.);
#9203 = ORIENTED_EDGE('',*,*,#8887,.T.);
#9204 = ORIENTED_EDGE('',*,*,#8856,.T.);
#9205 = ORIENTED_EDGE('',*,*,#8825,.T.);
#9206 = ORIENTED_EDGE('',*,*,#8794,.T.);
#9207 = ORIENTED_EDGE('',*,*,#8763,.T.);
#9208 = ORIENTED_EDGE('',*,*,#8732,.T.);
#9209 = ORIENTED_EDGE('',*,*,#8701,.T.);
#9210 = ORIENTED_EDGE('',*,*,#8670,.T.);
#9211 = ORIENTED_EDGE('',*,*,#8639,.T.);
#9212 = ORIENTED_EDGE('',*,*,#8608,.T.);
#9213 = ORIENTED_EDGE('',*,*,#8577,.T.);
#9214 = ORIENTED_EDGE('',*,*,#8546,.T.);
#9215 = ORIENTED_EDGE('',*,*,#8515,.T.);
#9216 = ORIENTED_EDGE('',*,*,#8484,.T.);
#9217 = ORIENTED_EDGE('',*,*,#8453,.T.);
#9218 = PLANE('',#9219);
#9219 = AXIS2_PLACEMENT_3D('',#9220,#9221,#9222);
#9220 = CARTESIAN_POINT('',(-0.1112,0.296034185838,2.331267550678));
#9221 = DIRECTION('',(-1.,1.935842978973E-16,4.839607447432E-17));
#9222 = DIRECTION('',(-1.935842978973E-16,-1.,0.));
#9223 = ADVANCED_FACE('',(#9224,#9240),#9266,.T.);
#9224 = FACE_BOUND('',#9225,.F.);
#9225 = EDGE_LOOP('',(#9226,#9227,#9228,#9229,#9230,#9231,#9232,#9233,
    #9234,#9235,#9236,#9237,#9238,#9239));
#9226 = ORIENTED_EDGE('',*,*,#8001,.F.);
#9227 = ORIENTED_EDGE('',*,*,#8413,.F.);
#9228 = ORIENTED_EDGE('',*,*,#8382,.F.);
#9229 = ORIENTED_EDGE('',*,*,#8351,.F.);
#9230 = ORIENTED_EDGE('',*,*,#8320,.F.);
#9231 = ORIENTED_EDGE('',*,*,#8289,.F.);
#9232 = ORIENTED_EDGE('',*,*,#8258,.F.);
#9233 = ORIENTED_EDGE('',*,*,#8227,.F.);
#9234 = ORIENTED_EDGE('',*,*,#8196,.F.);
#9235 = ORIENTED_EDGE('',*,*,#8165,.F.);
#9236 = ORIENTED_EDGE('',*,*,#8134,.F.);
#9237 = ORIENTED_EDGE('',*,*,#8103,.F.);
#9238 = ORIENTED_EDGE('',*,*,#8072,.F.);
#9239 = ORIENTED_EDGE('',*,*,#8041,.F.);
#9240 = FACE_BOUND('',#9241,.F.);
#9241 = EDGE_LOOP('',(#9242,#9243,#9244,#9245,#9246,#9247,#9248,#9249,
    #9250,#9251,#9252,#9253,#9254,#9255,#9256,#9257,#9258,#9259,#9260,
    #9261,#9262,#9263,#9264,#9265));
#9242 = ORIENTED_EDGE('',*,*,#8435,.T.);
#9243 = ORIENTED_EDGE('',*,*,#8475,.T.);
#9244 = ORIENTED_EDGE('',*,*,#8506,.T.);
#9245 = ORIENTED_EDGE('',*,*,#8537,.T.);
#9246 = ORIENTED_EDGE('',*,*,#8568,.T.);
#9247 = ORIENTED_EDGE('',*,*,#8599,.T.);
#9248 = ORIENTED_EDGE('',*,*,#8630,.T.);
#9249 = ORIENTED_EDGE('',*,*,#8661,.T.);
#9250 = ORIENTED_EDGE('',*,*,#8692,.T.);
#9251 = ORIENTED_EDGE('',*,*,#8723,.T.);
#9252 = ORIENTED_EDGE('',*,*,#8754,.T.);
#9253 = ORIENTED_EDGE('',*,*,#8785,.T.);
#9254 = ORIENTED_EDGE('',*,*,#8816,.T.);
#9255 = ORIENTED_EDGE('',*,*,#8847,.T.);
#9256 = ORIENTED_EDGE('',*,*,#8878,.T.);
#9257 = ORIENTED_EDGE('',*,*,#8909,.T.);
#9258 = ORIENTED_EDGE('',*,*,#8940,.T.);
#9259 = ORIENTED_EDGE('',*,*,#8971,.T.);
#9260 = ORIENTED_EDGE('',*,*,#9002,.T.);
#9261 = ORIENTED_EDGE('',*,*,#9033,.T.);
#9262 = ORIENTED_EDGE('',*,*,#9064,.T.);
#9263 = ORIENTED_EDGE('',*,*,#9095,.T.);
#9264 = ORIENTED_EDGE('',*,*,#9126,.T.);
#9265 = ORIENTED_EDGE('',*,*,#9157,.T.);
#9266 = PLANE('',#9267);
#9267 = AXIS2_PLACEMENT_3D('',#9268,#9269,#9270);
#9268 = CARTESIAN_POINT('',(-0.125537720526,0.296034185838,
    2.331267550678));
#9269 = DIRECTION('',(-1.,1.935842978973E-16,4.839607447432E-17));
#9270 = DIRECTION('',(-1.935842978973E-16,-1.,0.));
#9271 = ORIENTED_CLOSED_SHELL('',*,#9272,.F.);
#9272 = CLOSED_SHELL('',(#9273,#9313,#9344,#9366,#9406,#9437,#9468,#9499
    ,#9521,#9539));
#9273 = ADVANCED_FACE('',(#9274),#9308,.F.);
#9274 = FACE_BOUND('',#9275,.F.);
#9275 = EDGE_LOOP('',(#9276,#9286,#9294,#9302));
#9276 = ORIENTED_EDGE('',*,*,#9277,.T.);
#9277 = EDGE_CURVE('',#9278,#9280,#9282,.T.);
#9278 = VERTEX_POINT('',#9279);
#9279 = CARTESIAN_POINT('',(-0.125537720526,0.326954511341,
    1.975653878465));
#9280 = VERTEX_POINT('',#9281);
#9281 = CARTESIAN_POINT('',(-0.125537720526,-0.326968849062,
    1.975653878465));
#9282 = LINE('',#9283,#9284);
#9283 = CARTESIAN_POINT('',(-0.125537720526,-4.185238840394E-06,
    1.975653878465));
#9284 = VECTOR('',#9285,1.);
#9285 = DIRECTION('',(-1.935842978973E-16,-1.,0.));
#9286 = ORIENTED_EDGE('',*,*,#9287,.F.);
#9287 = EDGE_CURVE('',#9288,#9280,#9290,.T.);
#9288 = VERTEX_POINT('',#9289);
#9289 = CARTESIAN_POINT('',(-0.1112,-0.326968849062,1.975653878465));
#9290 = LINE('',#9291,#9292);
#9291 = CARTESIAN_POINT('',(-0.1112,-0.326968849062,1.975653878465));
#9292 = VECTOR('',#9293,1.);
#9293 = DIRECTION('',(-1.,1.935842978973E-16,4.839607447432E-17));
#9294 = ORIENTED_EDGE('',*,*,#9295,.T.);
#9295 = EDGE_CURVE('',#9288,#9296,#9298,.T.);
#9296 = VERTEX_POINT('',#9297);
#9297 = CARTESIAN_POINT('',(-0.1112,0.326954511341,1.975653878465));
#9298 = LINE('',#9299,#9300);
#9299 = CARTESIAN_POINT('',(-0.1112,-4.185238840392E-06,1.975653878465)
  );
#9300 = VECTOR('',#9301,1.);
#9301 = DIRECTION('',(1.935842978973E-16,1.,0.));
#9302 = ORIENTED_EDGE('',*,*,#9303,.T.);
#9303 = EDGE_CURVE('',#9296,#9278,#9304,.T.);
#9304 = LINE('',#9305,#9306);
#9305 = CARTESIAN_POINT('',(-0.1112,0.326954511341,1.975653878465));
#9306 = VECTOR('',#9307,1.);
#9307 = DIRECTION('',(-1.,1.935842978973E-16,4.839607447432E-17));
#9308 = PLANE('',#9309);
#9309 = AXIS2_PLACEMENT_3D('',#9310,#9311,#9312);
#9310 = CARTESIAN_POINT('',(-0.1112,-7.168860263215E-06,1.975653878465)
  );
#9311 = DIRECTION('',(4.839607447432E-17,-9.368720098096E-33,1.));
#9312 = DIRECTION('',(1.935842978973E-16,1.,1.368455531567E-48));
#9313 = ADVANCED_FACE('',(#9314),#9339,.F.);
#9314 = FACE_BOUND('',#9315,.F.);
#9315 = EDGE_LOOP('',(#9316,#9324,#9332,#9338));
#9316 = ORIENTED_EDGE('',*,*,#9317,.T.);
#9317 = EDGE_CURVE('',#9280,#9318,#9320,.T.);
#9318 = VERTEX_POINT('',#9319);
#9319 = CARTESIAN_POINT('',(-0.125537720526,2.775557561563E-18,
    1.579280712405));
#9320 = LINE('',#9321,#9322);
#9321 = CARTESIAN_POINT('',(-0.125537720526,-0.158583617255,
    1.771526214192));
#9322 = VECTOR('',#9323,1.);
#9323 = DIRECTION('',(8.585175934273E-17,0.63633777652,-0.771410548394)
  );
#9324 = ORIENTED_EDGE('',*,*,#9325,.F.);
#9325 = EDGE_CURVE('',#9326,#9318,#9328,.T.);
#9326 = VERTEX_POINT('',#9327);
#9327 = CARTESIAN_POINT('',(-0.1112,-7.427588037047E-34,1.579280712405)
  );
#9328 = LINE('',#9329,#9330);
#9329 = CARTESIAN_POINT('',(-0.1112,-7.427588037047E-34,1.579280712405)
  );
#9330 = VECTOR('',#9331,1.);
#9331 = DIRECTION('',(-1.,1.935842978973E-16,4.839607447432E-17));
#9332 = ORIENTED_EDGE('',*,*,#9333,.T.);
#9333 = EDGE_CURVE('',#9326,#9288,#9334,.T.);
#9334 = LINE('',#9335,#9336);
#9335 = CARTESIAN_POINT('',(-0.1112,-0.158583617255,1.771526214192));
#9336 = VECTOR('',#9337,1.);
#9337 = DIRECTION('',(-8.585175934273E-17,-0.63633777652,0.771410548394)
  );
#9338 = ORIENTED_EDGE('',*,*,#9287,.T.);
#9339 = PLANE('',#9340);
#9340 = AXIS2_PLACEMENT_3D('',#9341,#9342,#9343);
#9341 = CARTESIAN_POINT('',(-0.1112,-0.163484424531,1.777467295435));
#9342 = DIRECTION('',(-1.801292198247E-16,-0.771410548394,-0.63633777652
    ));
#9343 = DIRECTION('',(-8.585175934273E-17,-0.63633777652,0.771410548394)
  );
#9344 = ADVANCED_FACE('',(#9345),#9361,.F.);
#9345 = FACE_BOUND('',#9346,.F.);
#9346 = EDGE_LOOP('',(#9347,#9353,#9354,#9360));
#9347 = ORIENTED_EDGE('',*,*,#9348,.T.);
#9348 = EDGE_CURVE('',#9318,#9278,#9349,.T.);
#9349 = LINE('',#9350,#9351);
#9350 = CARTESIAN_POINT('',(-0.125537720526,0.158578905481,
    1.771528932434));
#9351 = VECTOR('',#9352,1.);
#9352 = DIRECTION('',(1.605156924355E-16,0.636321171318,0.771424245751)
  );
#9353 = ORIENTED_EDGE('',*,*,#9303,.F.);
#9354 = ORIENTED_EDGE('',*,*,#9355,.T.);
#9355 = EDGE_CURVE('',#9296,#9326,#9356,.T.);
#9356 = LINE('',#9357,#9358);
#9357 = CARTESIAN_POINT('',(-0.1112,0.158578905481,1.771528932434));
#9358 = VECTOR('',#9359,1.);
#9359 = DIRECTION('',(-1.605156924355E-16,-0.636321171318,
    -0.771424245751));
#9360 = ORIENTED_EDGE('',*,*,#9325,.T.);
#9361 = PLANE('',#9362);
#9362 = AXIS2_PLACEMENT_3D('',#9363,#9364,#9365);
#9363 = CARTESIAN_POINT('',(-0.1112,0.163477255671,1.777467295435));
#9364 = DIRECTION('',(1.185401741979E-16,0.771424245751,-0.636321171318)
  );
#9365 = DIRECTION('',(-1.605156924355E-16,-0.636321171318,
    -0.771424245751));
#9366 = ADVANCED_FACE('',(#9367),#9401,.T.);
#9367 = FACE_BOUND('',#9368,.F.);
#9368 = EDGE_LOOP('',(#9369,#9379,#9387,#9395));
#9369 = ORIENTED_EDGE('',*,*,#9370,.F.);
#9370 = EDGE_CURVE('',#9371,#9373,#9375,.T.);
#9371 = VERTEX_POINT('',#9372);
#9372 = CARTESIAN_POINT('',(-0.125537720526,0.394986995239,
    1.975653878465));
#9373 = VERTEX_POINT('',#9374);
#9374 = CARTESIAN_POINT('',(-0.125537720526,0.394986995239,
    2.092380128815));
#9375 = LINE('',#9376,#9377);
#9376 = CARTESIAN_POINT('',(-0.125537720526,0.394986995239,
    1.975653878465));
#9377 = VECTOR('',#9378,1.);
#9378 = DIRECTION('',(4.839607447432E-17,-9.368720098096E-33,1.));
#9379 = ORIENTED_EDGE('',*,*,#9380,.F.);
#9380 = EDGE_CURVE('',#9381,#9371,#9383,.T.);
#9381 = VERTEX_POINT('',#9382);
#9382 = CARTESIAN_POINT('',(-0.1112,0.394986995239,1.975653878465));
#9383 = LINE('',#9384,#9385);
#9384 = CARTESIAN_POINT('',(-0.1112,0.394986995239,1.975653878465));
#9385 = VECTOR('',#9386,1.);
#9386 = DIRECTION('',(-1.,1.935842978973E-16,4.839607447432E-17));
#9387 = ORIENTED_EDGE('',*,*,#9388,.T.);
#9388 = EDGE_CURVE('',#9381,#9389,#9391,.T.);
#9389 = VERTEX_POINT('',#9390);
#9390 = CARTESIAN_POINT('',(-0.1112,0.394986995239,2.092380128815));
#9391 = LINE('',#9392,#9393);
#9392 = CARTESIAN_POINT('',(-0.1112,0.394986995239,1.975653878465));
#9393 = VECTOR('',#9394,1.);
#9394 = DIRECTION('',(4.839607447432E-17,-9.368720098096E-33,1.));
#9395 = ORIENTED_EDGE('',*,*,#9396,.T.);
#9396 = EDGE_CURVE('',#9389,#9373,#9397,.T.);
#9397 = LINE('',#9398,#9399);
#9398 = CARTESIAN_POINT('',(-0.1112,0.394986995239,2.092380128815));
#9399 = VECTOR('',#9400,1.);
#9400 = DIRECTION('',(-1.,1.935842978973E-16,4.839607447432E-17));
#9401 = PLANE('',#9402);
#9402 = AXIS2_PLACEMENT_3D('',#9403,#9404,#9405);
#9403 = CARTESIAN_POINT('',(-0.1112,0.394986995239,2.03401700364));
#9404 = DIRECTION('',(1.935842978973E-16,1.,0.));
#9405 = DIRECTION('',(-4.839607447432E-17,9.368720098096E-33,-1.));
#9406 = ADVANCED_FACE('',(#9407),#9432,.T.);
#9407 = FACE_BOUND('',#9408,.F.);
#9408 = EDGE_LOOP('',(#9409,#9417,#9418,#9426));
#9409 = ORIENTED_EDGE('',*,*,#9410,.F.);
#9410 = EDGE_CURVE('',#9373,#9411,#9413,.T.);
#9411 = VERTEX_POINT('',#9412);
#9412 = CARTESIAN_POINT('',(-0.125537720526,-0.394989862784,
    2.092380128815));
#9413 = LINE('',#9414,#9415);
#9414 = CARTESIAN_POINT('',(-0.125537720526,0.394986995239,
    2.092380128815));
#9415 = VECTOR('',#9416,1.);
#9416 = DIRECTION('',(-1.935842978973E-16,-1.,0.));
#9417 = ORIENTED_EDGE('',*,*,#9396,.F.);
#9418 = ORIENTED_EDGE('',*,*,#9419,.T.);
#9419 = EDGE_CURVE('',#9389,#9420,#9422,.T.);
#9420 = VERTEX_POINT('',#9421);
#9421 = CARTESIAN_POINT('',(-0.1112,-0.394989862784,2.092380128815));
#9422 = LINE('',#9423,#9424);
#9423 = CARTESIAN_POINT('',(-0.1112,0.394986995239,2.092380128815));
#9424 = VECTOR('',#9425,1.);
#9425 = DIRECTION('',(-1.935842978973E-16,-1.,0.));
#9426 = ORIENTED_EDGE('',*,*,#9427,.T.);
#9427 = EDGE_CURVE('',#9420,#9411,#9428,.T.);
#9428 = LINE('',#9429,#9430);
#9429 = CARTESIAN_POINT('',(-0.1112,-0.394989862784,2.092380128815));
#9430 = VECTOR('',#9431,1.);
#9431 = DIRECTION('',(-1.,1.935842978973E-16,4.839607447432E-17));
#9432 = PLANE('',#9433);
#9433 = AXIS2_PLACEMENT_3D('',#9434,#9435,#9436);
#9434 = CARTESIAN_POINT('',(-0.1112,-1.433772052656E-06,2.092380128815)
  );
#9435 = DIRECTION('',(4.839607447432E-17,-9.368720098096E-33,1.));
#9436 = DIRECTION('',(1.935842978973E-16,1.,1.368455531567E-48));
#9437 = ADVANCED_FACE('',(#9438),#9463,.T.);
#9438 = FACE_BOUND('',#9439,.F.);
#9439 = EDGE_LOOP('',(#9440,#9448,#9449,#9457));
#9440 = ORIENTED_EDGE('',*,*,#9441,.F.);
#9441 = EDGE_CURVE('',#9411,#9442,#9444,.T.);
#9442 = VERTEX_POINT('',#9443);
#9443 = CARTESIAN_POINT('',(-0.125537720526,-0.394989862784,
    1.975653878465));
#9444 = LINE('',#9445,#9446);
#9445 = CARTESIAN_POINT('',(-0.125537720526,-0.394989862784,
    2.092380128815));
#9446 = VECTOR('',#9447,1.);
#9447 = DIRECTION('',(-4.839607447432E-17,9.368720098096E-33,-1.));
#9448 = ORIENTED_EDGE('',*,*,#9427,.F.);
#9449 = ORIENTED_EDGE('',*,*,#9450,.T.);
#9450 = EDGE_CURVE('',#9420,#9451,#9453,.T.);
#9451 = VERTEX_POINT('',#9452);
#9452 = CARTESIAN_POINT('',(-0.1112,-0.394989862784,1.975653878465));
#9453 = LINE('',#9454,#9455);
#9454 = CARTESIAN_POINT('',(-0.1112,-0.394989862784,2.092380128815));
#9455 = VECTOR('',#9456,1.);
#9456 = DIRECTION('',(-4.839607447432E-17,9.368720098096E-33,-1.));
#9457 = ORIENTED_EDGE('',*,*,#9458,.T.);
#9458 = EDGE_CURVE('',#9451,#9442,#9459,.T.);
#9459 = LINE('',#9460,#9461);
#9460 = CARTESIAN_POINT('',(-0.1112,-0.394989862784,1.975653878465));
#9461 = VECTOR('',#9462,1.);
#9462 = DIRECTION('',(-1.,1.935842978973E-16,4.839607447432E-17));
#9463 = PLANE('',#9464);
#9464 = AXIS2_PLACEMENT_3D('',#9465,#9466,#9467);
#9465 = CARTESIAN_POINT('',(-0.1112,-0.394989862784,2.03401700364));
#9466 = DIRECTION('',(-1.935842978973E-16,-1.,0.));
#9467 = DIRECTION('',(4.839607447432E-17,-9.368720098096E-33,1.));
#9468 = ADVANCED_FACE('',(#9469),#9494,.T.);
#9469 = FACE_BOUND('',#9470,.F.);
#9470 = EDGE_LOOP('',(#9471,#9479,#9480,#9488));
#9471 = ORIENTED_EDGE('',*,*,#9472,.F.);
#9472 = EDGE_CURVE('',#9442,#9473,#9475,.T.);
#9473 = VERTEX_POINT('',#9474);
#9474 = CARTESIAN_POINT('',(-0.125537720526,2.775557561563E-18,1.5));
#9475 = LINE('',#9476,#9477);
#9476 = CARTESIAN_POINT('',(-0.125537720526,-0.394989862784,
    1.975653878465));
#9477 = VECTOR('',#9478,1.);
#9478 = DIRECTION('',(8.644063034981E-17,0.63885820207,-0.769324507375)
  );
#9479 = ORIENTED_EDGE('',*,*,#9458,.F.);
#9480 = ORIENTED_EDGE('',*,*,#9481,.T.);
#9481 = EDGE_CURVE('',#9451,#9482,#9484,.T.);
#9482 = VERTEX_POINT('',#9483);
#9483 = CARTESIAN_POINT('',(-0.1112,0.,1.5));
#9484 = LINE('',#9485,#9486);
#9485 = CARTESIAN_POINT('',(-0.1112,-0.394989862784,1.975653878465));
#9486 = VECTOR('',#9487,1.);
#9487 = DIRECTION('',(8.644063034981E-17,0.63885820207,-0.769324507375)
  );
#9488 = ORIENTED_EDGE('',*,*,#9489,.T.);
#9489 = EDGE_CURVE('',#9482,#9473,#9490,.T.);
#9490 = LINE('',#9491,#9492);
#9491 = CARTESIAN_POINT('',(-0.1112,0.,1.5));
#9492 = VECTOR('',#9493,1.);
#9493 = DIRECTION('',(-1.,1.935842978973E-16,4.839607447432E-17));
#9494 = PLANE('',#9495);
#9495 = AXIS2_PLACEMENT_3D('',#9496,#9497,#9498);
#9496 = CARTESIAN_POINT('',(-0.1112,-0.197494931392,1.737826939233));
#9497 = DIRECTION('',(-1.798473737413E-16,-0.769324507375,-0.63885820207
    ));
#9498 = DIRECTION('',(-8.644063034981E-17,-0.63885820207,0.769324507375)
  );
#9499 = ADVANCED_FACE('',(#9500),#9516,.T.);
#9500 = FACE_BOUND('',#9501,.F.);
#9501 = EDGE_LOOP('',(#9502,#9508,#9509,#9515));
#9502 = ORIENTED_EDGE('',*,*,#9503,.F.);
#9503 = EDGE_CURVE('',#9473,#9371,#9504,.T.);
#9504 = LINE('',#9505,#9506);
#9505 = CARTESIAN_POINT('',(-0.125537720526,2.775557561563E-18,1.5));
#9506 = VECTOR('',#9507,1.);
#9507 = DIRECTION('',(1.609047815793E-16,0.638855457024,0.769326786893)
  );
#9508 = ORIENTED_EDGE('',*,*,#9489,.F.);
#9509 = ORIENTED_EDGE('',*,*,#9510,.T.);
#9510 = EDGE_CURVE('',#9482,#9381,#9511,.T.);
#9511 = LINE('',#9512,#9513);
#9512 = CARTESIAN_POINT('',(-0.1112,0.,1.5));
#9513 = VECTOR('',#9514,1.);
#9514 = DIRECTION('',(1.609047815793E-16,0.638855457024,0.769326786893)
  );
#9515 = ORIENTED_EDGE('',*,*,#9380,.T.);
#9516 = PLANE('',#9517);
#9517 = AXIS2_PLACEMENT_3D('',#9518,#9519,#9520);
#9518 = CARTESIAN_POINT('',(-0.1112,0.19749349762,1.737826939233));
#9519 = DIRECTION('',(1.180114896178E-16,0.769326786893,-0.638855457024)
  );
#9520 = DIRECTION('',(-1.609047815793E-16,-0.638855457024,
    -0.769326786893));
#9521 = ADVANCED_FACE('',(#9522,#9527),#9534,.T.);
#9522 = FACE_BOUND('',#9523,.F.);
#9523 = EDGE_LOOP('',(#9524,#9525,#9526));
#9524 = ORIENTED_EDGE('',*,*,#9277,.F.);
#9525 = ORIENTED_EDGE('',*,*,#9348,.F.);
#9526 = ORIENTED_EDGE('',*,*,#9317,.F.);
#9527 = FACE_BOUND('',#9528,.F.);
#9528 = EDGE_LOOP('',(#9529,#9530,#9531,#9532,#9533));
#9529 = ORIENTED_EDGE('',*,*,#9370,.T.);
#9530 = ORIENTED_EDGE('',*,*,#9410,.T.);
#9531 = ORIENTED_EDGE('',*,*,#9441,.T.);
#9532 = ORIENTED_EDGE('',*,*,#9472,.T.);
#9533 = ORIENTED_EDGE('',*,*,#9503,.T.);
#9534 = PLANE('',#9535);
#9535 = AXIS2_PLACEMENT_3D('',#9536,#9537,#9538);
#9536 = CARTESIAN_POINT('',(-0.125537720526,-1.201617417575E-06,
    1.892357333771));
#9537 = DIRECTION('',(-1.,1.935842978973E-16,4.839607447432E-17));
#9538 = DIRECTION('',(-1.935842978973E-16,-1.,0.));
#9539 = ADVANCED_FACE('',(#9540,#9545),#9552,.F.);
#9540 = FACE_BOUND('',#9541,.F.);
#9541 = EDGE_LOOP('',(#9542,#9543,#9544));
#9542 = ORIENTED_EDGE('',*,*,#9295,.F.);
#9543 = ORIENTED_EDGE('',*,*,#9333,.F.);
#9544 = ORIENTED_EDGE('',*,*,#9355,.F.);
#9545 = FACE_BOUND('',#9546,.F.);
#9546 = EDGE_LOOP('',(#9547,#9548,#9549,#9550,#9551));
#9547 = ORIENTED_EDGE('',*,*,#9510,.F.);
#9548 = ORIENTED_EDGE('',*,*,#9481,.F.);
#9549 = ORIENTED_EDGE('',*,*,#9450,.F.);
#9550 = ORIENTED_EDGE('',*,*,#9419,.F.);
#9551 = ORIENTED_EDGE('',*,*,#9388,.F.);
#9552 = PLANE('',#9553);
#9553 = AXIS2_PLACEMENT_3D('',#9554,#9555,#9556);
#9554 = CARTESIAN_POINT('',(-0.1112,-1.20161741757E-06,1.892357333771));
#9555 = DIRECTION('',(-1.,1.935842978973E-16,4.839607447432E-17));
#9556 = DIRECTION('',(-1.935842978973E-16,-1.,0.));
#9557 = ORIENTED_CLOSED_SHELL('',*,#9558,.F.);
#9558 = CLOSED_SHELL('',(#9559,#9599,#9630,#9661,#9692,#9723,#9754,#9785
    ,#9816,#9847,#9878,#9909,#9931,#9951));
#9559 = ADVANCED_FACE('',(#9560),#9594,.T.);
#9560 = FACE_BOUND('',#9561,.F.);
#9561 = EDGE_LOOP('',(#9562,#9572,#9580,#9588));
#9562 = ORIENTED_EDGE('',*,*,#9563,.F.);
#9563 = EDGE_CURVE('',#9564,#9566,#9568,.T.);
#9564 = VERTEX_POINT('',#9565);
#9565 = CARTESIAN_POINT('',(-0.125537720526,-5.454355642677E-02,
    2.12540850182));
#9566 = VERTEX_POINT('',#9567);
#9567 = CARTESIAN_POINT('',(-0.125537720526,0.12508141361,2.12540850182)
  );
#9568 = LINE('',#9569,#9570);
#9569 = CARTESIAN_POINT('',(-0.125537720526,0.12508141361,2.12540850182)
  );
#9570 = VECTOR('',#9571,1.);
#9571 = DIRECTION('',(1.935842978973E-16,1.,-0.));
#9572 = ORIENTED_EDGE('',*,*,#9573,.F.);
#9573 = EDGE_CURVE('',#9574,#9564,#9576,.T.);
#9574 = VERTEX_POINT('',#9575);
#9575 = CARTESIAN_POINT('',(-0.1112,-5.454355642677E-02,2.12540850182));
#9576 = LINE('',#9577,#9578);
#9577 = CARTESIAN_POINT('',(-0.1112,-5.454355642677E-02,2.12540850182));
#9578 = VECTOR('',#9579,1.);
#9579 = DIRECTION('',(-1.,1.935842978973E-16,4.839607447432E-17));
#9580 = ORIENTED_EDGE('',*,*,#9581,.F.);
#9581 = EDGE_CURVE('',#9582,#9574,#9584,.T.);
#9582 = VERTEX_POINT('',#9583);
#9583 = CARTESIAN_POINT('',(-0.1112,0.12508141361,2.12540850182));
#9584 = LINE('',#9585,#9586);
#9585 = CARTESIAN_POINT('',(-0.1112,0.12508141361,2.12540850182));
#9586 = VECTOR('',#9587,1.);
#9587 = DIRECTION('',(-1.935842978973E-16,-1.,0.));
#9588 = ORIENTED_EDGE('',*,*,#9589,.T.);
#9589 = EDGE_CURVE('',#9582,#9566,#9590,.T.);
#9590 = LINE('',#9591,#9592);
#9591 = CARTESIAN_POINT('',(-0.1112,0.12508141361,2.12540850182));
#9592 = VECTOR('',#9593,1.);
#9593 = DIRECTION('',(-1.,1.935842978973E-16,4.839607447432E-17));
#9594 = PLANE('',#9595);
#9595 = AXIS2_PLACEMENT_3D('',#9596,#9597,#9598);
#9596 = CARTESIAN_POINT('',(-0.1112,3.526892859143E-02,2.12540850182));
#9597 = DIRECTION('',(-4.839607447432E-17,9.368720098096E-33,-1.));
#9598 = DIRECTION('',(-1.935842978973E-16,-1.,-1.368455531567E-48));
#9599 = ADVANCED_FACE('',(#9600),#9625,.T.);
#9600 = FACE_BOUND('',#9601,.F.);
#9601 = EDGE_LOOP('',(#9602,#9610,#9611,#9619));
#9602 = ORIENTED_EDGE('',*,*,#9603,.F.);
#9603 = EDGE_CURVE('',#9566,#9604,#9606,.T.);
#9604 = VERTEX_POINT('',#9605);
#9605 = CARTESIAN_POINT('',(-0.125537720526,0.12508141361,2.523879563148
    ));
#9606 = LINE('',#9607,#9608);
#9607 = CARTESIAN_POINT('',(-0.125537720526,0.12508141361,2.523879563148
    ));
#9608 = VECTOR('',#9609,1.);
#9609 = DIRECTION('',(4.839607447432E-17,-9.368720098096E-33,1.));
#9610 = ORIENTED_EDGE('',*,*,#9589,.F.);
#9611 = ORIENTED_EDGE('',*,*,#9612,.F.);
#9612 = EDGE_CURVE('',#9613,#9582,#9615,.T.);
#9613 = VERTEX_POINT('',#9614);
#9614 = CARTESIAN_POINT('',(-0.1112,0.12508141361,2.523879563148));
#9615 = LINE('',#9616,#9617);
#9616 = CARTESIAN_POINT('',(-0.1112,0.12508141361,2.523879563148));
#9617 = VECTOR('',#9618,1.);
#9618 = DIRECTION('',(-4.839607447432E-17,9.368720098096E-33,-1.));
#9619 = ORIENTED_EDGE('',*,*,#9620,.T.);
#9620 = EDGE_CURVE('',#9613,#9604,#9621,.T.);
#9621 = LINE('',#9622,#9623);
#9622 = CARTESIAN_POINT('',(-0.1112,0.12508141361,2.523879563148));
#9623 = VECTOR('',#9624,1.);
#9624 = DIRECTION('',(-1.,1.935842978973E-16,4.839607447432E-17));
#9625 = PLANE('',#9626);
#9626 = AXIS2_PLACEMENT_3D('',#9627,#9628,#9629);
#9627 = CARTESIAN_POINT('',(-0.1112,0.12508141361,2.324644032484));
#9628 = DIRECTION('',(1.935842978973E-16,1.,0.));
#9629 = DIRECTION('',(-4.839607447432E-17,9.368720098096E-33,-1.));
#9630 = ADVANCED_FACE('',(#9631),#9656,.T.);
#9631 = FACE_BOUND('',#9632,.F.);
#9632 = EDGE_LOOP('',(#9633,#9641,#9642,#9650));
#9633 = ORIENTED_EDGE('',*,*,#9634,.F.);
#9634 = EDGE_CURVE('',#9604,#9635,#9637,.T.);
#9635 = VERTEX_POINT('',#9636);
#9636 = CARTESIAN_POINT('',(-0.125537720526,-5.454355642677E-02,
    2.523879563148));
#9637 = LINE('',#9638,#9639);
#9638 = CARTESIAN_POINT('',(-0.125537720526,-5.454355642677E-02,
    2.523879563148));
#9639 = VECTOR('',#9640,1.);
#9640 = DIRECTION('',(-1.935842978973E-16,-1.,0.));
#9641 = ORIENTED_EDGE('',*,*,#9620,.F.);
#9642 = ORIENTED_EDGE('',*,*,#9643,.F.);
#9643 = EDGE_CURVE('',#9644,#9613,#9646,.T.);
#9644 = VERTEX_POINT('',#9645);
#9645 = CARTESIAN_POINT('',(-0.1112,-5.454355642677E-02,2.523879563148)
  );
#9646 = LINE('',#9647,#9648);
#9647 = CARTESIAN_POINT('',(-0.1112,-5.454355642677E-02,2.523879563148)
  );
#9648 = VECTOR('',#9649,1.);
#9649 = DIRECTION('',(1.935842978973E-16,1.,0.));
#9650 = ORIENTED_EDGE('',*,*,#9651,.T.);
#9651 = EDGE_CURVE('',#9644,#9635,#9652,.T.);
#9652 = LINE('',#9653,#9654);
#9653 = CARTESIAN_POINT('',(-0.1112,-5.454355642677E-02,2.523879563148)
  );
#9654 = VECTOR('',#9655,1.);
#9655 = DIRECTION('',(-1.,1.935842978973E-16,4.839607447432E-17));
#9656 = PLANE('',#9657);
#9657 = AXIS2_PLACEMENT_3D('',#9658,#9659,#9660);
#9658 = CARTESIAN_POINT('',(-0.1112,3.526892859143E-02,2.523879563148));
#9659 = DIRECTION('',(4.839607447432E-17,-9.368720098096E-33,1.));
#9660 = DIRECTION('',(1.935842978973E-16,1.,1.368455531567E-48));
#9661 = ADVANCED_FACE('',(#9662),#9687,.T.);
#9662 = FACE_BOUND('',#9663,.F.);
#9663 = EDGE_LOOP('',(#9664,#9672,#9673,#9681));
#9664 = ORIENTED_EDGE('',*,*,#9665,.F.);
#9665 = EDGE_CURVE('',#9635,#9666,#9668,.T.);
#9666 = VERTEX_POINT('',#9667);
#9667 = CARTESIAN_POINT('',(-0.125537720526,-5.454355642677E-02,
    2.422649521143));
#9668 = LINE('',#9669,#9670);
#9669 = CARTESIAN_POINT('',(-0.125537720526,-5.454355642677E-02,
    2.422649521143));
#9670 = VECTOR('',#9671,1.);
#9671 = DIRECTION('',(-4.839607447432E-17,9.368720098096E-33,-1.));
#9672 = ORIENTED_EDGE('',*,*,#9651,.F.);
#9673 = ORIENTED_EDGE('',*,*,#9674,.F.);
#9674 = EDGE_CURVE('',#9675,#9644,#9677,.T.);
#9675 = VERTEX_POINT('',#9676);
#9676 = CARTESIAN_POINT('',(-0.1112,-5.454355642677E-02,2.422649521143)
  );
#9677 = LINE('',#9678,#9679);
#9678 = CARTESIAN_POINT('',(-0.1112,-5.454355642677E-02,2.422649521143)
  );
#9679 = VECTOR('',#9680,1.);
#9680 = DIRECTION('',(4.839607447432E-17,-9.368720098096E-33,1.));
#9681 = ORIENTED_EDGE('',*,*,#9682,.T.);
#9682 = EDGE_CURVE('',#9675,#9666,#9683,.T.);
#9683 = LINE('',#9684,#9685);
#9684 = CARTESIAN_POINT('',(-0.1112,-5.454355642677E-02,2.422649521143)
  );
#9685 = VECTOR('',#9686,1.);
#9686 = DIRECTION('',(-1.,1.935842978973E-16,4.839607447432E-17));
#9687 = PLANE('',#9688);
#9688 = AXIS2_PLACEMENT_3D('',#9689,#9690,#9691);
#9689 = CARTESIAN_POINT('',(-0.1112,-5.454355642677E-02,2.473264542145)
  );
#9690 = DIRECTION('',(-1.935842978973E-16,-1.,0.));
#9691 = DIRECTION('',(4.839607447432E-17,-9.368720098096E-33,1.));
#9692 = ADVANCED_FACE('',(#9693),#9718,.T.);
#9693 = FACE_BOUND('',#9694,.F.);
#9694 = EDGE_LOOP('',(#9695,#9703,#9704,#9712));
#9695 = ORIENTED_EDGE('',*,*,#9696,.F.);
#9696 = EDGE_CURVE('',#9666,#9697,#9699,.T.);
#9697 = VERTEX_POINT('',#9698);
#9698 = CARTESIAN_POINT('',(-0.125537720526,1.740886026323E-02,
    2.422649521143));
#9699 = LINE('',#9700,#9701);
#9700 = CARTESIAN_POINT('',(-0.125537720526,1.740886026323E-02,
    2.422649521143));
#9701 = VECTOR('',#9702,1.);
#9702 = DIRECTION('',(1.935842978973E-16,1.,-0.));
#9703 = ORIENTED_EDGE('',*,*,#9682,.F.);
#9704 = ORIENTED_EDGE('',*,*,#9705,.F.);
#9705 = EDGE_CURVE('',#9706,#9675,#9708,.T.);
#9706 = VERTEX_POINT('',#9707);
#9707 = CARTESIAN_POINT('',(-0.1112,1.740886026323E-02,2.422649521143));
#9708 = LINE('',#9709,#9710);
#9709 = CARTESIAN_POINT('',(-0.1112,1.740886026323E-02,2.422649521143));
#9710 = VECTOR('',#9711,1.);
#9711 = DIRECTION('',(-1.935842978973E-16,-1.,0.));
#9712 = ORIENTED_EDGE('',*,*,#9713,.T.);
#9713 = EDGE_CURVE('',#9706,#9697,#9714,.T.);
#9714 = LINE('',#9715,#9716);
#9715 = CARTESIAN_POINT('',(-0.1112,1.740886026323E-02,2.422649521143));
#9716 = VECTOR('',#9717,1.);
#9717 = DIRECTION('',(-1.,1.935842978973E-16,4.839607447432E-17));
#9718 = PLANE('',#9719);
#9719 = AXIS2_PLACEMENT_3D('',#9720,#9721,#9722);
#9720 = CARTESIAN_POINT('',(-0.1112,-1.856734808177E-02,2.422649521143)
  );
#9721 = DIRECTION('',(-4.839607447432E-17,9.368720098096E-33,-1.));
#9722 = DIRECTION('',(-1.935842978973E-16,-1.,-1.368455531567E-48));
#9723 = ADVANCED_FACE('',(#9724),#9749,.T.);
#9724 = FACE_BOUND('',#9725,.F.);
#9725 = EDGE_LOOP('',(#9726,#9734,#9735,#9743));
#9726 = ORIENTED_EDGE('',*,*,#9727,.F.);
#9727 = EDGE_CURVE('',#9697,#9728,#9730,.T.);
#9728 = VERTEX_POINT('',#9729);
#9729 = CARTESIAN_POINT('',(-0.125537720526,1.740886026323E-02,
    2.37432566788));
#9730 = LINE('',#9731,#9732);
#9731 = CARTESIAN_POINT('',(-0.125537720526,1.740886026323E-02,
    2.37432566788));
#9732 = VECTOR('',#9733,1.);
#9733 = DIRECTION('',(-4.839607447432E-17,9.368720098096E-33,-1.));
#9734 = ORIENTED_EDGE('',*,*,#9713,.F.);
#9735 = ORIENTED_EDGE('',*,*,#9736,.F.);
#9736 = EDGE_CURVE('',#9737,#9706,#9739,.T.);
#9737 = VERTEX_POINT('',#9738);
#9738 = CARTESIAN_POINT('',(-0.1112,1.740886026323E-02,2.37432566788));
#9739 = LINE('',#9740,#9741);
#9740 = CARTESIAN_POINT('',(-0.1112,1.740886026323E-02,2.37432566788));
#9741 = VECTOR('',#9742,1.);
#9742 = DIRECTION('',(4.839607447432E-17,-9.368720098096E-33,1.));
#9743 = ORIENTED_EDGE('',*,*,#9744,.T.);
#9744 = EDGE_CURVE('',#9737,#9728,#9745,.T.);
#9745 = LINE('',#9746,#9747);
#9746 = CARTESIAN_POINT('',(-0.1112,1.740886026323E-02,2.37432566788));
#9747 = VECTOR('',#9748,1.);
#9748 = DIRECTION('',(-1.,1.935842978973E-16,4.839607447432E-17));
#9749 = PLANE('',#9750);
#9750 = AXIS2_PLACEMENT_3D('',#9751,#9752,#9753);
#9751 = CARTESIAN_POINT('',(-0.1112,1.740886026323E-02,2.398487594511));
#9752 = DIRECTION('',(-1.935842978973E-16,-1.,0.));
#9753 = DIRECTION('',(4.839607447432E-17,-9.368720098096E-33,1.));
#9754 = ADVANCED_FACE('',(#9755),#9780,.T.);
#9755 = FACE_BOUND('',#9756,.F.);
#9756 = EDGE_LOOP('',(#9757,#9765,#9766,#9774));
#9757 = ORIENTED_EDGE('',*,*,#9758,.F.);
#9758 = EDGE_CURVE('',#9728,#9759,#9761,.T.);
#9759 = VERTEX_POINT('',#9760);
#9760 = CARTESIAN_POINT('',(-0.125537720526,-5.28803808457E-02,
    2.37432566788));
#9761 = LINE('',#9762,#9763);
#9762 = CARTESIAN_POINT('',(-0.125537720526,-5.28803808457E-02,
    2.37432566788));
#9763 = VECTOR('',#9764,1.);
#9764 = DIRECTION('',(-1.935842978973E-16,-1.,0.));
#9765 = ORIENTED_EDGE('',*,*,#9744,.F.);
#9766 = ORIENTED_EDGE('',*,*,#9767,.F.);
#9767 = EDGE_CURVE('',#9768,#9737,#9770,.T.);
#9768 = VERTEX_POINT('',#9769);
#9769 = CARTESIAN_POINT('',(-0.1112,-5.28803808457E-02,2.37432566788));
#9770 = LINE('',#9771,#9772);
#9771 = CARTESIAN_POINT('',(-0.1112,-5.28803808457E-02,2.37432566788));
#9772 = VECTOR('',#9773,1.);
#9773 = DIRECTION('',(1.935842978973E-16,1.,0.));
#9774 = ORIENTED_EDGE('',*,*,#9775,.T.);
#9775 = EDGE_CURVE('',#9768,#9759,#9776,.T.);
#9776 = LINE('',#9777,#9778);
#9777 = CARTESIAN_POINT('',(-0.1112,-5.28803808457E-02,2.37432566788));
#9778 = VECTOR('',#9779,1.);
#9779 = DIRECTION('',(-1.,1.935842978973E-16,4.839607447432E-17));
#9780 = PLANE('',#9781);
#9781 = AXIS2_PLACEMENT_3D('',#9782,#9783,#9784);
#9782 = CARTESIAN_POINT('',(-0.1112,-1.773576029123E-02,2.37432566788));
#9783 = DIRECTION('',(4.839607447432E-17,-9.368720098096E-33,1.));
#9784 = DIRECTION('',(1.935842978973E-16,1.,1.368455531567E-48));
#9785 = ADVANCED_FACE('',(#9786),#9811,.T.);
#9786 = FACE_BOUND('',#9787,.F.);
#9787 = EDGE_LOOP('',(#9788,#9796,#9797,#9805));
#9788 = ORIENTED_EDGE('',*,*,#9789,.F.);
#9789 = EDGE_CURVE('',#9759,#9790,#9792,.T.);
#9790 = VERTEX_POINT('',#9791);
#9791 = CARTESIAN_POINT('',(-0.125537720526,-5.28803808457E-02,
    2.280250148418));
#9792 = LINE('',#9793,#9794);
#9793 = CARTESIAN_POINT('',(-0.125537720526,-5.28803808457E-02,
    2.280250148418));
#9794 = VECTOR('',#9795,1.);
#9795 = DIRECTION('',(-4.839607447432E-17,9.368720098096E-33,-1.));
#9796 = ORIENTED_EDGE('',*,*,#9775,.F.);
#9797 = ORIENTED_EDGE('',*,*,#9798,.F.);
#9798 = EDGE_CURVE('',#9799,#9768,#9801,.T.);
#9799 = VERTEX_POINT('',#9800);
#9800 = CARTESIAN_POINT('',(-0.1112,-5.28803808457E-02,2.280250148418));
#9801 = LINE('',#9802,#9803);
#9802 = CARTESIAN_POINT('',(-0.1112,-5.28803808457E-02,2.280250148418));
#9803 = VECTOR('',#9804,1.);
#9804 = DIRECTION('',(4.839607447432E-17,-9.368720098096E-33,1.));
#9805 = ORIENTED_EDGE('',*,*,#9806,.T.);
#9806 = EDGE_CURVE('',#9799,#9790,#9807,.T.);
#9807 = LINE('',#9808,#9809);
#9808 = CARTESIAN_POINT('',(-0.1112,-5.28803808457E-02,2.280250148418));
#9809 = VECTOR('',#9810,1.);
#9810 = DIRECTION('',(-1.,1.935842978973E-16,4.839607447432E-17));
#9811 = PLANE('',#9812);
#9812 = AXIS2_PLACEMENT_3D('',#9813,#9814,#9815);
#9813 = CARTESIAN_POINT('',(-0.1112,-5.28803808457E-02,2.327287908149));
#9814 = DIRECTION('',(-1.935842978973E-16,-1.,0.));
#9815 = DIRECTION('',(4.839607447432E-17,-9.368720098096E-33,1.));
#9816 = ADVANCED_FACE('',(#9817),#9842,.T.);
#9817 = FACE_BOUND('',#9818,.F.);
#9818 = EDGE_LOOP('',(#9819,#9827,#9828,#9836));
#9819 = ORIENTED_EDGE('',*,*,#9820,.F.);
#9820 = EDGE_CURVE('',#9790,#9821,#9823,.T.);
#9821 = VERTEX_POINT('',#9822);
#9822 = CARTESIAN_POINT('',(-0.125537720526,1.740886026323E-02,
    2.280250148418));
#9823 = LINE('',#9824,#9825);
#9824 = CARTESIAN_POINT('',(-0.125537720526,1.740886026323E-02,
    2.280250148418));
#9825 = VECTOR('',#9826,1.);
#9826 = DIRECTION('',(1.935842978973E-16,1.,-0.));
#9827 = ORIENTED_EDGE('',*,*,#9806,.F.);
#9828 = ORIENTED_EDGE('',*,*,#9829,.F.);
#9829 = EDGE_CURVE('',#9830,#9799,#9832,.T.);
#9830 = VERTEX_POINT('',#9831);
#9831 = CARTESIAN_POINT('',(-0.1112,1.740886026323E-02,2.280250148418));
#9832 = LINE('',#9833,#9834);
#9833 = CARTESIAN_POINT('',(-0.1112,1.740886026323E-02,2.280250148418));
#9834 = VECTOR('',#9835,1.);
#9835 = DIRECTION('',(-1.935842978973E-16,-1.,0.));
#9836 = ORIENTED_EDGE('',*,*,#9837,.T.);
#9837 = EDGE_CURVE('',#9830,#9821,#9838,.T.);
#9838 = LINE('',#9839,#9840);
#9839 = CARTESIAN_POINT('',(-0.1112,1.740886026323E-02,2.280250148418));
#9840 = VECTOR('',#9841,1.);
#9841 = DIRECTION('',(-1.,1.935842978973E-16,4.839607447432E-17));
#9842 = PLANE('',#9843);
#9843 = AXIS2_PLACEMENT_3D('',#9844,#9845,#9846);
#9844 = CARTESIAN_POINT('',(-0.1112,-1.773576029123E-02,2.280250148418)
  );
#9845 = DIRECTION('',(-4.839607447432E-17,9.368720098096E-33,-1.));
#9846 = DIRECTION('',(-1.935842978973E-16,-1.,-1.368455531567E-48));
#9847 = ADVANCED_FACE('',(#9848),#9873,.T.);
#9848 = FACE_BOUND('',#9849,.F.);
#9849 = EDGE_LOOP('',(#9850,#9858,#9859,#9867));
#9850 = ORIENTED_EDGE('',*,*,#9851,.F.);
#9851 = EDGE_CURVE('',#9821,#9852,#9854,.T.);
#9852 = VERTEX_POINT('',#9853);
#9853 = CARTESIAN_POINT('',(-0.125537720526,1.740886026323E-02,
    2.219484021283));
#9854 = LINE('',#9855,#9856);
#9855 = CARTESIAN_POINT('',(-0.125537720526,1.740886026323E-02,
    2.219484021283));
#9856 = VECTOR('',#9857,1.);
#9857 = DIRECTION('',(-4.839607447432E-17,9.368720098096E-33,-1.));
#9858 = ORIENTED_EDGE('',*,*,#9837,.F.);
#9859 = ORIENTED_EDGE('',*,*,#9860,.F.);
#9860 = EDGE_CURVE('',#9861,#9830,#9863,.T.);
#9861 = VERTEX_POINT('',#9862);
#9862 = CARTESIAN_POINT('',(-0.1112,1.740886026323E-02,2.219484021283));
#9863 = LINE('',#9864,#9865);
#9864 = CARTESIAN_POINT('',(-0.1112,1.740886026323E-02,2.219484021283));
#9865 = VECTOR('',#9866,1.);
#9866 = DIRECTION('',(4.839607447432E-17,-9.368720098096E-33,1.));
#9867 = ORIENTED_EDGE('',*,*,#9868,.T.);
#9868 = EDGE_CURVE('',#9861,#9852,#9869,.T.);
#9869 = LINE('',#9870,#9871);
#9870 = CARTESIAN_POINT('',(-0.1112,1.740886026323E-02,2.219484021283));
#9871 = VECTOR('',#9872,1.);
#9872 = DIRECTION('',(-1.,1.935842978973E-16,4.839607447432E-17));
#9873 = PLANE('',#9874);
#9874 = AXIS2_PLACEMENT_3D('',#9875,#9876,#9877);
#9875 = CARTESIAN_POINT('',(-0.1112,1.740886026323E-02,2.24986708485));
#9876 = DIRECTION('',(-1.935842978973E-16,-1.,0.));
#9877 = DIRECTION('',(4.839607447432E-17,-9.368720098096E-33,1.));
#9878 = ADVANCED_FACE('',(#9879),#9904,.T.);
#9879 = FACE_BOUND('',#9880,.F.);
#9880 = EDGE_LOOP('',(#9881,#9889,#9890,#9898));
#9881 = ORIENTED_EDGE('',*,*,#9882,.F.);
#9882 = EDGE_CURVE('',#9852,#9883,#9885,.T.);
#9883 = VERTEX_POINT('',#9884);
#9884 = CARTESIAN_POINT('',(-0.125537720526,-5.454355642677E-02,
    2.219484021283));
#9885 = LINE('',#9886,#9887);
#9886 = CARTESIAN_POINT('',(-0.125537720526,-5.454355642677E-02,
    2.219484021283));
#9887 = VECTOR('',#9888,1.);
#9888 = DIRECTION('',(-1.935842978973E-16,-1.,0.));
#9889 = ORIENTED_EDGE('',*,*,#9868,.F.);
#9890 = ORIENTED_EDGE('',*,*,#9891,.F.);
#9891 = EDGE_CURVE('',#9892,#9861,#9894,.T.);
#9892 = VERTEX_POINT('',#9893);
#9893 = CARTESIAN_POINT('',(-0.1112,-5.454355642677E-02,2.219484021283)
  );
#9894 = LINE('',#9895,#9896);
#9895 = CARTESIAN_POINT('',(-0.1112,-5.454355642677E-02,2.219484021283)
  );
#9896 = VECTOR('',#9897,1.);
#9897 = DIRECTION('',(1.935842978973E-16,1.,0.));
#9898 = ORIENTED_EDGE('',*,*,#9899,.T.);
#9899 = EDGE_CURVE('',#9892,#9883,#9900,.T.);
#9900 = LINE('',#9901,#9902);
#9901 = CARTESIAN_POINT('',(-0.1112,-5.454355642677E-02,2.219484021283)
  );
#9902 = VECTOR('',#9903,1.);
#9903 = DIRECTION('',(-1.,1.935842978973E-16,4.839607447432E-17));
#9904 = PLANE('',#9905);
#9905 = AXIS2_PLACEMENT_3D('',#9906,#9907,#9908);
#9906 = CARTESIAN_POINT('',(-0.1112,-1.856734808177E-02,2.219484021283)
  );
#9907 = DIRECTION('',(4.839607447432E-17,-9.368720098096E-33,1.));
#9908 = DIRECTION('',(1.935842978973E-16,1.,1.368455531567E-48));
#9909 = ADVANCED_FACE('',(#9910),#9926,.T.);
#9910 = FACE_BOUND('',#9911,.F.);
#9911 = EDGE_LOOP('',(#9912,#9918,#9919,#9925));
#9912 = ORIENTED_EDGE('',*,*,#9913,.F.);
#9913 = EDGE_CURVE('',#9883,#9564,#9914,.T.);
#9914 = LINE('',#9915,#9916);
#9915 = CARTESIAN_POINT('',(-0.125537720526,-5.454355642677E-02,
    2.12540850182));
#9916 = VECTOR('',#9917,1.);
#9917 = DIRECTION('',(-4.839607447432E-17,9.368720098096E-33,-1.));
#9918 = ORIENTED_EDGE('',*,*,#9899,.F.);
#9919 = ORIENTED_EDGE('',*,*,#9920,.F.);
#9920 = EDGE_CURVE('',#9574,#9892,#9921,.T.);
#9921 = LINE('',#9922,#9923);
#9922 = CARTESIAN_POINT('',(-0.1112,-5.454355642677E-02,2.12540850182));
#9923 = VECTOR('',#9924,1.);
#9924 = DIRECTION('',(4.839607447432E-17,-9.368720098096E-33,1.));
#9925 = ORIENTED_EDGE('',*,*,#9573,.T.);
#9926 = PLANE('',#9927);
#9927 = AXIS2_PLACEMENT_3D('',#9928,#9929,#9930);
#9928 = CARTESIAN_POINT('',(-0.1112,-5.454355642677E-02,2.172446261551)
  );
#9929 = DIRECTION('',(-1.935842978973E-16,-1.,0.));
#9930 = DIRECTION('',(4.839607447432E-17,-9.368720098096E-33,1.));
#9931 = ADVANCED_FACE('',(#9932),#9946,.F.);
#9932 = FACE_BOUND('',#9933,.F.);
#9933 = EDGE_LOOP('',(#9934,#9935,#9936,#9937,#9938,#9939,#9940,#9941,
    #9942,#9943,#9944,#9945));
#9934 = ORIENTED_EDGE('',*,*,#9920,.T.);
#9935 = ORIENTED_EDGE('',*,*,#9891,.T.);
#9936 = ORIENTED_EDGE('',*,*,#9860,.T.);
#9937 = ORIENTED_EDGE('',*,*,#9829,.T.);
#9938 = ORIENTED_EDGE('',*,*,#9798,.T.);
#9939 = ORIENTED_EDGE('',*,*,#9767,.T.);
#9940 = ORIENTED_EDGE('',*,*,#9736,.T.);
#9941 = ORIENTED_EDGE('',*,*,#9705,.T.);
#9942 = ORIENTED_EDGE('',*,*,#9674,.T.);
#9943 = ORIENTED_EDGE('',*,*,#9643,.T.);
#9944 = ORIENTED_EDGE('',*,*,#9612,.T.);
#9945 = ORIENTED_EDGE('',*,*,#9581,.T.);
#9946 = PLANE('',#9947);
#9947 = AXIS2_PLACEMENT_3D('',#9948,#9949,#9950);
#9948 = CARTESIAN_POINT('',(-0.1112,3.027622349408E-02,2.324544694936));
#9949 = DIRECTION('',(-1.,1.935842978973E-16,4.839607447432E-17));
#9950 = DIRECTION('',(-1.935842978973E-16,-1.,0.));
#9951 = ADVANCED_FACE('',(#9952),#9966,.T.);
#9952 = FACE_BOUND('',#9953,.F.);
#9953 = EDGE_LOOP('',(#9954,#9955,#9956,#9957,#9958,#9959,#9960,#9961,
    #9962,#9963,#9964,#9965));
#9954 = ORIENTED_EDGE('',*,*,#9563,.T.);
#9955 = ORIENTED_EDGE('',*,*,#9603,.T.);
#9956 = ORIENTED_EDGE('',*,*,#9634,.T.);
#9957 = ORIENTED_EDGE('',*,*,#9665,.T.);
#9958 = ORIENTED_EDGE('',*,*,#9696,.T.);
#9959 = ORIENTED_EDGE('',*,*,#9727,.T.);
#9960 = ORIENTED_EDGE('',*,*,#9758,.T.);
#9961 = ORIENTED_EDGE('',*,*,#9789,.T.);
#9962 = ORIENTED_EDGE('',*,*,#9820,.T.);
#9963 = ORIENTED_EDGE('',*,*,#9851,.T.);
#9964 = ORIENTED_EDGE('',*,*,#9882,.T.);
#9965 = ORIENTED_EDGE('',*,*,#9913,.T.);
#9966 = PLANE('',#9967);
#9967 = AXIS2_PLACEMENT_3D('',#9968,#9969,#9970);
#9968 = CARTESIAN_POINT('',(-0.125537720526,3.027622349408E-02,
    2.324544694936));
#9969 = DIRECTION('',(-1.,1.935842978973E-16,4.839607447432E-17));
#9970 = DIRECTION('',(-1.935842978973E-16,-1.,0.));
#9971 = ORIENTED_CLOSED_SHELL('',*,#9972,.F.);
#9972 = CLOSED_SHELL('',(#9973,#10015,#10057,#10081,#10105,#10119));
#9973 = ADVANCED_FACE('',(#9974),#10010,.T.);
#9974 = FACE_BOUND('',#9975,.T.);
#9975 = EDGE_LOOP('',(#9976,#9987,#9995,#10004));
#9976 = ORIENTED_EDGE('',*,*,#9977,.T.);
#9977 = EDGE_CURVE('',#9978,#9980,#9982,.T.);
#9978 = VERTEX_POINT('',#9979);
#9979 = CARTESIAN_POINT('',(-0.1112,-0.487680358443,2.483478734248));
#9980 = VERTEX_POINT('',#9981);
#9981 = CARTESIAN_POINT('',(-0.1112,-0.407991307757,2.483478734248));
#9982 = CIRCLE('',#9983,3.984452534304E-02);
#9983 = AXIS2_PLACEMENT_3D('',#9984,#9985,#9986);
#9984 = CARTESIAN_POINT('',(-0.1112,-0.4478358331,2.483478734248));
#9985 = DIRECTION('',(-1.,1.935842978973E-16,4.839607447432E-17));
#9986 = DIRECTION('',(-1.935842978973E-16,-1.,0.));
#9987 = ORIENTED_EDGE('',*,*,#9988,.T.);
#9988 = EDGE_CURVE('',#9980,#9989,#9991,.T.);
#9989 = VERTEX_POINT('',#9990);
#9990 = CARTESIAN_POINT('',(-0.125537720526,-0.407991307757,
    2.483478734248));
#9991 = LINE('',#9992,#9993);
#9992 = CARTESIAN_POINT('',(-0.1112,-0.407991307757,2.483478734248));
#9993 = VECTOR('',#9994,1.);
#9994 = DIRECTION('',(-1.,1.935842978973E-16,4.839607447432E-17));
#9995 = ORIENTED_EDGE('',*,*,#9996,.T.);
#9996 = EDGE_CURVE('',#9989,#9997,#9999,.T.);
#9997 = VERTEX_POINT('',#9998);
#9998 = CARTESIAN_POINT('',(-0.125537720526,-0.487680358443,
    2.483478734248));
#9999 = CIRCLE('',#10000,3.984452534304E-02);
#10000 = AXIS2_PLACEMENT_3D('',#10001,#10002,#10003);
#10001 = CARTESIAN_POINT('',(-0.125537720526,-0.4478358331,
    2.483478734248));
#10002 = DIRECTION('',(1.,-1.935842978973E-16,-4.839607447432E-17));
#10003 = DIRECTION('',(-1.935842978973E-16,-1.,0.));
#10004 = ORIENTED_EDGE('',*,*,#10005,.T.);
#10005 = EDGE_CURVE('',#9997,#9978,#10006,.T.);
#10006 = LINE('',#10007,#10008);
#10007 = CARTESIAN_POINT('',(-0.1112,-0.487680358443,2.483478734248));
#10008 = VECTOR('',#10009,1.);
#10009 = DIRECTION('',(1.,-1.935842978973E-16,-4.839607447432E-17));
#10010 = CYLINDRICAL_SURFACE('',#10011,3.984452534304E-02);
#10011 = AXIS2_PLACEMENT_3D('',#10012,#10013,#10014);
#10012 = CARTESIAN_POINT('',(-0.1112,-0.4478358331,2.483478734248));
#10013 = DIRECTION('',(-1.,1.935842978973E-16,4.839607447432E-17));
#10014 = DIRECTION('',(-1.935842978973E-16,-1.,0.));
#10015 = ADVANCED_FACE('',(#10016),#10052,.F.);
#10016 = FACE_BOUND('',#10017,.F.);
#10017 = EDGE_LOOP('',(#10018,#10028,#10037,#10045));
#10018 = ORIENTED_EDGE('',*,*,#10019,.F.);
#10019 = EDGE_CURVE('',#10020,#10022,#10024,.T.);
#10020 = VERTEX_POINT('',#10021);
#10021 = CARTESIAN_POINT('',(-0.1112,-0.4786228245,2.483478734248));
#10022 = VERTEX_POINT('',#10023);
#10023 = CARTESIAN_POINT('',(-0.125537720526,-0.4786228245,
    2.483478734248));
#10024 = LINE('',#10025,#10026);
#10025 = CARTESIAN_POINT('',(-0.1112,-0.4786228245,2.483478734248));
#10026 = VECTOR('',#10027,1.);
#10027 = DIRECTION('',(-1.,1.935842978973E-16,4.839607447432E-17));
#10028 = ORIENTED_EDGE('',*,*,#10029,.T.);
#10029 = EDGE_CURVE('',#10020,#10030,#10032,.T.);
#10030 = VERTEX_POINT('',#10031);
#10031 = CARTESIAN_POINT('',(-0.1112,-0.4170488417,2.483478734248));
#10032 = CIRCLE('',#10033,3.078699139955E-02);
#10033 = AXIS2_PLACEMENT_3D('',#10034,#10035,#10036);
#10034 = CARTESIAN_POINT('',(-0.1112,-0.4478358331,2.483478734248));
#10035 = DIRECTION('',(-1.,1.935842978973E-16,4.839607447432E-17));
#10036 = DIRECTION('',(-1.935842978973E-16,-1.,4.13630997392E-15));
#10037 = ORIENTED_EDGE('',*,*,#10038,.F.);
#10038 = EDGE_CURVE('',#10039,#10030,#10041,.T.);
#10039 = VERTEX_POINT('',#10040);
#10040 = CARTESIAN_POINT('',(-0.125537720526,-0.4170488417,
    2.483478734248));
#10041 = LINE('',#10042,#10043);
#10042 = CARTESIAN_POINT('',(-0.1112,-0.4170488417,2.483478734248));
#10043 = VECTOR('',#10044,1.);
#10044 = DIRECTION('',(1.,-1.935842978973E-16,-4.839607447432E-17));
#10045 = ORIENTED_EDGE('',*,*,#10046,.T.);
#10046 = EDGE_CURVE('',#10039,#10022,#10047,.T.);
#10047 = CIRCLE('',#10048,3.078699139955E-02);
#10048 = AXIS2_PLACEMENT_3D('',#10049,#10050,#10051);
#10049 = CARTESIAN_POINT('',(-0.125537720526,-0.4478358331,
    2.483478734248));
#10050 = DIRECTION('',(1.,-1.935842978973E-16,-4.839607447432E-17));
#10051 = DIRECTION('',(-1.935842978973E-16,-1.,4.13630997392E-15));
#10052 = CYLINDRICAL_SURFACE('',#10053,3.078699139955E-02);
#10053 = AXIS2_PLACEMENT_3D('',#10054,#10055,#10056);
#10054 = CARTESIAN_POINT('',(-0.1112,-0.4478358331,2.483478734248));
#10055 = DIRECTION('',(-1.,1.935842978973E-16,4.839607447432E-17));
#10056 = DIRECTION('',(-1.935842978973E-16,-1.,4.13630997392E-15));
#10057 = ADVANCED_FACE('',(#10058),#10076,.F.);
#10058 = FACE_BOUND('',#10059,.F.);
#10059 = EDGE_LOOP('',(#10060,#10061,#10068,#10069));
#10060 = ORIENTED_EDGE('',*,*,#10019,.T.);
#10061 = ORIENTED_EDGE('',*,*,#10062,.T.);
#10062 = EDGE_CURVE('',#10022,#10039,#10063,.T.);
#10063 = CIRCLE('',#10064,3.078699139955E-02);
#10064 = AXIS2_PLACEMENT_3D('',#10065,#10066,#10067);
#10065 = CARTESIAN_POINT('',(-0.125537720526,-0.4478358331,
    2.483478734248));
#10066 = DIRECTION('',(1.,-1.935842978973E-16,-4.839607447432E-17));
#10067 = DIRECTION('',(-1.935842978973E-16,-1.,4.13630997392E-15));
#10068 = ORIENTED_EDGE('',*,*,#10038,.T.);
#10069 = ORIENTED_EDGE('',*,*,#10070,.T.);
#10070 = EDGE_CURVE('',#10030,#10020,#10071,.T.);
#10071 = CIRCLE('',#10072,3.078699139955E-02);
#10072 = AXIS2_PLACEMENT_3D('',#10073,#10074,#10075);
#10073 = CARTESIAN_POINT('',(-0.1112,-0.4478358331,2.483478734248));
#10074 = DIRECTION('',(-1.,1.935842978973E-16,4.839607447432E-17));
#10075 = DIRECTION('',(-1.935842978973E-16,-1.,4.13630997392E-15));
#10076 = CYLINDRICAL_SURFACE('',#10077,3.078699139955E-02);
#10077 = AXIS2_PLACEMENT_3D('',#10078,#10079,#10080);
#10078 = CARTESIAN_POINT('',(-0.1112,-0.4478358331,2.483478734248));
#10079 = DIRECTION('',(-1.,1.935842978973E-16,4.839607447432E-17));
#10080 = DIRECTION('',(-1.935842978973E-16,-1.,4.13630997392E-15));
#10081 = ADVANCED_FACE('',(#10082),#10100,.T.);
#10082 = FACE_BOUND('',#10083,.T.);
#10083 = EDGE_LOOP('',(#10084,#10091,#10092,#10099));
#10084 = ORIENTED_EDGE('',*,*,#10085,.T.);
#10085 = EDGE_CURVE('',#9997,#9989,#10086,.T.);
#10086 = CIRCLE('',#10087,3.984452534304E-02);
#10087 = AXIS2_PLACEMENT_3D('',#10088,#10089,#10090);
#10088 = CARTESIAN_POINT('',(-0.125537720526,-0.4478358331,
    2.483478734248));
#10089 = DIRECTION('',(1.,-1.935842978973E-16,-4.839607447432E-17));
#10090 = DIRECTION('',(-1.935842978973E-16,-1.,0.));
#10091 = ORIENTED_EDGE('',*,*,#9988,.F.);
#10092 = ORIENTED_EDGE('',*,*,#10093,.T.);
#10093 = EDGE_CURVE('',#9980,#9978,#10094,.T.);
#10094 = CIRCLE('',#10095,3.984452534304E-02);
#10095 = AXIS2_PLACEMENT_3D('',#10096,#10097,#10098);
#10096 = CARTESIAN_POINT('',(-0.1112,-0.4478358331,2.483478734248));
#10097 = DIRECTION('',(-1.,1.935842978973E-16,4.839607447432E-17));
#10098 = DIRECTION('',(-1.935842978973E-16,-1.,0.));
#10099 = ORIENTED_EDGE('',*,*,#10005,.F.);
#10100 = CYLINDRICAL_SURFACE('',#10101,3.984452534304E-02);
#10101 = AXIS2_PLACEMENT_3D('',#10102,#10103,#10104);
#10102 = CARTESIAN_POINT('',(-0.1112,-0.4478358331,2.483478734248));
#10103 = DIRECTION('',(-1.,1.935842978973E-16,4.839607447432E-17));
#10104 = DIRECTION('',(-1.935842978973E-16,-1.,0.));
#10105 = ADVANCED_FACE('',(#10106,#10110),#10114,.F.);
#10106 = FACE_BOUND('',#10107,.F.);
#10107 = EDGE_LOOP('',(#10108,#10109));
#10108 = ORIENTED_EDGE('',*,*,#10029,.F.);
#10109 = ORIENTED_EDGE('',*,*,#10070,.F.);
#10110 = FACE_BOUND('',#10111,.F.);
#10111 = EDGE_LOOP('',(#10112,#10113));
#10112 = ORIENTED_EDGE('',*,*,#9977,.T.);
#10113 = ORIENTED_EDGE('',*,*,#10093,.T.);
#10114 = PLANE('',#10115);
#10115 = AXIS2_PLACEMENT_3D('',#10116,#10117,#10118);
#10116 = CARTESIAN_POINT('',(-0.1112,-0.4478358331,2.483478734248));
#10117 = DIRECTION('',(-1.,1.935842978973E-16,4.839607447432E-17));
#10118 = DIRECTION('',(-1.935842978973E-16,-1.,0.));
#10119 = ADVANCED_FACE('',(#10120,#10124),#10128,.T.);
#10120 = FACE_BOUND('',#10121,.F.);
#10121 = EDGE_LOOP('',(#10122,#10123));
#10122 = ORIENTED_EDGE('',*,*,#10046,.F.);
#10123 = ORIENTED_EDGE('',*,*,#10062,.F.);
#10124 = FACE_BOUND('',#10125,.F.);
#10125 = EDGE_LOOP('',(#10126,#10127));
#10126 = ORIENTED_EDGE('',*,*,#9996,.T.);
#10127 = ORIENTED_EDGE('',*,*,#10085,.T.);
#10128 = PLANE('',#10129);
#10129 = AXIS2_PLACEMENT_3D('',#10130,#10131,#10132);
#10130 = CARTESIAN_POINT('',(-0.125537720526,-0.4478358331,
    2.483478734248));
#10131 = DIRECTION('',(-1.,1.935842978973E-16,4.839607447432E-17));
#10132 = DIRECTION('',(-1.935842978973E-16,-1.,0.));
#10133 = ( GEOMETRIC_REPRESENTATION_CONTEXT(3) 
GLOBAL_UNCERTAINTY_ASSIGNED_CONTEXT((#10137)) 
GLOBAL_UNIT_ASSIGNED_CONTEXT((#10134,#10135,#10136)) 
REPRESENTATION_CONTEXT('Context #1',
  '3D Context with UNIT and UNCERTAINTY') );
#10134 = ( LENGTH_UNIT() NAMED_UNIT(*) SI_UNIT(.MILLI.,.METRE.) );
#10135 = ( NAMED_UNIT(*) PLANE_ANGLE_UNIT() SI_UNIT($,.RADIAN.) );
#10136 = ( NAMED_UNIT(*) SI_UNIT($,.STERADIAN.) SOLID_ANGLE_UNIT() );
#10137 = UNCERTAINTY_MEASURE_WITH_UNIT(LENGTH_MEASURE(2.E-05),#10134,
  'distance_accuracy_value','confusion accuracy');
#10138 = CONTEXT_DEPENDENT_SHAPE_REPRESENTATION(#10139,#10141);
#10139 = ( REPRESENTATION_RELATIONSHIP('','',#5361,#5338) 
REPRESENTATION_RELATIONSHIP_WITH_TRANSFORMATION(#10140) 
SHAPE_REPRESENTATION_RELATIONSHIP() );
#10140 = ITEM_DEFINED_TRANSFORMATION('','',#11,#5339);
#10141 = PRODUCT_DEFINITION_SHAPE('Placement','Placement of an item',
  #10142);
#10142 = NEXT_ASSEMBLY_USAGE_OCCURRENCE('9','=>[0:1:1:7]','',#5333,#5356
  ,$);
#10143 = PRODUCT_RELATED_PRODUCT_CATEGORY('part',$,(#5358));
#10144 = CONTEXT_DEPENDENT_SHAPE_REPRESENTATION(#10145,#10147);
#10145 = ( REPRESENTATION_RELATIONSHIP('','',#5338,#10) 
REPRESENTATION_RELATIONSHIP_WITH_TRANSFORMATION(#10146) 
SHAPE_REPRESENTATION_RELATIONSHIP() );
#10146 = ITEM_DEFINED_TRANSFORMATION('','',#11,#43);
#10147 = PRODUCT_DEFINITION_SHAPE('Placement','Placement of an item',
  #10148);
#10148 = NEXT_ASSEMBLY_USAGE_OCCURRENCE('11','J6','',#5,#5333,$);
#10149 = CONTEXT_DEPENDENT_SHAPE_REPRESENTATION(#10150,#10152);
#10150 = ( REPRESENTATION_RELATIONSHIP('','',#88,#10) 
REPRESENTATION_RELATIONSHIP_WITH_TRANSFORMATION(#10151) 
SHAPE_REPRESENTATION_RELATIONSHIP() );
#10151 = ITEM_DEFINED_TRANSFORMATION('','',#11,#47);
#10152 = PRODUCT_DEFINITION_SHAPE('Placement','Placement of an item',
  #10153);
#10153 = NEXT_ASSEMBLY_USAGE_OCCURRENCE('12','J16','',#5,#83,$);
#10154 = CONTEXT_DEPENDENT_SHAPE_REPRESENTATION(#10155,#10157);
#10155 = ( REPRESENTATION_RELATIONSHIP('','',#88,#10) 
REPRESENTATION_RELATIONSHIP_WITH_TRANSFORMATION(#10156) 
SHAPE_REPRESENTATION_RELATIONSHIP() );
#10156 = ITEM_DEFINED_TRANSFORMATION('','',#11,#51);
#10157 = PRODUCT_DEFINITION_SHAPE('Placement','Placement of an item',
  #10158);
#10158 = NEXT_ASSEMBLY_USAGE_OCCURRENCE('13','J8','',#5,#83,$);
#10159 = CONTEXT_DEPENDENT_SHAPE_REPRESENTATION(#10160,#10162);
#10160 = ( REPRESENTATION_RELATIONSHIP('','',#5338,#10) 
REPRESENTATION_RELATIONSHIP_WITH_TRANSFORMATION(#10161) 
SHAPE_REPRESENTATION_RELATIONSHIP() );
#10161 = ITEM_DEFINED_TRANSFORMATION('','',#11,#55);
#10162 = PRODUCT_DEFINITION_SHAPE('Placement','Placement of an item',
  #10163);
#10163 = NEXT_ASSEMBLY_USAGE_OCCURRENCE('14','J18','',#5,#5333,$);
#10164 = CONTEXT_DEPENDENT_SHAPE_REPRESENTATION(#10165,#10167);
#10165 = ( REPRESENTATION_RELATIONSHIP('','',#88,#10) 
REPRESENTATION_RELATIONSHIP_WITH_TRANSFORMATION(#10166) 
SHAPE_REPRESENTATION_RELATIONSHIP() );
#10166 = ITEM_DEFINED_TRANSFORMATION('','',#11,#59);
#10167 = PRODUCT_DEFINITION_SHAPE('Placement','Placement of an item',
  #10168);
#10168 = NEXT_ASSEMBLY_USAGE_OCCURRENCE('15','J2','',#5,#83,$);
#10169 = CONTEXT_DEPENDENT_SHAPE_REPRESENTATION(#10170,#10172);
#10170 = ( REPRESENTATION_RELATIONSHIP('','',#88,#10) 
REPRESENTATION_RELATIONSHIP_WITH_TRANSFORMATION(#10171) 
SHAPE_REPRESENTATION_RELATIONSHIP() );
#10171 = ITEM_DEFINED_TRANSFORMATION('','',#11,#63);
#10172 = PRODUCT_DEFINITION_SHAPE('Placement','Placement of an item',
  #10173);
#10173 = NEXT_ASSEMBLY_USAGE_OCCURRENCE('16','J3','',#5,#83,$);
#10174 = CONTEXT_DEPENDENT_SHAPE_REPRESENTATION(#10175,#10177);
#10175 = ( REPRESENTATION_RELATIONSHIP('','',#88,#10) 
REPRESENTATION_RELATIONSHIP_WITH_TRANSFORMATION(#10176) 
SHAPE_REPRESENTATION_RELATIONSHIP() );
#10176 = ITEM_DEFINED_TRANSFORMATION('','',#11,#67);
#10177 = PRODUCT_DEFINITION_SHAPE('Placement','Placement of an item',
  #10178);
#10178 = NEXT_ASSEMBLY_USAGE_OCCURRENCE('17','J12','',#5,#83,$);
#10179 = SHAPE_DEFINITION_REPRESENTATION(#10180,#10186);
#10180 = PRODUCT_DEFINITION_SHAPE('','',#10181);
#10181 = PRODUCT_DEFINITION('design','',#10182,#10185);
#10182 = PRODUCT_DEFINITION_FORMATION('','',#10183);
#10183 = PRODUCT(
  '_autosave-ÐÐ»Ð°ÑÐ° Ð¾Ð±Ð¼Ð¾ÑÐ¾Ðº_PCB',
  '_autosave-ÐÐ»Ð°ÑÐ° Ð¾Ð±Ð¼Ð¾ÑÐ¾Ðº_PCB','',(
    #10184));
#10184 = PRODUCT_CONTEXT('',#2,'mechanical');
#10185 = PRODUCT_DEFINITION_CONTEXT('part definition',#2,'design');
#10186 = ADVANCED_BREP_SHAPE_REPRESENTATION('',(#11,#10187),#12232);
#10187 = MANIFOLD_SOLID_BREP('',#10188);
#10188 = CLOSED_SHELL('',(#10189,#10231,#10262,#10293,#10823,#11353,
    #11370,#11387,#11404,#11421,#11438,#11455,#11472,#11489,#11506,
    #11523,#11535,#11552,#11569,#11586,#11603,#11620,#11637,#11654,
    #11671,#11688,#11705,#11722,#11739,#11761,#11778,#11795,#11812,
    #11829,#11846,#11863,#11880,#11897,#11909,#11926,#11943,#11960,
    #11977,#11994,#12011,#12028,#12045,#12062,#12079,#12096,#12113,
    #12130,#12147,#12164,#12181,#12198,#12215));
#10189 = ADVANCED_FACE('',(#10190),#10226,.T.);
#10190 = FACE_BOUND('',#10191,.T.);
#10191 = EDGE_LOOP('',(#10192,#10202,#10211,#10219));
#10192 = ORIENTED_EDGE('',*,*,#10193,.T.);
#10193 = EDGE_CURVE('',#10194,#10196,#10198,.T.);
#10194 = VERTEX_POINT('',#10195);
#10195 = CARTESIAN_POINT('',(156.980164,-43.140281,0.));
#10196 = VERTEX_POINT('',#10197);
#10197 = CARTESIAN_POINT('',(156.980164,-43.140281,1.6));
#10198 = LINE('',#10199,#10200);
#10199 = CARTESIAN_POINT('',(156.980164,-43.140281,0.));
#10200 = VECTOR('',#10201,1.);
#10201 = DIRECTION('',(0.,0.,1.));
#10202 = ORIENTED_EDGE('',*,*,#10203,.T.);
#10203 = EDGE_CURVE('',#10196,#10204,#10206,.T.);
#10204 = VERTEX_POINT('',#10205);
#10205 = CARTESIAN_POINT('',(176.135051,-59.896645,1.6));
#10206 = CIRCLE('',#10207,28.931039291126);
#10207 = AXIS2_PLACEMENT_3D('',#10208,#10209,#10210);
#10208 = CARTESIAN_POINT('',(149.45050231673,-71.07429663327,1.6));
#10209 = DIRECTION('',(0.,0.,-1.));
#10210 = DIRECTION('',(0.260262398716,0.965537924586,0.));
#10211 = ORIENTED_EDGE('',*,*,#10212,.F.);
#10212 = EDGE_CURVE('',#10213,#10204,#10215,.T.);
#10213 = VERTEX_POINT('',#10214);
#10214 = CARTESIAN_POINT('',(176.135051,-59.896645,0.));
#10215 = LINE('',#10216,#10217);
#10216 = CARTESIAN_POINT('',(176.135051,-59.896645,0.));
#10217 = VECTOR('',#10218,1.);
#10218 = DIRECTION('',(0.,0.,1.));
#10219 = ORIENTED_EDGE('',*,*,#10220,.F.);
#10220 = EDGE_CURVE('',#10194,#10213,#10221,.T.);
#10221 = CIRCLE('',#10222,28.931039291126);
#10222 = AXIS2_PLACEMENT_3D('',#10223,#10224,#10225);
#10223 = CARTESIAN_POINT('',(149.45050231673,-71.07429663327,0.));
#10224 = DIRECTION('',(0.,0.,-1.));
#10225 = DIRECTION('',(0.260262398716,0.965537924586,0.));
#10226 = CYLINDRICAL_SURFACE('',#10227,28.931039291126);
#10227 = AXIS2_PLACEMENT_3D('',#10228,#10229,#10230);
#10228 = CARTESIAN_POINT('',(149.45050231673,-71.07429663327,0.));
#10229 = DIRECTION('',(0.,0.,-1.));
#10230 = DIRECTION('',(0.260262398716,0.965537924586,0.));
#10231 = ADVANCED_FACE('',(#10232),#10257,.T.);
#10232 = FACE_BOUND('',#10233,.T.);
#10233 = EDGE_LOOP('',(#10234,#10244,#10250,#10251));
#10234 = ORIENTED_EDGE('',*,*,#10235,.T.);
#10235 = EDGE_CURVE('',#10236,#10238,#10240,.T.);
#10236 = VERTEX_POINT('',#10237);
#10237 = CARTESIAN_POINT('',(153.678164,-50.50628,0.));
#10238 = VERTEX_POINT('',#10239);
#10239 = CARTESIAN_POINT('',(153.678164,-50.50628,1.6));
#10240 = LINE('',#10241,#10242);
#10241 = CARTESIAN_POINT('',(153.678164,-50.50628,0.));
#10242 = VECTOR('',#10243,1.);
#10243 = DIRECTION('',(0.,0.,1.));
#10244 = ORIENTED_EDGE('',*,*,#10245,.T.);
#10245 = EDGE_CURVE('',#10238,#10196,#10246,.T.);
#10246 = LINE('',#10247,#10248);
#10247 = CARTESIAN_POINT('',(153.678164,-50.50628,1.6));
#10248 = VECTOR('',#10249,1.);
#10249 = DIRECTION('',(0.409055950334,0.912509303786,0.));
#10250 = ORIENTED_EDGE('',*,*,#10193,.F.);
#10251 = ORIENTED_EDGE('',*,*,#10252,.F.);
#10252 = EDGE_CURVE('',#10236,#10194,#10253,.T.);
#10253 = LINE('',#10254,#10255);
#10254 = CARTESIAN_POINT('',(153.678164,-50.50628,0.));
#10255 = VECTOR('',#10256,1.);
#10256 = DIRECTION('',(0.409055950334,0.912509303786,0.));
#10257 = PLANE('',#10258);
#10258 = AXIS2_PLACEMENT_3D('',#10259,#10260,#10261);
#10259 = CARTESIAN_POINT('',(153.678164,-50.50628,0.));
#10260 = DIRECTION('',(-0.912509303786,0.409055950334,0.));
#10261 = DIRECTION('',(0.409055950334,0.912509303786,0.));
#10262 = ADVANCED_FACE('',(#10263),#10288,.T.);
#10263 = FACE_BOUND('',#10264,.T.);
#10264 = EDGE_LOOP('',(#10265,#10266,#10274,#10282));
#10265 = ORIENTED_EDGE('',*,*,#10212,.T.);
#10266 = ORIENTED_EDGE('',*,*,#10267,.T.);
#10267 = EDGE_CURVE('',#10204,#10268,#10270,.T.);
#10268 = VERTEX_POINT('',#10269);
#10269 = CARTESIAN_POINT('',(169.851415,-62.158676,1.6));
#10270 = LINE('',#10271,#10272);
#10271 = CARTESIAN_POINT('',(176.135051,-59.896645,1.6));
#10272 = VECTOR('',#10273,1.);
#10273 = DIRECTION('',(-0.940891132112,-0.338709134085,0.));
#10274 = ORIENTED_EDGE('',*,*,#10275,.F.);
#10275 = EDGE_CURVE('',#10276,#10268,#10278,.T.);
#10276 = VERTEX_POINT('',#10277);
#10277 = CARTESIAN_POINT('',(169.851415,-62.158676,0.));
#10278 = LINE('',#10279,#10280);
#10279 = CARTESIAN_POINT('',(169.851415,-62.158676,0.));
#10280 = VECTOR('',#10281,1.);
#10281 = DIRECTION('',(0.,0.,1.));
#10282 = ORIENTED_EDGE('',*,*,#10283,.F.);
#10283 = EDGE_CURVE('',#10213,#10276,#10284,.T.);
#10284 = LINE('',#10285,#10286);
#10285 = CARTESIAN_POINT('',(176.135051,-59.896645,0.));
#10286 = VECTOR('',#10287,1.);
#10287 = DIRECTION('',(-0.940891132112,-0.338709134085,0.));
#10288 = PLANE('',#10289);
#10289 = AXIS2_PLACEMENT_3D('',#10290,#10291,#10292);
#10290 = CARTESIAN_POINT('',(176.135051,-59.896645,0.));
#10291 = DIRECTION('',(0.338709134085,-0.940891132112,0.));
#10292 = DIRECTION('',(-0.940891132112,-0.338709134085,0.));
#10293 = ADVANCED_FACE('',(#10294,#10390,#10401,#10412,#10423,#10434,
    #10445,#10456,#10467,#10478,#10489,#10500,#10511,#10522,#10609,
    #10620,#10631,#10642,#10653,#10664,#10675,#10686,#10697,#10708,
    #10719,#10730,#10741,#10752,#10763,#10774,#10785,#10796,#10807),
  #10818,.F.);
#10294 = FACE_BOUND('',#10295,.F.);
#10295 = EDGE_LOOP('',(#10296,#10297,#10298,#10307,#10315,#10323,#10332,
    #10340,#10349,#10357,#10366,#10374,#10382,#10389));
#10296 = ORIENTED_EDGE('',*,*,#10220,.F.);
#10297 = ORIENTED_EDGE('',*,*,#10252,.F.);
#10298 = ORIENTED_EDGE('',*,*,#10299,.F.);
#10299 = EDGE_CURVE('',#10300,#10236,#10302,.T.);
#10300 = VERTEX_POINT('',#10301);
#10301 = CARTESIAN_POINT('',(145.034,-50.546,0.));
#10302 = CIRCLE('',#10303,20.998017384221);
#10303 = AXIS2_PLACEMENT_3D('',#10304,#10305,#10306);
#10304 = CARTESIAN_POINT('',(149.45050097014,-71.07430371094,0.));
#10305 = DIRECTION('',(0.,0.,-1.));
#10306 = DIRECTION('',(-0.210329427266,0.977630570321,0.));
#10307 = ORIENTED_EDGE('',*,*,#10308,.F.);
#10308 = EDGE_CURVE('',#10309,#10300,#10311,.T.);
#10309 = VERTEX_POINT('',#10310);
#10310 = CARTESIAN_POINT('',(141.732,-43.18,0.));
#10311 = LINE('',#10312,#10313);
#10312 = CARTESIAN_POINT('',(141.732,-43.18,0.));
#10313 = VECTOR('',#10314,1.);
#10314 = DIRECTION('',(0.409055904093,-0.912509324515,0.));
#10315 = ORIENTED_EDGE('',*,*,#10316,.F.);
#10316 = EDGE_CURVE('',#10317,#10309,#10319,.T.);
#10317 = VERTEX_POINT('',#10318);
#10318 = CARTESIAN_POINT('',(141.732,-43.180001,0.));
#10319 = LINE('',#10320,#10321);
#10320 = CARTESIAN_POINT('',(141.732,-43.180001,0.));
#10321 = VECTOR('',#10322,1.);
#10322 = DIRECTION('',(0.,1.,0.));
#10323 = ORIENTED_EDGE('',*,*,#10324,.F.);
#10324 = EDGE_CURVE('',#10325,#10317,#10327,.T.);
#10325 = VERTEX_POINT('',#10326);
#10326 = CARTESIAN_POINT('',(122.763974,-59.871787,0.));
#10327 = CIRCLE('',#10328,28.942479767012);
#10328 = AXIS2_PLACEMENT_3D('',#10329,#10330,#10331);
#10329 = CARTESIAN_POINT('',(149.45050375621,-71.07429853245,0.));
#10330 = DIRECTION('',(0.,0.,-1.));
#10331 = DIRECTION('',(-0.922054017867,0.387061220139,0.));
#10332 = ORIENTED_EDGE('',*,*,#10333,.F.);
#10333 = EDGE_CURVE('',#10334,#10325,#10336,.T.);
#10334 = VERTEX_POINT('',#10335);
#10335 = CARTESIAN_POINT('',(129.049563,-62.158665,0.));
#10336 = LINE('',#10337,#10338);
#10337 = CARTESIAN_POINT('',(129.049563,-62.158665,0.));
#10338 = VECTOR('',#10339,1.);
#10339 = DIRECTION('',(-0.93973534472,0.341902737462,0.));
#10340 = ORIENTED_EDGE('',*,*,#10341,.F.);
#10341 = EDGE_CURVE('',#10342,#10334,#10344,.T.);
#10342 = VERTEX_POINT('',#10343);
#10343 = CARTESIAN_POINT('',(127.254004,-69.341589,0.));
#10344 = CIRCLE('',#10345,22.264044675087);
#10345 = AXIS2_PLACEMENT_3D('',#10346,#10347,#10348);
#10346 = CARTESIAN_POINT('',(149.4505215796,-71.07430150713,0.));
#10347 = DIRECTION('',(0.,0.,-1.));
#10348 = DIRECTION('',(-0.996966988862,7.782559424494E-02,0.));
#10349 = ORIENTED_EDGE('',*,*,#10350,.F.);
#10350 = EDGE_CURVE('',#10351,#10342,#10353,.T.);
#10351 = VERTEX_POINT('',#10352);
#10352 = CARTESIAN_POINT('',(120.65,-70.866,0.));
#10353 = LINE('',#10354,#10355);
#10354 = CARTESIAN_POINT('',(120.65,-70.866,0.));
#10355 = VECTOR('',#10356,1.);
#10356 = DIRECTION('',(0.974377937465,0.224916951296,0.));
#10357 = ORIENTED_EDGE('',*,*,#10358,.F.);
#10358 = EDGE_CURVE('',#10359,#10351,#10361,.T.);
#10359 = VERTEX_POINT('',#10360);
#10360 = CARTESIAN_POINT('',(178.251007,-70.866411,0.));
#10361 = CIRCLE('',#10362,28.801255240909);
#10362 = AXIS2_PLACEMENT_3D('',#10363,#10364,#10365);
#10363 = CARTESIAN_POINT('',(149.45050201521,-71.07429575982,0.));
#10364 = DIRECTION('',(0.,0.,-1.));
#10365 = DIRECTION('',(0.999973950575,7.217906236694E-03,0.));
#10366 = ORIENTED_EDGE('',*,*,#10367,.F.);
#10367 = EDGE_CURVE('',#10368,#10359,#10370,.T.);
#10368 = VERTEX_POINT('',#10369);
#10369 = CARTESIAN_POINT('',(171.647004,-69.342,0.));
#10370 = LINE('',#10371,#10372);
#10371 = CARTESIAN_POINT('',(171.647004,-69.342,0.));
#10372 = VECTOR('',#10373,1.);
#10373 = DIRECTION('',(0.974377930002,-0.224916983631,0.));
#10374 = ORIENTED_EDGE('',*,*,#10375,.F.);
#10375 = EDGE_CURVE('',#10376,#10368,#10378,.T.);
#10376 = VERTEX_POINT('',#10377);
#10377 = CARTESIAN_POINT('',(171.647003,-69.342,0.));
#10378 = LINE('',#10379,#10380);
#10379 = CARTESIAN_POINT('',(171.647003,-69.342,0.));
#10380 = VECTOR('',#10381,1.);
#10381 = DIRECTION('',(1.,0.,0.));
#10382 = ORIENTED_EDGE('',*,*,#10383,.F.);
#10383 = EDGE_CURVE('',#10276,#10376,#10384,.T.);
#10384 = CIRCLE('',#10385,22.26394757814);
#10385 = AXIS2_PLACEMENT_3D('',#10386,#10387,#10388);
#10386 = CARTESIAN_POINT('',(149.45054924474,-71.07428244029,0.));
#10387 = DIRECTION('',(0.,0.,-1.));
#10388 = DIRECTION('',(0.916318441896,0.40045038774,0.));
#10389 = ORIENTED_EDGE('',*,*,#10283,.F.);
#10390 = FACE_BOUND('',#10391,.F.);
#10391 = EDGE_LOOP('',(#10392));
#10392 = ORIENTED_EDGE('',*,*,#10393,.F.);
#10393 = EDGE_CURVE('',#10394,#10394,#10396,.T.);
#10394 = VERTEX_POINT('',#10395);
#10395 = CARTESIAN_POINT('',(144.692841,-93.726,0.));
#10396 = CIRCLE('',#10397,1.436841);
#10397 = AXIS2_PLACEMENT_3D('',#10398,#10399,#10400);
#10398 = CARTESIAN_POINT('',(143.256,-93.726,0.));
#10399 = DIRECTION('',(0.,0.,1.));
#10400 = DIRECTION('',(1.,0.,-0.));
#10401 = FACE_BOUND('',#10402,.F.);
#10402 = EDGE_LOOP('',(#10403));
#10403 = ORIENTED_EDGE('',*,*,#10404,.T.);
#10404 = EDGE_CURVE('',#10405,#10405,#10407,.T.);
#10405 = VERTEX_POINT('',#10406);
#10406 = CARTESIAN_POINT('',(124.60224,-83.03825,0.));
#10407 = CIRCLE('',#10408,0.685);
#10408 = AXIS2_PLACEMENT_3D('',#10409,#10410,#10411);
#10409 = CARTESIAN_POINT('',(124.60224,-82.35325,0.));
#10410 = DIRECTION('',(-0.,0.,-1.));
#10411 = DIRECTION('',(-0.,-1.,0.));
#10412 = FACE_BOUND('',#10413,.F.);
#10413 = EDGE_LOOP('',(#10414));
#10414 = ORIENTED_EDGE('',*,*,#10415,.T.);
#10415 = EDGE_CURVE('',#10416,#10416,#10418,.T.);
#10416 = VERTEX_POINT('',#10417);
#10417 = CARTESIAN_POINT('',(129.68224,-83.03825,0.));
#10418 = CIRCLE('',#10419,0.685);
#10419 = AXIS2_PLACEMENT_3D('',#10420,#10421,#10422);
#10420 = CARTESIAN_POINT('',(129.68224,-82.35325,0.));
#10421 = DIRECTION('',(-0.,0.,-1.));
#10422 = DIRECTION('',(-0.,-1.,0.));
#10423 = FACE_BOUND('',#10424,.F.);
#10424 = EDGE_LOOP('',(#10425));
#10425 = ORIENTED_EDGE('',*,*,#10426,.T.);
#10426 = EDGE_CURVE('',#10427,#10427,#10429,.T.);
#10427 = VERTEX_POINT('',#10428);
#10428 = CARTESIAN_POINT('',(124.60224,-78.59325,0.));
#10429 = CIRCLE('',#10430,0.685);
#10430 = AXIS2_PLACEMENT_3D('',#10431,#10432,#10433);
#10431 = CARTESIAN_POINT('',(124.60224,-77.90825,0.));
#10432 = DIRECTION('',(-0.,0.,-1.));
#10433 = DIRECTION('',(-0.,-1.,0.));
#10434 = FACE_BOUND('',#10435,.F.);
#10435 = EDGE_LOOP('',(#10436));
#10436 = ORIENTED_EDGE('',*,*,#10437,.T.);
#10437 = EDGE_CURVE('',#10438,#10438,#10440,.T.);
#10438 = VERTEX_POINT('',#10439);
#10439 = CARTESIAN_POINT('',(129.68224,-78.59325,0.));
#10440 = CIRCLE('',#10441,0.685);
#10441 = AXIS2_PLACEMENT_3D('',#10442,#10443,#10444);
#10442 = CARTESIAN_POINT('',(129.68224,-77.90825,0.));
#10443 = DIRECTION('',(-0.,0.,-1.));
#10444 = DIRECTION('',(-0.,-1.,0.));
#10445 = FACE_BOUND('',#10446,.F.);
#10446 = EDGE_LOOP('',(#10447));
#10447 = ORIENTED_EDGE('',*,*,#10448,.T.);
#10448 = EDGE_CURVE('',#10449,#10449,#10451,.T.);
#10449 = VERTEX_POINT('',#10450);
#10450 = CARTESIAN_POINT('',(124.60224,-74.14825,0.));
#10451 = CIRCLE('',#10452,0.685);
#10452 = AXIS2_PLACEMENT_3D('',#10453,#10454,#10455);
#10453 = CARTESIAN_POINT('',(124.60224,-73.46325,0.));
#10454 = DIRECTION('',(-0.,0.,-1.));
#10455 = DIRECTION('',(-0.,-1.,0.));
#10456 = FACE_BOUND('',#10457,.F.);
#10457 = EDGE_LOOP('',(#10458));
#10458 = ORIENTED_EDGE('',*,*,#10459,.T.);
#10459 = EDGE_CURVE('',#10460,#10460,#10462,.T.);
#10460 = VERTEX_POINT('',#10461);
#10461 = CARTESIAN_POINT('',(129.68224,-74.14825,0.));
#10462 = CIRCLE('',#10463,0.685);
#10463 = AXIS2_PLACEMENT_3D('',#10464,#10465,#10466);
#10464 = CARTESIAN_POINT('',(129.68224,-73.46325,0.));
#10465 = DIRECTION('',(-0.,0.,-1.));
#10466 = DIRECTION('',(-0.,-1.,0.));
#10467 = FACE_BOUND('',#10468,.F.);
#10468 = EDGE_LOOP('',(#10469));
#10469 = ORIENTED_EDGE('',*,*,#10470,.T.);
#10470 = EDGE_CURVE('',#10471,#10471,#10473,.T.);
#10471 = VERTEX_POINT('',#10472);
#10472 = CARTESIAN_POINT('',(149.606,-97.866,0.));
#10473 = CIRCLE('',#10474,1.6);
#10474 = AXIS2_PLACEMENT_3D('',#10475,#10476,#10477);
#10475 = CARTESIAN_POINT('',(149.606,-96.266,0.));
#10476 = DIRECTION('',(-0.,0.,-1.));
#10477 = DIRECTION('',(-0.,-1.,0.));
#10478 = FACE_BOUND('',#10479,.F.);
#10479 = EDGE_LOOP('',(#10480));
#10480 = ORIENTED_EDGE('',*,*,#10481,.F.);
#10481 = EDGE_CURVE('',#10482,#10482,#10484,.T.);
#10482 = VERTEX_POINT('',#10483);
#10483 = CARTESIAN_POINT('',(157.392841,-93.726,0.));
#10484 = CIRCLE('',#10485,1.436841);
#10485 = AXIS2_PLACEMENT_3D('',#10486,#10487,#10488);
#10486 = CARTESIAN_POINT('',(155.956,-93.726,0.));
#10487 = DIRECTION('',(0.,0.,1.));
#10488 = DIRECTION('',(1.,0.,-0.));
#10489 = FACE_BOUND('',#10490,.F.);
#10490 = EDGE_LOOP('',(#10491));
#10491 = ORIENTED_EDGE('',*,*,#10492,.T.);
#10492 = EDGE_CURVE('',#10493,#10493,#10495,.T.);
#10493 = VERTEX_POINT('',#10494);
#10494 = CARTESIAN_POINT('',(160.79724,-91.10825,0.));
#10495 = CIRCLE('',#10496,0.5);
#10496 = AXIS2_PLACEMENT_3D('',#10497,#10498,#10499);
#10497 = CARTESIAN_POINT('',(160.79724,-90.60825,0.));
#10498 = DIRECTION('',(-0.,0.,-1.));
#10499 = DIRECTION('',(-0.,-1.,0.));
#10500 = FACE_BOUND('',#10501,.F.);
#10501 = EDGE_LOOP('',(#10502));
#10502 = ORIENTED_EDGE('',*,*,#10503,.T.);
#10503 = EDGE_CURVE('',#10504,#10504,#10506,.T.);
#10504 = VERTEX_POINT('',#10505);
#10505 = CARTESIAN_POINT('',(163.33724,-91.10825,0.));
#10506 = CIRCLE('',#10507,0.5);
#10507 = AXIS2_PLACEMENT_3D('',#10508,#10509,#10510);
#10508 = CARTESIAN_POINT('',(163.33724,-90.60825,0.));
#10509 = DIRECTION('',(-0.,0.,-1.));
#10510 = DIRECTION('',(-0.,-1.,0.));
#10511 = FACE_BOUND('',#10512,.F.);
#10512 = EDGE_LOOP('',(#10513));
#10513 = ORIENTED_EDGE('',*,*,#10514,.T.);
#10514 = EDGE_CURVE('',#10515,#10515,#10517,.T.);
#10515 = VERTEX_POINT('',#10516);
#10516 = CARTESIAN_POINT('',(165.87724,-91.10825,0.));
#10517 = CIRCLE('',#10518,0.5);
#10518 = AXIS2_PLACEMENT_3D('',#10519,#10520,#10521);
#10519 = CARTESIAN_POINT('',(165.87724,-90.60825,0.));
#10520 = DIRECTION('',(-0.,0.,-1.));
#10521 = DIRECTION('',(-0.,-1.,0.));
#10522 = FACE_BOUND('',#10523,.F.);
#10523 = EDGE_LOOP('',(#10524,#10535,#10543,#10552,#10560,#10569,#10577,
    #10586,#10594,#10603));
#10524 = ORIENTED_EDGE('',*,*,#10525,.F.);
#10525 = EDGE_CURVE('',#10526,#10528,#10530,.T.);
#10526 = VERTEX_POINT('',#10527);
#10527 = CARTESIAN_POINT('',(155.956,-77.216,0.));
#10528 = VERTEX_POINT('',#10529);
#10529 = CARTESIAN_POINT('',(143.226179,-77.50079,0.));
#10530 = CIRCLE('',#10531,8.946621019099);
#10531 = AXIS2_PLACEMENT_3D('',#10532,#10533,#10534);
#10532 = CARTESIAN_POINT('',(149.45050240379,-71.07429594613,0.));
#10533 = DIRECTION('',(0.,0.,1.));
#10534 = DIRECTION('',(0.727145766241,-0.686483091298,0.));
#10535 = ORIENTED_EDGE('',*,*,#10536,.F.);
#10536 = EDGE_CURVE('',#10537,#10526,#10539,.T.);
#10537 = VERTEX_POINT('',#10538);
#10538 = CARTESIAN_POINT('',(155.956,-88.646,0.));
#10539 = LINE('',#10540,#10541);
#10540 = CARTESIAN_POINT('',(155.956,-88.646,0.));
#10541 = VECTOR('',#10542,1.);
#10542 = DIRECTION('',(0.,1.,0.));
#10543 = ORIENTED_EDGE('',*,*,#10544,.F.);
#10544 = EDGE_CURVE('',#10545,#10537,#10547,.T.);
#10545 = VERTEX_POINT('',#10546);
#10546 = CARTESIAN_POINT('',(153.924,-88.646,0.));
#10547 = CIRCLE('',#10548,1.27);
#10548 = AXIS2_PLACEMENT_3D('',#10549,#10550,#10551);
#10549 = CARTESIAN_POINT('',(154.94,-87.884,0.));
#10550 = DIRECTION('',(0.,0.,1.));
#10551 = DIRECTION('',(-0.8,-0.6,0.));
#10552 = ORIENTED_EDGE('',*,*,#10553,.F.);
#10553 = EDGE_CURVE('',#10554,#10545,#10556,.T.);
#10554 = VERTEX_POINT('',#10555);
#10555 = CARTESIAN_POINT('',(153.924,-81.134066,0.));
#10556 = LINE('',#10557,#10558);
#10557 = CARTESIAN_POINT('',(153.924,-81.134066,0.));
#10558 = VECTOR('',#10559,1.);
#10559 = DIRECTION('',(0.,-1.,0.));
#10560 = ORIENTED_EDGE('',*,*,#10561,.F.);
#10561 = EDGE_CURVE('',#10562,#10554,#10564,.T.);
#10562 = VERTEX_POINT('',#10563);
#10563 = CARTESIAN_POINT('',(153.133691,-80.372592,0.));
#10564 = CIRCLE('',#10565,0.76199963321);
#10565 = AXIS2_PLACEMENT_3D('',#10566,#10567,#10568);
#10566 = CARTESIAN_POINT('',(153.16200036679,-81.13406558507,0.));
#10567 = DIRECTION('',(0.,0.,-1.));
#10568 = DIRECTION('',(-3.715141787052E-02,0.999309647782,0.));
#10569 = ORIENTED_EDGE('',*,*,#10570,.F.);
#10570 = EDGE_CURVE('',#10571,#10562,#10573,.T.);
#10571 = VERTEX_POINT('',#10572);
#10572 = CARTESIAN_POINT('',(146.052891,-80.372592,0.));
#10573 = LINE('',#10574,#10575);
#10574 = CARTESIAN_POINT('',(146.052891,-80.372592,0.));
#10575 = VECTOR('',#10576,1.);
#10576 = DIRECTION('',(1.,0.,0.));
#10577 = ORIENTED_EDGE('',*,*,#10578,.F.);
#10578 = EDGE_CURVE('',#10579,#10571,#10581,.T.);
#10579 = VERTEX_POINT('',#10580);
#10580 = CARTESIAN_POINT('',(145.290891,-81.134592,0.));
#10581 = CIRCLE('',#10582,0.761973941718);
#10582 = AXIS2_PLACEMENT_3D('',#10583,#10584,#10585);
#10583 = CARTESIAN_POINT('',(146.05286494127,-81.13456594127,0.));
#10584 = DIRECTION('',(0.,0.,-1.));
#10585 = DIRECTION('',(-0.999999999415,-3.419897417956E-05,-0.));
#10586 = ORIENTED_EDGE('',*,*,#10587,.F.);
#10587 = EDGE_CURVE('',#10588,#10579,#10590,.T.);
#10588 = VERTEX_POINT('',#10589);
#10589 = CARTESIAN_POINT('',(145.288,-88.646,0.));
#10590 = LINE('',#10591,#10592);
#10591 = CARTESIAN_POINT('',(145.288,-88.646,0.));
#10592 = VECTOR('',#10593,1.);
#10593 = DIRECTION('',(3.84881208137E-04,0.999999925933,0.));
#10594 = ORIENTED_EDGE('',*,*,#10595,.F.);
#10595 = EDGE_CURVE('',#10596,#10588,#10598,.T.);
#10596 = VERTEX_POINT('',#10597);
#10597 = CARTESIAN_POINT('',(143.256,-88.646,0.));
#10598 = CIRCLE('',#10599,1.27);
#10599 = AXIS2_PLACEMENT_3D('',#10600,#10601,#10602);
#10600 = CARTESIAN_POINT('',(144.272,-87.884,0.));
#10601 = DIRECTION('',(0.,0.,1.));
#10602 = DIRECTION('',(-0.8,-0.6,0.));
#10603 = ORIENTED_EDGE('',*,*,#10604,.F.);
#10604 = EDGE_CURVE('',#10528,#10596,#10605,.T.);
#10605 = LINE('',#10606,#10607);
#10606 = CARTESIAN_POINT('',(143.226179,-77.50079,0.));
#10607 = VECTOR('',#10608,1.);
#10608 = DIRECTION('',(2.675669032031E-03,-0.999996420391,0.));
#10609 = FACE_BOUND('',#10610,.F.);
#10610 = EDGE_LOOP('',(#10611));
#10611 = ORIENTED_EDGE('',*,*,#10612,.T.);
#10612 = EDGE_CURVE('',#10613,#10613,#10615,.T.);
#10613 = VERTEX_POINT('',#10614);
#10614 = CARTESIAN_POINT('',(169.05224,-83.03825,0.));
#10615 = CIRCLE('',#10616,0.685);
#10616 = AXIS2_PLACEMENT_3D('',#10617,#10618,#10619);
#10617 = CARTESIAN_POINT('',(169.05224,-82.35325,0.));
#10618 = DIRECTION('',(-0.,0.,-1.));
#10619 = DIRECTION('',(-0.,-1.,0.));
#10620 = FACE_BOUND('',#10621,.F.);
#10621 = EDGE_LOOP('',(#10622));
#10622 = ORIENTED_EDGE('',*,*,#10623,.T.);
#10623 = EDGE_CURVE('',#10624,#10624,#10626,.T.);
#10624 = VERTEX_POINT('',#10625);
#10625 = CARTESIAN_POINT('',(174.13224,-83.03825,0.));
#10626 = CIRCLE('',#10627,0.685);
#10627 = AXIS2_PLACEMENT_3D('',#10628,#10629,#10630);
#10628 = CARTESIAN_POINT('',(174.13224,-82.35325,0.));
#10629 = DIRECTION('',(-0.,0.,-1.));
#10630 = DIRECTION('',(-0.,-1.,0.));
#10631 = FACE_BOUND('',#10632,.F.);
#10632 = EDGE_LOOP('',(#10633));
#10633 = ORIENTED_EDGE('',*,*,#10634,.T.);
#10634 = EDGE_CURVE('',#10635,#10635,#10637,.T.);
#10635 = VERTEX_POINT('',#10636);
#10636 = CARTESIAN_POINT('',(169.05224,-78.59325,0.));
#10637 = CIRCLE('',#10638,0.685);
#10638 = AXIS2_PLACEMENT_3D('',#10639,#10640,#10641);
#10639 = CARTESIAN_POINT('',(169.05224,-77.90825,0.));
#10640 = DIRECTION('',(-0.,0.,-1.));
#10641 = DIRECTION('',(-0.,-1.,0.));
#10642 = FACE_BOUND('',#10643,.F.);
#10643 = EDGE_LOOP('',(#10644));
#10644 = ORIENTED_EDGE('',*,*,#10645,.T.);
#10645 = EDGE_CURVE('',#10646,#10646,#10648,.T.);
#10646 = VERTEX_POINT('',#10647);
#10647 = CARTESIAN_POINT('',(174.13224,-78.59325,0.));
#10648 = CIRCLE('',#10649,0.685);
#10649 = AXIS2_PLACEMENT_3D('',#10650,#10651,#10652);
#10650 = CARTESIAN_POINT('',(174.13224,-77.90825,0.));
#10651 = DIRECTION('',(-0.,0.,-1.));
#10652 = DIRECTION('',(-0.,-1.,0.));
#10653 = FACE_BOUND('',#10654,.F.);
#10654 = EDGE_LOOP('',(#10655));
#10655 = ORIENTED_EDGE('',*,*,#10656,.T.);
#10656 = EDGE_CURVE('',#10657,#10657,#10659,.T.);
#10657 = VERTEX_POINT('',#10658);
#10658 = CARTESIAN_POINT('',(169.05224,-74.14825,0.));
#10659 = CIRCLE('',#10660,0.685);
#10660 = AXIS2_PLACEMENT_3D('',#10661,#10662,#10663);
#10661 = CARTESIAN_POINT('',(169.05224,-73.46325,0.));
#10662 = DIRECTION('',(-0.,0.,-1.));
#10663 = DIRECTION('',(-0.,-1.,0.));
#10664 = FACE_BOUND('',#10665,.F.);
#10665 = EDGE_LOOP('',(#10666));
#10666 = ORIENTED_EDGE('',*,*,#10667,.T.);
#10667 = EDGE_CURVE('',#10668,#10668,#10670,.T.);
#10668 = VERTEX_POINT('',#10669);
#10669 = CARTESIAN_POINT('',(174.13224,-74.14825,0.));
#10670 = CIRCLE('',#10671,0.685);
#10671 = AXIS2_PLACEMENT_3D('',#10672,#10673,#10674);
#10672 = CARTESIAN_POINT('',(174.13224,-73.46325,0.));
#10673 = DIRECTION('',(-0.,0.,-1.));
#10674 = DIRECTION('',(-0.,-1.,0.));
#10675 = FACE_BOUND('',#10676,.F.);
#10676 = EDGE_LOOP('',(#10677));
#10677 = ORIENTED_EDGE('',*,*,#10678,.T.);
#10678 = EDGE_CURVE('',#10679,#10679,#10681,.T.);
#10679 = VERTEX_POINT('',#10680);
#10680 = CARTESIAN_POINT('',(134.874,-69.42,0.));
#10681 = CIRCLE('',#10682,2.11);
#10682 = AXIS2_PLACEMENT_3D('',#10683,#10684,#10685);
#10683 = CARTESIAN_POINT('',(134.874,-67.31,0.));
#10684 = DIRECTION('',(-0.,0.,-1.));
#10685 = DIRECTION('',(-1.347000446939E-14,-1.,0.));
#10686 = FACE_BOUND('',#10687,.F.);
#10687 = EDGE_LOOP('',(#10688));
#10688 = ORIENTED_EDGE('',*,*,#10689,.T.);
#10689 = EDGE_CURVE('',#10690,#10690,#10692,.T.);
#10690 = VERTEX_POINT('',#10691);
#10691 = CARTESIAN_POINT('',(127.508,-60.02,0.));
#10692 = CIRCLE('',#10693,1.6);
#10693 = AXIS2_PLACEMENT_3D('',#10694,#10695,#10696);
#10694 = CARTESIAN_POINT('',(127.508,-58.42,0.));
#10695 = DIRECTION('',(-0.,0.,-1.));
#10696 = DIRECTION('',(-8.881784197001E-15,-1.,0.));
#10697 = FACE_BOUND('',#10698,.F.);
#10698 = EDGE_LOOP('',(#10699));
#10699 = ORIENTED_EDGE('',*,*,#10700,.T.);
#10700 = EDGE_CURVE('',#10701,#10701,#10703,.T.);
#10701 = VERTEX_POINT('',#10702);
#10702 = CARTESIAN_POINT('',(132.85724,-55.09825,0.));
#10703 = CIRCLE('',#10704,0.685);
#10704 = AXIS2_PLACEMENT_3D('',#10705,#10706,#10707);
#10705 = CARTESIAN_POINT('',(132.85724,-54.41325,0.));
#10706 = DIRECTION('',(-0.,0.,-1.));
#10707 = DIRECTION('',(-0.,-1.,0.));
#10708 = FACE_BOUND('',#10709,.F.);
#10709 = EDGE_LOOP('',(#10710));
#10710 = ORIENTED_EDGE('',*,*,#10711,.T.);
#10711 = EDGE_CURVE('',#10712,#10712,#10714,.T.);
#10712 = VERTEX_POINT('',#10713);
#10713 = CARTESIAN_POINT('',(132.85724,-50.01825,0.));
#10714 = CIRCLE('',#10715,0.685);
#10715 = AXIS2_PLACEMENT_3D('',#10716,#10717,#10718);
#10716 = CARTESIAN_POINT('',(132.85724,-49.33325,0.));
#10717 = DIRECTION('',(-0.,0.,-1.));
#10718 = DIRECTION('',(-0.,-1.,0.));
#10719 = FACE_BOUND('',#10720,.F.);
#10720 = EDGE_LOOP('',(#10721));
#10721 = ORIENTED_EDGE('',*,*,#10722,.T.);
#10722 = EDGE_CURVE('',#10723,#10723,#10725,.T.);
#10723 = VERTEX_POINT('',#10724);
#10724 = CARTESIAN_POINT('',(149.352,-57.482,0.));
#10725 = CIRCLE('',#10726,2.11);
#10726 = AXIS2_PLACEMENT_3D('',#10727,#10728,#10729);
#10727 = CARTESIAN_POINT('',(149.352,-55.372,0.));
#10728 = DIRECTION('',(-0.,0.,-1.));
#10729 = DIRECTION('',(1.347000446939E-14,-1.,-0.));
#10730 = FACE_BOUND('',#10731,.F.);
#10731 = EDGE_LOOP('',(#10732));
#10732 = ORIENTED_EDGE('',*,*,#10733,.T.);
#10733 = EDGE_CURVE('',#10734,#10734,#10736,.T.);
#10734 = VERTEX_POINT('',#10735);
#10735 = CARTESIAN_POINT('',(137.30224,-55.09825,0.));
#10736 = CIRCLE('',#10737,0.685);
#10737 = AXIS2_PLACEMENT_3D('',#10738,#10739,#10740);
#10738 = CARTESIAN_POINT('',(137.30224,-54.41325,0.));
#10739 = DIRECTION('',(-0.,0.,-1.));
#10740 = DIRECTION('',(-0.,-1.,0.));
#10741 = FACE_BOUND('',#10742,.F.);
#10742 = EDGE_LOOP('',(#10743));
#10743 = ORIENTED_EDGE('',*,*,#10744,.T.);
#10744 = EDGE_CURVE('',#10745,#10745,#10747,.T.);
#10745 = VERTEX_POINT('',#10746);
#10746 = CARTESIAN_POINT('',(137.30224,-50.01825,0.));
#10747 = CIRCLE('',#10748,0.685);
#10748 = AXIS2_PLACEMENT_3D('',#10749,#10750,#10751);
#10749 = CARTESIAN_POINT('',(137.30224,-49.33325,0.));
#10750 = DIRECTION('',(-0.,0.,-1.));
#10751 = DIRECTION('',(-0.,-1.,0.));
#10752 = FACE_BOUND('',#10753,.F.);
#10753 = EDGE_LOOP('',(#10754));
#10754 = ORIENTED_EDGE('',*,*,#10755,.T.);
#10755 = EDGE_CURVE('',#10756,#10756,#10758,.T.);
#10756 = VERTEX_POINT('',#10757);
#10757 = CARTESIAN_POINT('',(164.084,-69.42,0.));
#10758 = CIRCLE('',#10759,2.11);
#10759 = AXIS2_PLACEMENT_3D('',#10760,#10761,#10762);
#10760 = CARTESIAN_POINT('',(164.084,-67.31,0.));
#10761 = DIRECTION('',(-0.,0.,-1.));
#10762 = DIRECTION('',(-0.,-1.,0.));
#10763 = FACE_BOUND('',#10764,.F.);
#10764 = EDGE_LOOP('',(#10765));
#10765 = ORIENTED_EDGE('',*,*,#10766,.T.);
#10766 = EDGE_CURVE('',#10767,#10767,#10769,.T.);
#10767 = VERTEX_POINT('',#10768);
#10768 = CARTESIAN_POINT('',(161.43224,-55.09825,0.));
#10769 = CIRCLE('',#10770,0.685);
#10770 = AXIS2_PLACEMENT_3D('',#10771,#10772,#10773);
#10771 = CARTESIAN_POINT('',(161.43224,-54.41325,0.));
#10772 = DIRECTION('',(-0.,0.,-1.));
#10773 = DIRECTION('',(-0.,-1.,0.));
#10774 = FACE_BOUND('',#10775,.F.);
#10775 = EDGE_LOOP('',(#10776));
#10776 = ORIENTED_EDGE('',*,*,#10777,.T.);
#10777 = EDGE_CURVE('',#10778,#10778,#10780,.T.);
#10778 = VERTEX_POINT('',#10779);
#10779 = CARTESIAN_POINT('',(161.43224,-50.01825,0.));
#10780 = CIRCLE('',#10781,0.685);
#10781 = AXIS2_PLACEMENT_3D('',#10782,#10783,#10784);
#10782 = CARTESIAN_POINT('',(161.43224,-49.33325,0.));
#10783 = DIRECTION('',(-0.,0.,-1.));
#10784 = DIRECTION('',(-0.,-1.,0.));
#10785 = FACE_BOUND('',#10786,.F.);
#10786 = EDGE_LOOP('',(#10787));
#10787 = ORIENTED_EDGE('',*,*,#10788,.T.);
#10788 = EDGE_CURVE('',#10789,#10789,#10791,.T.);
#10789 = VERTEX_POINT('',#10790);
#10790 = CARTESIAN_POINT('',(171.45,-60.02,0.));
#10791 = CIRCLE('',#10792,1.6);
#10792 = AXIS2_PLACEMENT_3D('',#10793,#10794,#10795);
#10793 = CARTESIAN_POINT('',(171.45,-58.42,0.));
#10794 = DIRECTION('',(-0.,0.,-1.));
#10795 = DIRECTION('',(-0.,-1.,0.));
#10796 = FACE_BOUND('',#10797,.F.);
#10797 = EDGE_LOOP('',(#10798));
#10798 = ORIENTED_EDGE('',*,*,#10799,.T.);
#10799 = EDGE_CURVE('',#10800,#10800,#10802,.T.);
#10800 = VERTEX_POINT('',#10801);
#10801 = CARTESIAN_POINT('',(165.87724,-55.09825,0.));
#10802 = CIRCLE('',#10803,0.685);
#10803 = AXIS2_PLACEMENT_3D('',#10804,#10805,#10806);
#10804 = CARTESIAN_POINT('',(165.87724,-54.41325,0.));
#10805 = DIRECTION('',(-0.,0.,-1.));
#10806 = DIRECTION('',(-0.,-1.,0.));
#10807 = FACE_BOUND('',#10808,.F.);
#10808 = EDGE_LOOP('',(#10809));
#10809 = ORIENTED_EDGE('',*,*,#10810,.T.);
#10810 = EDGE_CURVE('',#10811,#10811,#10813,.T.);
#10811 = VERTEX_POINT('',#10812);
#10812 = CARTESIAN_POINT('',(165.87724,-50.01825,0.));
#10813 = CIRCLE('',#10814,0.685);
#10814 = AXIS2_PLACEMENT_3D('',#10815,#10816,#10817);
#10815 = CARTESIAN_POINT('',(165.87724,-49.33325,0.));
#10816 = DIRECTION('',(-0.,0.,-1.));
#10817 = DIRECTION('',(-0.,-1.,0.));
#10818 = PLANE('',#10819);
#10819 = AXIS2_PLACEMENT_3D('',#10820,#10821,#10822);
#10820 = CARTESIAN_POINT('',(0.,0.,0.));
#10821 = DIRECTION('',(0.,0.,1.));
#10822 = DIRECTION('',(1.,0.,-0.));
#10823 = ADVANCED_FACE('',(#10824,#10920,#10931,#10942,#10953,#10964,
    #10975,#10986,#10997,#11008,#11019,#11030,#11041,#11052,#11139,
    #11150,#11161,#11172,#11183,#11194,#11205,#11216,#11227,#11238,
    #11249,#11260,#11271,#11282,#11293,#11304,#11315,#11326,#11337),
  #11348,.T.);
#10824 = FACE_BOUND('',#10825,.T.);
#10825 = EDGE_LOOP('',(#10826,#10827,#10828,#10837,#10845,#10853,#10862,
    #10870,#10879,#10887,#10896,#10904,#10912,#10919));
#10826 = ORIENTED_EDGE('',*,*,#10203,.F.);
#10827 = ORIENTED_EDGE('',*,*,#10245,.F.);
#10828 = ORIENTED_EDGE('',*,*,#10829,.F.);
#10829 = EDGE_CURVE('',#10830,#10238,#10832,.T.);
#10830 = VERTEX_POINT('',#10831);
#10831 = CARTESIAN_POINT('',(145.034,-50.546,1.6));
#10832 = CIRCLE('',#10833,20.998017384221);
#10833 = AXIS2_PLACEMENT_3D('',#10834,#10835,#10836);
#10834 = CARTESIAN_POINT('',(149.45050097014,-71.07430371094,1.6));
#10835 = DIRECTION('',(0.,0.,-1.));
#10836 = DIRECTION('',(-0.210329427266,0.977630570321,0.));
#10837 = ORIENTED_EDGE('',*,*,#10838,.F.);
#10838 = EDGE_CURVE('',#10839,#10830,#10841,.T.);
#10839 = VERTEX_POINT('',#10840);
#10840 = CARTESIAN_POINT('',(141.732,-43.18,1.6));
#10841 = LINE('',#10842,#10843);
#10842 = CARTESIAN_POINT('',(141.732,-43.18,1.6));
#10843 = VECTOR('',#10844,1.);
#10844 = DIRECTION('',(0.409055904093,-0.912509324515,0.));
#10845 = ORIENTED_EDGE('',*,*,#10846,.F.);
#10846 = EDGE_CURVE('',#10847,#10839,#10849,.T.);
#10847 = VERTEX_POINT('',#10848);
#10848 = CARTESIAN_POINT('',(141.732,-43.180001,1.6));
#10849 = LINE('',#10850,#10851);
#10850 = CARTESIAN_POINT('',(141.732,-43.180001,1.6));
#10851 = VECTOR('',#10852,1.);
#10852 = DIRECTION('',(0.,1.,0.));
#10853 = ORIENTED_EDGE('',*,*,#10854,.F.);
#10854 = EDGE_CURVE('',#10855,#10847,#10857,.T.);
#10855 = VERTEX_POINT('',#10856);
#10856 = CARTESIAN_POINT('',(122.763974,-59.871787,1.6));
#10857 = CIRCLE('',#10858,28.942479767012);
#10858 = AXIS2_PLACEMENT_3D('',#10859,#10860,#10861);
#10859 = CARTESIAN_POINT('',(149.45050375621,-71.07429853245,1.6));
#10860 = DIRECTION('',(0.,0.,-1.));
#10861 = DIRECTION('',(-0.922054017867,0.387061220139,0.));
#10862 = ORIENTED_EDGE('',*,*,#10863,.F.);
#10863 = EDGE_CURVE('',#10864,#10855,#10866,.T.);
#10864 = VERTEX_POINT('',#10865);
#10865 = CARTESIAN_POINT('',(129.049563,-62.158665,1.6));
#10866 = LINE('',#10867,#10868);
#10867 = CARTESIAN_POINT('',(129.049563,-62.158665,1.6));
#10868 = VECTOR('',#10869,1.);
#10869 = DIRECTION('',(-0.93973534472,0.341902737462,0.));
#10870 = ORIENTED_EDGE('',*,*,#10871,.F.);
#10871 = EDGE_CURVE('',#10872,#10864,#10874,.T.);
#10872 = VERTEX_POINT('',#10873);
#10873 = CARTESIAN_POINT('',(127.254004,-69.341589,1.6));
#10874 = CIRCLE('',#10875,22.264044675087);
#10875 = AXIS2_PLACEMENT_3D('',#10876,#10877,#10878);
#10876 = CARTESIAN_POINT('',(149.4505215796,-71.07430150713,1.6));
#10877 = DIRECTION('',(0.,0.,-1.));
#10878 = DIRECTION('',(-0.996966988862,7.782559424494E-02,0.));
#10879 = ORIENTED_EDGE('',*,*,#10880,.F.);
#10880 = EDGE_CURVE('',#10881,#10872,#10883,.T.);
#10881 = VERTEX_POINT('',#10882);
#10882 = CARTESIAN_POINT('',(120.65,-70.866,1.6));
#10883 = LINE('',#10884,#10885);
#10884 = CARTESIAN_POINT('',(120.65,-70.866,1.6));
#10885 = VECTOR('',#10886,1.);
#10886 = DIRECTION('',(0.974377937465,0.224916951296,0.));
#10887 = ORIENTED_EDGE('',*,*,#10888,.F.);
#10888 = EDGE_CURVE('',#10889,#10881,#10891,.T.);
#10889 = VERTEX_POINT('',#10890);
#10890 = CARTESIAN_POINT('',(178.251007,-70.866411,1.6));
#10891 = CIRCLE('',#10892,28.801255240909);
#10892 = AXIS2_PLACEMENT_3D('',#10893,#10894,#10895);
#10893 = CARTESIAN_POINT('',(149.45050201521,-71.07429575982,1.6));
#10894 = DIRECTION('',(0.,0.,-1.));
#10895 = DIRECTION('',(0.999973950575,7.217906236694E-03,0.));
#10896 = ORIENTED_EDGE('',*,*,#10897,.F.);
#10897 = EDGE_CURVE('',#10898,#10889,#10900,.T.);
#10898 = VERTEX_POINT('',#10899);
#10899 = CARTESIAN_POINT('',(171.647004,-69.342,1.6));
#10900 = LINE('',#10901,#10902);
#10901 = CARTESIAN_POINT('',(171.647004,-69.342,1.6));
#10902 = VECTOR('',#10903,1.);
#10903 = DIRECTION('',(0.974377930002,-0.224916983631,0.));
#10904 = ORIENTED_EDGE('',*,*,#10905,.F.);
#10905 = EDGE_CURVE('',#10906,#10898,#10908,.T.);
#10906 = VERTEX_POINT('',#10907);
#10907 = CARTESIAN_POINT('',(171.647003,-69.342,1.6));
#10908 = LINE('',#10909,#10910);
#10909 = CARTESIAN_POINT('',(171.647003,-69.342,1.6));
#10910 = VECTOR('',#10911,1.);
#10911 = DIRECTION('',(1.,0.,0.));
#10912 = ORIENTED_EDGE('',*,*,#10913,.F.);
#10913 = EDGE_CURVE('',#10268,#10906,#10914,.T.);
#10914 = CIRCLE('',#10915,22.26394757814);
#10915 = AXIS2_PLACEMENT_3D('',#10916,#10917,#10918);
#10916 = CARTESIAN_POINT('',(149.45054924474,-71.07428244029,1.6));
#10917 = DIRECTION('',(0.,0.,-1.));
#10918 = DIRECTION('',(0.916318441896,0.40045038774,0.));
#10919 = ORIENTED_EDGE('',*,*,#10267,.F.);
#10920 = FACE_BOUND('',#10921,.T.);
#10921 = EDGE_LOOP('',(#10922));
#10922 = ORIENTED_EDGE('',*,*,#10923,.F.);
#10923 = EDGE_CURVE('',#10924,#10924,#10926,.T.);
#10924 = VERTEX_POINT('',#10925);
#10925 = CARTESIAN_POINT('',(144.692841,-93.726,1.6));
#10926 = CIRCLE('',#10927,1.436841);
#10927 = AXIS2_PLACEMENT_3D('',#10928,#10929,#10930);
#10928 = CARTESIAN_POINT('',(143.256,-93.726,1.6));
#10929 = DIRECTION('',(0.,0.,1.));
#10930 = DIRECTION('',(1.,0.,-0.));
#10931 = FACE_BOUND('',#10932,.T.);
#10932 = EDGE_LOOP('',(#10933));
#10933 = ORIENTED_EDGE('',*,*,#10934,.T.);
#10934 = EDGE_CURVE('',#10935,#10935,#10937,.T.);
#10935 = VERTEX_POINT('',#10936);
#10936 = CARTESIAN_POINT('',(124.60224,-83.03825,1.6));
#10937 = CIRCLE('',#10938,0.685);
#10938 = AXIS2_PLACEMENT_3D('',#10939,#10940,#10941);
#10939 = CARTESIAN_POINT('',(124.60224,-82.35325,1.6));
#10940 = DIRECTION('',(-0.,0.,-1.));
#10941 = DIRECTION('',(-0.,-1.,0.));
#10942 = FACE_BOUND('',#10943,.T.);
#10943 = EDGE_LOOP('',(#10944));
#10944 = ORIENTED_EDGE('',*,*,#10945,.T.);
#10945 = EDGE_CURVE('',#10946,#10946,#10948,.T.);
#10946 = VERTEX_POINT('',#10947);
#10947 = CARTESIAN_POINT('',(129.68224,-83.03825,1.6));
#10948 = CIRCLE('',#10949,0.685);
#10949 = AXIS2_PLACEMENT_3D('',#10950,#10951,#10952);
#10950 = CARTESIAN_POINT('',(129.68224,-82.35325,1.6));
#10951 = DIRECTION('',(-0.,0.,-1.));
#10952 = DIRECTION('',(-0.,-1.,0.));
#10953 = FACE_BOUND('',#10954,.T.);
#10954 = EDGE_LOOP('',(#10955));
#10955 = ORIENTED_EDGE('',*,*,#10956,.T.);
#10956 = EDGE_CURVE('',#10957,#10957,#10959,.T.);
#10957 = VERTEX_POINT('',#10958);
#10958 = CARTESIAN_POINT('',(124.60224,-78.59325,1.6));
#10959 = CIRCLE('',#10960,0.685);
#10960 = AXIS2_PLACEMENT_3D('',#10961,#10962,#10963);
#10961 = CARTESIAN_POINT('',(124.60224,-77.90825,1.6));
#10962 = DIRECTION('',(-0.,0.,-1.));
#10963 = DIRECTION('',(-0.,-1.,0.));
#10964 = FACE_BOUND('',#10965,.T.);
#10965 = EDGE_LOOP('',(#10966));
#10966 = ORIENTED_EDGE('',*,*,#10967,.T.);
#10967 = EDGE_CURVE('',#10968,#10968,#10970,.T.);
#10968 = VERTEX_POINT('',#10969);
#10969 = CARTESIAN_POINT('',(129.68224,-78.59325,1.6));
#10970 = CIRCLE('',#10971,0.685);
#10971 = AXIS2_PLACEMENT_3D('',#10972,#10973,#10974);
#10972 = CARTESIAN_POINT('',(129.68224,-77.90825,1.6));
#10973 = DIRECTION('',(-0.,0.,-1.));
#10974 = DIRECTION('',(-0.,-1.,0.));
#10975 = FACE_BOUND('',#10976,.T.);
#10976 = EDGE_LOOP('',(#10977));
#10977 = ORIENTED_EDGE('',*,*,#10978,.T.);
#10978 = EDGE_CURVE('',#10979,#10979,#10981,.T.);
#10979 = VERTEX_POINT('',#10980);
#10980 = CARTESIAN_POINT('',(124.60224,-74.14825,1.6));
#10981 = CIRCLE('',#10982,0.685);
#10982 = AXIS2_PLACEMENT_3D('',#10983,#10984,#10985);
#10983 = CARTESIAN_POINT('',(124.60224,-73.46325,1.6));
#10984 = DIRECTION('',(-0.,0.,-1.));
#10985 = DIRECTION('',(-0.,-1.,0.));
#10986 = FACE_BOUND('',#10987,.T.);
#10987 = EDGE_LOOP('',(#10988));
#10988 = ORIENTED_EDGE('',*,*,#10989,.T.);
#10989 = EDGE_CURVE('',#10990,#10990,#10992,.T.);
#10990 = VERTEX_POINT('',#10991);
#10991 = CARTESIAN_POINT('',(129.68224,-74.14825,1.6));
#10992 = CIRCLE('',#10993,0.685);
#10993 = AXIS2_PLACEMENT_3D('',#10994,#10995,#10996);
#10994 = CARTESIAN_POINT('',(129.68224,-73.46325,1.6));
#10995 = DIRECTION('',(-0.,0.,-1.));
#10996 = DIRECTION('',(-0.,-1.,0.));
#10997 = FACE_BOUND('',#10998,.T.);
#10998 = EDGE_LOOP('',(#10999));
#10999 = ORIENTED_EDGE('',*,*,#11000,.T.);
#11000 = EDGE_CURVE('',#11001,#11001,#11003,.T.);
#11001 = VERTEX_POINT('',#11002);
#11002 = CARTESIAN_POINT('',(149.606,-97.866,1.6));
#11003 = CIRCLE('',#11004,1.6);
#11004 = AXIS2_PLACEMENT_3D('',#11005,#11006,#11007);
#11005 = CARTESIAN_POINT('',(149.606,-96.266,1.6));
#11006 = DIRECTION('',(-0.,0.,-1.));
#11007 = DIRECTION('',(-0.,-1.,0.));
#11008 = FACE_BOUND('',#11009,.T.);
#11009 = EDGE_LOOP('',(#11010));
#11010 = ORIENTED_EDGE('',*,*,#11011,.F.);
#11011 = EDGE_CURVE('',#11012,#11012,#11014,.T.);
#11012 = VERTEX_POINT('',#11013);
#11013 = CARTESIAN_POINT('',(157.392841,-93.726,1.6));
#11014 = CIRCLE('',#11015,1.436841);
#11015 = AXIS2_PLACEMENT_3D('',#11016,#11017,#11018);
#11016 = CARTESIAN_POINT('',(155.956,-93.726,1.6));
#11017 = DIRECTION('',(0.,0.,1.));
#11018 = DIRECTION('',(1.,0.,-0.));
#11019 = FACE_BOUND('',#11020,.T.);
#11020 = EDGE_LOOP('',(#11021));
#11021 = ORIENTED_EDGE('',*,*,#11022,.T.);
#11022 = EDGE_CURVE('',#11023,#11023,#11025,.T.);
#11023 = VERTEX_POINT('',#11024);
#11024 = CARTESIAN_POINT('',(160.79724,-91.10825,1.6));
#11025 = CIRCLE('',#11026,0.5);
#11026 = AXIS2_PLACEMENT_3D('',#11027,#11028,#11029);
#11027 = CARTESIAN_POINT('',(160.79724,-90.60825,1.6));
#11028 = DIRECTION('',(-0.,0.,-1.));
#11029 = DIRECTION('',(-0.,-1.,0.));
#11030 = FACE_BOUND('',#11031,.T.);
#11031 = EDGE_LOOP('',(#11032));
#11032 = ORIENTED_EDGE('',*,*,#11033,.T.);
#11033 = EDGE_CURVE('',#11034,#11034,#11036,.T.);
#11034 = VERTEX_POINT('',#11035);
#11035 = CARTESIAN_POINT('',(163.33724,-91.10825,1.6));
#11036 = CIRCLE('',#11037,0.5);
#11037 = AXIS2_PLACEMENT_3D('',#11038,#11039,#11040);
#11038 = CARTESIAN_POINT('',(163.33724,-90.60825,1.6));
#11039 = DIRECTION('',(-0.,0.,-1.));
#11040 = DIRECTION('',(-0.,-1.,0.));
#11041 = FACE_BOUND('',#11042,.T.);
#11042 = EDGE_LOOP('',(#11043));
#11043 = ORIENTED_EDGE('',*,*,#11044,.T.);
#11044 = EDGE_CURVE('',#11045,#11045,#11047,.T.);
#11045 = VERTEX_POINT('',#11046);
#11046 = CARTESIAN_POINT('',(165.87724,-91.10825,1.6));
#11047 = CIRCLE('',#11048,0.5);
#11048 = AXIS2_PLACEMENT_3D('',#11049,#11050,#11051);
#11049 = CARTESIAN_POINT('',(165.87724,-90.60825,1.6));
#11050 = DIRECTION('',(-0.,0.,-1.));
#11051 = DIRECTION('',(-0.,-1.,0.));
#11052 = FACE_BOUND('',#11053,.T.);
#11053 = EDGE_LOOP('',(#11054,#11065,#11073,#11082,#11090,#11099,#11107,
    #11116,#11124,#11133));
#11054 = ORIENTED_EDGE('',*,*,#11055,.F.);
#11055 = EDGE_CURVE('',#11056,#11058,#11060,.T.);
#11056 = VERTEX_POINT('',#11057);
#11057 = CARTESIAN_POINT('',(155.956,-77.216,1.6));
#11058 = VERTEX_POINT('',#11059);
#11059 = CARTESIAN_POINT('',(143.226179,-77.50079,1.6));
#11060 = CIRCLE('',#11061,8.946621019099);
#11061 = AXIS2_PLACEMENT_3D('',#11062,#11063,#11064);
#11062 = CARTESIAN_POINT('',(149.45050240379,-71.07429594613,1.6));
#11063 = DIRECTION('',(0.,0.,1.));
#11064 = DIRECTION('',(0.727145766241,-0.686483091298,0.));
#11065 = ORIENTED_EDGE('',*,*,#11066,.F.);
#11066 = EDGE_CURVE('',#11067,#11056,#11069,.T.);
#11067 = VERTEX_POINT('',#11068);
#11068 = CARTESIAN_POINT('',(155.956,-88.646,1.6));
#11069 = LINE('',#11070,#11071);
#11070 = CARTESIAN_POINT('',(155.956,-88.646,1.6));
#11071 = VECTOR('',#11072,1.);
#11072 = DIRECTION('',(0.,1.,0.));
#11073 = ORIENTED_EDGE('',*,*,#11074,.F.);
#11074 = EDGE_CURVE('',#11075,#11067,#11077,.T.);
#11075 = VERTEX_POINT('',#11076);
#11076 = CARTESIAN_POINT('',(153.924,-88.646,1.6));
#11077 = CIRCLE('',#11078,1.27);
#11078 = AXIS2_PLACEMENT_3D('',#11079,#11080,#11081);
#11079 = CARTESIAN_POINT('',(154.94,-87.884,1.6));
#11080 = DIRECTION('',(0.,0.,1.));
#11081 = DIRECTION('',(-0.8,-0.6,0.));
#11082 = ORIENTED_EDGE('',*,*,#11083,.F.);
#11083 = EDGE_CURVE('',#11084,#11075,#11086,.T.);
#11084 = VERTEX_POINT('',#11085);
#11085 = CARTESIAN_POINT('',(153.924,-81.134066,1.6));
#11086 = LINE('',#11087,#11088);
#11087 = CARTESIAN_POINT('',(153.924,-81.134066,1.6));
#11088 = VECTOR('',#11089,1.);
#11089 = DIRECTION('',(0.,-1.,0.));
#11090 = ORIENTED_EDGE('',*,*,#11091,.F.);
#11091 = EDGE_CURVE('',#11092,#11084,#11094,.T.);
#11092 = VERTEX_POINT('',#11093);
#11093 = CARTESIAN_POINT('',(153.133691,-80.372592,1.6));
#11094 = CIRCLE('',#11095,0.76199963321);
#11095 = AXIS2_PLACEMENT_3D('',#11096,#11097,#11098);
#11096 = CARTESIAN_POINT('',(153.16200036679,-81.13406558507,1.6));
#11097 = DIRECTION('',(0.,0.,-1.));
#11098 = DIRECTION('',(-3.715141787052E-02,0.999309647782,0.));
#11099 = ORIENTED_EDGE('',*,*,#11100,.F.);
#11100 = EDGE_CURVE('',#11101,#11092,#11103,.T.);
#11101 = VERTEX_POINT('',#11102);
#11102 = CARTESIAN_POINT('',(146.052891,-80.372592,1.6));
#11103 = LINE('',#11104,#11105);
#11104 = CARTESIAN_POINT('',(146.052891,-80.372592,1.6));
#11105 = VECTOR('',#11106,1.);
#11106 = DIRECTION('',(1.,0.,0.));
#11107 = ORIENTED_EDGE('',*,*,#11108,.F.);
#11108 = EDGE_CURVE('',#11109,#11101,#11111,.T.);
#11109 = VERTEX_POINT('',#11110);
#11110 = CARTESIAN_POINT('',(145.290891,-81.134592,1.6));
#11111 = CIRCLE('',#11112,0.761973941718);
#11112 = AXIS2_PLACEMENT_3D('',#11113,#11114,#11115);
#11113 = CARTESIAN_POINT('',(146.05286494127,-81.13456594127,1.6));
#11114 = DIRECTION('',(0.,0.,-1.));
#11115 = DIRECTION('',(-0.999999999415,-3.419897417956E-05,-0.));
#11116 = ORIENTED_EDGE('',*,*,#11117,.F.);
#11117 = EDGE_CURVE('',#11118,#11109,#11120,.T.);
#11118 = VERTEX_POINT('',#11119);
#11119 = CARTESIAN_POINT('',(145.288,-88.646,1.6));
#11120 = LINE('',#11121,#11122);
#11121 = CARTESIAN_POINT('',(145.288,-88.646,1.6));
#11122 = VECTOR('',#11123,1.);
#11123 = DIRECTION('',(3.84881208137E-04,0.999999925933,0.));
#11124 = ORIENTED_EDGE('',*,*,#11125,.F.);
#11125 = EDGE_CURVE('',#11126,#11118,#11128,.T.);
#11126 = VERTEX_POINT('',#11127);
#11127 = CARTESIAN_POINT('',(143.256,-88.646,1.6));
#11128 = CIRCLE('',#11129,1.27);
#11129 = AXIS2_PLACEMENT_3D('',#11130,#11131,#11132);
#11130 = CARTESIAN_POINT('',(144.272,-87.884,1.6));
#11131 = DIRECTION('',(0.,0.,1.));
#11132 = DIRECTION('',(-0.8,-0.6,0.));
#11133 = ORIENTED_EDGE('',*,*,#11134,.F.);
#11134 = EDGE_CURVE('',#11058,#11126,#11135,.T.);
#11135 = LINE('',#11136,#11137);
#11136 = CARTESIAN_POINT('',(143.226179,-77.50079,1.6));
#11137 = VECTOR('',#11138,1.);
#11138 = DIRECTION('',(2.675669032031E-03,-0.999996420391,0.));
#11139 = FACE_BOUND('',#11140,.T.);
#11140 = EDGE_LOOP('',(#11141));
#11141 = ORIENTED_EDGE('',*,*,#11142,.T.);
#11142 = EDGE_CURVE('',#11143,#11143,#11145,.T.);
#11143 = VERTEX_POINT('',#11144);
#11144 = CARTESIAN_POINT('',(169.05224,-83.03825,1.6));
#11145 = CIRCLE('',#11146,0.685);
#11146 = AXIS2_PLACEMENT_3D('',#11147,#11148,#11149);
#11147 = CARTESIAN_POINT('',(169.05224,-82.35325,1.6));
#11148 = DIRECTION('',(-0.,0.,-1.));
#11149 = DIRECTION('',(-0.,-1.,0.));
#11150 = FACE_BOUND('',#11151,.T.);
#11151 = EDGE_LOOP('',(#11152));
#11152 = ORIENTED_EDGE('',*,*,#11153,.T.);
#11153 = EDGE_CURVE('',#11154,#11154,#11156,.T.);
#11154 = VERTEX_POINT('',#11155);
#11155 = CARTESIAN_POINT('',(174.13224,-83.03825,1.6));
#11156 = CIRCLE('',#11157,0.685);
#11157 = AXIS2_PLACEMENT_3D('',#11158,#11159,#11160);
#11158 = CARTESIAN_POINT('',(174.13224,-82.35325,1.6));
#11159 = DIRECTION('',(-0.,0.,-1.));
#11160 = DIRECTION('',(-0.,-1.,0.));
#11161 = FACE_BOUND('',#11162,.T.);
#11162 = EDGE_LOOP('',(#11163));
#11163 = ORIENTED_EDGE('',*,*,#11164,.T.);
#11164 = EDGE_CURVE('',#11165,#11165,#11167,.T.);
#11165 = VERTEX_POINT('',#11166);
#11166 = CARTESIAN_POINT('',(169.05224,-78.59325,1.6));
#11167 = CIRCLE('',#11168,0.685);
#11168 = AXIS2_PLACEMENT_3D('',#11169,#11170,#11171);
#11169 = CARTESIAN_POINT('',(169.05224,-77.90825,1.6));
#11170 = DIRECTION('',(-0.,0.,-1.));
#11171 = DIRECTION('',(-0.,-1.,0.));
#11172 = FACE_BOUND('',#11173,.T.);
#11173 = EDGE_LOOP('',(#11174));
#11174 = ORIENTED_EDGE('',*,*,#11175,.T.);
#11175 = EDGE_CURVE('',#11176,#11176,#11178,.T.);
#11176 = VERTEX_POINT('',#11177);
#11177 = CARTESIAN_POINT('',(174.13224,-78.59325,1.6));
#11178 = CIRCLE('',#11179,0.685);
#11179 = AXIS2_PLACEMENT_3D('',#11180,#11181,#11182);
#11180 = CARTESIAN_POINT('',(174.13224,-77.90825,1.6));
#11181 = DIRECTION('',(-0.,0.,-1.));
#11182 = DIRECTION('',(-0.,-1.,0.));
#11183 = FACE_BOUND('',#11184,.T.);
#11184 = EDGE_LOOP('',(#11185));
#11185 = ORIENTED_EDGE('',*,*,#11186,.T.);
#11186 = EDGE_CURVE('',#11187,#11187,#11189,.T.);
#11187 = VERTEX_POINT('',#11188);
#11188 = CARTESIAN_POINT('',(169.05224,-74.14825,1.6));
#11189 = CIRCLE('',#11190,0.685);
#11190 = AXIS2_PLACEMENT_3D('',#11191,#11192,#11193);
#11191 = CARTESIAN_POINT('',(169.05224,-73.46325,1.6));
#11192 = DIRECTION('',(-0.,0.,-1.));
#11193 = DIRECTION('',(-0.,-1.,0.));
#11194 = FACE_BOUND('',#11195,.T.);
#11195 = EDGE_LOOP('',(#11196));
#11196 = ORIENTED_EDGE('',*,*,#11197,.T.);
#11197 = EDGE_CURVE('',#11198,#11198,#11200,.T.);
#11198 = VERTEX_POINT('',#11199);
#11199 = CARTESIAN_POINT('',(174.13224,-74.14825,1.6));
#11200 = CIRCLE('',#11201,0.685);
#11201 = AXIS2_PLACEMENT_3D('',#11202,#11203,#11204);
#11202 = CARTESIAN_POINT('',(174.13224,-73.46325,1.6));
#11203 = DIRECTION('',(-0.,0.,-1.));
#11204 = DIRECTION('',(-0.,-1.,0.));
#11205 = FACE_BOUND('',#11206,.T.);
#11206 = EDGE_LOOP('',(#11207));
#11207 = ORIENTED_EDGE('',*,*,#11208,.T.);
#11208 = EDGE_CURVE('',#11209,#11209,#11211,.T.);
#11209 = VERTEX_POINT('',#11210);
#11210 = CARTESIAN_POINT('',(134.874,-69.42,1.6));
#11211 = CIRCLE('',#11212,2.11);
#11212 = AXIS2_PLACEMENT_3D('',#11213,#11214,#11215);
#11213 = CARTESIAN_POINT('',(134.874,-67.31,1.6));
#11214 = DIRECTION('',(-0.,0.,-1.));
#11215 = DIRECTION('',(-1.347000446939E-14,-1.,0.));
#11216 = FACE_BOUND('',#11217,.T.);
#11217 = EDGE_LOOP('',(#11218));
#11218 = ORIENTED_EDGE('',*,*,#11219,.T.);
#11219 = EDGE_CURVE('',#11220,#11220,#11222,.T.);
#11220 = VERTEX_POINT('',#11221);
#11221 = CARTESIAN_POINT('',(127.508,-60.02,1.6));
#11222 = CIRCLE('',#11223,1.6);
#11223 = AXIS2_PLACEMENT_3D('',#11224,#11225,#11226);
#11224 = CARTESIAN_POINT('',(127.508,-58.42,1.6));
#11225 = DIRECTION('',(-0.,0.,-1.));
#11226 = DIRECTION('',(-8.881784197001E-15,-1.,0.));
#11227 = FACE_BOUND('',#11228,.T.);
#11228 = EDGE_LOOP('',(#11229));
#11229 = ORIENTED_EDGE('',*,*,#11230,.T.);
#11230 = EDGE_CURVE('',#11231,#11231,#11233,.T.);
#11231 = VERTEX_POINT('',#11232);
#11232 = CARTESIAN_POINT('',(132.85724,-55.09825,1.6));
#11233 = CIRCLE('',#11234,0.685);
#11234 = AXIS2_PLACEMENT_3D('',#11235,#11236,#11237);
#11235 = CARTESIAN_POINT('',(132.85724,-54.41325,1.6));
#11236 = DIRECTION('',(-0.,0.,-1.));
#11237 = DIRECTION('',(-0.,-1.,0.));
#11238 = FACE_BOUND('',#11239,.T.);
#11239 = EDGE_LOOP('',(#11240));
#11240 = ORIENTED_EDGE('',*,*,#11241,.T.);
#11241 = EDGE_CURVE('',#11242,#11242,#11244,.T.);
#11242 = VERTEX_POINT('',#11243);
#11243 = CARTESIAN_POINT('',(132.85724,-50.01825,1.6));
#11244 = CIRCLE('',#11245,0.685);
#11245 = AXIS2_PLACEMENT_3D('',#11246,#11247,#11248);
#11246 = CARTESIAN_POINT('',(132.85724,-49.33325,1.6));
#11247 = DIRECTION('',(-0.,0.,-1.));
#11248 = DIRECTION('',(-0.,-1.,0.));
#11249 = FACE_BOUND('',#11250,.T.);
#11250 = EDGE_LOOP('',(#11251));
#11251 = ORIENTED_EDGE('',*,*,#11252,.T.);
#11252 = EDGE_CURVE('',#11253,#11253,#11255,.T.);
#11253 = VERTEX_POINT('',#11254);
#11254 = CARTESIAN_POINT('',(149.352,-57.482,1.6));
#11255 = CIRCLE('',#11256,2.11);
#11256 = AXIS2_PLACEMENT_3D('',#11257,#11258,#11259);
#11257 = CARTESIAN_POINT('',(149.352,-55.372,1.6));
#11258 = DIRECTION('',(-0.,0.,-1.));
#11259 = DIRECTION('',(1.347000446939E-14,-1.,-0.));
#11260 = FACE_BOUND('',#11261,.T.);
#11261 = EDGE_LOOP('',(#11262));
#11262 = ORIENTED_EDGE('',*,*,#11263,.T.);
#11263 = EDGE_CURVE('',#11264,#11264,#11266,.T.);
#11264 = VERTEX_POINT('',#11265);
#11265 = CARTESIAN_POINT('',(137.30224,-55.09825,1.6));
#11266 = CIRCLE('',#11267,0.685);
#11267 = AXIS2_PLACEMENT_3D('',#11268,#11269,#11270);
#11268 = CARTESIAN_POINT('',(137.30224,-54.41325,1.6));
#11269 = DIRECTION('',(-0.,0.,-1.));
#11270 = DIRECTION('',(-0.,-1.,0.));
#11271 = FACE_BOUND('',#11272,.T.);
#11272 = EDGE_LOOP('',(#11273));
#11273 = ORIENTED_EDGE('',*,*,#11274,.T.);
#11274 = EDGE_CURVE('',#11275,#11275,#11277,.T.);
#11275 = VERTEX_POINT('',#11276);
#11276 = CARTESIAN_POINT('',(137.30224,-50.01825,1.6));
#11277 = CIRCLE('',#11278,0.685);
#11278 = AXIS2_PLACEMENT_3D('',#11279,#11280,#11281);
#11279 = CARTESIAN_POINT('',(137.30224,-49.33325,1.6));
#11280 = DIRECTION('',(-0.,0.,-1.));
#11281 = DIRECTION('',(-0.,-1.,0.));
#11282 = FACE_BOUND('',#11283,.T.);
#11283 = EDGE_LOOP('',(#11284));
#11284 = ORIENTED_EDGE('',*,*,#11285,.T.);
#11285 = EDGE_CURVE('',#11286,#11286,#11288,.T.);
#11286 = VERTEX_POINT('',#11287);
#11287 = CARTESIAN_POINT('',(164.084,-69.42,1.6));
#11288 = CIRCLE('',#11289,2.11);
#11289 = AXIS2_PLACEMENT_3D('',#11290,#11291,#11292);
#11290 = CARTESIAN_POINT('',(164.084,-67.31,1.6));
#11291 = DIRECTION('',(-0.,0.,-1.));
#11292 = DIRECTION('',(-0.,-1.,0.));
#11293 = FACE_BOUND('',#11294,.T.);
#11294 = EDGE_LOOP('',(#11295));
#11295 = ORIENTED_EDGE('',*,*,#11296,.T.);
#11296 = EDGE_CURVE('',#11297,#11297,#11299,.T.);
#11297 = VERTEX_POINT('',#11298);
#11298 = CARTESIAN_POINT('',(161.43224,-55.09825,1.6));
#11299 = CIRCLE('',#11300,0.685);
#11300 = AXIS2_PLACEMENT_3D('',#11301,#11302,#11303);
#11301 = CARTESIAN_POINT('',(161.43224,-54.41325,1.6));
#11302 = DIRECTION('',(-0.,0.,-1.));
#11303 = DIRECTION('',(-0.,-1.,0.));
#11304 = FACE_BOUND('',#11305,.T.);
#11305 = EDGE_LOOP('',(#11306));
#11306 = ORIENTED_EDGE('',*,*,#11307,.T.);
#11307 = EDGE_CURVE('',#11308,#11308,#11310,.T.);
#11308 = VERTEX_POINT('',#11309);
#11309 = CARTESIAN_POINT('',(161.43224,-50.01825,1.6));
#11310 = CIRCLE('',#11311,0.685);
#11311 = AXIS2_PLACEMENT_3D('',#11312,#11313,#11314);
#11312 = CARTESIAN_POINT('',(161.43224,-49.33325,1.6));
#11313 = DIRECTION('',(-0.,0.,-1.));
#11314 = DIRECTION('',(-0.,-1.,0.));
#11315 = FACE_BOUND('',#11316,.T.);
#11316 = EDGE_LOOP('',(#11317));
#11317 = ORIENTED_EDGE('',*,*,#11318,.T.);
#11318 = EDGE_CURVE('',#11319,#11319,#11321,.T.);
#11319 = VERTEX_POINT('',#11320);
#11320 = CARTESIAN_POINT('',(171.45,-60.02,1.6));
#11321 = CIRCLE('',#11322,1.6);
#11322 = AXIS2_PLACEMENT_3D('',#11323,#11324,#11325);
#11323 = CARTESIAN_POINT('',(171.45,-58.42,1.6));
#11324 = DIRECTION('',(-0.,0.,-1.));
#11325 = DIRECTION('',(-0.,-1.,0.));
#11326 = FACE_BOUND('',#11327,.T.);
#11327 = EDGE_LOOP('',(#11328));
#11328 = ORIENTED_EDGE('',*,*,#11329,.T.);
#11329 = EDGE_CURVE('',#11330,#11330,#11332,.T.);
#11330 = VERTEX_POINT('',#11331);
#11331 = CARTESIAN_POINT('',(165.87724,-55.09825,1.6));
#11332 = CIRCLE('',#11333,0.685);
#11333 = AXIS2_PLACEMENT_3D('',#11334,#11335,#11336);
#11334 = CARTESIAN_POINT('',(165.87724,-54.41325,1.6));
#11335 = DIRECTION('',(-0.,0.,-1.));
#11336 = DIRECTION('',(-0.,-1.,0.));
#11337 = FACE_BOUND('',#11338,.T.);
#11338 = EDGE_LOOP('',(#11339));
#11339 = ORIENTED_EDGE('',*,*,#11340,.T.);
#11340 = EDGE_CURVE('',#11341,#11341,#11343,.T.);
#11341 = VERTEX_POINT('',#11342);
#11342 = CARTESIAN_POINT('',(165.87724,-50.01825,1.6));
#11343 = CIRCLE('',#11344,0.685);
#11344 = AXIS2_PLACEMENT_3D('',#11345,#11346,#11347);
#11345 = CARTESIAN_POINT('',(165.87724,-49.33325,1.6));
#11346 = DIRECTION('',(-0.,0.,-1.));
#11347 = DIRECTION('',(-0.,-1.,0.));
#11348 = PLANE('',#11349);
#11349 = AXIS2_PLACEMENT_3D('',#11350,#11351,#11352);
#11350 = CARTESIAN_POINT('',(0.,0.,1.6));
#11351 = DIRECTION('',(0.,0.,1.));
#11352 = DIRECTION('',(1.,0.,-0.));
#11353 = ADVANCED_FACE('',(#11354),#11365,.T.);
#11354 = FACE_BOUND('',#11355,.T.);
#11355 = EDGE_LOOP('',(#11356,#11362,#11363,#11364));
#11356 = ORIENTED_EDGE('',*,*,#11357,.T.);
#11357 = EDGE_CURVE('',#10300,#10830,#11358,.T.);
#11358 = LINE('',#11359,#11360);
#11359 = CARTESIAN_POINT('',(145.034,-50.546,0.));
#11360 = VECTOR('',#11361,1.);
#11361 = DIRECTION('',(0.,0.,1.));
#11362 = ORIENTED_EDGE('',*,*,#10829,.T.);
#11363 = ORIENTED_EDGE('',*,*,#10235,.F.);
#11364 = ORIENTED_EDGE('',*,*,#10299,.F.);
#11365 = CYLINDRICAL_SURFACE('',#11366,20.998017384221);
#11366 = AXIS2_PLACEMENT_3D('',#11367,#11368,#11369);
#11367 = CARTESIAN_POINT('',(149.45050097014,-71.07430371094,0.));
#11368 = DIRECTION('',(0.,0.,-1.));
#11369 = DIRECTION('',(-0.210329427266,0.977630570321,0.));
#11370 = ADVANCED_FACE('',(#11371),#11382,.T.);
#11371 = FACE_BOUND('',#11372,.T.);
#11372 = EDGE_LOOP('',(#11373,#11374,#11375,#11381));
#11373 = ORIENTED_EDGE('',*,*,#10275,.T.);
#11374 = ORIENTED_EDGE('',*,*,#10913,.T.);
#11375 = ORIENTED_EDGE('',*,*,#11376,.F.);
#11376 = EDGE_CURVE('',#10376,#10906,#11377,.T.);
#11377 = LINE('',#11378,#11379);
#11378 = CARTESIAN_POINT('',(171.647003,-69.342,0.));
#11379 = VECTOR('',#11380,1.);
#11380 = DIRECTION('',(0.,0.,1.));
#11381 = ORIENTED_EDGE('',*,*,#10383,.F.);
#11382 = CYLINDRICAL_SURFACE('',#11383,22.26394757814);
#11383 = AXIS2_PLACEMENT_3D('',#11384,#11385,#11386);
#11384 = CARTESIAN_POINT('',(149.45054924474,-71.07428244029,0.));
#11385 = DIRECTION('',(0.,0.,-1.));
#11386 = DIRECTION('',(0.916318441896,0.40045038774,0.));
#11387 = ADVANCED_FACE('',(#11388),#11399,.T.);
#11388 = FACE_BOUND('',#11389,.T.);
#11389 = EDGE_LOOP('',(#11390,#11396,#11397,#11398));
#11390 = ORIENTED_EDGE('',*,*,#11391,.T.);
#11391 = EDGE_CURVE('',#10309,#10839,#11392,.T.);
#11392 = LINE('',#11393,#11394);
#11393 = CARTESIAN_POINT('',(141.732,-43.18,0.));
#11394 = VECTOR('',#11395,1.);
#11395 = DIRECTION('',(0.,0.,1.));
#11396 = ORIENTED_EDGE('',*,*,#10838,.T.);
#11397 = ORIENTED_EDGE('',*,*,#11357,.F.);
#11398 = ORIENTED_EDGE('',*,*,#10308,.F.);
#11399 = PLANE('',#11400);
#11400 = AXIS2_PLACEMENT_3D('',#11401,#11402,#11403);
#11401 = CARTESIAN_POINT('',(141.732,-43.18,0.));
#11402 = DIRECTION('',(0.912509324515,0.409055904093,-0.));
#11403 = DIRECTION('',(0.409055904093,-0.912509324515,0.));
#11404 = ADVANCED_FACE('',(#11405),#11416,.T.);
#11405 = FACE_BOUND('',#11406,.T.);
#11406 = EDGE_LOOP('',(#11407,#11408,#11409,#11415));
#11407 = ORIENTED_EDGE('',*,*,#11376,.T.);
#11408 = ORIENTED_EDGE('',*,*,#10905,.T.);
#11409 = ORIENTED_EDGE('',*,*,#11410,.F.);
#11410 = EDGE_CURVE('',#10368,#10898,#11411,.T.);
#11411 = LINE('',#11412,#11413);
#11412 = CARTESIAN_POINT('',(171.647004,-69.342,0.));
#11413 = VECTOR('',#11414,1.);
#11414 = DIRECTION('',(0.,0.,1.));
#11415 = ORIENTED_EDGE('',*,*,#10375,.F.);
#11416 = PLANE('',#11417);
#11417 = AXIS2_PLACEMENT_3D('',#11418,#11419,#11420);
#11418 = CARTESIAN_POINT('',(171.647003,-69.342,0.));
#11419 = DIRECTION('',(0.,1.,0.));
#11420 = DIRECTION('',(1.,0.,0.));
#11421 = ADVANCED_FACE('',(#11422),#11433,.T.);
#11422 = FACE_BOUND('',#11423,.T.);
#11423 = EDGE_LOOP('',(#11424,#11430,#11431,#11432));
#11424 = ORIENTED_EDGE('',*,*,#11425,.T.);
#11425 = EDGE_CURVE('',#10317,#10847,#11426,.T.);
#11426 = LINE('',#11427,#11428);
#11427 = CARTESIAN_POINT('',(141.732,-43.180001,0.));
#11428 = VECTOR('',#11429,1.);
#11429 = DIRECTION('',(0.,0.,1.));
#11430 = ORIENTED_EDGE('',*,*,#10846,.T.);
#11431 = ORIENTED_EDGE('',*,*,#11391,.F.);
#11432 = ORIENTED_EDGE('',*,*,#10316,.F.);
#11433 = PLANE('',#11434);
#11434 = AXIS2_PLACEMENT_3D('',#11435,#11436,#11437);
#11435 = CARTESIAN_POINT('',(141.732,-43.180001,0.));
#11436 = DIRECTION('',(-1.,0.,0.));
#11437 = DIRECTION('',(0.,1.,0.));
#11438 = ADVANCED_FACE('',(#11439),#11450,.T.);
#11439 = FACE_BOUND('',#11440,.T.);
#11440 = EDGE_LOOP('',(#11441,#11442,#11443,#11449));
#11441 = ORIENTED_EDGE('',*,*,#11410,.T.);
#11442 = ORIENTED_EDGE('',*,*,#10897,.T.);
#11443 = ORIENTED_EDGE('',*,*,#11444,.F.);
#11444 = EDGE_CURVE('',#10359,#10889,#11445,.T.);
#11445 = LINE('',#11446,#11447);
#11446 = CARTESIAN_POINT('',(178.251007,-70.866411,0.));
#11447 = VECTOR('',#11448,1.);
#11448 = DIRECTION('',(0.,0.,1.));
#11449 = ORIENTED_EDGE('',*,*,#10367,.F.);
#11450 = PLANE('',#11451);
#11451 = AXIS2_PLACEMENT_3D('',#11452,#11453,#11454);
#11452 = CARTESIAN_POINT('',(171.647004,-69.342,0.));
#11453 = DIRECTION('',(0.224916983631,0.974377930002,-0.));
#11454 = DIRECTION('',(0.974377930002,-0.224916983631,0.));
#11455 = ADVANCED_FACE('',(#11456),#11467,.T.);
#11456 = FACE_BOUND('',#11457,.T.);
#11457 = EDGE_LOOP('',(#11458,#11464,#11465,#11466));
#11458 = ORIENTED_EDGE('',*,*,#11459,.T.);
#11459 = EDGE_CURVE('',#10325,#10855,#11460,.T.);
#11460 = LINE('',#11461,#11462);
#11461 = CARTESIAN_POINT('',(122.763974,-59.871787,0.));
#11462 = VECTOR('',#11463,1.);
#11463 = DIRECTION('',(0.,0.,1.));
#11464 = ORIENTED_EDGE('',*,*,#10854,.T.);
#11465 = ORIENTED_EDGE('',*,*,#11425,.F.);
#11466 = ORIENTED_EDGE('',*,*,#10324,.F.);
#11467 = CYLINDRICAL_SURFACE('',#11468,28.942479767012);
#11468 = AXIS2_PLACEMENT_3D('',#11469,#11470,#11471);
#11469 = CARTESIAN_POINT('',(149.45050375621,-71.07429853245,0.));
#11470 = DIRECTION('',(0.,0.,-1.));
#11471 = DIRECTION('',(-0.922054017867,0.387061220139,0.));
#11472 = ADVANCED_FACE('',(#11473),#11484,.T.);
#11473 = FACE_BOUND('',#11474,.T.);
#11474 = EDGE_LOOP('',(#11475,#11476,#11477,#11483));
#11475 = ORIENTED_EDGE('',*,*,#11444,.T.);
#11476 = ORIENTED_EDGE('',*,*,#10888,.T.);
#11477 = ORIENTED_EDGE('',*,*,#11478,.F.);
#11478 = EDGE_CURVE('',#10351,#10881,#11479,.T.);
#11479 = LINE('',#11480,#11481);
#11480 = CARTESIAN_POINT('',(120.65,-70.866,0.));
#11481 = VECTOR('',#11482,1.);
#11482 = DIRECTION('',(0.,0.,1.));
#11483 = ORIENTED_EDGE('',*,*,#10358,.F.);
#11484 = CYLINDRICAL_SURFACE('',#11485,28.801255240909);
#11485 = AXIS2_PLACEMENT_3D('',#11486,#11487,#11488);
#11486 = CARTESIAN_POINT('',(149.45050201521,-71.07429575982,0.));
#11487 = DIRECTION('',(0.,0.,-1.));
#11488 = DIRECTION('',(0.999973950575,7.217906236694E-03,0.));
#11489 = ADVANCED_FACE('',(#11490),#11501,.T.);
#11490 = FACE_BOUND('',#11491,.T.);
#11491 = EDGE_LOOP('',(#11492,#11498,#11499,#11500));
#11492 = ORIENTED_EDGE('',*,*,#11493,.T.);
#11493 = EDGE_CURVE('',#10334,#10864,#11494,.T.);
#11494 = LINE('',#11495,#11496);
#11495 = CARTESIAN_POINT('',(129.049563,-62.158665,0.));
#11496 = VECTOR('',#11497,1.);
#11497 = DIRECTION('',(0.,0.,1.));
#11498 = ORIENTED_EDGE('',*,*,#10863,.T.);
#11499 = ORIENTED_EDGE('',*,*,#11459,.F.);
#11500 = ORIENTED_EDGE('',*,*,#10333,.F.);
#11501 = PLANE('',#11502);
#11502 = AXIS2_PLACEMENT_3D('',#11503,#11504,#11505);
#11503 = CARTESIAN_POINT('',(129.049563,-62.158665,0.));
#11504 = DIRECTION('',(-0.341902737462,-0.93973534472,0.));
#11505 = DIRECTION('',(-0.93973534472,0.341902737462,0.));
#11506 = ADVANCED_FACE('',(#11507),#11518,.T.);
#11507 = FACE_BOUND('',#11508,.T.);
#11508 = EDGE_LOOP('',(#11509,#11510,#11511,#11517));
#11509 = ORIENTED_EDGE('',*,*,#11478,.T.);
#11510 = ORIENTED_EDGE('',*,*,#10880,.T.);
#11511 = ORIENTED_EDGE('',*,*,#11512,.F.);
#11512 = EDGE_CURVE('',#10342,#10872,#11513,.T.);
#11513 = LINE('',#11514,#11515);
#11514 = CARTESIAN_POINT('',(127.254004,-69.341589,0.));
#11515 = VECTOR('',#11516,1.);
#11516 = DIRECTION('',(0.,0.,1.));
#11517 = ORIENTED_EDGE('',*,*,#10350,.F.);
#11518 = PLANE('',#11519);
#11519 = AXIS2_PLACEMENT_3D('',#11520,#11521,#11522);
#11520 = CARTESIAN_POINT('',(120.65,-70.866,0.));
#11521 = DIRECTION('',(-0.224916951296,0.974377937465,0.));
#11522 = DIRECTION('',(0.974377937465,0.224916951296,0.));
#11523 = ADVANCED_FACE('',(#11524),#11530,.T.);
#11524 = FACE_BOUND('',#11525,.T.);
#11525 = EDGE_LOOP('',(#11526,#11527,#11528,#11529));
#11526 = ORIENTED_EDGE('',*,*,#11512,.T.);
#11527 = ORIENTED_EDGE('',*,*,#10871,.T.);
#11528 = ORIENTED_EDGE('',*,*,#11493,.F.);
#11529 = ORIENTED_EDGE('',*,*,#10341,.F.);
#11530 = CYLINDRICAL_SURFACE('',#11531,22.264044675087);
#11531 = AXIS2_PLACEMENT_3D('',#11532,#11533,#11534);
#11532 = CARTESIAN_POINT('',(149.4505215796,-71.07430150713,0.));
#11533 = DIRECTION('',(0.,0.,-1.));
#11534 = DIRECTION('',(-0.996966988862,7.782559424494E-02,0.));
#11535 = ADVANCED_FACE('',(#11536),#11547,.F.);
#11536 = FACE_BOUND('',#11537,.T.);
#11537 = EDGE_LOOP('',(#11538,#11544,#11545,#11546));
#11538 = ORIENTED_EDGE('',*,*,#11539,.T.);
#11539 = EDGE_CURVE('',#10394,#10924,#11540,.T.);
#11540 = LINE('',#11541,#11542);
#11541 = CARTESIAN_POINT('',(144.692841,-93.726,0.));
#11542 = VECTOR('',#11543,1.);
#11543 = DIRECTION('',(0.,0.,1.));
#11544 = ORIENTED_EDGE('',*,*,#10923,.T.);
#11545 = ORIENTED_EDGE('',*,*,#11539,.F.);
#11546 = ORIENTED_EDGE('',*,*,#10393,.F.);
#11547 = CYLINDRICAL_SURFACE('',#11548,1.436841);
#11548 = AXIS2_PLACEMENT_3D('',#11549,#11550,#11551);
#11549 = CARTESIAN_POINT('',(143.256,-93.726,0.));
#11550 = DIRECTION('',(-0.,-0.,-1.));
#11551 = DIRECTION('',(1.,0.,-0.));
#11552 = ADVANCED_FACE('',(#11553),#11564,.F.);
#11553 = FACE_BOUND('',#11554,.T.);
#11554 = EDGE_LOOP('',(#11555,#11556,#11562,#11563));
#11555 = ORIENTED_EDGE('',*,*,#10404,.T.);
#11556 = ORIENTED_EDGE('',*,*,#11557,.T.);
#11557 = EDGE_CURVE('',#10405,#10935,#11558,.T.);
#11558 = LINE('',#11559,#11560);
#11559 = CARTESIAN_POINT('',(124.60224,-83.03825,-4.5E-02));
#11560 = VECTOR('',#11561,1.);
#11561 = DIRECTION('',(0.,0.,1.));
#11562 = ORIENTED_EDGE('',*,*,#10934,.F.);
#11563 = ORIENTED_EDGE('',*,*,#11557,.F.);
#11564 = CYLINDRICAL_SURFACE('',#11565,0.685);
#11565 = AXIS2_PLACEMENT_3D('',#11566,#11567,#11568);
#11566 = CARTESIAN_POINT('',(124.60224,-82.35325,-4.5E-02));
#11567 = DIRECTION('',(-0.,-0.,-1.));
#11568 = DIRECTION('',(-0.,-1.,0.));
#11569 = ADVANCED_FACE('',(#11570),#11581,.F.);
#11570 = FACE_BOUND('',#11571,.T.);
#11571 = EDGE_LOOP('',(#11572,#11573,#11579,#11580));
#11572 = ORIENTED_EDGE('',*,*,#10415,.T.);
#11573 = ORIENTED_EDGE('',*,*,#11574,.T.);
#11574 = EDGE_CURVE('',#10416,#10946,#11575,.T.);
#11575 = LINE('',#11576,#11577);
#11576 = CARTESIAN_POINT('',(129.68224,-83.03825,-4.5E-02));
#11577 = VECTOR('',#11578,1.);
#11578 = DIRECTION('',(0.,0.,1.));
#11579 = ORIENTED_EDGE('',*,*,#10945,.F.);
#11580 = ORIENTED_EDGE('',*,*,#11574,.F.);
#11581 = CYLINDRICAL_SURFACE('',#11582,0.685);
#11582 = AXIS2_PLACEMENT_3D('',#11583,#11584,#11585);
#11583 = CARTESIAN_POINT('',(129.68224,-82.35325,-4.5E-02));
#11584 = DIRECTION('',(-0.,-0.,-1.));
#11585 = DIRECTION('',(-0.,-1.,0.));
#11586 = ADVANCED_FACE('',(#11587),#11598,.F.);
#11587 = FACE_BOUND('',#11588,.T.);
#11588 = EDGE_LOOP('',(#11589,#11590,#11596,#11597));
#11589 = ORIENTED_EDGE('',*,*,#10426,.T.);
#11590 = ORIENTED_EDGE('',*,*,#11591,.T.);
#11591 = EDGE_CURVE('',#10427,#10957,#11592,.T.);
#11592 = LINE('',#11593,#11594);
#11593 = CARTESIAN_POINT('',(124.60224,-78.59325,-4.5E-02));
#11594 = VECTOR('',#11595,1.);
#11595 = DIRECTION('',(0.,0.,1.));
#11596 = ORIENTED_EDGE('',*,*,#10956,.F.);
#11597 = ORIENTED_EDGE('',*,*,#11591,.F.);
#11598 = CYLINDRICAL_SURFACE('',#11599,0.685);
#11599 = AXIS2_PLACEMENT_3D('',#11600,#11601,#11602);
#11600 = CARTESIAN_POINT('',(124.60224,-77.90825,-4.5E-02));
#11601 = DIRECTION('',(-0.,-0.,-1.));
#11602 = DIRECTION('',(-0.,-1.,0.));
#11603 = ADVANCED_FACE('',(#11604),#11615,.F.);
#11604 = FACE_BOUND('',#11605,.T.);
#11605 = EDGE_LOOP('',(#11606,#11607,#11613,#11614));
#11606 = ORIENTED_EDGE('',*,*,#10437,.T.);
#11607 = ORIENTED_EDGE('',*,*,#11608,.T.);
#11608 = EDGE_CURVE('',#10438,#10968,#11609,.T.);
#11609 = LINE('',#11610,#11611);
#11610 = CARTESIAN_POINT('',(129.68224,-78.59325,-4.5E-02));
#11611 = VECTOR('',#11612,1.);
#11612 = DIRECTION('',(0.,0.,1.));
#11613 = ORIENTED_EDGE('',*,*,#10967,.F.);
#11614 = ORIENTED_EDGE('',*,*,#11608,.F.);
#11615 = CYLINDRICAL_SURFACE('',#11616,0.685);
#11616 = AXIS2_PLACEMENT_3D('',#11617,#11618,#11619);
#11617 = CARTESIAN_POINT('',(129.68224,-77.90825,-4.5E-02));
#11618 = DIRECTION('',(-0.,-0.,-1.));
#11619 = DIRECTION('',(-0.,-1.,0.));
#11620 = ADVANCED_FACE('',(#11621),#11632,.F.);
#11621 = FACE_BOUND('',#11622,.T.);
#11622 = EDGE_LOOP('',(#11623,#11624,#11630,#11631));
#11623 = ORIENTED_EDGE('',*,*,#10448,.T.);
#11624 = ORIENTED_EDGE('',*,*,#11625,.T.);
#11625 = EDGE_CURVE('',#10449,#10979,#11626,.T.);
#11626 = LINE('',#11627,#11628);
#11627 = CARTESIAN_POINT('',(124.60224,-74.14825,-4.5E-02));
#11628 = VECTOR('',#11629,1.);
#11629 = DIRECTION('',(0.,0.,1.));
#11630 = ORIENTED_EDGE('',*,*,#10978,.F.);
#11631 = ORIENTED_EDGE('',*,*,#11625,.F.);
#11632 = CYLINDRICAL_SURFACE('',#11633,0.685);
#11633 = AXIS2_PLACEMENT_3D('',#11634,#11635,#11636);
#11634 = CARTESIAN_POINT('',(124.60224,-73.46325,-4.5E-02));
#11635 = DIRECTION('',(-0.,-0.,-1.));
#11636 = DIRECTION('',(-0.,-1.,0.));
#11637 = ADVANCED_FACE('',(#11638),#11649,.F.);
#11638 = FACE_BOUND('',#11639,.T.);
#11639 = EDGE_LOOP('',(#11640,#11641,#11647,#11648));
#11640 = ORIENTED_EDGE('',*,*,#10459,.T.);
#11641 = ORIENTED_EDGE('',*,*,#11642,.T.);
#11642 = EDGE_CURVE('',#10460,#10990,#11643,.T.);
#11643 = LINE('',#11644,#11645);
#11644 = CARTESIAN_POINT('',(129.68224,-74.14825,-4.5E-02));
#11645 = VECTOR('',#11646,1.);
#11646 = DIRECTION('',(0.,0.,1.));
#11647 = ORIENTED_EDGE('',*,*,#10989,.F.);
#11648 = ORIENTED_EDGE('',*,*,#11642,.F.);
#11649 = CYLINDRICAL_SURFACE('',#11650,0.685);
#11650 = AXIS2_PLACEMENT_3D('',#11651,#11652,#11653);
#11651 = CARTESIAN_POINT('',(129.68224,-73.46325,-4.5E-02));
#11652 = DIRECTION('',(-0.,-0.,-1.));
#11653 = DIRECTION('',(-0.,-1.,0.));
#11654 = ADVANCED_FACE('',(#11655),#11666,.F.);
#11655 = FACE_BOUND('',#11656,.T.);
#11656 = EDGE_LOOP('',(#11657,#11658,#11664,#11665));
#11657 = ORIENTED_EDGE('',*,*,#10470,.T.);
#11658 = ORIENTED_EDGE('',*,*,#11659,.T.);
#11659 = EDGE_CURVE('',#10471,#11001,#11660,.T.);
#11660 = LINE('',#11661,#11662);
#11661 = CARTESIAN_POINT('',(149.606,-97.866,-4.5E-02));
#11662 = VECTOR('',#11663,1.);
#11663 = DIRECTION('',(0.,0.,1.));
#11664 = ORIENTED_EDGE('',*,*,#11000,.F.);
#11665 = ORIENTED_EDGE('',*,*,#11659,.F.);
#11666 = CYLINDRICAL_SURFACE('',#11667,1.6);
#11667 = AXIS2_PLACEMENT_3D('',#11668,#11669,#11670);
#11668 = CARTESIAN_POINT('',(149.606,-96.266,-4.5E-02));
#11669 = DIRECTION('',(-0.,-0.,-1.));
#11670 = DIRECTION('',(-0.,-1.,0.));
#11671 = ADVANCED_FACE('',(#11672),#11683,.F.);
#11672 = FACE_BOUND('',#11673,.T.);
#11673 = EDGE_LOOP('',(#11674,#11680,#11681,#11682));
#11674 = ORIENTED_EDGE('',*,*,#11675,.T.);
#11675 = EDGE_CURVE('',#10482,#11012,#11676,.T.);
#11676 = LINE('',#11677,#11678);
#11677 = CARTESIAN_POINT('',(157.392841,-93.726,0.));
#11678 = VECTOR('',#11679,1.);
#11679 = DIRECTION('',(0.,0.,1.));
#11680 = ORIENTED_EDGE('',*,*,#11011,.T.);
#11681 = ORIENTED_EDGE('',*,*,#11675,.F.);
#11682 = ORIENTED_EDGE('',*,*,#10481,.F.);
#11683 = CYLINDRICAL_SURFACE('',#11684,1.436841);
#11684 = AXIS2_PLACEMENT_3D('',#11685,#11686,#11687);
#11685 = CARTESIAN_POINT('',(155.956,-93.726,0.));
#11686 = DIRECTION('',(-0.,-0.,-1.));
#11687 = DIRECTION('',(1.,0.,-0.));
#11688 = ADVANCED_FACE('',(#11689),#11700,.F.);
#11689 = FACE_BOUND('',#11690,.T.);
#11690 = EDGE_LOOP('',(#11691,#11692,#11698,#11699));
#11691 = ORIENTED_EDGE('',*,*,#10492,.T.);
#11692 = ORIENTED_EDGE('',*,*,#11693,.T.);
#11693 = EDGE_CURVE('',#10493,#11023,#11694,.T.);
#11694 = LINE('',#11695,#11696);
#11695 = CARTESIAN_POINT('',(160.79724,-91.10825,-4.5E-02));
#11696 = VECTOR('',#11697,1.);
#11697 = DIRECTION('',(0.,0.,1.));
#11698 = ORIENTED_EDGE('',*,*,#11022,.F.);
#11699 = ORIENTED_EDGE('',*,*,#11693,.F.);
#11700 = CYLINDRICAL_SURFACE('',#11701,0.5);
#11701 = AXIS2_PLACEMENT_3D('',#11702,#11703,#11704);
#11702 = CARTESIAN_POINT('',(160.79724,-90.60825,-4.5E-02));
#11703 = DIRECTION('',(-0.,-0.,-1.));
#11704 = DIRECTION('',(-0.,-1.,0.));
#11705 = ADVANCED_FACE('',(#11706),#11717,.F.);
#11706 = FACE_BOUND('',#11707,.T.);
#11707 = EDGE_LOOP('',(#11708,#11709,#11715,#11716));
#11708 = ORIENTED_EDGE('',*,*,#10503,.T.);
#11709 = ORIENTED_EDGE('',*,*,#11710,.T.);
#11710 = EDGE_CURVE('',#10504,#11034,#11711,.T.);
#11711 = LINE('',#11712,#11713);
#11712 = CARTESIAN_POINT('',(163.33724,-91.10825,-4.5E-02));
#11713 = VECTOR('',#11714,1.);
#11714 = DIRECTION('',(0.,0.,1.));
#11715 = ORIENTED_EDGE('',*,*,#11033,.F.);
#11716 = ORIENTED_EDGE('',*,*,#11710,.F.);
#11717 = CYLINDRICAL_SURFACE('',#11718,0.5);
#11718 = AXIS2_PLACEMENT_3D('',#11719,#11720,#11721);
#11719 = CARTESIAN_POINT('',(163.33724,-90.60825,-4.5E-02));
#11720 = DIRECTION('',(-0.,-0.,-1.));
#11721 = DIRECTION('',(-0.,-1.,0.));
#11722 = ADVANCED_FACE('',(#11723),#11734,.F.);
#11723 = FACE_BOUND('',#11724,.T.);
#11724 = EDGE_LOOP('',(#11725,#11726,#11732,#11733));
#11725 = ORIENTED_EDGE('',*,*,#10514,.T.);
#11726 = ORIENTED_EDGE('',*,*,#11727,.T.);
#11727 = EDGE_CURVE('',#10515,#11045,#11728,.T.);
#11728 = LINE('',#11729,#11730);
#11729 = CARTESIAN_POINT('',(165.87724,-91.10825,-4.5E-02));
#11730 = VECTOR('',#11731,1.);
#11731 = DIRECTION('',(0.,0.,1.));
#11732 = ORIENTED_EDGE('',*,*,#11044,.F.);
#11733 = ORIENTED_EDGE('',*,*,#11727,.F.);
#11734 = CYLINDRICAL_SURFACE('',#11735,0.5);
#11735 = AXIS2_PLACEMENT_3D('',#11736,#11737,#11738);
#11736 = CARTESIAN_POINT('',(165.87724,-90.60825,-4.5E-02));
#11737 = DIRECTION('',(-0.,-0.,-1.));
#11738 = DIRECTION('',(-0.,-1.,0.));
#11739 = ADVANCED_FACE('',(#11740),#11756,.F.);
#11740 = FACE_BOUND('',#11741,.T.);
#11741 = EDGE_LOOP('',(#11742,#11748,#11749,#11755));
#11742 = ORIENTED_EDGE('',*,*,#11743,.T.);
#11743 = EDGE_CURVE('',#10526,#11056,#11744,.T.);
#11744 = LINE('',#11745,#11746);
#11745 = CARTESIAN_POINT('',(155.956,-77.216,0.));
#11746 = VECTOR('',#11747,1.);
#11747 = DIRECTION('',(0.,0.,1.));
#11748 = ORIENTED_EDGE('',*,*,#11055,.T.);
#11749 = ORIENTED_EDGE('',*,*,#11750,.F.);
#11750 = EDGE_CURVE('',#10528,#11058,#11751,.T.);
#11751 = LINE('',#11752,#11753);
#11752 = CARTESIAN_POINT('',(143.226179,-77.50079,0.));
#11753 = VECTOR('',#11754,1.);
#11754 = DIRECTION('',(0.,0.,1.));
#11755 = ORIENTED_EDGE('',*,*,#10525,.F.);
#11756 = CYLINDRICAL_SURFACE('',#11757,8.946621019099);
#11757 = AXIS2_PLACEMENT_3D('',#11758,#11759,#11760);
#11758 = CARTESIAN_POINT('',(149.45050240379,-71.07429594613,0.));
#11759 = DIRECTION('',(-0.,-0.,-1.));
#11760 = DIRECTION('',(0.727145766241,-0.686483091298,0.));
#11761 = ADVANCED_FACE('',(#11762),#11773,.T.);
#11762 = FACE_BOUND('',#11763,.T.);
#11763 = EDGE_LOOP('',(#11764,#11770,#11771,#11772));
#11764 = ORIENTED_EDGE('',*,*,#11765,.T.);
#11765 = EDGE_CURVE('',#10537,#11067,#11766,.T.);
#11766 = LINE('',#11767,#11768);
#11767 = CARTESIAN_POINT('',(155.956,-88.646,0.));
#11768 = VECTOR('',#11769,1.);
#11769 = DIRECTION('',(0.,0.,1.));
#11770 = ORIENTED_EDGE('',*,*,#11066,.T.);
#11771 = ORIENTED_EDGE('',*,*,#11743,.F.);
#11772 = ORIENTED_EDGE('',*,*,#10536,.F.);
#11773 = PLANE('',#11774);
#11774 = AXIS2_PLACEMENT_3D('',#11775,#11776,#11777);
#11775 = CARTESIAN_POINT('',(155.956,-88.646,0.));
#11776 = DIRECTION('',(-1.,0.,0.));
#11777 = DIRECTION('',(0.,1.,0.));
#11778 = ADVANCED_FACE('',(#11779),#11790,.T.);
#11779 = FACE_BOUND('',#11780,.T.);
#11780 = EDGE_LOOP('',(#11781,#11782,#11783,#11789));
#11781 = ORIENTED_EDGE('',*,*,#11750,.T.);
#11782 = ORIENTED_EDGE('',*,*,#11134,.T.);
#11783 = ORIENTED_EDGE('',*,*,#11784,.F.);
#11784 = EDGE_CURVE('',#10596,#11126,#11785,.T.);
#11785 = LINE('',#11786,#11787);
#11786 = CARTESIAN_POINT('',(143.256,-88.646,0.));
#11787 = VECTOR('',#11788,1.);
#11788 = DIRECTION('',(0.,0.,1.));
#11789 = ORIENTED_EDGE('',*,*,#10604,.F.);
#11790 = PLANE('',#11791);
#11791 = AXIS2_PLACEMENT_3D('',#11792,#11793,#11794);
#11792 = CARTESIAN_POINT('',(143.226179,-77.50079,0.));
#11793 = DIRECTION('',(0.999996420391,2.675669032031E-03,-0.));
#11794 = DIRECTION('',(2.675669032031E-03,-0.999996420391,0.));
#11795 = ADVANCED_FACE('',(#11796),#11807,.F.);
#11796 = FACE_BOUND('',#11797,.T.);
#11797 = EDGE_LOOP('',(#11798,#11804,#11805,#11806));
#11798 = ORIENTED_EDGE('',*,*,#11799,.T.);
#11799 = EDGE_CURVE('',#10545,#11075,#11800,.T.);
#11800 = LINE('',#11801,#11802);
#11801 = CARTESIAN_POINT('',(153.924,-88.646,0.));
#11802 = VECTOR('',#11803,1.);
#11803 = DIRECTION('',(0.,0.,1.));
#11804 = ORIENTED_EDGE('',*,*,#11074,.T.);
#11805 = ORIENTED_EDGE('',*,*,#11765,.F.);
#11806 = ORIENTED_EDGE('',*,*,#10544,.F.);
#11807 = CYLINDRICAL_SURFACE('',#11808,1.27);
#11808 = AXIS2_PLACEMENT_3D('',#11809,#11810,#11811);
#11809 = CARTESIAN_POINT('',(154.94,-87.884,0.));
#11810 = DIRECTION('',(-0.,-0.,-1.));
#11811 = DIRECTION('',(-0.8,-0.6,0.));
#11812 = ADVANCED_FACE('',(#11813),#11824,.F.);
#11813 = FACE_BOUND('',#11814,.T.);
#11814 = EDGE_LOOP('',(#11815,#11816,#11817,#11823));
#11815 = ORIENTED_EDGE('',*,*,#11784,.T.);
#11816 = ORIENTED_EDGE('',*,*,#11125,.T.);
#11817 = ORIENTED_EDGE('',*,*,#11818,.F.);
#11818 = EDGE_CURVE('',#10588,#11118,#11819,.T.);
#11819 = LINE('',#11820,#11821);
#11820 = CARTESIAN_POINT('',(145.288,-88.646,0.));
#11821 = VECTOR('',#11822,1.);
#11822 = DIRECTION('',(0.,0.,1.));
#11823 = ORIENTED_EDGE('',*,*,#10595,.F.);
#11824 = CYLINDRICAL_SURFACE('',#11825,1.27);
#11825 = AXIS2_PLACEMENT_3D('',#11826,#11827,#11828);
#11826 = CARTESIAN_POINT('',(144.272,-87.884,0.));
#11827 = DIRECTION('',(-0.,-0.,-1.));
#11828 = DIRECTION('',(-0.8,-0.6,0.));
#11829 = ADVANCED_FACE('',(#11830),#11841,.T.);
#11830 = FACE_BOUND('',#11831,.T.);
#11831 = EDGE_LOOP('',(#11832,#11838,#11839,#11840));
#11832 = ORIENTED_EDGE('',*,*,#11833,.T.);
#11833 = EDGE_CURVE('',#10554,#11084,#11834,.T.);
#11834 = LINE('',#11835,#11836);
#11835 = CARTESIAN_POINT('',(153.924,-81.134066,0.));
#11836 = VECTOR('',#11837,1.);
#11837 = DIRECTION('',(0.,0.,1.));
#11838 = ORIENTED_EDGE('',*,*,#11083,.T.);
#11839 = ORIENTED_EDGE('',*,*,#11799,.F.);
#11840 = ORIENTED_EDGE('',*,*,#10553,.F.);
#11841 = PLANE('',#11842);
#11842 = AXIS2_PLACEMENT_3D('',#11843,#11844,#11845);
#11843 = CARTESIAN_POINT('',(153.924,-81.134066,0.));
#11844 = DIRECTION('',(1.,0.,-0.));
#11845 = DIRECTION('',(0.,-1.,0.));
#11846 = ADVANCED_FACE('',(#11847),#11858,.T.);
#11847 = FACE_BOUND('',#11848,.T.);
#11848 = EDGE_LOOP('',(#11849,#11850,#11851,#11857));
#11849 = ORIENTED_EDGE('',*,*,#11818,.T.);
#11850 = ORIENTED_EDGE('',*,*,#11117,.T.);
#11851 = ORIENTED_EDGE('',*,*,#11852,.F.);
#11852 = EDGE_CURVE('',#10579,#11109,#11853,.T.);
#11853 = LINE('',#11854,#11855);
#11854 = CARTESIAN_POINT('',(145.290891,-81.134592,0.));
#11855 = VECTOR('',#11856,1.);
#11856 = DIRECTION('',(0.,0.,1.));
#11857 = ORIENTED_EDGE('',*,*,#10587,.F.);
#11858 = PLANE('',#11859);
#11859 = AXIS2_PLACEMENT_3D('',#11860,#11861,#11862);
#11860 = CARTESIAN_POINT('',(145.288,-88.646,0.));
#11861 = DIRECTION('',(-0.999999925933,3.84881208137E-04,0.));
#11862 = DIRECTION('',(3.84881208137E-04,0.999999925933,0.));
#11863 = ADVANCED_FACE('',(#11864),#11875,.T.);
#11864 = FACE_BOUND('',#11865,.T.);
#11865 = EDGE_LOOP('',(#11866,#11872,#11873,#11874));
#11866 = ORIENTED_EDGE('',*,*,#11867,.T.);
#11867 = EDGE_CURVE('',#10562,#11092,#11868,.T.);
#11868 = LINE('',#11869,#11870);
#11869 = CARTESIAN_POINT('',(153.133691,-80.372592,0.));
#11870 = VECTOR('',#11871,1.);
#11871 = DIRECTION('',(0.,0.,1.));
#11872 = ORIENTED_EDGE('',*,*,#11091,.T.);
#11873 = ORIENTED_EDGE('',*,*,#11833,.F.);
#11874 = ORIENTED_EDGE('',*,*,#10561,.F.);
#11875 = CYLINDRICAL_SURFACE('',#11876,0.76199963321);
#11876 = AXIS2_PLACEMENT_3D('',#11877,#11878,#11879);
#11877 = CARTESIAN_POINT('',(153.16200036679,-81.13406558507,0.));
#11878 = DIRECTION('',(0.,0.,-1.));
#11879 = DIRECTION('',(-3.715141787052E-02,0.999309647782,0.));
#11880 = ADVANCED_FACE('',(#11881),#11892,.T.);
#11881 = FACE_BOUND('',#11882,.T.);
#11882 = EDGE_LOOP('',(#11883,#11884,#11885,#11891));
#11883 = ORIENTED_EDGE('',*,*,#11852,.T.);
#11884 = ORIENTED_EDGE('',*,*,#11108,.T.);
#11885 = ORIENTED_EDGE('',*,*,#11886,.F.);
#11886 = EDGE_CURVE('',#10571,#11101,#11887,.T.);
#11887 = LINE('',#11888,#11889);
#11888 = CARTESIAN_POINT('',(146.052891,-80.372592,0.));
#11889 = VECTOR('',#11890,1.);
#11890 = DIRECTION('',(0.,0.,1.));
#11891 = ORIENTED_EDGE('',*,*,#10578,.F.);
#11892 = CYLINDRICAL_SURFACE('',#11893,0.761973941718);
#11893 = AXIS2_PLACEMENT_3D('',#11894,#11895,#11896);
#11894 = CARTESIAN_POINT('',(146.05286494127,-81.13456594127,0.));
#11895 = DIRECTION('',(0.,0.,-1.));
#11896 = DIRECTION('',(-0.999999999415,-3.419897417956E-05,-0.));
#11897 = ADVANCED_FACE('',(#11898),#11904,.T.);
#11898 = FACE_BOUND('',#11899,.T.);
#11899 = EDGE_LOOP('',(#11900,#11901,#11902,#11903));
#11900 = ORIENTED_EDGE('',*,*,#11886,.T.);
#11901 = ORIENTED_EDGE('',*,*,#11100,.T.);
#11902 = ORIENTED_EDGE('',*,*,#11867,.F.);
#11903 = ORIENTED_EDGE('',*,*,#10570,.F.);
#11904 = PLANE('',#11905);
#11905 = AXIS2_PLACEMENT_3D('',#11906,#11907,#11908);
#11906 = CARTESIAN_POINT('',(146.052891,-80.372592,0.));
#11907 = DIRECTION('',(0.,1.,0.));
#11908 = DIRECTION('',(1.,0.,0.));
#11909 = ADVANCED_FACE('',(#11910),#11921,.F.);
#11910 = FACE_BOUND('',#11911,.T.);
#11911 = EDGE_LOOP('',(#11912,#11913,#11919,#11920));
#11912 = ORIENTED_EDGE('',*,*,#10612,.T.);
#11913 = ORIENTED_EDGE('',*,*,#11914,.T.);
#11914 = EDGE_CURVE('',#10613,#11143,#11915,.T.);
#11915 = LINE('',#11916,#11917);
#11916 = CARTESIAN_POINT('',(169.05224,-83.03825,-4.5E-02));
#11917 = VECTOR('',#11918,1.);
#11918 = DIRECTION('',(0.,0.,1.));
#11919 = ORIENTED_EDGE('',*,*,#11142,.F.);
#11920 = ORIENTED_EDGE('',*,*,#11914,.F.);
#11921 = CYLINDRICAL_SURFACE('',#11922,0.685);
#11922 = AXIS2_PLACEMENT_3D('',#11923,#11924,#11925);
#11923 = CARTESIAN_POINT('',(169.05224,-82.35325,-4.5E-02));
#11924 = DIRECTION('',(-0.,-0.,-1.));
#11925 = DIRECTION('',(-0.,-1.,0.));
#11926 = ADVANCED_FACE('',(#11927),#11938,.F.);
#11927 = FACE_BOUND('',#11928,.T.);
#11928 = EDGE_LOOP('',(#11929,#11930,#11936,#11937));
#11929 = ORIENTED_EDGE('',*,*,#10623,.T.);
#11930 = ORIENTED_EDGE('',*,*,#11931,.T.);
#11931 = EDGE_CURVE('',#10624,#11154,#11932,.T.);
#11932 = LINE('',#11933,#11934);
#11933 = CARTESIAN_POINT('',(174.13224,-83.03825,-4.5E-02));
#11934 = VECTOR('',#11935,1.);
#11935 = DIRECTION('',(0.,0.,1.));
#11936 = ORIENTED_EDGE('',*,*,#11153,.F.);
#11937 = ORIENTED_EDGE('',*,*,#11931,.F.);
#11938 = CYLINDRICAL_SURFACE('',#11939,0.685);
#11939 = AXIS2_PLACEMENT_3D('',#11940,#11941,#11942);
#11940 = CARTESIAN_POINT('',(174.13224,-82.35325,-4.5E-02));
#11941 = DIRECTION('',(-0.,-0.,-1.));
#11942 = DIRECTION('',(-0.,-1.,0.));
#11943 = ADVANCED_FACE('',(#11944),#11955,.F.);
#11944 = FACE_BOUND('',#11945,.T.);
#11945 = EDGE_LOOP('',(#11946,#11947,#11953,#11954));
#11946 = ORIENTED_EDGE('',*,*,#10634,.T.);
#11947 = ORIENTED_EDGE('',*,*,#11948,.T.);
#11948 = EDGE_CURVE('',#10635,#11165,#11949,.T.);
#11949 = LINE('',#11950,#11951);
#11950 = CARTESIAN_POINT('',(169.05224,-78.59325,-4.5E-02));
#11951 = VECTOR('',#11952,1.);
#11952 = DIRECTION('',(0.,0.,1.));
#11953 = ORIENTED_EDGE('',*,*,#11164,.F.);
#11954 = ORIENTED_EDGE('',*,*,#11948,.F.);
#11955 = CYLINDRICAL_SURFACE('',#11956,0.685);
#11956 = AXIS2_PLACEMENT_3D('',#11957,#11958,#11959);
#11957 = CARTESIAN_POINT('',(169.05224,-77.90825,-4.5E-02));
#11958 = DIRECTION('',(-0.,-0.,-1.));
#11959 = DIRECTION('',(-0.,-1.,0.));
#11960 = ADVANCED_FACE('',(#11961),#11972,.F.);
#11961 = FACE_BOUND('',#11962,.T.);
#11962 = EDGE_LOOP('',(#11963,#11964,#11970,#11971));
#11963 = ORIENTED_EDGE('',*,*,#10645,.T.);
#11964 = ORIENTED_EDGE('',*,*,#11965,.T.);
#11965 = EDGE_CURVE('',#10646,#11176,#11966,.T.);
#11966 = LINE('',#11967,#11968);
#11967 = CARTESIAN_POINT('',(174.13224,-78.59325,-4.5E-02));
#11968 = VECTOR('',#11969,1.);
#11969 = DIRECTION('',(0.,0.,1.));
#11970 = ORIENTED_EDGE('',*,*,#11175,.F.);
#11971 = ORIENTED_EDGE('',*,*,#11965,.F.);
#11972 = CYLINDRICAL_SURFACE('',#11973,0.685);
#11973 = AXIS2_PLACEMENT_3D('',#11974,#11975,#11976);
#11974 = CARTESIAN_POINT('',(174.13224,-77.90825,-4.5E-02));
#11975 = DIRECTION('',(-0.,-0.,-1.));
#11976 = DIRECTION('',(-0.,-1.,0.));
#11977 = ADVANCED_FACE('',(#11978),#11989,.F.);
#11978 = FACE_BOUND('',#11979,.T.);
#11979 = EDGE_LOOP('',(#11980,#11981,#11987,#11988));
#11980 = ORIENTED_EDGE('',*,*,#10656,.T.);
#11981 = ORIENTED_EDGE('',*,*,#11982,.T.);
#11982 = EDGE_CURVE('',#10657,#11187,#11983,.T.);
#11983 = LINE('',#11984,#11985);
#11984 = CARTESIAN_POINT('',(169.05224,-74.14825,-4.5E-02));
#11985 = VECTOR('',#11986,1.);
#11986 = DIRECTION('',(0.,0.,1.));
#11987 = ORIENTED_EDGE('',*,*,#11186,.F.);
#11988 = ORIENTED_EDGE('',*,*,#11982,.F.);
#11989 = CYLINDRICAL_SURFACE('',#11990,0.685);
#11990 = AXIS2_PLACEMENT_3D('',#11991,#11992,#11993);
#11991 = CARTESIAN_POINT('',(169.05224,-73.46325,-4.5E-02));
#11992 = DIRECTION('',(-0.,-0.,-1.));
#11993 = DIRECTION('',(-0.,-1.,0.));
#11994 = ADVANCED_FACE('',(#11995),#12006,.F.);
#11995 = FACE_BOUND('',#11996,.T.);
#11996 = EDGE_LOOP('',(#11997,#11998,#12004,#12005));
#11997 = ORIENTED_EDGE('',*,*,#10667,.T.);
#11998 = ORIENTED_EDGE('',*,*,#11999,.T.);
#11999 = EDGE_CURVE('',#10668,#11198,#12000,.T.);
#12000 = LINE('',#12001,#12002);
#12001 = CARTESIAN_POINT('',(174.13224,-74.14825,-4.5E-02));
#12002 = VECTOR('',#12003,1.);
#12003 = DIRECTION('',(0.,0.,1.));
#12004 = ORIENTED_EDGE('',*,*,#11197,.F.);
#12005 = ORIENTED_EDGE('',*,*,#11999,.F.);
#12006 = CYLINDRICAL_SURFACE('',#12007,0.685);
#12007 = AXIS2_PLACEMENT_3D('',#12008,#12009,#12010);
#12008 = CARTESIAN_POINT('',(174.13224,-73.46325,-4.5E-02));
#12009 = DIRECTION('',(-0.,-0.,-1.));
#12010 = DIRECTION('',(-0.,-1.,0.));
#12011 = ADVANCED_FACE('',(#12012),#12023,.F.);
#12012 = FACE_BOUND('',#12013,.T.);
#12013 = EDGE_LOOP('',(#12014,#12015,#12021,#12022));
#12014 = ORIENTED_EDGE('',*,*,#10678,.T.);
#12015 = ORIENTED_EDGE('',*,*,#12016,.T.);
#12016 = EDGE_CURVE('',#10679,#11209,#12017,.T.);
#12017 = LINE('',#12018,#12019);
#12018 = CARTESIAN_POINT('',(134.874,-69.42,-4.5E-02));
#12019 = VECTOR('',#12020,1.);
#12020 = DIRECTION('',(0.,0.,1.));
#12021 = ORIENTED_EDGE('',*,*,#11208,.F.);
#12022 = ORIENTED_EDGE('',*,*,#12016,.F.);
#12023 = CYLINDRICAL_SURFACE('',#12024,2.11);
#12024 = AXIS2_PLACEMENT_3D('',#12025,#12026,#12027);
#12025 = CARTESIAN_POINT('',(134.874,-67.31,-4.5E-02));
#12026 = DIRECTION('',(-0.,-0.,-1.));
#12027 = DIRECTION('',(-1.347000446939E-14,-1.,0.));
#12028 = ADVANCED_FACE('',(#12029),#12040,.F.);
#12029 = FACE_BOUND('',#12030,.T.);
#12030 = EDGE_LOOP('',(#12031,#12032,#12038,#12039));
#12031 = ORIENTED_EDGE('',*,*,#10689,.T.);
#12032 = ORIENTED_EDGE('',*,*,#12033,.T.);
#12033 = EDGE_CURVE('',#10690,#11220,#12034,.T.);
#12034 = LINE('',#12035,#12036);
#12035 = CARTESIAN_POINT('',(127.508,-60.02,-4.5E-02));
#12036 = VECTOR('',#12037,1.);
#12037 = DIRECTION('',(0.,0.,1.));
#12038 = ORIENTED_EDGE('',*,*,#11219,.F.);
#12039 = ORIENTED_EDGE('',*,*,#12033,.F.);
#12040 = CYLINDRICAL_SURFACE('',#12041,1.6);
#12041 = AXIS2_PLACEMENT_3D('',#12042,#12043,#12044);
#12042 = CARTESIAN_POINT('',(127.508,-58.42,-4.5E-02));
#12043 = DIRECTION('',(-0.,-0.,-1.));
#12044 = DIRECTION('',(-8.881784197001E-15,-1.,0.));
#12045 = ADVANCED_FACE('',(#12046),#12057,.F.);
#12046 = FACE_BOUND('',#12047,.T.);
#12047 = EDGE_LOOP('',(#12048,#12049,#12055,#12056));
#12048 = ORIENTED_EDGE('',*,*,#10700,.T.);
#12049 = ORIENTED_EDGE('',*,*,#12050,.T.);
#12050 = EDGE_CURVE('',#10701,#11231,#12051,.T.);
#12051 = LINE('',#12052,#12053);
#12052 = CARTESIAN_POINT('',(132.85724,-55.09825,-4.5E-02));
#12053 = VECTOR('',#12054,1.);
#12054 = DIRECTION('',(0.,0.,1.));
#12055 = ORIENTED_EDGE('',*,*,#11230,.F.);
#12056 = ORIENTED_EDGE('',*,*,#12050,.F.);
#12057 = CYLINDRICAL_SURFACE('',#12058,0.685);
#12058 = AXIS2_PLACEMENT_3D('',#12059,#12060,#12061);
#12059 = CARTESIAN_POINT('',(132.85724,-54.41325,-4.5E-02));
#12060 = DIRECTION('',(-0.,-0.,-1.));
#12061 = DIRECTION('',(-0.,-1.,0.));
#12062 = ADVANCED_FACE('',(#12063),#12074,.F.);
#12063 = FACE_BOUND('',#12064,.T.);
#12064 = EDGE_LOOP('',(#12065,#12066,#12072,#12073));
#12065 = ORIENTED_EDGE('',*,*,#10711,.T.);
#12066 = ORIENTED_EDGE('',*,*,#12067,.T.);
#12067 = EDGE_CURVE('',#10712,#11242,#12068,.T.);
#12068 = LINE('',#12069,#12070);
#12069 = CARTESIAN_POINT('',(132.85724,-50.01825,-4.5E-02));
#12070 = VECTOR('',#12071,1.);
#12071 = DIRECTION('',(0.,0.,1.));
#12072 = ORIENTED_EDGE('',*,*,#11241,.F.);
#12073 = ORIENTED_EDGE('',*,*,#12067,.F.);
#12074 = CYLINDRICAL_SURFACE('',#12075,0.685);
#12075 = AXIS2_PLACEMENT_3D('',#12076,#12077,#12078);
#12076 = CARTESIAN_POINT('',(132.85724,-49.33325,-4.5E-02));
#12077 = DIRECTION('',(-0.,-0.,-1.));
#12078 = DIRECTION('',(-0.,-1.,0.));
#12079 = ADVANCED_FACE('',(#12080),#12091,.F.);
#12080 = FACE_BOUND('',#12081,.T.);
#12081 = EDGE_LOOP('',(#12082,#12083,#12089,#12090));
#12082 = ORIENTED_EDGE('',*,*,#10722,.T.);
#12083 = ORIENTED_EDGE('',*,*,#12084,.T.);
#12084 = EDGE_CURVE('',#10723,#11253,#12085,.T.);
#12085 = LINE('',#12086,#12087);
#12086 = CARTESIAN_POINT('',(149.352,-57.482,-4.5E-02));
#12087 = VECTOR('',#12088,1.);
#12088 = DIRECTION('',(0.,0.,1.));
#12089 = ORIENTED_EDGE('',*,*,#11252,.F.);
#12090 = ORIENTED_EDGE('',*,*,#12084,.F.);
#12091 = CYLINDRICAL_SURFACE('',#12092,2.11);
#12092 = AXIS2_PLACEMENT_3D('',#12093,#12094,#12095);
#12093 = CARTESIAN_POINT('',(149.352,-55.372,-4.5E-02));
#12094 = DIRECTION('',(-0.,0.,-1.));
#12095 = DIRECTION('',(1.347000446939E-14,-1.,-0.));
#12096 = ADVANCED_FACE('',(#12097),#12108,.F.);
#12097 = FACE_BOUND('',#12098,.T.);
#12098 = EDGE_LOOP('',(#12099,#12100,#12106,#12107));
#12099 = ORIENTED_EDGE('',*,*,#10733,.T.);
#12100 = ORIENTED_EDGE('',*,*,#12101,.T.);
#12101 = EDGE_CURVE('',#10734,#11264,#12102,.T.);
#12102 = LINE('',#12103,#12104);
#12103 = CARTESIAN_POINT('',(137.30224,-55.09825,-4.5E-02));
#12104 = VECTOR('',#12105,1.);
#12105 = DIRECTION('',(0.,0.,1.));
#12106 = ORIENTED_EDGE('',*,*,#11263,.F.);
#12107 = ORIENTED_EDGE('',*,*,#12101,.F.);
#12108 = CYLINDRICAL_SURFACE('',#12109,0.685);
#12109 = AXIS2_PLACEMENT_3D('',#12110,#12111,#12112);
#12110 = CARTESIAN_POINT('',(137.30224,-54.41325,-4.5E-02));
#12111 = DIRECTION('',(-0.,-0.,-1.));
#12112 = DIRECTION('',(-0.,-1.,0.));
#12113 = ADVANCED_FACE('',(#12114),#12125,.F.);
#12114 = FACE_BOUND('',#12115,.T.);
#12115 = EDGE_LOOP('',(#12116,#12117,#12123,#12124));
#12116 = ORIENTED_EDGE('',*,*,#10744,.T.);
#12117 = ORIENTED_EDGE('',*,*,#12118,.T.);
#12118 = EDGE_CURVE('',#10745,#11275,#12119,.T.);
#12119 = LINE('',#12120,#12121);
#12120 = CARTESIAN_POINT('',(137.30224,-50.01825,-4.5E-02));
#12121 = VECTOR('',#12122,1.);
#12122 = DIRECTION('',(0.,0.,1.));
#12123 = ORIENTED_EDGE('',*,*,#11274,.F.);
#12124 = ORIENTED_EDGE('',*,*,#12118,.F.);
#12125 = CYLINDRICAL_SURFACE('',#12126,0.685);
#12126 = AXIS2_PLACEMENT_3D('',#12127,#12128,#12129);
#12127 = CARTESIAN_POINT('',(137.30224,-49.33325,-4.5E-02));
#12128 = DIRECTION('',(-0.,-0.,-1.));
#12129 = DIRECTION('',(-0.,-1.,0.));
#12130 = ADVANCED_FACE('',(#12131),#12142,.F.);
#12131 = FACE_BOUND('',#12132,.T.);
#12132 = EDGE_LOOP('',(#12133,#12134,#12140,#12141));
#12133 = ORIENTED_EDGE('',*,*,#10755,.T.);
#12134 = ORIENTED_EDGE('',*,*,#12135,.T.);
#12135 = EDGE_CURVE('',#10756,#11286,#12136,.T.);
#12136 = LINE('',#12137,#12138);
#12137 = CARTESIAN_POINT('',(164.084,-69.42,-4.5E-02));
#12138 = VECTOR('',#12139,1.);
#12139 = DIRECTION('',(0.,0.,1.));
#12140 = ORIENTED_EDGE('',*,*,#11285,.F.);
#12141 = ORIENTED_EDGE('',*,*,#12135,.F.);
#12142 = CYLINDRICAL_SURFACE('',#12143,2.11);
#12143 = AXIS2_PLACEMENT_3D('',#12144,#12145,#12146);
#12144 = CARTESIAN_POINT('',(164.084,-67.31,-4.5E-02));
#12145 = DIRECTION('',(-0.,-0.,-1.));
#12146 = DIRECTION('',(-0.,-1.,0.));
#12147 = ADVANCED_FACE('',(#12148),#12159,.F.);
#12148 = FACE_BOUND('',#12149,.T.);
#12149 = EDGE_LOOP('',(#12150,#12151,#12157,#12158));
#12150 = ORIENTED_EDGE('',*,*,#10766,.T.);
#12151 = ORIENTED_EDGE('',*,*,#12152,.T.);
#12152 = EDGE_CURVE('',#10767,#11297,#12153,.T.);
#12153 = LINE('',#12154,#12155);
#12154 = CARTESIAN_POINT('',(161.43224,-55.09825,-4.5E-02));
#12155 = VECTOR('',#12156,1.);
#12156 = DIRECTION('',(0.,0.,1.));
#12157 = ORIENTED_EDGE('',*,*,#11296,.F.);
#12158 = ORIENTED_EDGE('',*,*,#12152,.F.);
#12159 = CYLINDRICAL_SURFACE('',#12160,0.685);
#12160 = AXIS2_PLACEMENT_3D('',#12161,#12162,#12163);
#12161 = CARTESIAN_POINT('',(161.43224,-54.41325,-4.5E-02));
#12162 = DIRECTION('',(-0.,-0.,-1.));
#12163 = DIRECTION('',(-0.,-1.,0.));
#12164 = ADVANCED_FACE('',(#12165),#12176,.F.);
#12165 = FACE_BOUND('',#12166,.T.);
#12166 = EDGE_LOOP('',(#12167,#12168,#12174,#12175));
#12167 = ORIENTED_EDGE('',*,*,#10777,.T.);
#12168 = ORIENTED_EDGE('',*,*,#12169,.T.);
#12169 = EDGE_CURVE('',#10778,#11308,#12170,.T.);
#12170 = LINE('',#12171,#12172);
#12171 = CARTESIAN_POINT('',(161.43224,-50.01825,-4.5E-02));
#12172 = VECTOR('',#12173,1.);
#12173 = DIRECTION('',(0.,0.,1.));
#12174 = ORIENTED_EDGE('',*,*,#11307,.F.);
#12175 = ORIENTED_EDGE('',*,*,#12169,.F.);
#12176 = CYLINDRICAL_SURFACE('',#12177,0.685);
#12177 = AXIS2_PLACEMENT_3D('',#12178,#12179,#12180);
#12178 = CARTESIAN_POINT('',(161.43224,-49.33325,-4.5E-02));
#12179 = DIRECTION('',(-0.,-0.,-1.));
#12180 = DIRECTION('',(-0.,-1.,0.));
#12181 = ADVANCED_FACE('',(#12182),#12193,.F.);
#12182 = FACE_BOUND('',#12183,.T.);
#12183 = EDGE_LOOP('',(#12184,#12185,#12191,#12192));
#12184 = ORIENTED_EDGE('',*,*,#10788,.T.);
#12185 = ORIENTED_EDGE('',*,*,#12186,.T.);
#12186 = EDGE_CURVE('',#10789,#11319,#12187,.T.);
#12187 = LINE('',#12188,#12189);
#12188 = CARTESIAN_POINT('',(171.45,-60.02,-4.5E-02));
#12189 = VECTOR('',#12190,1.);
#12190 = DIRECTION('',(0.,0.,1.));
#12191 = ORIENTED_EDGE('',*,*,#11318,.F.);
#12192 = ORIENTED_EDGE('',*,*,#12186,.F.);
#12193 = CYLINDRICAL_SURFACE('',#12194,1.6);
#12194 = AXIS2_PLACEMENT_3D('',#12195,#12196,#12197);
#12195 = CARTESIAN_POINT('',(171.45,-58.42,-4.5E-02));
#12196 = DIRECTION('',(-0.,-0.,-1.));
#12197 = DIRECTION('',(-0.,-1.,0.));
#12198 = ADVANCED_FACE('',(#12199),#12210,.F.);
#12199 = FACE_BOUND('',#12200,.T.);
#12200 = EDGE_LOOP('',(#12201,#12202,#12208,#12209));
#12201 = ORIENTED_EDGE('',*,*,#10799,.T.);
#12202 = ORIENTED_EDGE('',*,*,#12203,.T.);
#12203 = EDGE_CURVE('',#10800,#11330,#12204,.T.);
#12204 = LINE('',#12205,#12206);
#12205 = CARTESIAN_POINT('',(165.87724,-55.09825,-4.5E-02));
#12206 = VECTOR('',#12207,1.);
#12207 = DIRECTION('',(0.,0.,1.));
#12208 = ORIENTED_EDGE('',*,*,#11329,.F.);
#12209 = ORIENTED_EDGE('',*,*,#12203,.F.);
#12210 = CYLINDRICAL_SURFACE('',#12211,0.685);
#12211 = AXIS2_PLACEMENT_3D('',#12212,#12213,#12214);
#12212 = CARTESIAN_POINT('',(165.87724,-54.41325,-4.5E-02));
#12213 = DIRECTION('',(-0.,-0.,-1.));
#12214 = DIRECTION('',(-0.,-1.,0.));
#12215 = ADVANCED_FACE('',(#12216),#12227,.F.);
#12216 = FACE_BOUND('',#12217,.T.);
#12217 = EDGE_LOOP('',(#12218,#12219,#12225,#12226));
#12218 = ORIENTED_EDGE('',*,*,#10810,.T.);
#12219 = ORIENTED_EDGE('',*,*,#12220,.T.);
#12220 = EDGE_CURVE('',#10811,#11341,#12221,.T.);
#12221 = LINE('',#12222,#12223);
#12222 = CARTESIAN_POINT('',(165.87724,-50.01825,-4.5E-02));
#12223 = VECTOR('',#12224,1.);
#12224 = DIRECTION('',(0.,0.,1.));
#12225 = ORIENTED_EDGE('',*,*,#11340,.F.);
#12226 = ORIENTED_EDGE('',*,*,#12220,.F.);
#12227 = CYLINDRICAL_SURFACE('',#12228,0.685);
#12228 = AXIS2_PLACEMENT_3D('',#12229,#12230,#12231);
#12229 = CARTESIAN_POINT('',(165.87724,-49.33325,-4.5E-02));
#12230 = DIRECTION('',(-0.,-0.,-1.));
#12231 = DIRECTION('',(-0.,-1.,0.));
#12232 = ( GEOMETRIC_REPRESENTATION_CONTEXT(3) 
GLOBAL_UNCERTAINTY_ASSIGNED_CONTEXT((#12236)) 
GLOBAL_UNIT_ASSIGNED_CONTEXT((#12233,#12234,#12235)) 
REPRESENTATION_CONTEXT('Context #1',
  '3D Context with UNIT and UNCERTAINTY') );
#12233 = ( LENGTH_UNIT() NAMED_UNIT(*) SI_UNIT(.MILLI.,.METRE.) );
#12234 = ( NAMED_UNIT(*) PLANE_ANGLE_UNIT() SI_UNIT($,.RADIAN.) );
#12235 = ( NAMED_UNIT(*) SI_UNIT($,.STERADIAN.) SOLID_ANGLE_UNIT() );
#12236 = UNCERTAINTY_MEASURE_WITH_UNIT(LENGTH_MEASURE(1.E-07),#12233,
  'distance_accuracy_value','confusion accuracy');
#12237 = CONTEXT_DEPENDENT_SHAPE_REPRESENTATION(#12238,#12240);
#12238 = ( REPRESENTATION_RELATIONSHIP('','',#10186,#10) 
REPRESENTATION_RELATIONSHIP_WITH_TRANSFORMATION(#12239) 
SHAPE_REPRESENTATION_RELATIONSHIP() );
#12239 = ITEM_DEFINED_TRANSFORMATION('','',#11,#71);
#12240 = PRODUCT_DEFINITION_SHAPE('Placement','Placement of an item',
  #12241);
#12241 = NEXT_ASSEMBLY_USAGE_OCCURRENCE('18','=>[0:1:1:8]','',#5,#10181,
  $);
#12242 = PRODUCT_RELATED_PRODUCT_CATEGORY('part',$,(#10183));
#12243 = MECHANICAL_DESIGN_GEOMETRIC_PRESENTATION_REPRESENTATION('',(
    #12244),#12232);
#12244 = STYLED_ITEM('color',(#12245),#10187);
#12245 = PRESENTATION_STYLE_ASSIGNMENT((#12246));
#12246 = SURFACE_STYLE_USAGE(.BOTH.,#12247);
#12247 = SURFACE_SIDE_STYLE('',(#12248));
#12248 = SURFACE_STYLE_FILL_AREA(#12249);
#12249 = FILL_AREA_STYLE('',(#12250));
#12250 = FILL_AREA_STYLE_COLOUR('',#12251);
#12251 = COLOUR_RGB('',0.313304153717,0.484529207832,0.410020903123);
#12252 = MECHANICAL_DESIGN_GEOMETRIC_PRESENTATION_REPRESENTATION('',(
    #12253,#12263,#12270,#12277,#12284,#12291,#12298,#12305,#12312,
    #12319,#12326,#12333,#12340,#12347,#12354,#12362,#12369,#12376,
    #12383,#12390,#12397,#12404,#12411,#12418,#12425,#12432,#12439,
    #12446,#12453,#12460,#12467,#12474,#12481,#12488,#12495,#12502,
    #12509,#12516,#12523,#12530,#12537,#12544,#12551,#12558,#12565,
    #12572,#12579,#12586,#12593,#12600,#12607,#12614,#12621,#12628,
    #12635,#12642,#12649,#12656,#12663,#12670,#12677,#12684,#12691,
    #12698,#12705,#12712,#12719,#12726,#12733,#12740,#12747,#12754,
    #12761,#12768,#12775,#12782,#12789,#12796,#12803,#12810,#12817,
    #12824,#12831,#12838,#12845,#12852,#12859,#12866,#12873,#12880,
    #12887,#12894,#12901,#12908,#12915,#12922,#12929,#12936,#12943,
    #12950,#12957,#12964,#12971,#12978,#12985,#12992,#12999,#13006,
    #13013,#13020,#13027,#13034,#13041,#13048,#13055,#13062,#13069,
    #13076,#13083,#13090,#13097,#13104,#13111,#13118,#13125,#13132,
    #13139,#13146,#13153,#13160,#13167,#13174,#13181,#13188,#13195,
    #13202,#13209,#13216,#13223,#13230,#13237,#13244,#13251,#13258,
    #13265,#13272,#13279,#13286,#13293,#13300,#13307,#13314,#13321,
    #13328,#13335,#13342,#13349,#13356,#13363,#13370,#13377,#13384,
    #13391,#13398),#10133);
#12253 = STYLED_ITEM('color',(#12254),#5362);
#12254 = PRESENTATION_STYLE_ASSIGNMENT((#12255,#12261));
#12255 = SURFACE_STYLE_USAGE(.BOTH.,#12256);
#12256 = SURFACE_SIDE_STYLE('',(#12257));
#12257 = SURFACE_STYLE_FILL_AREA(#12258);
#12258 = FILL_AREA_STYLE('',(#12259));
#12259 = FILL_AREA_STYLE_COLOUR('',#12260);
#12260 = COLOUR_RGB('',0.509803943113,0.509803943113,0.588235317929);
#12261 = CURVE_STYLE('',#12262,POSITIVE_LENGTH_MEASURE(0.1),#12260);
#12262 = DRAUGHTING_PRE_DEFINED_CURVE_FONT('continuous');
#12263 = OVER_RIDING_STYLED_ITEM('overriding color',(#12264),#5364,
  #12253);
#12264 = PRESENTATION_STYLE_ASSIGNMENT((#12265));
#12265 = SURFACE_STYLE_USAGE(.BOTH.,#12266);
#12266 = SURFACE_SIDE_STYLE('',(#12267));
#12267 = SURFACE_STYLE_FILL_AREA(#12268);
#12268 = FILL_AREA_STYLE('',(#12269));
#12269 = FILL_AREA_STYLE_COLOUR('',#12260);
#12270 = OVER_RIDING_STYLED_ITEM('overriding color',(#12271),#5406,
  #12253);
#12271 = PRESENTATION_STYLE_ASSIGNMENT((#12272));
#12272 = SURFACE_STYLE_USAGE(.BOTH.,#12273);
#12273 = SURFACE_SIDE_STYLE('',(#12274));
#12274 = SURFACE_STYLE_FILL_AREA(#12275);
#12275 = FILL_AREA_STYLE('',(#12276));
#12276 = FILL_AREA_STYLE_COLOUR('',#12260);
#12277 = OVER_RIDING_STYLED_ITEM('overriding color',(#12278),#5438,
  #12253);
#12278 = PRESENTATION_STYLE_ASSIGNMENT((#12279));
#12279 = SURFACE_STYLE_USAGE(.BOTH.,#12280);
#12280 = SURFACE_SIDE_STYLE('',(#12281));
#12281 = SURFACE_STYLE_FILL_AREA(#12282);
#12282 = FILL_AREA_STYLE('',(#12283));
#12283 = FILL_AREA_STYLE_COLOUR('',#12260);
#12284 = OVER_RIDING_STYLED_ITEM('overriding color',(#12285),#5480,
  #12253);
#12285 = PRESENTATION_STYLE_ASSIGNMENT((#12286));
#12286 = SURFACE_STYLE_USAGE(.BOTH.,#12287);
#12287 = SURFACE_SIDE_STYLE('',(#12288));
#12288 = SURFACE_STYLE_FILL_AREA(#12289);
#12289 = FILL_AREA_STYLE('',(#12290));
#12290 = FILL_AREA_STYLE_COLOUR('',#12260);
#12291 = OVER_RIDING_STYLED_ITEM('overriding color',(#12292),#5522,
  #12253);
#12292 = PRESENTATION_STYLE_ASSIGNMENT((#12293));
#12293 = SURFACE_STYLE_USAGE(.BOTH.,#12294);
#12294 = SURFACE_SIDE_STYLE('',(#12295));
#12295 = SURFACE_STYLE_FILL_AREA(#12296);
#12296 = FILL_AREA_STYLE('',(#12297));
#12297 = FILL_AREA_STYLE_COLOUR('',#12260);
#12298 = OVER_RIDING_STYLED_ITEM('overriding color',(#12299),#5564,
  #12253);
#12299 = PRESENTATION_STYLE_ASSIGNMENT((#12300));
#12300 = SURFACE_STYLE_USAGE(.BOTH.,#12301);
#12301 = SURFACE_SIDE_STYLE('',(#12302));
#12302 = SURFACE_STYLE_FILL_AREA(#12303);
#12303 = FILL_AREA_STYLE('',(#12304));
#12304 = FILL_AREA_STYLE_COLOUR('',#12260);
#12305 = OVER_RIDING_STYLED_ITEM('overriding color',(#12306),#5606,
  #12253);
#12306 = PRESENTATION_STYLE_ASSIGNMENT((#12307));
#12307 = SURFACE_STYLE_USAGE(.BOTH.,#12308);
#12308 = SURFACE_SIDE_STYLE('',(#12309));
#12309 = SURFACE_STYLE_FILL_AREA(#12310);
#12310 = FILL_AREA_STYLE('',(#12311));
#12311 = FILL_AREA_STYLE_COLOUR('',#12260);
#12312 = OVER_RIDING_STYLED_ITEM('overriding color',(#12313),#5646,
  #12253);
#12313 = PRESENTATION_STYLE_ASSIGNMENT((#12314));
#12314 = SURFACE_STYLE_USAGE(.BOTH.,#12315);
#12315 = SURFACE_SIDE_STYLE('',(#12316));
#12316 = SURFACE_STYLE_FILL_AREA(#12317);
#12317 = FILL_AREA_STYLE('',(#12318));
#12318 = FILL_AREA_STYLE_COLOUR('',#12260);
#12319 = OVER_RIDING_STYLED_ITEM('overriding color',(#12320),#5690,
  #12253);
#12320 = PRESENTATION_STYLE_ASSIGNMENT((#12321));
#12321 = SURFACE_STYLE_USAGE(.BOTH.,#12322);
#12322 = SURFACE_SIDE_STYLE('',(#12323));
#12323 = SURFACE_STYLE_FILL_AREA(#12324);
#12324 = FILL_AREA_STYLE('',(#12325));
#12325 = FILL_AREA_STYLE_COLOUR('',#12260);
#12326 = OVER_RIDING_STYLED_ITEM('overriding color',(#12327),#5722,
  #12253);
#12327 = PRESENTATION_STYLE_ASSIGNMENT((#12328));
#12328 = SURFACE_STYLE_USAGE(.BOTH.,#12329);
#12329 = SURFACE_SIDE_STYLE('',(#12330));
#12330 = SURFACE_STYLE_FILL_AREA(#12331);
#12331 = FILL_AREA_STYLE('',(#12332));
#12332 = FILL_AREA_STYLE_COLOUR('',#12260);
#12333 = OVER_RIDING_STYLED_ITEM('overriding color',(#12334),#5756,
  #12253);
#12334 = PRESENTATION_STYLE_ASSIGNMENT((#12335));
#12335 = SURFACE_STYLE_USAGE(.BOTH.,#12336);
#12336 = SURFACE_SIDE_STYLE('',(#12337));
#12337 = SURFACE_STYLE_FILL_AREA(#12338);
#12338 = FILL_AREA_STYLE('',(#12339));
#12339 = FILL_AREA_STYLE_COLOUR('',#12260);
#12340 = OVER_RIDING_STYLED_ITEM('overriding color',(#12341),#5798,
  #12253);
#12341 = PRESENTATION_STYLE_ASSIGNMENT((#12342));
#12342 = SURFACE_STYLE_USAGE(.BOTH.,#12343);
#12343 = SURFACE_SIDE_STYLE('',(#12344));
#12344 = SURFACE_STYLE_FILL_AREA(#12345);
#12345 = FILL_AREA_STYLE('',(#12346));
#12346 = FILL_AREA_STYLE_COLOUR('',#12260);
#12347 = OVER_RIDING_STYLED_ITEM('overriding color',(#12348),#5840,
  #12253);
#12348 = PRESENTATION_STYLE_ASSIGNMENT((#12349));
#12349 = SURFACE_STYLE_USAGE(.BOTH.,#12350);
#12350 = SURFACE_SIDE_STYLE('',(#12351));
#12351 = SURFACE_STYLE_FILL_AREA(#12352);
#12352 = FILL_AREA_STYLE('',(#12353));
#12353 = FILL_AREA_STYLE_COLOUR('',#12260);
#12354 = OVER_RIDING_STYLED_ITEM('overriding color',(#12355),#5868,
  #12253);
#12355 = PRESENTATION_STYLE_ASSIGNMENT((#12356));
#12356 = SURFACE_STYLE_USAGE(.BOTH.,#12357);
#12357 = SURFACE_SIDE_STYLE('',(#12358));
#12358 = SURFACE_STYLE_FILL_AREA(#12359);
#12359 = FILL_AREA_STYLE('',(#12360));
#12360 = FILL_AREA_STYLE_COLOUR('',#12361);
#12361 = COLOUR_RGB('',1.,0.501960817233,0.250980406631);
#12362 = OVER_RIDING_STYLED_ITEM('overriding color',(#12363),#5910,
  #12253);
#12363 = PRESENTATION_STYLE_ASSIGNMENT((#12364));
#12364 = SURFACE_STYLE_USAGE(.BOTH.,#12365);
#12365 = SURFACE_SIDE_STYLE('',(#12366));
#12366 = SURFACE_STYLE_FILL_AREA(#12367);
#12367 = FILL_AREA_STYLE('',(#12368));
#12368 = FILL_AREA_STYLE_COLOUR('',#12361);
#12369 = OVER_RIDING_STYLED_ITEM('overriding color',(#12370),#5942,
  #12253);
#12370 = PRESENTATION_STYLE_ASSIGNMENT((#12371));
#12371 = SURFACE_STYLE_USAGE(.BOTH.,#12372);
#12372 = SURFACE_SIDE_STYLE('',(#12373));
#12373 = SURFACE_STYLE_FILL_AREA(#12374);
#12374 = FILL_AREA_STYLE('',(#12375));
#12375 = FILL_AREA_STYLE_COLOUR('',#12361);
#12376 = OVER_RIDING_STYLED_ITEM('overriding color',(#12377),#5974,
  #12253);
#12377 = PRESENTATION_STYLE_ASSIGNMENT((#12378));
#12378 = SURFACE_STYLE_USAGE(.BOTH.,#12379);
#12379 = SURFACE_SIDE_STYLE('',(#12380));
#12380 = SURFACE_STYLE_FILL_AREA(#12381);
#12381 = FILL_AREA_STYLE('',(#12382));
#12382 = FILL_AREA_STYLE_COLOUR('',#12361);
#12383 = OVER_RIDING_STYLED_ITEM('overriding color',(#12384),#5998,
  #12253);
#12384 = PRESENTATION_STYLE_ASSIGNMENT((#12385));
#12385 = SURFACE_STYLE_USAGE(.BOTH.,#12386);
#12386 = SURFACE_SIDE_STYLE('',(#12387));
#12387 = SURFACE_STYLE_FILL_AREA(#12388);
#12388 = FILL_AREA_STYLE('',(#12389));
#12389 = FILL_AREA_STYLE_COLOUR('',#12361);
#12390 = OVER_RIDING_STYLED_ITEM('overriding color',(#12391),#6016,
  #12253);
#12391 = PRESENTATION_STYLE_ASSIGNMENT((#12392));
#12392 = SURFACE_STYLE_USAGE(.BOTH.,#12393);
#12393 = SURFACE_SIDE_STYLE('',(#12394));
#12394 = SURFACE_STYLE_FILL_AREA(#12395);
#12395 = FILL_AREA_STYLE('',(#12396));
#12396 = FILL_AREA_STYLE_COLOUR('',#12361);
#12397 = OVER_RIDING_STYLED_ITEM('overriding color',(#12398),#6034,
  #12253);
#12398 = PRESENTATION_STYLE_ASSIGNMENT((#12399));
#12399 = SURFACE_STYLE_USAGE(.BOTH.,#12400);
#12400 = SURFACE_SIDE_STYLE('',(#12401));
#12401 = SURFACE_STYLE_FILL_AREA(#12402);
#12402 = FILL_AREA_STYLE('',(#12403));
#12403 = FILL_AREA_STYLE_COLOUR('',#12260);
#12404 = OVER_RIDING_STYLED_ITEM('overriding color',(#12405),#6052,
  #12253);
#12405 = PRESENTATION_STYLE_ASSIGNMENT((#12406));
#12406 = SURFACE_STYLE_USAGE(.BOTH.,#12407);
#12407 = SURFACE_SIDE_STYLE('',(#12408));
#12408 = SURFACE_STYLE_FILL_AREA(#12409);
#12409 = FILL_AREA_STYLE('',(#12410));
#12410 = FILL_AREA_STYLE_COLOUR('',#12260);
#12411 = OVER_RIDING_STYLED_ITEM('overriding color',(#12412),#6078,
  #12253);
#12412 = PRESENTATION_STYLE_ASSIGNMENT((#12413));
#12413 = SURFACE_STYLE_USAGE(.BOTH.,#12414);
#12414 = SURFACE_SIDE_STYLE('',(#12415));
#12415 = SURFACE_STYLE_FILL_AREA(#12416);
#12416 = FILL_AREA_STYLE('',(#12417));
#12417 = FILL_AREA_STYLE_COLOUR('',#12260);
#12418 = OVER_RIDING_STYLED_ITEM('overriding color',(#12419),#6090,
  #12253);
#12419 = PRESENTATION_STYLE_ASSIGNMENT((#12420));
#12420 = SURFACE_STYLE_USAGE(.BOTH.,#12421);
#12421 = SURFACE_SIDE_STYLE('',(#12422));
#12422 = SURFACE_STYLE_FILL_AREA(#12423);
#12423 = FILL_AREA_STYLE('',(#12424));
#12424 = FILL_AREA_STYLE_COLOUR('',#12260);
#12425 = OVER_RIDING_STYLED_ITEM('overriding color',(#12426),#6110,
  #12253);
#12426 = PRESENTATION_STYLE_ASSIGNMENT((#12427));
#12427 = SURFACE_STYLE_USAGE(.BOTH.,#12428);
#12428 = SURFACE_SIDE_STYLE('',(#12429));
#12429 = SURFACE_STYLE_FILL_AREA(#12430);
#12430 = FILL_AREA_STYLE('',(#12431));
#12431 = FILL_AREA_STYLE_COLOUR('',#12260);
#12432 = OVER_RIDING_STYLED_ITEM('overriding color',(#12433),#6122,
  #12253);
#12433 = PRESENTATION_STYLE_ASSIGNMENT((#12434));
#12434 = SURFACE_STYLE_USAGE(.BOTH.,#12435);
#12435 = SURFACE_SIDE_STYLE('',(#12436));
#12436 = SURFACE_STYLE_FILL_AREA(#12437);
#12437 = FILL_AREA_STYLE('',(#12438));
#12438 = FILL_AREA_STYLE_COLOUR('',#12260);
#12439 = OVER_RIDING_STYLED_ITEM('overriding color',(#12440),#6140,
  #12253);
#12440 = PRESENTATION_STYLE_ASSIGNMENT((#12441));
#12441 = SURFACE_STYLE_USAGE(.BOTH.,#12442);
#12442 = SURFACE_SIDE_STYLE('',(#12443));
#12443 = SURFACE_STYLE_FILL_AREA(#12444);
#12444 = FILL_AREA_STYLE('',(#12445));
#12445 = FILL_AREA_STYLE_COLOUR('',#12260);
#12446 = OVER_RIDING_STYLED_ITEM('overriding color',(#12447),#6158,
  #12253);
#12447 = PRESENTATION_STYLE_ASSIGNMENT((#12448));
#12448 = SURFACE_STYLE_USAGE(.BOTH.,#12449);
#12449 = SURFACE_SIDE_STYLE('',(#12450));
#12450 = SURFACE_STYLE_FILL_AREA(#12451);
#12451 = FILL_AREA_STYLE('',(#12452));
#12452 = FILL_AREA_STYLE_COLOUR('',#12260);
#12453 = OVER_RIDING_STYLED_ITEM('overriding color',(#12454),#6176,
  #12253);
#12454 = PRESENTATION_STYLE_ASSIGNMENT((#12455));
#12455 = SURFACE_STYLE_USAGE(.BOTH.,#12456);
#12456 = SURFACE_SIDE_STYLE('',(#12457));
#12457 = SURFACE_STYLE_FILL_AREA(#12458);
#12458 = FILL_AREA_STYLE('',(#12459));
#12459 = FILL_AREA_STYLE_COLOUR('',#12260);
#12460 = OVER_RIDING_STYLED_ITEM('overriding color',(#12461),#6196,
  #12253);
#12461 = PRESENTATION_STYLE_ASSIGNMENT((#12462));
#12462 = SURFACE_STYLE_USAGE(.BOTH.,#12463);
#12463 = SURFACE_SIDE_STYLE('',(#12464));
#12464 = SURFACE_STYLE_FILL_AREA(#12465);
#12465 = FILL_AREA_STYLE('',(#12466));
#12466 = FILL_AREA_STYLE_COLOUR('',#12260);
#12467 = OVER_RIDING_STYLED_ITEM('overriding color',(#12468),#6208,
  #12253);
#12468 = PRESENTATION_STYLE_ASSIGNMENT((#12469));
#12469 = SURFACE_STYLE_USAGE(.BOTH.,#12470);
#12470 = SURFACE_SIDE_STYLE('',(#12471));
#12471 = SURFACE_STYLE_FILL_AREA(#12472);
#12472 = FILL_AREA_STYLE('',(#12473));
#12473 = FILL_AREA_STYLE_COLOUR('',#12260);
#12474 = OVER_RIDING_STYLED_ITEM('overriding color',(#12475),#6226,
  #12253);
#12475 = PRESENTATION_STYLE_ASSIGNMENT((#12476));
#12476 = SURFACE_STYLE_USAGE(.BOTH.,#12477);
#12477 = SURFACE_SIDE_STYLE('',(#12478));
#12478 = SURFACE_STYLE_FILL_AREA(#12479);
#12479 = FILL_AREA_STYLE('',(#12480));
#12480 = FILL_AREA_STYLE_COLOUR('',#12260);
#12481 = OVER_RIDING_STYLED_ITEM('overriding color',(#12482),#6246,
  #12253);
#12482 = PRESENTATION_STYLE_ASSIGNMENT((#12483));
#12483 = SURFACE_STYLE_USAGE(.BOTH.,#12484);
#12484 = SURFACE_SIDE_STYLE('',(#12485));
#12485 = SURFACE_STYLE_FILL_AREA(#12486);
#12486 = FILL_AREA_STYLE('',(#12487));
#12487 = FILL_AREA_STYLE_COLOUR('',#12260);
#12488 = OVER_RIDING_STYLED_ITEM('overriding color',(#12489),#6264,
  #12253);
#12489 = PRESENTATION_STYLE_ASSIGNMENT((#12490));
#12490 = SURFACE_STYLE_USAGE(.BOTH.,#12491);
#12491 = SURFACE_SIDE_STYLE('',(#12492));
#12492 = SURFACE_STYLE_FILL_AREA(#12493);
#12493 = FILL_AREA_STYLE('',(#12494));
#12494 = FILL_AREA_STYLE_COLOUR('',#12260);
#12495 = OVER_RIDING_STYLED_ITEM('overriding color',(#12496),#6284,
  #12253);
#12496 = PRESENTATION_STYLE_ASSIGNMENT((#12497));
#12497 = SURFACE_STYLE_USAGE(.BOTH.,#12498);
#12498 = SURFACE_SIDE_STYLE('',(#12499));
#12499 = SURFACE_STYLE_FILL_AREA(#12500);
#12500 = FILL_AREA_STYLE('',(#12501));
#12501 = FILL_AREA_STYLE_COLOUR('',#12260);
#12502 = OVER_RIDING_STYLED_ITEM('overriding color',(#12503),#6302,
  #12253);
#12503 = PRESENTATION_STYLE_ASSIGNMENT((#12504));
#12504 = SURFACE_STYLE_USAGE(.BOTH.,#12505);
#12505 = SURFACE_SIDE_STYLE('',(#12506));
#12506 = SURFACE_STYLE_FILL_AREA(#12507);
#12507 = FILL_AREA_STYLE('',(#12508));
#12508 = FILL_AREA_STYLE_COLOUR('',#12260);
#12509 = OVER_RIDING_STYLED_ITEM('overriding color',(#12510),#6322,
  #12253);
#12510 = PRESENTATION_STYLE_ASSIGNMENT((#12511));
#12511 = SURFACE_STYLE_USAGE(.BOTH.,#12512);
#12512 = SURFACE_SIDE_STYLE('',(#12513));
#12513 = SURFACE_STYLE_FILL_AREA(#12514);
#12514 = FILL_AREA_STYLE('',(#12515));
#12515 = FILL_AREA_STYLE_COLOUR('',#12260);
#12516 = OVER_RIDING_STYLED_ITEM('overriding color',(#12517),#6340,
  #12253);
#12517 = PRESENTATION_STYLE_ASSIGNMENT((#12518));
#12518 = SURFACE_STYLE_USAGE(.BOTH.,#12519);
#12519 = SURFACE_SIDE_STYLE('',(#12520));
#12520 = SURFACE_STYLE_FILL_AREA(#12521);
#12521 = FILL_AREA_STYLE('',(#12522));
#12522 = FILL_AREA_STYLE_COLOUR('',#12260);
#12523 = OVER_RIDING_STYLED_ITEM('overriding color',(#12524),#6360,
  #12253);
#12524 = PRESENTATION_STYLE_ASSIGNMENT((#12525));
#12525 = SURFACE_STYLE_USAGE(.BOTH.,#12526);
#12526 = SURFACE_SIDE_STYLE('',(#12527));
#12527 = SURFACE_STYLE_FILL_AREA(#12528);
#12528 = FILL_AREA_STYLE('',(#12529));
#12529 = FILL_AREA_STYLE_COLOUR('',#12260);
#12530 = OVER_RIDING_STYLED_ITEM('overriding color',(#12531),#6378,
  #12253);
#12531 = PRESENTATION_STYLE_ASSIGNMENT((#12532));
#12532 = SURFACE_STYLE_USAGE(.BOTH.,#12533);
#12533 = SURFACE_SIDE_STYLE('',(#12534));
#12534 = SURFACE_STYLE_FILL_AREA(#12535);
#12535 = FILL_AREA_STYLE('',(#12536));
#12536 = FILL_AREA_STYLE_COLOUR('',#12260);
#12537 = OVER_RIDING_STYLED_ITEM('overriding color',(#12538),#6396,
  #12253);
#12538 = PRESENTATION_STYLE_ASSIGNMENT((#12539));
#12539 = SURFACE_STYLE_USAGE(.BOTH.,#12540);
#12540 = SURFACE_SIDE_STYLE('',(#12541));
#12541 = SURFACE_STYLE_FILL_AREA(#12542);
#12542 = FILL_AREA_STYLE('',(#12543));
#12543 = FILL_AREA_STYLE_COLOUR('',#12260);
#12544 = OVER_RIDING_STYLED_ITEM('overriding color',(#12545),#6412,
  #12253);
#12545 = PRESENTATION_STYLE_ASSIGNMENT((#12546));
#12546 = SURFACE_STYLE_USAGE(.BOTH.,#12547);
#12547 = SURFACE_SIDE_STYLE('',(#12548));
#12548 = SURFACE_STYLE_FILL_AREA(#12549);
#12549 = FILL_AREA_STYLE('',(#12550));
#12550 = FILL_AREA_STYLE_COLOUR('',#12260);
#12551 = OVER_RIDING_STYLED_ITEM('overriding color',(#12552),#6452,
  #12253);
#12552 = PRESENTATION_STYLE_ASSIGNMENT((#12553));
#12553 = SURFACE_STYLE_USAGE(.BOTH.,#12554);
#12554 = SURFACE_SIDE_STYLE('',(#12555));
#12555 = SURFACE_STYLE_FILL_AREA(#12556);
#12556 = FILL_AREA_STYLE('',(#12557));
#12557 = FILL_AREA_STYLE_COLOUR('',#12260);
#12558 = OVER_RIDING_STYLED_ITEM('overriding color',(#12559),#6483,
  #12253);
#12559 = PRESENTATION_STYLE_ASSIGNMENT((#12560));
#12560 = SURFACE_STYLE_USAGE(.BOTH.,#12561);
#12561 = SURFACE_SIDE_STYLE('',(#12562));
#12562 = SURFACE_STYLE_FILL_AREA(#12563);
#12563 = FILL_AREA_STYLE('',(#12564));
#12564 = FILL_AREA_STYLE_COLOUR('',#12260);
#12565 = OVER_RIDING_STYLED_ITEM('overriding color',(#12566),#6514,
  #12253);
#12566 = PRESENTATION_STYLE_ASSIGNMENT((#12567));
#12567 = SURFACE_STYLE_USAGE(.BOTH.,#12568);
#12568 = SURFACE_SIDE_STYLE('',(#12569));
#12569 = SURFACE_STYLE_FILL_AREA(#12570);
#12570 = FILL_AREA_STYLE('',(#12571));
#12571 = FILL_AREA_STYLE_COLOUR('',#12260);
#12572 = OVER_RIDING_STYLED_ITEM('overriding color',(#12573),#6545,
  #12253);
#12573 = PRESENTATION_STYLE_ASSIGNMENT((#12574));
#12574 = SURFACE_STYLE_USAGE(.BOTH.,#12575);
#12575 = SURFACE_SIDE_STYLE('',(#12576));
#12576 = SURFACE_STYLE_FILL_AREA(#12577);
#12577 = FILL_AREA_STYLE('',(#12578));
#12578 = FILL_AREA_STYLE_COLOUR('',#12260);
#12579 = OVER_RIDING_STYLED_ITEM('overriding color',(#12580),#6576,
  #12253);
#12580 = PRESENTATION_STYLE_ASSIGNMENT((#12581));
#12581 = SURFACE_STYLE_USAGE(.BOTH.,#12582);
#12582 = SURFACE_SIDE_STYLE('',(#12583));
#12583 = SURFACE_STYLE_FILL_AREA(#12584);
#12584 = FILL_AREA_STYLE('',(#12585));
#12585 = FILL_AREA_STYLE_COLOUR('',#12260);
#12586 = OVER_RIDING_STYLED_ITEM('overriding color',(#12587),#6607,
  #12253);
#12587 = PRESENTATION_STYLE_ASSIGNMENT((#12588));
#12588 = SURFACE_STYLE_USAGE(.BOTH.,#12589);
#12589 = SURFACE_SIDE_STYLE('',(#12590));
#12590 = SURFACE_STYLE_FILL_AREA(#12591);
#12591 = FILL_AREA_STYLE('',(#12592));
#12592 = FILL_AREA_STYLE_COLOUR('',#12260);
#12593 = OVER_RIDING_STYLED_ITEM('overriding color',(#12594),#6638,
  #12253);
#12594 = PRESENTATION_STYLE_ASSIGNMENT((#12595));
#12595 = SURFACE_STYLE_USAGE(.BOTH.,#12596);
#12596 = SURFACE_SIDE_STYLE('',(#12597));
#12597 = SURFACE_STYLE_FILL_AREA(#12598);
#12598 = FILL_AREA_STYLE('',(#12599));
#12599 = FILL_AREA_STYLE_COLOUR('',#12260);
#12600 = OVER_RIDING_STYLED_ITEM('overriding color',(#12601),#6669,
  #12253);
#12601 = PRESENTATION_STYLE_ASSIGNMENT((#12602));
#12602 = SURFACE_STYLE_USAGE(.BOTH.,#12603);
#12603 = SURFACE_SIDE_STYLE('',(#12604));
#12604 = SURFACE_STYLE_FILL_AREA(#12605);
#12605 = FILL_AREA_STYLE('',(#12606));
#12606 = FILL_AREA_STYLE_COLOUR('',#12260);
#12607 = OVER_RIDING_STYLED_ITEM('overriding color',(#12608),#6691,
  #12253);
#12608 = PRESENTATION_STYLE_ASSIGNMENT((#12609));
#12609 = SURFACE_STYLE_USAGE(.BOTH.,#12610);
#12610 = SURFACE_SIDE_STYLE('',(#12611));
#12611 = SURFACE_STYLE_FILL_AREA(#12612);
#12612 = FILL_AREA_STYLE('',(#12613));
#12613 = FILL_AREA_STYLE_COLOUR('',#12260);
#12614 = OVER_RIDING_STYLED_ITEM('overriding color',(#12615),#6731,
  #12253);
#12615 = PRESENTATION_STYLE_ASSIGNMENT((#12616));
#12616 = SURFACE_STYLE_USAGE(.BOTH.,#12617);
#12617 = SURFACE_SIDE_STYLE('',(#12618));
#12618 = SURFACE_STYLE_FILL_AREA(#12619);
#12619 = FILL_AREA_STYLE('',(#12620));
#12620 = FILL_AREA_STYLE_COLOUR('',#12260);
#12621 = OVER_RIDING_STYLED_ITEM('overriding color',(#12622),#6762,
  #12253);
#12622 = PRESENTATION_STYLE_ASSIGNMENT((#12623));
#12623 = SURFACE_STYLE_USAGE(.BOTH.,#12624);
#12624 = SURFACE_SIDE_STYLE('',(#12625));
#12625 = SURFACE_STYLE_FILL_AREA(#12626);
#12626 = FILL_AREA_STYLE('',(#12627));
#12627 = FILL_AREA_STYLE_COLOUR('',#12260);
#12628 = OVER_RIDING_STYLED_ITEM('overriding color',(#12629),#6793,
  #12253);
#12629 = PRESENTATION_STYLE_ASSIGNMENT((#12630));
#12630 = SURFACE_STYLE_USAGE(.BOTH.,#12631);
#12631 = SURFACE_SIDE_STYLE('',(#12632));
#12632 = SURFACE_STYLE_FILL_AREA(#12633);
#12633 = FILL_AREA_STYLE('',(#12634));
#12634 = FILL_AREA_STYLE_COLOUR('',#12260);
#12635 = OVER_RIDING_STYLED_ITEM('overriding color',(#12636),#6824,
  #12253);
#12636 = PRESENTATION_STYLE_ASSIGNMENT((#12637));
#12637 = SURFACE_STYLE_USAGE(.BOTH.,#12638);
#12638 = SURFACE_SIDE_STYLE('',(#12639));
#12639 = SURFACE_STYLE_FILL_AREA(#12640);
#12640 = FILL_AREA_STYLE('',(#12641));
#12641 = FILL_AREA_STYLE_COLOUR('',#12260);
#12642 = OVER_RIDING_STYLED_ITEM('overriding color',(#12643),#6855,
  #12253);
#12643 = PRESENTATION_STYLE_ASSIGNMENT((#12644));
#12644 = SURFACE_STYLE_USAGE(.BOTH.,#12645);
#12645 = SURFACE_SIDE_STYLE('',(#12646));
#12646 = SURFACE_STYLE_FILL_AREA(#12647);
#12647 = FILL_AREA_STYLE('',(#12648));
#12648 = FILL_AREA_STYLE_COLOUR('',#12260);
#12649 = OVER_RIDING_STYLED_ITEM('overriding color',(#12650),#6870,
  #12253);
#12650 = PRESENTATION_STYLE_ASSIGNMENT((#12651));
#12651 = SURFACE_STYLE_USAGE(.BOTH.,#12652);
#12652 = SURFACE_SIDE_STYLE('',(#12653));
#12653 = SURFACE_STYLE_FILL_AREA(#12654);
#12654 = FILL_AREA_STYLE('',(#12655));
#12655 = FILL_AREA_STYLE_COLOUR('',#12260);
#12656 = OVER_RIDING_STYLED_ITEM('overriding color',(#12657),#6885,
  #12253);
#12657 = PRESENTATION_STYLE_ASSIGNMENT((#12658));
#12658 = SURFACE_STYLE_USAGE(.BOTH.,#12659);
#12659 = SURFACE_SIDE_STYLE('',(#12660));
#12660 = SURFACE_STYLE_FILL_AREA(#12661);
#12661 = FILL_AREA_STYLE('',(#12662));
#12662 = FILL_AREA_STYLE_COLOUR('',#12260);
#12663 = OVER_RIDING_STYLED_ITEM('overriding color',(#12664),#6916,
  #12253);
#12664 = PRESENTATION_STYLE_ASSIGNMENT((#12665));
#12665 = SURFACE_STYLE_USAGE(.BOTH.,#12666);
#12666 = SURFACE_SIDE_STYLE('',(#12667));
#12667 = SURFACE_STYLE_FILL_AREA(#12668);
#12668 = FILL_AREA_STYLE('',(#12669));
#12669 = FILL_AREA_STYLE_COLOUR('',#12260);
#12670 = OVER_RIDING_STYLED_ITEM('overriding color',(#12671),#6947,
  #12253);
#12671 = PRESENTATION_STYLE_ASSIGNMENT((#12672));
#12672 = SURFACE_STYLE_USAGE(.BOTH.,#12673);
#12673 = SURFACE_SIDE_STYLE('',(#12674));
#12674 = SURFACE_STYLE_FILL_AREA(#12675);
#12675 = FILL_AREA_STYLE('',(#12676));
#12676 = FILL_AREA_STYLE_COLOUR('',#12260);
#12677 = OVER_RIDING_STYLED_ITEM('overriding color',(#12678),#6978,
  #12253);
#12678 = PRESENTATION_STYLE_ASSIGNMENT((#12679));
#12679 = SURFACE_STYLE_USAGE(.BOTH.,#12680);
#12680 = SURFACE_SIDE_STYLE('',(#12681));
#12681 = SURFACE_STYLE_FILL_AREA(#12682);
#12682 = FILL_AREA_STYLE('',(#12683));
#12683 = FILL_AREA_STYLE_COLOUR('',#12260);
#12684 = OVER_RIDING_STYLED_ITEM('overriding color',(#12685),#7009,
  #12253);
#12685 = PRESENTATION_STYLE_ASSIGNMENT((#12686));
#12686 = SURFACE_STYLE_USAGE(.BOTH.,#12687);
#12687 = SURFACE_SIDE_STYLE('',(#12688));
#12688 = SURFACE_STYLE_FILL_AREA(#12689);
#12689 = FILL_AREA_STYLE('',(#12690));
#12690 = FILL_AREA_STYLE_COLOUR('',#12260);
#12691 = OVER_RIDING_STYLED_ITEM('overriding color',(#12692),#7040,
  #12253);
#12692 = PRESENTATION_STYLE_ASSIGNMENT((#12693));
#12693 = SURFACE_STYLE_USAGE(.BOTH.,#12694);
#12694 = SURFACE_SIDE_STYLE('',(#12695));
#12695 = SURFACE_STYLE_FILL_AREA(#12696);
#12696 = FILL_AREA_STYLE('',(#12697));
#12697 = FILL_AREA_STYLE_COLOUR('',#12260);
#12698 = OVER_RIDING_STYLED_ITEM('overriding color',(#12699),#7055,
  #12253);
#12699 = PRESENTATION_STYLE_ASSIGNMENT((#12700));
#12700 = SURFACE_STYLE_USAGE(.BOTH.,#12701);
#12701 = SURFACE_SIDE_STYLE('',(#12702));
#12702 = SURFACE_STYLE_FILL_AREA(#12703);
#12703 = FILL_AREA_STYLE('',(#12704));
#12704 = FILL_AREA_STYLE_COLOUR('',#12260);
#12705 = OVER_RIDING_STYLED_ITEM('overriding color',(#12706),#7070,
  #12253);
#12706 = PRESENTATION_STYLE_ASSIGNMENT((#12707));
#12707 = SURFACE_STYLE_USAGE(.BOTH.,#12708);
#12708 = SURFACE_SIDE_STYLE('',(#12709));
#12709 = SURFACE_STYLE_FILL_AREA(#12710);
#12710 = FILL_AREA_STYLE('',(#12711));
#12711 = FILL_AREA_STYLE_COLOUR('',#12260);
#12712 = OVER_RIDING_STYLED_ITEM('overriding color',(#12713),#7101,
  #12253);
#12713 = PRESENTATION_STYLE_ASSIGNMENT((#12714));
#12714 = SURFACE_STYLE_USAGE(.BOTH.,#12715);
#12715 = SURFACE_SIDE_STYLE('',(#12716));
#12716 = SURFACE_STYLE_FILL_AREA(#12717);
#12717 = FILL_AREA_STYLE('',(#12718));
#12718 = FILL_AREA_STYLE_COLOUR('',#12260);
#12719 = OVER_RIDING_STYLED_ITEM('overriding color',(#12720),#7132,
  #12253);
#12720 = PRESENTATION_STYLE_ASSIGNMENT((#12721));
#12721 = SURFACE_STYLE_USAGE(.BOTH.,#12722);
#12722 = SURFACE_SIDE_STYLE('',(#12723));
#12723 = SURFACE_STYLE_FILL_AREA(#12724);
#12724 = FILL_AREA_STYLE('',(#12725));
#12725 = FILL_AREA_STYLE_COLOUR('',#12260);
#12726 = OVER_RIDING_STYLED_ITEM('overriding color',(#12727),#7163,
  #12253);
#12727 = PRESENTATION_STYLE_ASSIGNMENT((#12728));
#12728 = SURFACE_STYLE_USAGE(.BOTH.,#12729);
#12729 = SURFACE_SIDE_STYLE('',(#12730));
#12730 = SURFACE_STYLE_FILL_AREA(#12731);
#12731 = FILL_AREA_STYLE('',(#12732));
#12732 = FILL_AREA_STYLE_COLOUR('',#12260);
#12733 = OVER_RIDING_STYLED_ITEM('overriding color',(#12734),#7194,
  #12253);
#12734 = PRESENTATION_STYLE_ASSIGNMENT((#12735));
#12735 = SURFACE_STYLE_USAGE(.BOTH.,#12736);
#12736 = SURFACE_SIDE_STYLE('',(#12737));
#12737 = SURFACE_STYLE_FILL_AREA(#12738);
#12738 = FILL_AREA_STYLE('',(#12739));
#12739 = FILL_AREA_STYLE_COLOUR('',#12260);
#12740 = OVER_RIDING_STYLED_ITEM('overriding color',(#12741),#7225,
  #12253);
#12741 = PRESENTATION_STYLE_ASSIGNMENT((#12742));
#12742 = SURFACE_STYLE_USAGE(.BOTH.,#12743);
#12743 = SURFACE_SIDE_STYLE('',(#12744));
#12744 = SURFACE_STYLE_FILL_AREA(#12745);
#12745 = FILL_AREA_STYLE('',(#12746));
#12746 = FILL_AREA_STYLE_COLOUR('',#12260);
#12747 = OVER_RIDING_STYLED_ITEM('overriding color',(#12748),#7256,
  #12253);
#12748 = PRESENTATION_STYLE_ASSIGNMENT((#12749));
#12749 = SURFACE_STYLE_USAGE(.BOTH.,#12750);
#12750 = SURFACE_SIDE_STYLE('',(#12751));
#12751 = SURFACE_STYLE_FILL_AREA(#12752);
#12752 = FILL_AREA_STYLE('',(#12753));
#12753 = FILL_AREA_STYLE_COLOUR('',#12260);
#12754 = OVER_RIDING_STYLED_ITEM('overriding color',(#12755),#7287,
  #12253);
#12755 = PRESENTATION_STYLE_ASSIGNMENT((#12756));
#12756 = SURFACE_STYLE_USAGE(.BOTH.,#12757);
#12757 = SURFACE_SIDE_STYLE('',(#12758));
#12758 = SURFACE_STYLE_FILL_AREA(#12759);
#12759 = FILL_AREA_STYLE('',(#12760));
#12760 = FILL_AREA_STYLE_COLOUR('',#12260);
#12761 = OVER_RIDING_STYLED_ITEM('overriding color',(#12762),#7318,
  #12253);
#12762 = PRESENTATION_STYLE_ASSIGNMENT((#12763));
#12763 = SURFACE_STYLE_USAGE(.BOTH.,#12764);
#12764 = SURFACE_SIDE_STYLE('',(#12765));
#12765 = SURFACE_STYLE_FILL_AREA(#12766);
#12766 = FILL_AREA_STYLE('',(#12767));
#12767 = FILL_AREA_STYLE_COLOUR('',#12260);
#12768 = OVER_RIDING_STYLED_ITEM('overriding color',(#12769),#7349,
  #12253);
#12769 = PRESENTATION_STYLE_ASSIGNMENT((#12770));
#12770 = SURFACE_STYLE_USAGE(.BOTH.,#12771);
#12771 = SURFACE_SIDE_STYLE('',(#12772));
#12772 = SURFACE_STYLE_FILL_AREA(#12773);
#12773 = FILL_AREA_STYLE('',(#12774));
#12774 = FILL_AREA_STYLE_COLOUR('',#12260);
#12775 = OVER_RIDING_STYLED_ITEM('overriding color',(#12776),#7380,
  #12253);
#12776 = PRESENTATION_STYLE_ASSIGNMENT((#12777));
#12777 = SURFACE_STYLE_USAGE(.BOTH.,#12778);
#12778 = SURFACE_SIDE_STYLE('',(#12779));
#12779 = SURFACE_STYLE_FILL_AREA(#12780);
#12780 = FILL_AREA_STYLE('',(#12781));
#12781 = FILL_AREA_STYLE_COLOUR('',#12260);
#12782 = OVER_RIDING_STYLED_ITEM('overriding color',(#12783),#7411,
  #12253);
#12783 = PRESENTATION_STYLE_ASSIGNMENT((#12784));
#12784 = SURFACE_STYLE_USAGE(.BOTH.,#12785);
#12785 = SURFACE_SIDE_STYLE('',(#12786));
#12786 = SURFACE_STYLE_FILL_AREA(#12787);
#12787 = FILL_AREA_STYLE('',(#12788));
#12788 = FILL_AREA_STYLE_COLOUR('',#12260);
#12789 = OVER_RIDING_STYLED_ITEM('overriding color',(#12790),#7442,
  #12253);
#12790 = PRESENTATION_STYLE_ASSIGNMENT((#12791));
#12791 = SURFACE_STYLE_USAGE(.BOTH.,#12792);
#12792 = SURFACE_SIDE_STYLE('',(#12793));
#12793 = SURFACE_STYLE_FILL_AREA(#12794);
#12794 = FILL_AREA_STYLE('',(#12795));
#12795 = FILL_AREA_STYLE_COLOUR('',#12260);
#12796 = OVER_RIDING_STYLED_ITEM('overriding color',(#12797),#7473,
  #12253);
#12797 = PRESENTATION_STYLE_ASSIGNMENT((#12798));
#12798 = SURFACE_STYLE_USAGE(.BOTH.,#12799);
#12799 = SURFACE_SIDE_STYLE('',(#12800));
#12800 = SURFACE_STYLE_FILL_AREA(#12801);
#12801 = FILL_AREA_STYLE('',(#12802));
#12802 = FILL_AREA_STYLE_COLOUR('',#12260);
#12803 = OVER_RIDING_STYLED_ITEM('overriding color',(#12804),#7495,
  #12253);
#12804 = PRESENTATION_STYLE_ASSIGNMENT((#12805));
#12805 = SURFACE_STYLE_USAGE(.BOTH.,#12806);
#12806 = SURFACE_SIDE_STYLE('',(#12807));
#12807 = SURFACE_STYLE_FILL_AREA(#12808);
#12808 = FILL_AREA_STYLE('',(#12809));
#12809 = FILL_AREA_STYLE_COLOUR('',#12260);
#12810 = OVER_RIDING_STYLED_ITEM('overriding color',(#12811),#7538,
  #12253);
#12811 = PRESENTATION_STYLE_ASSIGNMENT((#12812));
#12812 = SURFACE_STYLE_USAGE(.BOTH.,#12813);
#12813 = SURFACE_SIDE_STYLE('',(#12814));
#12814 = SURFACE_STYLE_FILL_AREA(#12815);
#12815 = FILL_AREA_STYLE('',(#12816));
#12816 = FILL_AREA_STYLE_COLOUR('',#12260);
#12817 = OVER_RIDING_STYLED_ITEM('overriding color',(#12818),#7583,
  #12253);
#12818 = PRESENTATION_STYLE_ASSIGNMENT((#12819));
#12819 = SURFACE_STYLE_USAGE(.BOTH.,#12820);
#12820 = SURFACE_SIDE_STYLE('',(#12821));
#12821 = SURFACE_STYLE_FILL_AREA(#12822);
#12822 = FILL_AREA_STYLE('',(#12823));
#12823 = FILL_AREA_STYLE_COLOUR('',#12260);
#12824 = OVER_RIDING_STYLED_ITEM('overriding color',(#12825),#7623,
  #12253);
#12825 = PRESENTATION_STYLE_ASSIGNMENT((#12826));
#12826 = SURFACE_STYLE_USAGE(.BOTH.,#12827);
#12827 = SURFACE_SIDE_STYLE('',(#12828));
#12828 = SURFACE_STYLE_FILL_AREA(#12829);
#12829 = FILL_AREA_STYLE('',(#12830));
#12830 = FILL_AREA_STYLE_COLOUR('',#12260);
#12831 = OVER_RIDING_STYLED_ITEM('overriding color',(#12832),#7654,
  #12253);
#12832 = PRESENTATION_STYLE_ASSIGNMENT((#12833));
#12833 = SURFACE_STYLE_USAGE(.BOTH.,#12834);
#12834 = SURFACE_SIDE_STYLE('',(#12835));
#12835 = SURFACE_STYLE_FILL_AREA(#12836);
#12836 = FILL_AREA_STYLE('',(#12837));
#12837 = FILL_AREA_STYLE_COLOUR('',#12260);
#12838 = OVER_RIDING_STYLED_ITEM('overriding color',(#12839),#7685,
  #12253);
#12839 = PRESENTATION_STYLE_ASSIGNMENT((#12840));
#12840 = SURFACE_STYLE_USAGE(.BOTH.,#12841);
#12841 = SURFACE_SIDE_STYLE('',(#12842));
#12842 = SURFACE_STYLE_FILL_AREA(#12843);
#12843 = FILL_AREA_STYLE('',(#12844));
#12844 = FILL_AREA_STYLE_COLOUR('',#12260);
#12845 = OVER_RIDING_STYLED_ITEM('overriding color',(#12846),#7716,
  #12253);
#12846 = PRESENTATION_STYLE_ASSIGNMENT((#12847));
#12847 = SURFACE_STYLE_USAGE(.BOTH.,#12848);
#12848 = SURFACE_SIDE_STYLE('',(#12849));
#12849 = SURFACE_STYLE_FILL_AREA(#12850);
#12850 = FILL_AREA_STYLE('',(#12851));
#12851 = FILL_AREA_STYLE_COLOUR('',#12260);
#12852 = OVER_RIDING_STYLED_ITEM('overriding color',(#12853),#7747,
  #12253);
#12853 = PRESENTATION_STYLE_ASSIGNMENT((#12854));
#12854 = SURFACE_STYLE_USAGE(.BOTH.,#12855);
#12855 = SURFACE_SIDE_STYLE('',(#12856));
#12856 = SURFACE_STYLE_FILL_AREA(#12857);
#12857 = FILL_AREA_STYLE('',(#12858));
#12858 = FILL_AREA_STYLE_COLOUR('',#12260);
#12859 = OVER_RIDING_STYLED_ITEM('overriding color',(#12860),#7778,
  #12253);
#12860 = PRESENTATION_STYLE_ASSIGNMENT((#12861));
#12861 = SURFACE_STYLE_USAGE(.BOTH.,#12862);
#12862 = SURFACE_SIDE_STYLE('',(#12863));
#12863 = SURFACE_STYLE_FILL_AREA(#12864);
#12864 = FILL_AREA_STYLE('',(#12865));
#12865 = FILL_AREA_STYLE_COLOUR('',#12260);
#12866 = OVER_RIDING_STYLED_ITEM('overriding color',(#12867),#7809,
  #12253);
#12867 = PRESENTATION_STYLE_ASSIGNMENT((#12868));
#12868 = SURFACE_STYLE_USAGE(.BOTH.,#12869);
#12869 = SURFACE_SIDE_STYLE('',(#12870));
#12870 = SURFACE_STYLE_FILL_AREA(#12871);
#12871 = FILL_AREA_STYLE('',(#12872));
#12872 = FILL_AREA_STYLE_COLOUR('',#12260);
#12873 = OVER_RIDING_STYLED_ITEM('overriding color',(#12874),#7840,
  #12253);
#12874 = PRESENTATION_STYLE_ASSIGNMENT((#12875));
#12875 = SURFACE_STYLE_USAGE(.BOTH.,#12876);
#12876 = SURFACE_SIDE_STYLE('',(#12877));
#12877 = SURFACE_STYLE_FILL_AREA(#12878);
#12878 = FILL_AREA_STYLE('',(#12879));
#12879 = FILL_AREA_STYLE_COLOUR('',#12260);
#12880 = OVER_RIDING_STYLED_ITEM('overriding color',(#12881),#7871,
  #12253);
#12881 = PRESENTATION_STYLE_ASSIGNMENT((#12882));
#12882 = SURFACE_STYLE_USAGE(.BOTH.,#12883);
#12883 = SURFACE_SIDE_STYLE('',(#12884));
#12884 = SURFACE_STYLE_FILL_AREA(#12885);
#12885 = FILL_AREA_STYLE('',(#12886));
#12886 = FILL_AREA_STYLE_COLOUR('',#12260);
#12887 = OVER_RIDING_STYLED_ITEM('overriding color',(#12888),#7902,
  #12253);
#12888 = PRESENTATION_STYLE_ASSIGNMENT((#12889));
#12889 = SURFACE_STYLE_USAGE(.BOTH.,#12890);
#12890 = SURFACE_SIDE_STYLE('',(#12891));
#12891 = SURFACE_STYLE_FILL_AREA(#12892);
#12892 = FILL_AREA_STYLE('',(#12893));
#12893 = FILL_AREA_STYLE_COLOUR('',#12260);
#12894 = OVER_RIDING_STYLED_ITEM('overriding color',(#12895),#7933,
  #12253);
#12895 = PRESENTATION_STYLE_ASSIGNMENT((#12896));
#12896 = SURFACE_STYLE_USAGE(.BOTH.,#12897);
#12897 = SURFACE_SIDE_STYLE('',(#12898));
#12898 = SURFACE_STYLE_FILL_AREA(#12899);
#12899 = FILL_AREA_STYLE('',(#12900));
#12900 = FILL_AREA_STYLE_COLOUR('',#12260);
#12901 = OVER_RIDING_STYLED_ITEM('overriding color',(#12902),#7955,
  #12253);
#12902 = PRESENTATION_STYLE_ASSIGNMENT((#12903));
#12903 = SURFACE_STYLE_USAGE(.BOTH.,#12904);
#12904 = SURFACE_SIDE_STYLE('',(#12905));
#12905 = SURFACE_STYLE_FILL_AREA(#12906);
#12906 = FILL_AREA_STYLE('',(#12907));
#12907 = FILL_AREA_STYLE_COLOUR('',#12260);
#12908 = OVER_RIDING_STYLED_ITEM('overriding color',(#12909),#7975,
  #12253);
#12909 = PRESENTATION_STYLE_ASSIGNMENT((#12910));
#12910 = SURFACE_STYLE_USAGE(.BOTH.,#12911);
#12911 = SURFACE_SIDE_STYLE('',(#12912));
#12912 = SURFACE_STYLE_FILL_AREA(#12913);
#12913 = FILL_AREA_STYLE('',(#12914));
#12914 = FILL_AREA_STYLE_COLOUR('',#12260);
#12915 = OVER_RIDING_STYLED_ITEM('overriding color',(#12916),#7997,
  #12253);
#12916 = PRESENTATION_STYLE_ASSIGNMENT((#12917));
#12917 = SURFACE_STYLE_USAGE(.BOTH.,#12918);
#12918 = SURFACE_SIDE_STYLE('',(#12919));
#12919 = SURFACE_STYLE_FILL_AREA(#12920);
#12920 = FILL_AREA_STYLE('',(#12921));
#12921 = FILL_AREA_STYLE_COLOUR('',#12260);
#12922 = OVER_RIDING_STYLED_ITEM('overriding color',(#12923),#8037,
  #12253);
#12923 = PRESENTATION_STYLE_ASSIGNMENT((#12924));
#12924 = SURFACE_STYLE_USAGE(.BOTH.,#12925);
#12925 = SURFACE_SIDE_STYLE('',(#12926));
#12926 = SURFACE_STYLE_FILL_AREA(#12927);
#12927 = FILL_AREA_STYLE('',(#12928));
#12928 = FILL_AREA_STYLE_COLOUR('',#12260);
#12929 = OVER_RIDING_STYLED_ITEM('overriding color',(#12930),#8068,
  #12253);
#12930 = PRESENTATION_STYLE_ASSIGNMENT((#12931));
#12931 = SURFACE_STYLE_USAGE(.BOTH.,#12932);
#12932 = SURFACE_SIDE_STYLE('',(#12933));
#12933 = SURFACE_STYLE_FILL_AREA(#12934);
#12934 = FILL_AREA_STYLE('',(#12935));
#12935 = FILL_AREA_STYLE_COLOUR('',#12260);
#12936 = OVER_RIDING_STYLED_ITEM('overriding color',(#12937),#8099,
  #12253);
#12937 = PRESENTATION_STYLE_ASSIGNMENT((#12938));
#12938 = SURFACE_STYLE_USAGE(.BOTH.,#12939);
#12939 = SURFACE_SIDE_STYLE('',(#12940));
#12940 = SURFACE_STYLE_FILL_AREA(#12941);
#12941 = FILL_AREA_STYLE('',(#12942));
#12942 = FILL_AREA_STYLE_COLOUR('',#12260);
#12943 = OVER_RIDING_STYLED_ITEM('overriding color',(#12944),#8130,
  #12253);
#12944 = PRESENTATION_STYLE_ASSIGNMENT((#12945));
#12945 = SURFACE_STYLE_USAGE(.BOTH.,#12946);
#12946 = SURFACE_SIDE_STYLE('',(#12947));
#12947 = SURFACE_STYLE_FILL_AREA(#12948);
#12948 = FILL_AREA_STYLE('',(#12949));
#12949 = FILL_AREA_STYLE_COLOUR('',#12260);
#12950 = OVER_RIDING_STYLED_ITEM('overriding color',(#12951),#8161,
  #12253);
#12951 = PRESENTATION_STYLE_ASSIGNMENT((#12952));
#12952 = SURFACE_STYLE_USAGE(.BOTH.,#12953);
#12953 = SURFACE_SIDE_STYLE('',(#12954));
#12954 = SURFACE_STYLE_FILL_AREA(#12955);
#12955 = FILL_AREA_STYLE('',(#12956));
#12956 = FILL_AREA_STYLE_COLOUR('',#12260);
#12957 = OVER_RIDING_STYLED_ITEM('overriding color',(#12958),#8192,
  #12253);
#12958 = PRESENTATION_STYLE_ASSIGNMENT((#12959));
#12959 = SURFACE_STYLE_USAGE(.BOTH.,#12960);
#12960 = SURFACE_SIDE_STYLE('',(#12961));
#12961 = SURFACE_STYLE_FILL_AREA(#12962);
#12962 = FILL_AREA_STYLE('',(#12963));
#12963 = FILL_AREA_STYLE_COLOUR('',#12260);
#12964 = OVER_RIDING_STYLED_ITEM('overriding color',(#12965),#8223,
  #12253);
#12965 = PRESENTATION_STYLE_ASSIGNMENT((#12966));
#12966 = SURFACE_STYLE_USAGE(.BOTH.,#12967);
#12967 = SURFACE_SIDE_STYLE('',(#12968));
#12968 = SURFACE_STYLE_FILL_AREA(#12969);
#12969 = FILL_AREA_STYLE('',(#12970));
#12970 = FILL_AREA_STYLE_COLOUR('',#12260);
#12971 = OVER_RIDING_STYLED_ITEM('overriding color',(#12972),#8254,
  #12253);
#12972 = PRESENTATION_STYLE_ASSIGNMENT((#12973));
#12973 = SURFACE_STYLE_USAGE(.BOTH.,#12974);
#12974 = SURFACE_SIDE_STYLE('',(#12975));
#12975 = SURFACE_STYLE_FILL_AREA(#12976);
#12976 = FILL_AREA_STYLE('',(#12977));
#12977 = FILL_AREA_STYLE_COLOUR('',#12260);
#12978 = OVER_RIDING_STYLED_ITEM('overriding color',(#12979),#8285,
  #12253);
#12979 = PRESENTATION_STYLE_ASSIGNMENT((#12980));
#12980 = SURFACE_STYLE_USAGE(.BOTH.,#12981);
#12981 = SURFACE_SIDE_STYLE('',(#12982));
#12982 = SURFACE_STYLE_FILL_AREA(#12983);
#12983 = FILL_AREA_STYLE('',(#12984));
#12984 = FILL_AREA_STYLE_COLOUR('',#12260);
#12985 = OVER_RIDING_STYLED_ITEM('overriding color',(#12986),#8316,
  #12253);
#12986 = PRESENTATION_STYLE_ASSIGNMENT((#12987));
#12987 = SURFACE_STYLE_USAGE(.BOTH.,#12988);
#12988 = SURFACE_SIDE_STYLE('',(#12989));
#12989 = SURFACE_STYLE_FILL_AREA(#12990);
#12990 = FILL_AREA_STYLE('',(#12991));
#12991 = FILL_AREA_STYLE_COLOUR('',#12260);
#12992 = OVER_RIDING_STYLED_ITEM('overriding color',(#12993),#8347,
  #12253);
#12993 = PRESENTATION_STYLE_ASSIGNMENT((#12994));
#12994 = SURFACE_STYLE_USAGE(.BOTH.,#12995);
#12995 = SURFACE_SIDE_STYLE('',(#12996));
#12996 = SURFACE_STYLE_FILL_AREA(#12997);
#12997 = FILL_AREA_STYLE('',(#12998));
#12998 = FILL_AREA_STYLE_COLOUR('',#12260);
#12999 = OVER_RIDING_STYLED_ITEM('overriding color',(#13000),#8378,
  #12253);
#13000 = PRESENTATION_STYLE_ASSIGNMENT((#13001));
#13001 = SURFACE_STYLE_USAGE(.BOTH.,#13002);
#13002 = SURFACE_SIDE_STYLE('',(#13003));
#13003 = SURFACE_STYLE_FILL_AREA(#13004);
#13004 = FILL_AREA_STYLE('',(#13005));
#13005 = FILL_AREA_STYLE_COLOUR('',#12260);
#13006 = OVER_RIDING_STYLED_ITEM('overriding color',(#13007),#8409,
  #12253);
#13007 = PRESENTATION_STYLE_ASSIGNMENT((#13008));
#13008 = SURFACE_STYLE_USAGE(.BOTH.,#13009);
#13009 = SURFACE_SIDE_STYLE('',(#13010));
#13010 = SURFACE_STYLE_FILL_AREA(#13011);
#13011 = FILL_AREA_STYLE('',(#13012));
#13012 = FILL_AREA_STYLE_COLOUR('',#12260);
#13013 = OVER_RIDING_STYLED_ITEM('overriding color',(#13014),#8431,
  #12253);
#13014 = PRESENTATION_STYLE_ASSIGNMENT((#13015));
#13015 = SURFACE_STYLE_USAGE(.BOTH.,#13016);
#13016 = SURFACE_SIDE_STYLE('',(#13017));
#13017 = SURFACE_STYLE_FILL_AREA(#13018);
#13018 = FILL_AREA_STYLE('',(#13019));
#13019 = FILL_AREA_STYLE_COLOUR('',#12260);
#13020 = OVER_RIDING_STYLED_ITEM('overriding color',(#13021),#8471,
  #12253);
#13021 = PRESENTATION_STYLE_ASSIGNMENT((#13022));
#13022 = SURFACE_STYLE_USAGE(.BOTH.,#13023);
#13023 = SURFACE_SIDE_STYLE('',(#13024));
#13024 = SURFACE_STYLE_FILL_AREA(#13025);
#13025 = FILL_AREA_STYLE('',(#13026));
#13026 = FILL_AREA_STYLE_COLOUR('',#12260);
#13027 = OVER_RIDING_STYLED_ITEM('overriding color',(#13028),#8502,
  #12253);
#13028 = PRESENTATION_STYLE_ASSIGNMENT((#13029));
#13029 = SURFACE_STYLE_USAGE(.BOTH.,#13030);
#13030 = SURFACE_SIDE_STYLE('',(#13031));
#13031 = SURFACE_STYLE_FILL_AREA(#13032);
#13032 = FILL_AREA_STYLE('',(#13033));
#13033 = FILL_AREA_STYLE_COLOUR('',#12260);
#13034 = OVER_RIDING_STYLED_ITEM('overriding color',(#13035),#8533,
  #12253);
#13035 = PRESENTATION_STYLE_ASSIGNMENT((#13036));
#13036 = SURFACE_STYLE_USAGE(.BOTH.,#13037);
#13037 = SURFACE_SIDE_STYLE('',(#13038));
#13038 = SURFACE_STYLE_FILL_AREA(#13039);
#13039 = FILL_AREA_STYLE('',(#13040));
#13040 = FILL_AREA_STYLE_COLOUR('',#12260);
#13041 = OVER_RIDING_STYLED_ITEM('overriding color',(#13042),#8564,
  #12253);
#13042 = PRESENTATION_STYLE_ASSIGNMENT((#13043));
#13043 = SURFACE_STYLE_USAGE(.BOTH.,#13044);
#13044 = SURFACE_SIDE_STYLE('',(#13045));
#13045 = SURFACE_STYLE_FILL_AREA(#13046);
#13046 = FILL_AREA_STYLE('',(#13047));
#13047 = FILL_AREA_STYLE_COLOUR('',#12260);
#13048 = OVER_RIDING_STYLED_ITEM('overriding color',(#13049),#8595,
  #12253);
#13049 = PRESENTATION_STYLE_ASSIGNMENT((#13050));
#13050 = SURFACE_STYLE_USAGE(.BOTH.,#13051);
#13051 = SURFACE_SIDE_STYLE('',(#13052));
#13052 = SURFACE_STYLE_FILL_AREA(#13053);
#13053 = FILL_AREA_STYLE('',(#13054));
#13054 = FILL_AREA_STYLE_COLOUR('',#12260);
#13055 = OVER_RIDING_STYLED_ITEM('overriding color',(#13056),#8626,
  #12253);
#13056 = PRESENTATION_STYLE_ASSIGNMENT((#13057));
#13057 = SURFACE_STYLE_USAGE(.BOTH.,#13058);
#13058 = SURFACE_SIDE_STYLE('',(#13059));
#13059 = SURFACE_STYLE_FILL_AREA(#13060);
#13060 = FILL_AREA_STYLE('',(#13061));
#13061 = FILL_AREA_STYLE_COLOUR('',#12260);
#13062 = OVER_RIDING_STYLED_ITEM('overriding color',(#13063),#8657,
  #12253);
#13063 = PRESENTATION_STYLE_ASSIGNMENT((#13064));
#13064 = SURFACE_STYLE_USAGE(.BOTH.,#13065);
#13065 = SURFACE_SIDE_STYLE('',(#13066));
#13066 = SURFACE_STYLE_FILL_AREA(#13067);
#13067 = FILL_AREA_STYLE('',(#13068));
#13068 = FILL_AREA_STYLE_COLOUR('',#12260);
#13069 = OVER_RIDING_STYLED_ITEM('overriding color',(#13070),#8688,
  #12253);
#13070 = PRESENTATION_STYLE_ASSIGNMENT((#13071));
#13071 = SURFACE_STYLE_USAGE(.BOTH.,#13072);
#13072 = SURFACE_SIDE_STYLE('',(#13073));
#13073 = SURFACE_STYLE_FILL_AREA(#13074);
#13074 = FILL_AREA_STYLE('',(#13075));
#13075 = FILL_AREA_STYLE_COLOUR('',#12260);
#13076 = OVER_RIDING_STYLED_ITEM('overriding color',(#13077),#8719,
  #12253);
#13077 = PRESENTATION_STYLE_ASSIGNMENT((#13078));
#13078 = SURFACE_STYLE_USAGE(.BOTH.,#13079);
#13079 = SURFACE_SIDE_STYLE('',(#13080));
#13080 = SURFACE_STYLE_FILL_AREA(#13081);
#13081 = FILL_AREA_STYLE('',(#13082));
#13082 = FILL_AREA_STYLE_COLOUR('',#12260);
#13083 = OVER_RIDING_STYLED_ITEM('overriding color',(#13084),#8750,
  #12253);
#13084 = PRESENTATION_STYLE_ASSIGNMENT((#13085));
#13085 = SURFACE_STYLE_USAGE(.BOTH.,#13086);
#13086 = SURFACE_SIDE_STYLE('',(#13087));
#13087 = SURFACE_STYLE_FILL_AREA(#13088);
#13088 = FILL_AREA_STYLE('',(#13089));
#13089 = FILL_AREA_STYLE_COLOUR('',#12260);
#13090 = OVER_RIDING_STYLED_ITEM('overriding color',(#13091),#8781,
  #12253);
#13091 = PRESENTATION_STYLE_ASSIGNMENT((#13092));
#13092 = SURFACE_STYLE_USAGE(.BOTH.,#13093);
#13093 = SURFACE_SIDE_STYLE('',(#13094));
#13094 = SURFACE_STYLE_FILL_AREA(#13095);
#13095 = FILL_AREA_STYLE('',(#13096));
#13096 = FILL_AREA_STYLE_COLOUR('',#12260);
#13097 = OVER_RIDING_STYLED_ITEM('overriding color',(#13098),#8812,
  #12253);
#13098 = PRESENTATION_STYLE_ASSIGNMENT((#13099));
#13099 = SURFACE_STYLE_USAGE(.BOTH.,#13100);
#13100 = SURFACE_SIDE_STYLE('',(#13101));
#13101 = SURFACE_STYLE_FILL_AREA(#13102);
#13102 = FILL_AREA_STYLE('',(#13103));
#13103 = FILL_AREA_STYLE_COLOUR('',#12260);
#13104 = OVER_RIDING_STYLED_ITEM('overriding color',(#13105),#8843,
  #12253);
#13105 = PRESENTATION_STYLE_ASSIGNMENT((#13106));
#13106 = SURFACE_STYLE_USAGE(.BOTH.,#13107);
#13107 = SURFACE_SIDE_STYLE('',(#13108));
#13108 = SURFACE_STYLE_FILL_AREA(#13109);
#13109 = FILL_AREA_STYLE('',(#13110));
#13110 = FILL_AREA_STYLE_COLOUR('',#12260);
#13111 = OVER_RIDING_STYLED_ITEM('overriding color',(#13112),#8874,
  #12253);
#13112 = PRESENTATION_STYLE_ASSIGNMENT((#13113));
#13113 = SURFACE_STYLE_USAGE(.BOTH.,#13114);
#13114 = SURFACE_SIDE_STYLE('',(#13115));
#13115 = SURFACE_STYLE_FILL_AREA(#13116);
#13116 = FILL_AREA_STYLE('',(#13117));
#13117 = FILL_AREA_STYLE_COLOUR('',#12260);
#13118 = OVER_RIDING_STYLED_ITEM('overriding color',(#13119),#8905,
  #12253);
#13119 = PRESENTATION_STYLE_ASSIGNMENT((#13120));
#13120 = SURFACE_STYLE_USAGE(.BOTH.,#13121);
#13121 = SURFACE_SIDE_STYLE('',(#13122));
#13122 = SURFACE_STYLE_FILL_AREA(#13123);
#13123 = FILL_AREA_STYLE('',(#13124));
#13124 = FILL_AREA_STYLE_COLOUR('',#12260);
#13125 = OVER_RIDING_STYLED_ITEM('overriding color',(#13126),#8936,
  #12253);
#13126 = PRESENTATION_STYLE_ASSIGNMENT((#13127));
#13127 = SURFACE_STYLE_USAGE(.BOTH.,#13128);
#13128 = SURFACE_SIDE_STYLE('',(#13129));
#13129 = SURFACE_STYLE_FILL_AREA(#13130);
#13130 = FILL_AREA_STYLE('',(#13131));
#13131 = FILL_AREA_STYLE_COLOUR('',#12260);
#13132 = OVER_RIDING_STYLED_ITEM('overriding color',(#13133),#8967,
  #12253);
#13133 = PRESENTATION_STYLE_ASSIGNMENT((#13134));
#13134 = SURFACE_STYLE_USAGE(.BOTH.,#13135);
#13135 = SURFACE_SIDE_STYLE('',(#13136));
#13136 = SURFACE_STYLE_FILL_AREA(#13137);
#13137 = FILL_AREA_STYLE('',(#13138));
#13138 = FILL_AREA_STYLE_COLOUR('',#12260);
#13139 = OVER_RIDING_STYLED_ITEM('overriding color',(#13140),#8998,
  #12253);
#13140 = PRESENTATION_STYLE_ASSIGNMENT((#13141));
#13141 = SURFACE_STYLE_USAGE(.BOTH.,#13142);
#13142 = SURFACE_SIDE_STYLE('',(#13143));
#13143 = SURFACE_STYLE_FILL_AREA(#13144);
#13144 = FILL_AREA_STYLE('',(#13145));
#13145 = FILL_AREA_STYLE_COLOUR('',#12260);
#13146 = OVER_RIDING_STYLED_ITEM('overriding color',(#13147),#9029,
  #12253);
#13147 = PRESENTATION_STYLE_ASSIGNMENT((#13148));
#13148 = SURFACE_STYLE_USAGE(.BOTH.,#13149);
#13149 = SURFACE_SIDE_STYLE('',(#13150));
#13150 = SURFACE_STYLE_FILL_AREA(#13151);
#13151 = FILL_AREA_STYLE('',(#13152));
#13152 = FILL_AREA_STYLE_COLOUR('',#12260);
#13153 = OVER_RIDING_STYLED_ITEM('overriding color',(#13154),#9060,
  #12253);
#13154 = PRESENTATION_STYLE_ASSIGNMENT((#13155));
#13155 = SURFACE_STYLE_USAGE(.BOTH.,#13156);
#13156 = SURFACE_SIDE_STYLE('',(#13157));
#13157 = SURFACE_STYLE_FILL_AREA(#13158);
#13158 = FILL_AREA_STYLE('',(#13159));
#13159 = FILL_AREA_STYLE_COLOUR('',#12260);
#13160 = OVER_RIDING_STYLED_ITEM('overriding color',(#13161),#9091,
  #12253);
#13161 = PRESENTATION_STYLE_ASSIGNMENT((#13162));
#13162 = SURFACE_STYLE_USAGE(.BOTH.,#13163);
#13163 = SURFACE_SIDE_STYLE('',(#13164));
#13164 = SURFACE_STYLE_FILL_AREA(#13165);
#13165 = FILL_AREA_STYLE('',(#13166));
#13166 = FILL_AREA_STYLE_COLOUR('',#12260);
#13167 = OVER_RIDING_STYLED_ITEM('overriding color',(#13168),#9122,
  #12253);
#13168 = PRESENTATION_STYLE_ASSIGNMENT((#13169));
#13169 = SURFACE_STYLE_USAGE(.BOTH.,#13170);
#13170 = SURFACE_SIDE_STYLE('',(#13171));
#13171 = SURFACE_STYLE_FILL_AREA(#13172);
#13172 = FILL_AREA_STYLE('',(#13173));
#13173 = FILL_AREA_STYLE_COLOUR('',#12260);
#13174 = OVER_RIDING_STYLED_ITEM('overriding color',(#13175),#9153,
  #12253);
#13175 = PRESENTATION_STYLE_ASSIGNMENT((#13176));
#13176 = SURFACE_STYLE_USAGE(.BOTH.,#13177);
#13177 = SURFACE_SIDE_STYLE('',(#13178));
#13178 = SURFACE_STYLE_FILL_AREA(#13179);
#13179 = FILL_AREA_STYLE('',(#13180));
#13180 = FILL_AREA_STYLE_COLOUR('',#12260);
#13181 = OVER_RIDING_STYLED_ITEM('overriding color',(#13182),#9175,
  #12253);
#13182 = PRESENTATION_STYLE_ASSIGNMENT((#13183));
#13183 = SURFACE_STYLE_USAGE(.BOTH.,#13184);
#13184 = SURFACE_SIDE_STYLE('',(#13185));
#13185 = SURFACE_STYLE_FILL_AREA(#13186);
#13186 = FILL_AREA_STYLE('',(#13187));
#13187 = FILL_AREA_STYLE_COLOUR('',#12260);
#13188 = OVER_RIDING_STYLED_ITEM('overriding color',(#13189),#9223,
  #12253);
#13189 = PRESENTATION_STYLE_ASSIGNMENT((#13190));
#13190 = SURFACE_STYLE_USAGE(.BOTH.,#13191);
#13191 = SURFACE_SIDE_STYLE('',(#13192));
#13192 = SURFACE_STYLE_FILL_AREA(#13193);
#13193 = FILL_AREA_STYLE('',(#13194));
#13194 = FILL_AREA_STYLE_COLOUR('',#12260);
#13195 = OVER_RIDING_STYLED_ITEM('overriding color',(#13196),#9273,
  #12253);
#13196 = PRESENTATION_STYLE_ASSIGNMENT((#13197));
#13197 = SURFACE_STYLE_USAGE(.BOTH.,#13198);
#13198 = SURFACE_SIDE_STYLE('',(#13199));
#13199 = SURFACE_STYLE_FILL_AREA(#13200);
#13200 = FILL_AREA_STYLE('',(#13201));
#13201 = FILL_AREA_STYLE_COLOUR('',#12260);
#13202 = OVER_RIDING_STYLED_ITEM('overriding color',(#13203),#9313,
  #12253);
#13203 = PRESENTATION_STYLE_ASSIGNMENT((#13204));
#13204 = SURFACE_STYLE_USAGE(.BOTH.,#13205);
#13205 = SURFACE_SIDE_STYLE('',(#13206));
#13206 = SURFACE_STYLE_FILL_AREA(#13207);
#13207 = FILL_AREA_STYLE('',(#13208));
#13208 = FILL_AREA_STYLE_COLOUR('',#12260);
#13209 = OVER_RIDING_STYLED_ITEM('overriding color',(#13210),#9344,
  #12253);
#13210 = PRESENTATION_STYLE_ASSIGNMENT((#13211));
#13211 = SURFACE_STYLE_USAGE(.BOTH.,#13212);
#13212 = SURFACE_SIDE_STYLE('',(#13213));
#13213 = SURFACE_STYLE_FILL_AREA(#13214);
#13214 = FILL_AREA_STYLE('',(#13215));
#13215 = FILL_AREA_STYLE_COLOUR('',#12260);
#13216 = OVER_RIDING_STYLED_ITEM('overriding color',(#13217),#9366,
  #12253);
#13217 = PRESENTATION_STYLE_ASSIGNMENT((#13218));
#13218 = SURFACE_STYLE_USAGE(.BOTH.,#13219);
#13219 = SURFACE_SIDE_STYLE('',(#13220));
#13220 = SURFACE_STYLE_FILL_AREA(#13221);
#13221 = FILL_AREA_STYLE('',(#13222));
#13222 = FILL_AREA_STYLE_COLOUR('',#12260);
#13223 = OVER_RIDING_STYLED_ITEM('overriding color',(#13224),#9406,
  #12253);
#13224 = PRESENTATION_STYLE_ASSIGNMENT((#13225));
#13225 = SURFACE_STYLE_USAGE(.BOTH.,#13226);
#13226 = SURFACE_SIDE_STYLE('',(#13227));
#13227 = SURFACE_STYLE_FILL_AREA(#13228);
#13228 = FILL_AREA_STYLE('',(#13229));
#13229 = FILL_AREA_STYLE_COLOUR('',#12260);
#13230 = OVER_RIDING_STYLED_ITEM('overriding color',(#13231),#9437,
  #12253);
#13231 = PRESENTATION_STYLE_ASSIGNMENT((#13232));
#13232 = SURFACE_STYLE_USAGE(.BOTH.,#13233);
#13233 = SURFACE_SIDE_STYLE('',(#13234));
#13234 = SURFACE_STYLE_FILL_AREA(#13235);
#13235 = FILL_AREA_STYLE('',(#13236));
#13236 = FILL_AREA_STYLE_COLOUR('',#12260);
#13237 = OVER_RIDING_STYLED_ITEM('overriding color',(#13238),#9468,
  #12253);
#13238 = PRESENTATION_STYLE_ASSIGNMENT((#13239));
#13239 = SURFACE_STYLE_USAGE(.BOTH.,#13240);
#13240 = SURFACE_SIDE_STYLE('',(#13241));
#13241 = SURFACE_STYLE_FILL_AREA(#13242);
#13242 = FILL_AREA_STYLE('',(#13243));
#13243 = FILL_AREA_STYLE_COLOUR('',#12260);
#13244 = OVER_RIDING_STYLED_ITEM('overriding color',(#13245),#9499,
  #12253);
#13245 = PRESENTATION_STYLE_ASSIGNMENT((#13246));
#13246 = SURFACE_STYLE_USAGE(.BOTH.,#13247);
#13247 = SURFACE_SIDE_STYLE('',(#13248));
#13248 = SURFACE_STYLE_FILL_AREA(#13249);
#13249 = FILL_AREA_STYLE('',(#13250));
#13250 = FILL_AREA_STYLE_COLOUR('',#12260);
#13251 = OVER_RIDING_STYLED_ITEM('overriding color',(#13252),#9521,
  #12253);
#13252 = PRESENTATION_STYLE_ASSIGNMENT((#13253));
#13253 = SURFACE_STYLE_USAGE(.BOTH.,#13254);
#13254 = SURFACE_SIDE_STYLE('',(#13255));
#13255 = SURFACE_STYLE_FILL_AREA(#13256);
#13256 = FILL_AREA_STYLE('',(#13257));
#13257 = FILL_AREA_STYLE_COLOUR('',#12260);
#13258 = OVER_RIDING_STYLED_ITEM('overriding color',(#13259),#9539,
  #12253);
#13259 = PRESENTATION_STYLE_ASSIGNMENT((#13260));
#13260 = SURFACE_STYLE_USAGE(.BOTH.,#13261);
#13261 = SURFACE_SIDE_STYLE('',(#13262));
#13262 = SURFACE_STYLE_FILL_AREA(#13263);
#13263 = FILL_AREA_STYLE('',(#13264));
#13264 = FILL_AREA_STYLE_COLOUR('',#12260);
#13265 = OVER_RIDING_STYLED_ITEM('overriding color',(#13266),#9559,
  #12253);
#13266 = PRESENTATION_STYLE_ASSIGNMENT((#13267));
#13267 = SURFACE_STYLE_USAGE(.BOTH.,#13268);
#13268 = SURFACE_SIDE_STYLE('',(#13269));
#13269 = SURFACE_STYLE_FILL_AREA(#13270);
#13270 = FILL_AREA_STYLE('',(#13271));
#13271 = FILL_AREA_STYLE_COLOUR('',#12260);
#13272 = OVER_RIDING_STYLED_ITEM('overriding color',(#13273),#9599,
  #12253);
#13273 = PRESENTATION_STYLE_ASSIGNMENT((#13274));
#13274 = SURFACE_STYLE_USAGE(.BOTH.,#13275);
#13275 = SURFACE_SIDE_STYLE('',(#13276));
#13276 = SURFACE_STYLE_FILL_AREA(#13277);
#13277 = FILL_AREA_STYLE('',(#13278));
#13278 = FILL_AREA_STYLE_COLOUR('',#12260);
#13279 = OVER_RIDING_STYLED_ITEM('overriding color',(#13280),#9630,
  #12253);
#13280 = PRESENTATION_STYLE_ASSIGNMENT((#13281));
#13281 = SURFACE_STYLE_USAGE(.BOTH.,#13282);
#13282 = SURFACE_SIDE_STYLE('',(#13283));
#13283 = SURFACE_STYLE_FILL_AREA(#13284);
#13284 = FILL_AREA_STYLE('',(#13285));
#13285 = FILL_AREA_STYLE_COLOUR('',#12260);
#13286 = OVER_RIDING_STYLED_ITEM('overriding color',(#13287),#9661,
  #12253);
#13287 = PRESENTATION_STYLE_ASSIGNMENT((#13288));
#13288 = SURFACE_STYLE_USAGE(.BOTH.,#13289);
#13289 = SURFACE_SIDE_STYLE('',(#13290));
#13290 = SURFACE_STYLE_FILL_AREA(#13291);
#13291 = FILL_AREA_STYLE('',(#13292));
#13292 = FILL_AREA_STYLE_COLOUR('',#12260);
#13293 = OVER_RIDING_STYLED_ITEM('overriding color',(#13294),#9692,
  #12253);
#13294 = PRESENTATION_STYLE_ASSIGNMENT((#13295));
#13295 = SURFACE_STYLE_USAGE(.BOTH.,#13296);
#13296 = SURFACE_SIDE_STYLE('',(#13297));
#13297 = SURFACE_STYLE_FILL_AREA(#13298);
#13298 = FILL_AREA_STYLE('',(#13299));
#13299 = FILL_AREA_STYLE_COLOUR('',#12260);
#13300 = OVER_RIDING_STYLED_ITEM('overriding color',(#13301),#9723,
  #12253);
#13301 = PRESENTATION_STYLE_ASSIGNMENT((#13302));
#13302 = SURFACE_STYLE_USAGE(.BOTH.,#13303);
#13303 = SURFACE_SIDE_STYLE('',(#13304));
#13304 = SURFACE_STYLE_FILL_AREA(#13305);
#13305 = FILL_AREA_STYLE('',(#13306));
#13306 = FILL_AREA_STYLE_COLOUR('',#12260);
#13307 = OVER_RIDING_STYLED_ITEM('overriding color',(#13308),#9754,
  #12253);
#13308 = PRESENTATION_STYLE_ASSIGNMENT((#13309));
#13309 = SURFACE_STYLE_USAGE(.BOTH.,#13310);
#13310 = SURFACE_SIDE_STYLE('',(#13311));
#13311 = SURFACE_STYLE_FILL_AREA(#13312);
#13312 = FILL_AREA_STYLE('',(#13313));
#13313 = FILL_AREA_STYLE_COLOUR('',#12260);
#13314 = OVER_RIDING_STYLED_ITEM('overriding color',(#13315),#9785,
  #12253);
#13315 = PRESENTATION_STYLE_ASSIGNMENT((#13316));
#13316 = SURFACE_STYLE_USAGE(.BOTH.,#13317);
#13317 = SURFACE_SIDE_STYLE('',(#13318));
#13318 = SURFACE_STYLE_FILL_AREA(#13319);
#13319 = FILL_AREA_STYLE('',(#13320));
#13320 = FILL_AREA_STYLE_COLOUR('',#12260);
#13321 = OVER_RIDING_STYLED_ITEM('overriding color',(#13322),#9816,
  #12253);
#13322 = PRESENTATION_STYLE_ASSIGNMENT((#13323));
#13323 = SURFACE_STYLE_USAGE(.BOTH.,#13324);
#13324 = SURFACE_SIDE_STYLE('',(#13325));
#13325 = SURFACE_STYLE_FILL_AREA(#13326);
#13326 = FILL_AREA_STYLE('',(#13327));
#13327 = FILL_AREA_STYLE_COLOUR('',#12260);
#13328 = OVER_RIDING_STYLED_ITEM('overriding color',(#13329),#9847,
  #12253);
#13329 = PRESENTATION_STYLE_ASSIGNMENT((#13330));
#13330 = SURFACE_STYLE_USAGE(.BOTH.,#13331);
#13331 = SURFACE_SIDE_STYLE('',(#13332));
#13332 = SURFACE_STYLE_FILL_AREA(#13333);
#13333 = FILL_AREA_STYLE('',(#13334));
#13334 = FILL_AREA_STYLE_COLOUR('',#12260);
#13335 = OVER_RIDING_STYLED_ITEM('overriding color',(#13336),#9878,
  #12253);
#13336 = PRESENTATION_STYLE_ASSIGNMENT((#13337));
#13337 = SURFACE_STYLE_USAGE(.BOTH.,#13338);
#13338 = SURFACE_SIDE_STYLE('',(#13339));
#13339 = SURFACE_STYLE_FILL_AREA(#13340);
#13340 = FILL_AREA_STYLE('',(#13341));
#13341 = FILL_AREA_STYLE_COLOUR('',#12260);
#13342 = OVER_RIDING_STYLED_ITEM('overriding color',(#13343),#9909,
  #12253);
#13343 = PRESENTATION_STYLE_ASSIGNMENT((#13344));
#13344 = SURFACE_STYLE_USAGE(.BOTH.,#13345);
#13345 = SURFACE_SIDE_STYLE('',(#13346));
#13346 = SURFACE_STYLE_FILL_AREA(#13347);
#13347 = FILL_AREA_STYLE('',(#13348));
#13348 = FILL_AREA_STYLE_COLOUR('',#12260);
#13349 = OVER_RIDING_STYLED_ITEM('overriding color',(#13350),#9931,
  #12253);
#13350 = PRESENTATION_STYLE_ASSIGNMENT((#13351));
#13351 = SURFACE_STYLE_USAGE(.BOTH.,#13352);
#13352 = SURFACE_SIDE_STYLE('',(#13353));
#13353 = SURFACE_STYLE_FILL_AREA(#13354);
#13354 = FILL_AREA_STYLE('',(#13355));
#13355 = FILL_AREA_STYLE_COLOUR('',#12260);
#13356 = OVER_RIDING_STYLED_ITEM('overriding color',(#13357),#9951,
  #12253);
#13357 = PRESENTATION_STYLE_ASSIGNMENT((#13358));
#13358 = SURFACE_STYLE_USAGE(.BOTH.,#13359);
#13359 = SURFACE_SIDE_STYLE('',(#13360));
#13360 = SURFACE_STYLE_FILL_AREA(#13361);
#13361 = FILL_AREA_STYLE('',(#13362));
#13362 = FILL_AREA_STYLE_COLOUR('',#12260);
#13363 = OVER_RIDING_STYLED_ITEM('overriding color',(#13364),#9973,
  #12253);
#13364 = PRESENTATION_STYLE_ASSIGNMENT((#13365));
#13365 = SURFACE_STYLE_USAGE(.BOTH.,#13366);
#13366 = SURFACE_SIDE_STYLE('',(#13367));
#13367 = SURFACE_STYLE_FILL_AREA(#13368);
#13368 = FILL_AREA_STYLE('',(#13369));
#13369 = FILL_AREA_STYLE_COLOUR('',#12260);
#13370 = OVER_RIDING_STYLED_ITEM('overriding color',(#13371),#10015,
  #12253);
#13371 = PRESENTATION_STYLE_ASSIGNMENT((#13372));
#13372 = SURFACE_STYLE_USAGE(.BOTH.,#13373);
#13373 = SURFACE_SIDE_STYLE('',(#13374));
#13374 = SURFACE_STYLE_FILL_AREA(#13375);
#13375 = FILL_AREA_STYLE('',(#13376));
#13376 = FILL_AREA_STYLE_COLOUR('',#12260);
#13377 = OVER_RIDING_STYLED_ITEM('overriding color',(#13378),#10057,
  #12253);
#13378 = PRESENTATION_STYLE_ASSIGNMENT((#13379));
#13379 = SURFACE_STYLE_USAGE(.BOTH.,#13380);
#13380 = SURFACE_SIDE_STYLE('',(#13381));
#13381 = SURFACE_STYLE_FILL_AREA(#13382);
#13382 = FILL_AREA_STYLE('',(#13383));
#13383 = FILL_AREA_STYLE_COLOUR('',#12260);
#13384 = OVER_RIDING_STYLED_ITEM('overriding color',(#13385),#10081,
  #12253);
#13385 = PRESENTATION_STYLE_ASSIGNMENT((#13386));
#13386 = SURFACE_STYLE_USAGE(.BOTH.,#13387);
#13387 = SURFACE_SIDE_STYLE('',(#13388));
#13388 = SURFACE_STYLE_FILL_AREA(#13389);
#13389 = FILL_AREA_STYLE('',(#13390));
#13390 = FILL_AREA_STYLE_COLOUR('',#12260);
#13391 = OVER_RIDING_STYLED_ITEM('overriding color',(#13392),#10105,
  #12253);
#13392 = PRESENTATION_STYLE_ASSIGNMENT((#13393));
#13393 = SURFACE_STYLE_USAGE(.BOTH.,#13394);
#13394 = SURFACE_SIDE_STYLE('',(#13395));
#13395 = SURFACE_STYLE_FILL_AREA(#13396);
#13396 = FILL_AREA_STYLE('',(#13397));
#13397 = FILL_AREA_STYLE_COLOUR('',#12260);
#13398 = OVER_RIDING_STYLED_ITEM('overriding color',(#13399),#10119,
  #12253);
#13399 = PRESENTATION_STYLE_ASSIGNMENT((#13400));
#13400 = SURFACE_STYLE_USAGE(.BOTH.,#13401);
#13401 = SURFACE_SIDE_STYLE('',(#13402));
#13402 = SURFACE_STYLE_FILL_AREA(#13403);
#13403 = FILL_AREA_STYLE('',(#13404));
#13404 = FILL_AREA_STYLE_COLOUR('',#12260);
#13405 = MECHANICAL_DESIGN_GEOMETRIC_PRESENTATION_REPRESENTATION('',(
    #13406,#13414,#13421,#13428,#13435,#13442,#13449,#13456,#13463,
    #13470,#13477,#13484,#13491,#13498,#13505,#13512,#13519,#13526,
    #13533,#13540,#13547,#13554,#13561,#13569,#13576,#13583,#13590,
    #13597,#13604,#13611,#13618,#13625,#13632,#13639,#13646,#13653,
    #13660,#13667,#13674,#13681,#13688,#13695,#13702,#13709,#13716,
    #13723,#13730,#13737,#13744,#13751,#13758,#13765,#13772,#13779,
    #13786,#13793,#13800,#13807,#13814,#13821,#13828,#13835,#13842,
    #13849,#13856,#13863,#13870,#13877,#13884,#13891,#13898,#13905,
    #13912,#13919,#13926,#13933,#13940,#13947,#13954,#13961,#13968,
    #13975,#13982,#13989,#13996,#14003,#14010,#14017,#14024,#14031,
    #14038,#14045,#14052,#14059,#14066,#14073,#14080,#14087,#14094,
    #14101,#14108,#14115,#14122),#5310);
#13406 = STYLED_ITEM('color',(#13407),#2276);
#13407 = PRESENTATION_STYLE_ASSIGNMENT((#13408));
#13408 = SURFACE_STYLE_USAGE(.BOTH.,#13409);
#13409 = SURFACE_SIDE_STYLE('',(#13410));
#13410 = SURFACE_STYLE_FILL_AREA(#13411);
#13411 = FILL_AREA_STYLE('',(#13412));
#13412 = FILL_AREA_STYLE_COLOUR('',#13413);
#13413 = COLOUR_RGB('',0.147999998088,0.144999993226,0.144999993226);
#13414 = STYLED_ITEM('color',(#13415),#2316);
#13415 = PRESENTATION_STYLE_ASSIGNMENT((#13416));
#13416 = SURFACE_STYLE_USAGE(.BOTH.,#13417);
#13417 = SURFACE_SIDE_STYLE('',(#13418));
#13418 = SURFACE_STYLE_FILL_AREA(#13419);
#13419 = FILL_AREA_STYLE('',(#13420));
#13420 = FILL_AREA_STYLE_COLOUR('',#13413);
#13421 = STYLED_ITEM('color',(#13422),#2379);
#13422 = PRESENTATION_STYLE_ASSIGNMENT((#13423));
#13423 = SURFACE_STYLE_USAGE(.BOTH.,#13424);
#13424 = SURFACE_SIDE_STYLE('',(#13425));
#13425 = SURFACE_STYLE_FILL_AREA(#13426);
#13426 = FILL_AREA_STYLE('',(#13427));
#13427 = FILL_AREA_STYLE_COLOUR('',#13413);
#13428 = STYLED_ITEM('color',(#13429),#2442);
#13429 = PRESENTATION_STYLE_ASSIGNMENT((#13430));
#13430 = SURFACE_STYLE_USAGE(.BOTH.,#13431);
#13431 = SURFACE_SIDE_STYLE('',(#13432));
#13432 = SURFACE_STYLE_FILL_AREA(#13433);
#13433 = FILL_AREA_STYLE('',(#13434));
#13434 = FILL_AREA_STYLE_COLOUR('',#13413);
#13435 = STYLED_ITEM('color',(#13436),#2459);
#13436 = PRESENTATION_STYLE_ASSIGNMENT((#13437));
#13437 = SURFACE_STYLE_USAGE(.BOTH.,#13438);
#13438 = SURFACE_SIDE_STYLE('',(#13439));
#13439 = SURFACE_STYLE_FILL_AREA(#13440);
#13440 = FILL_AREA_STYLE('',(#13441));
#13441 = FILL_AREA_STYLE_COLOUR('',#13413);
#13442 = STYLED_ITEM('color',(#13443),#2578);
#13443 = PRESENTATION_STYLE_ASSIGNMENT((#13444));
#13444 = SURFACE_STYLE_USAGE(.BOTH.,#13445);
#13445 = SURFACE_SIDE_STYLE('',(#13446));
#13446 = SURFACE_STYLE_FILL_AREA(#13447);
#13447 = FILL_AREA_STYLE('',(#13448));
#13448 = FILL_AREA_STYLE_COLOUR('',#13413);
#13449 = STYLED_ITEM('color',(#13450),#2600);
#13450 = PRESENTATION_STYLE_ASSIGNMENT((#13451));
#13451 = SURFACE_STYLE_USAGE(.BOTH.,#13452);
#13452 = SURFACE_SIDE_STYLE('',(#13453));
#13453 = SURFACE_STYLE_FILL_AREA(#13454);
#13454 = FILL_AREA_STYLE('',(#13455));
#13455 = FILL_AREA_STYLE_COLOUR('',#13413);
#13456 = STYLED_ITEM('color',(#13457),#2617);
#13457 = PRESENTATION_STYLE_ASSIGNMENT((#13458));
#13458 = SURFACE_STYLE_USAGE(.BOTH.,#13459);
#13459 = SURFACE_SIDE_STYLE('',(#13460));
#13460 = SURFACE_STYLE_FILL_AREA(#13461);
#13461 = FILL_AREA_STYLE('',(#13462));
#13462 = FILL_AREA_STYLE_COLOUR('',#13413);
#13463 = STYLED_ITEM('color',(#13464),#2832);
#13464 = PRESENTATION_STYLE_ASSIGNMENT((#13465));
#13465 = SURFACE_STYLE_USAGE(.BOTH.,#13466);
#13466 = SURFACE_SIDE_STYLE('',(#13467));
#13467 = SURFACE_STYLE_FILL_AREA(#13468);
#13468 = FILL_AREA_STYLE('',(#13469));
#13469 = FILL_AREA_STYLE_COLOUR('',#13413);
#13470 = STYLED_ITEM('color',(#13471),#2844);
#13471 = PRESENTATION_STYLE_ASSIGNMENT((#13472));
#13472 = SURFACE_STYLE_USAGE(.BOTH.,#13473);
#13473 = SURFACE_SIDE_STYLE('',(#13474));
#13474 = SURFACE_STYLE_FILL_AREA(#13475);
#13475 = FILL_AREA_STYLE('',(#13476));
#13476 = FILL_AREA_STYLE_COLOUR('',#13413);
#13477 = STYLED_ITEM('color',(#13478),#2856);
#13478 = PRESENTATION_STYLE_ASSIGNMENT((#13479));
#13479 = SURFACE_STYLE_USAGE(.BOTH.,#13480);
#13480 = SURFACE_SIDE_STYLE('',(#13481));
#13481 = SURFACE_STYLE_FILL_AREA(#13482);
#13482 = FILL_AREA_STYLE('',(#13483));
#13483 = FILL_AREA_STYLE_COLOUR('',#13413);
#13484 = STYLED_ITEM('color',(#13485),#2887);
#13485 = PRESENTATION_STYLE_ASSIGNMENT((#13486));
#13486 = SURFACE_STYLE_USAGE(.BOTH.,#13487);
#13487 = SURFACE_SIDE_STYLE('',(#13488));
#13488 = SURFACE_STYLE_FILL_AREA(#13489);
#13489 = FILL_AREA_STYLE('',(#13490));
#13490 = FILL_AREA_STYLE_COLOUR('',#13413);
#13491 = STYLED_ITEM('color',(#13492),#2911);
#13492 = PRESENTATION_STYLE_ASSIGNMENT((#13493));
#13493 = SURFACE_STYLE_USAGE(.BOTH.,#13494);
#13494 = SURFACE_SIDE_STYLE('',(#13495));
#13495 = SURFACE_STYLE_FILL_AREA(#13496);
#13496 = FILL_AREA_STYLE('',(#13497));
#13497 = FILL_AREA_STYLE_COLOUR('',#13413);
#13498 = STYLED_ITEM('color',(#13499),#2935);
#13499 = PRESENTATION_STYLE_ASSIGNMENT((#13500));
#13500 = SURFACE_STYLE_USAGE(.BOTH.,#13501);
#13501 = SURFACE_SIDE_STYLE('',(#13502));
#13502 = SURFACE_STYLE_FILL_AREA(#13503);
#13503 = FILL_AREA_STYLE('',(#13504));
#13504 = FILL_AREA_STYLE_COLOUR('',#13413);
#13505 = STYLED_ITEM('color',(#13506),#2952);
#13506 = PRESENTATION_STYLE_ASSIGNMENT((#13507));
#13507 = SURFACE_STYLE_USAGE(.BOTH.,#13508);
#13508 = SURFACE_SIDE_STYLE('',(#13509));
#13509 = SURFACE_STYLE_FILL_AREA(#13510);
#13510 = FILL_AREA_STYLE('',(#13511));
#13511 = FILL_AREA_STYLE_COLOUR('',#13413);
#13512 = STYLED_ITEM('color',(#13513),#2983);
#13513 = PRESENTATION_STYLE_ASSIGNMENT((#13514));
#13514 = SURFACE_STYLE_USAGE(.BOTH.,#13515);
#13515 = SURFACE_SIDE_STYLE('',(#13516));
#13516 = SURFACE_STYLE_FILL_AREA(#13517);
#13517 = FILL_AREA_STYLE('',(#13518));
#13518 = FILL_AREA_STYLE_COLOUR('',#13413);
#13519 = STYLED_ITEM('color',(#13520),#3007);
#13520 = PRESENTATION_STYLE_ASSIGNMENT((#13521));
#13521 = SURFACE_STYLE_USAGE(.BOTH.,#13522);
#13522 = SURFACE_SIDE_STYLE('',(#13523));
#13523 = SURFACE_STYLE_FILL_AREA(#13524);
#13524 = FILL_AREA_STYLE('',(#13525));
#13525 = FILL_AREA_STYLE_COLOUR('',#13413);
#13526 = STYLED_ITEM('color',(#13527),#3031);
#13527 = PRESENTATION_STYLE_ASSIGNMENT((#13528));
#13528 = SURFACE_STYLE_USAGE(.BOTH.,#13529);
#13529 = SURFACE_SIDE_STYLE('',(#13530));
#13530 = SURFACE_STYLE_FILL_AREA(#13531);
#13531 = FILL_AREA_STYLE('',(#13532));
#13532 = FILL_AREA_STYLE_COLOUR('',#13413);
#13533 = STYLED_ITEM('color',(#13534),#3048);
#13534 = PRESENTATION_STYLE_ASSIGNMENT((#13535));
#13535 = SURFACE_STYLE_USAGE(.BOTH.,#13536);
#13536 = SURFACE_SIDE_STYLE('',(#13537));
#13537 = SURFACE_STYLE_FILL_AREA(#13538);
#13538 = FILL_AREA_STYLE('',(#13539));
#13539 = FILL_AREA_STYLE_COLOUR('',#13413);
#13540 = STYLED_ITEM('color',(#13541),#3079);
#13541 = PRESENTATION_STYLE_ASSIGNMENT((#13542));
#13542 = SURFACE_STYLE_USAGE(.BOTH.,#13543);
#13543 = SURFACE_SIDE_STYLE('',(#13544));
#13544 = SURFACE_STYLE_FILL_AREA(#13545);
#13545 = FILL_AREA_STYLE('',(#13546));
#13546 = FILL_AREA_STYLE_COLOUR('',#13413);
#13547 = STYLED_ITEM('color',(#13548),#3103);
#13548 = PRESENTATION_STYLE_ASSIGNMENT((#13549));
#13549 = SURFACE_STYLE_USAGE(.BOTH.,#13550);
#13550 = SURFACE_SIDE_STYLE('',(#13551));
#13551 = SURFACE_STYLE_FILL_AREA(#13552);
#13552 = FILL_AREA_STYLE('',(#13553));
#13553 = FILL_AREA_STYLE_COLOUR('',#13413);
#13554 = STYLED_ITEM('color',(#13555),#3127);
#13555 = PRESENTATION_STYLE_ASSIGNMENT((#13556));
#13556 = SURFACE_STYLE_USAGE(.BOTH.,#13557);
#13557 = SURFACE_SIDE_STYLE('',(#13558));
#13558 = SURFACE_STYLE_FILL_AREA(#13559);
#13559 = FILL_AREA_STYLE('',(#13560));
#13560 = FILL_AREA_STYLE_COLOUR('',#13413);
#13561 = STYLED_ITEM('color',(#13562),#3144);
#13562 = PRESENTATION_STYLE_ASSIGNMENT((#13563));
#13563 = SURFACE_STYLE_USAGE(.BOTH.,#13564);
#13564 = SURFACE_SIDE_STYLE('',(#13565));
#13565 = SURFACE_STYLE_FILL_AREA(#13566);
#13566 = FILL_AREA_STYLE('',(#13567));
#13567 = FILL_AREA_STYLE_COLOUR('',#13568);
#13568 = COLOUR_RGB('',0.859000020776,0.737999965183,0.495999988746);
#13569 = STYLED_ITEM('color',(#13570),#3191);
#13570 = PRESENTATION_STYLE_ASSIGNMENT((#13571));
#13571 = SURFACE_STYLE_USAGE(.BOTH.,#13572);
#13572 = SURFACE_SIDE_STYLE('',(#13573));
#13573 = SURFACE_STYLE_FILL_AREA(#13574);
#13574 = FILL_AREA_STYLE('',(#13575));
#13575 = FILL_AREA_STYLE_COLOUR('',#13568);
#13576 = STYLED_ITEM('color',(#13577),#3208);
#13577 = PRESENTATION_STYLE_ASSIGNMENT((#13578));
#13578 = SURFACE_STYLE_USAGE(.BOTH.,#13579);
#13579 = SURFACE_SIDE_STYLE('',(#13580));
#13580 = SURFACE_STYLE_FILL_AREA(#13581);
#13581 = FILL_AREA_STYLE('',(#13582));
#13582 = FILL_AREA_STYLE_COLOUR('',#13568);
#13583 = STYLED_ITEM('color',(#13584),#3255);
#13584 = PRESENTATION_STYLE_ASSIGNMENT((#13585));
#13585 = SURFACE_STYLE_USAGE(.BOTH.,#13586);
#13586 = SURFACE_SIDE_STYLE('',(#13587));
#13587 = SURFACE_STYLE_FILL_AREA(#13588);
#13588 = FILL_AREA_STYLE('',(#13589));
#13589 = FILL_AREA_STYLE_COLOUR('',#13568);
#13590 = STYLED_ITEM('color',(#13591),#3272);
#13591 = PRESENTATION_STYLE_ASSIGNMENT((#13592));
#13592 = SURFACE_STYLE_USAGE(.BOTH.,#13593);
#13593 = SURFACE_SIDE_STYLE('',(#13594));
#13594 = SURFACE_STYLE_FILL_AREA(#13595);
#13595 = FILL_AREA_STYLE('',(#13596));
#13596 = FILL_AREA_STYLE_COLOUR('',#13568);
#13597 = STYLED_ITEM('color',(#13598),#3289);
#13598 = PRESENTATION_STYLE_ASSIGNMENT((#13599));
#13599 = SURFACE_STYLE_USAGE(.BOTH.,#13600);
#13600 = SURFACE_SIDE_STYLE('',(#13601));
#13601 = SURFACE_STYLE_FILL_AREA(#13602);
#13602 = FILL_AREA_STYLE('',(#13603));
#13603 = FILL_AREA_STYLE_COLOUR('',#13568);
#13604 = STYLED_ITEM('color',(#13605),#3336);
#13605 = PRESENTATION_STYLE_ASSIGNMENT((#13606));
#13606 = SURFACE_STYLE_USAGE(.BOTH.,#13607);
#13607 = SURFACE_SIDE_STYLE('',(#13608));
#13608 = SURFACE_STYLE_FILL_AREA(#13609);
#13609 = FILL_AREA_STYLE('',(#13610));
#13610 = FILL_AREA_STYLE_COLOUR('',#13568);
#13611 = STYLED_ITEM('color',(#13612),#3353);
#13612 = PRESENTATION_STYLE_ASSIGNMENT((#13613));
#13613 = SURFACE_STYLE_USAGE(.BOTH.,#13614);
#13614 = SURFACE_SIDE_STYLE('',(#13615));
#13615 = SURFACE_STYLE_FILL_AREA(#13616);
#13616 = FILL_AREA_STYLE('',(#13617));
#13617 = FILL_AREA_STYLE_COLOUR('',#13568);
#13618 = STYLED_ITEM('color',(#13619),#3400);
#13619 = PRESENTATION_STYLE_ASSIGNMENT((#13620));
#13620 = SURFACE_STYLE_USAGE(.BOTH.,#13621);
#13621 = SURFACE_SIDE_STYLE('',(#13622));
#13622 = SURFACE_STYLE_FILL_AREA(#13623);
#13623 = FILL_AREA_STYLE('',(#13624));
#13624 = FILL_AREA_STYLE_COLOUR('',#13568);
#13625 = STYLED_ITEM('color',(#13626),#3447);
#13626 = PRESENTATION_STYLE_ASSIGNMENT((#13627));
#13627 = SURFACE_STYLE_USAGE(.BOTH.,#13628);
#13628 = SURFACE_SIDE_STYLE('',(#13629));
#13629 = SURFACE_STYLE_FILL_AREA(#13630);
#13630 = FILL_AREA_STYLE('',(#13631));
#13631 = FILL_AREA_STYLE_COLOUR('',#13568);
#13632 = STYLED_ITEM('color',(#13633),#3464);
#13633 = PRESENTATION_STYLE_ASSIGNMENT((#13634));
#13634 = SURFACE_STYLE_USAGE(.BOTH.,#13635);
#13635 = SURFACE_SIDE_STYLE('',(#13636));
#13636 = SURFACE_STYLE_FILL_AREA(#13637);
#13637 = FILL_AREA_STYLE('',(#13638));
#13638 = FILL_AREA_STYLE_COLOUR('',#13568);
#13639 = STYLED_ITEM('color',(#13640),#3511);
#13640 = PRESENTATION_STYLE_ASSIGNMENT((#13641));
#13641 = SURFACE_STYLE_USAGE(.BOTH.,#13642);
#13642 = SURFACE_SIDE_STYLE('',(#13643));
#13643 = SURFACE_STYLE_FILL_AREA(#13644);
#13644 = FILL_AREA_STYLE('',(#13645));
#13645 = FILL_AREA_STYLE_COLOUR('',#13568);
#13646 = STYLED_ITEM('color',(#13647),#3528);
#13647 = PRESENTATION_STYLE_ASSIGNMENT((#13648));
#13648 = SURFACE_STYLE_USAGE(.BOTH.,#13649);
#13649 = SURFACE_SIDE_STYLE('',(#13650));
#13650 = SURFACE_STYLE_FILL_AREA(#13651);
#13651 = FILL_AREA_STYLE('',(#13652));
#13652 = FILL_AREA_STYLE_COLOUR('',#13413);
#13653 = STYLED_ITEM('color',(#13654),#3559);
#13654 = PRESENTATION_STYLE_ASSIGNMENT((#13655));
#13655 = SURFACE_STYLE_USAGE(.BOTH.,#13656);
#13656 = SURFACE_SIDE_STYLE('',(#13657));
#13657 = SURFACE_STYLE_FILL_AREA(#13658);
#13658 = FILL_AREA_STYLE('',(#13659));
#13659 = FILL_AREA_STYLE_COLOUR('',#13413);
#13660 = STYLED_ITEM('color',(#13661),#3583);
#13661 = PRESENTATION_STYLE_ASSIGNMENT((#13662));
#13662 = SURFACE_STYLE_USAGE(.BOTH.,#13663);
#13663 = SURFACE_SIDE_STYLE('',(#13664));
#13664 = SURFACE_STYLE_FILL_AREA(#13665);
#13665 = FILL_AREA_STYLE('',(#13666));
#13666 = FILL_AREA_STYLE_COLOUR('',#13413);
#13667 = STYLED_ITEM('color',(#13668),#3607);
#13668 = PRESENTATION_STYLE_ASSIGNMENT((#13669));
#13669 = SURFACE_STYLE_USAGE(.BOTH.,#13670);
#13670 = SURFACE_SIDE_STYLE('',(#13671));
#13671 = SURFACE_STYLE_FILL_AREA(#13672);
#13672 = FILL_AREA_STYLE('',(#13673));
#13673 = FILL_AREA_STYLE_COLOUR('',#13413);
#13674 = STYLED_ITEM('color',(#13675),#3624);
#13675 = PRESENTATION_STYLE_ASSIGNMENT((#13676));
#13676 = SURFACE_STYLE_USAGE(.BOTH.,#13677);
#13677 = SURFACE_SIDE_STYLE('',(#13678));
#13678 = SURFACE_STYLE_FILL_AREA(#13679);
#13679 = FILL_AREA_STYLE('',(#13680));
#13680 = FILL_AREA_STYLE_COLOUR('',#13413);
#13681 = STYLED_ITEM('color',(#13682),#3655);
#13682 = PRESENTATION_STYLE_ASSIGNMENT((#13683));
#13683 = SURFACE_STYLE_USAGE(.BOTH.,#13684);
#13684 = SURFACE_SIDE_STYLE('',(#13685));
#13685 = SURFACE_STYLE_FILL_AREA(#13686);
#13686 = FILL_AREA_STYLE('',(#13687));
#13687 = FILL_AREA_STYLE_COLOUR('',#13413);
#13688 = STYLED_ITEM('color',(#13689),#3679);
#13689 = PRESENTATION_STYLE_ASSIGNMENT((#13690));
#13690 = SURFACE_STYLE_USAGE(.BOTH.,#13691);
#13691 = SURFACE_SIDE_STYLE('',(#13692));
#13692 = SURFACE_STYLE_FILL_AREA(#13693);
#13693 = FILL_AREA_STYLE('',(#13694));
#13694 = FILL_AREA_STYLE_COLOUR('',#13413);
#13695 = STYLED_ITEM('color',(#13696),#3703);
#13696 = PRESENTATION_STYLE_ASSIGNMENT((#13697));
#13697 = SURFACE_STYLE_USAGE(.BOTH.,#13698);
#13698 = SURFACE_SIDE_STYLE('',(#13699));
#13699 = SURFACE_STYLE_FILL_AREA(#13700);
#13700 = FILL_AREA_STYLE('',(#13701));
#13701 = FILL_AREA_STYLE_COLOUR('',#13413);
#13702 = STYLED_ITEM('color',(#13703),#3720);
#13703 = PRESENTATION_STYLE_ASSIGNMENT((#13704));
#13704 = SURFACE_STYLE_USAGE(.BOTH.,#13705);
#13705 = SURFACE_SIDE_STYLE('',(#13706));
#13706 = SURFACE_STYLE_FILL_AREA(#13707);
#13707 = FILL_AREA_STYLE('',(#13708));
#13708 = FILL_AREA_STYLE_COLOUR('',#13413);
#13709 = STYLED_ITEM('color',(#13710),#3751);
#13710 = PRESENTATION_STYLE_ASSIGNMENT((#13711));
#13711 = SURFACE_STYLE_USAGE(.BOTH.,#13712);
#13712 = SURFACE_SIDE_STYLE('',(#13713));
#13713 = SURFACE_STYLE_FILL_AREA(#13714);
#13714 = FILL_AREA_STYLE('',(#13715));
#13715 = FILL_AREA_STYLE_COLOUR('',#13413);
#13716 = STYLED_ITEM('color',(#13717),#3775);
#13717 = PRESENTATION_STYLE_ASSIGNMENT((#13718));
#13718 = SURFACE_STYLE_USAGE(.BOTH.,#13719);
#13719 = SURFACE_SIDE_STYLE('',(#13720));
#13720 = SURFACE_STYLE_FILL_AREA(#13721);
#13721 = FILL_AREA_STYLE('',(#13722));
#13722 = FILL_AREA_STYLE_COLOUR('',#13413);
#13723 = STYLED_ITEM('color',(#13724),#3799);
#13724 = PRESENTATION_STYLE_ASSIGNMENT((#13725));
#13725 = SURFACE_STYLE_USAGE(.BOTH.,#13726);
#13726 = SURFACE_SIDE_STYLE('',(#13727));
#13727 = SURFACE_STYLE_FILL_AREA(#13728);
#13728 = FILL_AREA_STYLE('',(#13729));
#13729 = FILL_AREA_STYLE_COLOUR('',#13413);
#13730 = STYLED_ITEM('color',(#13731),#3816);
#13731 = PRESENTATION_STYLE_ASSIGNMENT((#13732));
#13732 = SURFACE_STYLE_USAGE(.BOTH.,#13733);
#13733 = SURFACE_SIDE_STYLE('',(#13734));
#13734 = SURFACE_STYLE_FILL_AREA(#13735);
#13735 = FILL_AREA_STYLE('',(#13736));
#13736 = FILL_AREA_STYLE_COLOUR('',#13568);
#13737 = STYLED_ITEM('color',(#13738),#3833);
#13738 = PRESENTATION_STYLE_ASSIGNMENT((#13739));
#13739 = SURFACE_STYLE_USAGE(.BOTH.,#13740);
#13740 = SURFACE_SIDE_STYLE('',(#13741));
#13741 = SURFACE_STYLE_FILL_AREA(#13742);
#13742 = FILL_AREA_STYLE('',(#13743));
#13743 = FILL_AREA_STYLE_COLOUR('',#13568);
#13744 = STYLED_ITEM('color',(#13745),#3850);
#13745 = PRESENTATION_STYLE_ASSIGNMENT((#13746));
#13746 = SURFACE_STYLE_USAGE(.BOTH.,#13747);
#13747 = SURFACE_SIDE_STYLE('',(#13748));
#13748 = SURFACE_STYLE_FILL_AREA(#13749);
#13749 = FILL_AREA_STYLE('',(#13750));
#13750 = FILL_AREA_STYLE_COLOUR('',#13568);
#13751 = STYLED_ITEM('color',(#13752),#3867);
#13752 = PRESENTATION_STYLE_ASSIGNMENT((#13753));
#13753 = SURFACE_STYLE_USAGE(.BOTH.,#13754);
#13754 = SURFACE_SIDE_STYLE('',(#13755));
#13755 = SURFACE_STYLE_FILL_AREA(#13756);
#13756 = FILL_AREA_STYLE('',(#13757));
#13757 = FILL_AREA_STYLE_COLOUR('',#13568);
#13758 = STYLED_ITEM('color',(#13759),#3884);
#13759 = PRESENTATION_STYLE_ASSIGNMENT((#13760));
#13760 = SURFACE_STYLE_USAGE(.BOTH.,#13761);
#13761 = SURFACE_SIDE_STYLE('',(#13762));
#13762 = SURFACE_STYLE_FILL_AREA(#13763);
#13763 = FILL_AREA_STYLE('',(#13764));
#13764 = FILL_AREA_STYLE_COLOUR('',#13568);
#13765 = STYLED_ITEM('color',(#13766),#3896);
#13766 = PRESENTATION_STYLE_ASSIGNMENT((#13767));
#13767 = SURFACE_STYLE_USAGE(.BOTH.,#13768);
#13768 = SURFACE_SIDE_STYLE('',(#13769));
#13769 = SURFACE_STYLE_FILL_AREA(#13770);
#13770 = FILL_AREA_STYLE('',(#13771));
#13771 = FILL_AREA_STYLE_COLOUR('',#13568);
#13772 = STYLED_ITEM('color',(#13773),#3913);
#13773 = PRESENTATION_STYLE_ASSIGNMENT((#13774));
#13774 = SURFACE_STYLE_USAGE(.BOTH.,#13775);
#13775 = SURFACE_SIDE_STYLE('',(#13776));
#13776 = SURFACE_STYLE_FILL_AREA(#13777);
#13777 = FILL_AREA_STYLE('',(#13778));
#13778 = FILL_AREA_STYLE_COLOUR('',#13568);
#13779 = STYLED_ITEM('color',(#13780),#3930);
#13780 = PRESENTATION_STYLE_ASSIGNMENT((#13781));
#13781 = SURFACE_STYLE_USAGE(.BOTH.,#13782);
#13782 = SURFACE_SIDE_STYLE('',(#13783));
#13783 = SURFACE_STYLE_FILL_AREA(#13784);
#13784 = FILL_AREA_STYLE('',(#13785));
#13785 = FILL_AREA_STYLE_COLOUR('',#13568);
#13786 = STYLED_ITEM('color',(#13787),#3947);
#13787 = PRESENTATION_STYLE_ASSIGNMENT((#13788));
#13788 = SURFACE_STYLE_USAGE(.BOTH.,#13789);
#13789 = SURFACE_SIDE_STYLE('',(#13790));
#13790 = SURFACE_STYLE_FILL_AREA(#13791);
#13791 = FILL_AREA_STYLE('',(#13792));
#13792 = FILL_AREA_STYLE_COLOUR('',#13568);
#13793 = STYLED_ITEM('color',(#13794),#3964);
#13794 = PRESENTATION_STYLE_ASSIGNMENT((#13795));
#13795 = SURFACE_STYLE_USAGE(.BOTH.,#13796);
#13796 = SURFACE_SIDE_STYLE('',(#13797));
#13797 = SURFACE_STYLE_FILL_AREA(#13798);
#13798 = FILL_AREA_STYLE('',(#13799));
#13799 = FILL_AREA_STYLE_COLOUR('',#13568);
#13800 = STYLED_ITEM('color',(#13801),#3976);
#13801 = PRESENTATION_STYLE_ASSIGNMENT((#13802));
#13802 = SURFACE_STYLE_USAGE(.BOTH.,#13803);
#13803 = SURFACE_SIDE_STYLE('',(#13804));
#13804 = SURFACE_STYLE_FILL_AREA(#13805);
#13805 = FILL_AREA_STYLE('',(#13806));
#13806 = FILL_AREA_STYLE_COLOUR('',#13568);
#13807 = STYLED_ITEM('color',(#13808),#3993);
#13808 = PRESENTATION_STYLE_ASSIGNMENT((#13809));
#13809 = SURFACE_STYLE_USAGE(.BOTH.,#13810);
#13810 = SURFACE_SIDE_STYLE('',(#13811));
#13811 = SURFACE_STYLE_FILL_AREA(#13812);
#13812 = FILL_AREA_STYLE('',(#13813));
#13813 = FILL_AREA_STYLE_COLOUR('',#13568);
#13814 = STYLED_ITEM('color',(#13815),#4010);
#13815 = PRESENTATION_STYLE_ASSIGNMENT((#13816));
#13816 = SURFACE_STYLE_USAGE(.BOTH.,#13817);
#13817 = SURFACE_SIDE_STYLE('',(#13818));
#13818 = SURFACE_STYLE_FILL_AREA(#13819);
#13819 = FILL_AREA_STYLE('',(#13820));
#13820 = FILL_AREA_STYLE_COLOUR('',#13568);
#13821 = STYLED_ITEM('color',(#13822),#4027);
#13822 = PRESENTATION_STYLE_ASSIGNMENT((#13823));
#13823 = SURFACE_STYLE_USAGE(.BOTH.,#13824);
#13824 = SURFACE_SIDE_STYLE('',(#13825));
#13825 = SURFACE_STYLE_FILL_AREA(#13826);
#13826 = FILL_AREA_STYLE('',(#13827));
#13827 = FILL_AREA_STYLE_COLOUR('',#13568);
#13828 = STYLED_ITEM('color',(#13829),#4044);
#13829 = PRESENTATION_STYLE_ASSIGNMENT((#13830));
#13830 = SURFACE_STYLE_USAGE(.BOTH.,#13831);
#13831 = SURFACE_SIDE_STYLE('',(#13832));
#13832 = SURFACE_STYLE_FILL_AREA(#13833);
#13833 = FILL_AREA_STYLE('',(#13834));
#13834 = FILL_AREA_STYLE_COLOUR('',#13568);
#13835 = STYLED_ITEM('color',(#13836),#4056);
#13836 = PRESENTATION_STYLE_ASSIGNMENT((#13837));
#13837 = SURFACE_STYLE_USAGE(.BOTH.,#13838);
#13838 = SURFACE_SIDE_STYLE('',(#13839));
#13839 = SURFACE_STYLE_FILL_AREA(#13840);
#13840 = FILL_AREA_STYLE('',(#13841));
#13841 = FILL_AREA_STYLE_COLOUR('',#13413);
#13842 = STYLED_ITEM('color',(#13843),#4102);
#13843 = PRESENTATION_STYLE_ASSIGNMENT((#13844));
#13844 = SURFACE_STYLE_USAGE(.BOTH.,#13845);
#13845 = SURFACE_SIDE_STYLE('',(#13846));
#13846 = SURFACE_STYLE_FILL_AREA(#13847);
#13847 = FILL_AREA_STYLE('',(#13848));
#13848 = FILL_AREA_STYLE_COLOUR('',#13413);
#13849 = STYLED_ITEM('color',(#13850),#4148);
#13850 = PRESENTATION_STYLE_ASSIGNMENT((#13851));
#13851 = SURFACE_STYLE_USAGE(.BOTH.,#13852);
#13852 = SURFACE_SIDE_STYLE('',(#13853));
#13853 = SURFACE_STYLE_FILL_AREA(#13854);
#13854 = FILL_AREA_STYLE('',(#13855));
#13855 = FILL_AREA_STYLE_COLOUR('',#13413);
#13856 = STYLED_ITEM('color',(#13857),#4194);
#13857 = PRESENTATION_STYLE_ASSIGNMENT((#13858));
#13858 = SURFACE_STYLE_USAGE(.BOTH.,#13859);
#13859 = SURFACE_SIDE_STYLE('',(#13860));
#13860 = SURFACE_STYLE_FILL_AREA(#13861);
#13861 = FILL_AREA_STYLE('',(#13862));
#13862 = FILL_AREA_STYLE_COLOUR('',#13413);
#13863 = STYLED_ITEM('color',(#13864),#4257);
#13864 = PRESENTATION_STYLE_ASSIGNMENT((#13865));
#13865 = SURFACE_STYLE_USAGE(.BOTH.,#13866);
#13866 = SURFACE_SIDE_STYLE('',(#13867));
#13867 = SURFACE_STYLE_FILL_AREA(#13868);
#13868 = FILL_AREA_STYLE('',(#13869));
#13869 = FILL_AREA_STYLE_COLOUR('',#13413);
#13870 = STYLED_ITEM('color',(#13871),#4281);
#13871 = PRESENTATION_STYLE_ASSIGNMENT((#13872));
#13872 = SURFACE_STYLE_USAGE(.BOTH.,#13873);
#13873 = SURFACE_SIDE_STYLE('',(#13874));
#13874 = SURFACE_STYLE_FILL_AREA(#13875);
#13875 = FILL_AREA_STYLE('',(#13876));
#13876 = FILL_AREA_STYLE_COLOUR('',#13413);
#13877 = STYLED_ITEM('color',(#13878),#4337);
#13878 = PRESENTATION_STYLE_ASSIGNMENT((#13879));
#13879 = SURFACE_STYLE_USAGE(.BOTH.,#13880);
#13880 = SURFACE_SIDE_STYLE('',(#13881));
#13881 = SURFACE_STYLE_FILL_AREA(#13882);
#13882 = FILL_AREA_STYLE('',(#13883));
#13883 = FILL_AREA_STYLE_COLOUR('',#13413);
#13884 = STYLED_ITEM('color',(#13885),#4354);
#13885 = PRESENTATION_STYLE_ASSIGNMENT((#13886));
#13886 = SURFACE_STYLE_USAGE(.BOTH.,#13887);
#13887 = SURFACE_SIDE_STYLE('',(#13888));
#13888 = SURFACE_STYLE_FILL_AREA(#13889);
#13889 = FILL_AREA_STYLE('',(#13890));
#13890 = FILL_AREA_STYLE_COLOUR('',#13413);
#13891 = STYLED_ITEM('color',(#13892),#4417);
#13892 = PRESENTATION_STYLE_ASSIGNMENT((#13893));
#13893 = SURFACE_STYLE_USAGE(.BOTH.,#13894);
#13894 = SURFACE_SIDE_STYLE('',(#13895));
#13895 = SURFACE_STYLE_FILL_AREA(#13896);
#13896 = FILL_AREA_STYLE('',(#13897));
#13897 = FILL_AREA_STYLE_COLOUR('',#13413);
#13898 = STYLED_ITEM('color',(#13899),#4441);
#13899 = PRESENTATION_STYLE_ASSIGNMENT((#13900));
#13900 = SURFACE_STYLE_USAGE(.BOTH.,#13901);
#13901 = SURFACE_SIDE_STYLE('',(#13902));
#13902 = SURFACE_STYLE_FILL_AREA(#13903);
#13903 = FILL_AREA_STYLE('',(#13904));
#13904 = FILL_AREA_STYLE_COLOUR('',#13413);
#13905 = STYLED_ITEM('color',(#13906),#4497);
#13906 = PRESENTATION_STYLE_ASSIGNMENT((#13907));
#13907 = SURFACE_STYLE_USAGE(.BOTH.,#13908);
#13908 = SURFACE_SIDE_STYLE('',(#13909));
#13909 = SURFACE_STYLE_FILL_AREA(#13910);
#13910 = FILL_AREA_STYLE('',(#13911));
#13911 = FILL_AREA_STYLE_COLOUR('',#13413);
#13912 = STYLED_ITEM('color',(#13913),#4514);
#13913 = PRESENTATION_STYLE_ASSIGNMENT((#13914));
#13914 = SURFACE_STYLE_USAGE(.BOTH.,#13915);
#13915 = SURFACE_SIDE_STYLE('',(#13916));
#13916 = SURFACE_STYLE_FILL_AREA(#13917);
#13917 = FILL_AREA_STYLE('',(#13918));
#13918 = FILL_AREA_STYLE_COLOUR('',#13413);
#13919 = STYLED_ITEM('color',(#13920),#4577);
#13920 = PRESENTATION_STYLE_ASSIGNMENT((#13921));
#13921 = SURFACE_STYLE_USAGE(.BOTH.,#13922);
#13922 = SURFACE_SIDE_STYLE('',(#13923));
#13923 = SURFACE_STYLE_FILL_AREA(#13924);
#13924 = FILL_AREA_STYLE('',(#13925));
#13925 = FILL_AREA_STYLE_COLOUR('',#13413);
#13926 = STYLED_ITEM('color',(#13927),#4601);
#13927 = PRESENTATION_STYLE_ASSIGNMENT((#13928));
#13928 = SURFACE_STYLE_USAGE(.BOTH.,#13929);
#13929 = SURFACE_SIDE_STYLE('',(#13930));
#13930 = SURFACE_STYLE_FILL_AREA(#13931);
#13931 = FILL_AREA_STYLE('',(#13932));
#13932 = FILL_AREA_STYLE_COLOUR('',#13413);
#13933 = STYLED_ITEM('color',(#13934),#4657);
#13934 = PRESENTATION_STYLE_ASSIGNMENT((#13935));
#13935 = SURFACE_STYLE_USAGE(.BOTH.,#13936);
#13936 = SURFACE_SIDE_STYLE('',(#13937));
#13937 = SURFACE_STYLE_FILL_AREA(#13938);
#13938 = FILL_AREA_STYLE('',(#13939));
#13939 = FILL_AREA_STYLE_COLOUR('',#13413);
#13940 = STYLED_ITEM('color',(#13941),#4674);
#13941 = PRESENTATION_STYLE_ASSIGNMENT((#13942));
#13942 = SURFACE_STYLE_USAGE(.BOTH.,#13943);
#13943 = SURFACE_SIDE_STYLE('',(#13944));
#13944 = SURFACE_STYLE_FILL_AREA(#13945);
#13945 = FILL_AREA_STYLE('',(#13946));
#13946 = FILL_AREA_STYLE_COLOUR('',#13413);
#13947 = STYLED_ITEM('color',(#13948),#4691);
#13948 = PRESENTATION_STYLE_ASSIGNMENT((#13949));
#13949 = SURFACE_STYLE_USAGE(.BOTH.,#13950);
#13950 = SURFACE_SIDE_STYLE('',(#13951));
#13951 = SURFACE_STYLE_FILL_AREA(#13952);
#13952 = FILL_AREA_STYLE('',(#13953));
#13953 = FILL_AREA_STYLE_COLOUR('',#13568);
#13954 = STYLED_ITEM('color',(#13955),#4740);
#13955 = PRESENTATION_STYLE_ASSIGNMENT((#13956));
#13956 = SURFACE_STYLE_USAGE(.BOTH.,#13957);
#13957 = SURFACE_SIDE_STYLE('',(#13958));
#13958 = SURFACE_STYLE_FILL_AREA(#13959);
#13959 = FILL_AREA_STYLE('',(#13960));
#13960 = FILL_AREA_STYLE_COLOUR('',#13568);
#13961 = STYLED_ITEM('color',(#13962),#4764);
#13962 = PRESENTATION_STYLE_ASSIGNMENT((#13963));
#13963 = SURFACE_STYLE_USAGE(.BOTH.,#13964);
#13964 = SURFACE_SIDE_STYLE('',(#13965));
#13965 = SURFACE_STYLE_FILL_AREA(#13966);
#13966 = FILL_AREA_STYLE('',(#13967));
#13967 = FILL_AREA_STYLE_COLOUR('',#13568);
#13968 = STYLED_ITEM('color',(#13969),#4811);
#13969 = PRESENTATION_STYLE_ASSIGNMENT((#13970));
#13970 = SURFACE_STYLE_USAGE(.BOTH.,#13971);
#13971 = SURFACE_SIDE_STYLE('',(#13972));
#13972 = SURFACE_STYLE_FILL_AREA(#13973);
#13973 = FILL_AREA_STYLE('',(#13974));
#13974 = FILL_AREA_STYLE_COLOUR('',#13413);
#13975 = STYLED_ITEM('color',(#13976),#4823);
#13976 = PRESENTATION_STYLE_ASSIGNMENT((#13977));
#13977 = SURFACE_STYLE_USAGE(.BOTH.,#13978);
#13978 = SURFACE_SIDE_STYLE('',(#13979));
#13979 = SURFACE_STYLE_FILL_AREA(#13980);
#13980 = FILL_AREA_STYLE('',(#13981));
#13981 = FILL_AREA_STYLE_COLOUR('',#13568);
#13982 = STYLED_ITEM('color',(#13983),#4840);
#13983 = PRESENTATION_STYLE_ASSIGNMENT((#13984));
#13984 = SURFACE_STYLE_USAGE(.BOTH.,#13985);
#13985 = SURFACE_SIDE_STYLE('',(#13986));
#13986 = SURFACE_STYLE_FILL_AREA(#13987);
#13987 = FILL_AREA_STYLE('',(#13988));
#13988 = FILL_AREA_STYLE_COLOUR('',#13413);
#13989 = STYLED_ITEM('color',(#13990),#4857);
#13990 = PRESENTATION_STYLE_ASSIGNMENT((#13991));
#13991 = SURFACE_STYLE_USAGE(.BOTH.,#13992);
#13992 = SURFACE_SIDE_STYLE('',(#13993));
#13993 = SURFACE_STYLE_FILL_AREA(#13994);
#13994 = FILL_AREA_STYLE('',(#13995));
#13995 = FILL_AREA_STYLE_COLOUR('',#13568);
#13996 = STYLED_ITEM('color',(#13997),#4906);
#13997 = PRESENTATION_STYLE_ASSIGNMENT((#13998));
#13998 = SURFACE_STYLE_USAGE(.BOTH.,#13999);
#13999 = SURFACE_SIDE_STYLE('',(#14000));
#14000 = SURFACE_STYLE_FILL_AREA(#14001);
#14001 = FILL_AREA_STYLE('',(#14002));
#14002 = FILL_AREA_STYLE_COLOUR('',#13568);
#14003 = STYLED_ITEM('color',(#14004),#4930);
#14004 = PRESENTATION_STYLE_ASSIGNMENT((#14005));
#14005 = SURFACE_STYLE_USAGE(.BOTH.,#14006);
#14006 = SURFACE_SIDE_STYLE('',(#14007));
#14007 = SURFACE_STYLE_FILL_AREA(#14008);
#14008 = FILL_AREA_STYLE('',(#14009));
#14009 = FILL_AREA_STYLE_COLOUR('',#13568);
#14010 = STYLED_ITEM('color',(#14011),#4977);
#14011 = PRESENTATION_STYLE_ASSIGNMENT((#14012));
#14012 = SURFACE_STYLE_USAGE(.BOTH.,#14013);
#14013 = SURFACE_SIDE_STYLE('',(#14014));
#14014 = SURFACE_STYLE_FILL_AREA(#14015);
#14015 = FILL_AREA_STYLE('',(#14016));
#14016 = FILL_AREA_STYLE_COLOUR('',#13413);
#14017 = STYLED_ITEM('color',(#14018),#4989);
#14018 = PRESENTATION_STYLE_ASSIGNMENT((#14019));
#14019 = SURFACE_STYLE_USAGE(.BOTH.,#14020);
#14020 = SURFACE_SIDE_STYLE('',(#14021));
#14021 = SURFACE_STYLE_FILL_AREA(#14022);
#14022 = FILL_AREA_STYLE('',(#14023));
#14023 = FILL_AREA_STYLE_COLOUR('',#13568);
#14024 = STYLED_ITEM('color',(#14025),#5006);
#14025 = PRESENTATION_STYLE_ASSIGNMENT((#14026));
#14026 = SURFACE_STYLE_USAGE(.BOTH.,#14027);
#14027 = SURFACE_SIDE_STYLE('',(#14028));
#14028 = SURFACE_STYLE_FILL_AREA(#14029);
#14029 = FILL_AREA_STYLE('',(#14030));
#14030 = FILL_AREA_STYLE_COLOUR('',#13413);
#14031 = STYLED_ITEM('color',(#14032),#5023);
#14032 = PRESENTATION_STYLE_ASSIGNMENT((#14033));
#14033 = SURFACE_STYLE_USAGE(.BOTH.,#14034);
#14034 = SURFACE_SIDE_STYLE('',(#14035));
#14035 = SURFACE_STYLE_FILL_AREA(#14036);
#14036 = FILL_AREA_STYLE('',(#14037));
#14037 = FILL_AREA_STYLE_COLOUR('',#13568);
#14038 = STYLED_ITEM('color',(#14039),#5072);
#14039 = PRESENTATION_STYLE_ASSIGNMENT((#14040));
#14040 = SURFACE_STYLE_USAGE(.BOTH.,#14041);
#14041 = SURFACE_SIDE_STYLE('',(#14042));
#14042 = SURFACE_STYLE_FILL_AREA(#14043);
#14043 = FILL_AREA_STYLE('',(#14044));
#14044 = FILL_AREA_STYLE_COLOUR('',#13568);
#14045 = STYLED_ITEM('color',(#14046),#5096);
#14046 = PRESENTATION_STYLE_ASSIGNMENT((#14047));
#14047 = SURFACE_STYLE_USAGE(.BOTH.,#14048);
#14048 = SURFACE_SIDE_STYLE('',(#14049));
#14049 = SURFACE_STYLE_FILL_AREA(#14050);
#14050 = FILL_AREA_STYLE('',(#14051));
#14051 = FILL_AREA_STYLE_COLOUR('',#13568);
#14052 = STYLED_ITEM('color',(#14053),#5143);
#14053 = PRESENTATION_STYLE_ASSIGNMENT((#14054));
#14054 = SURFACE_STYLE_USAGE(.BOTH.,#14055);
#14055 = SURFACE_SIDE_STYLE('',(#14056));
#14056 = SURFACE_STYLE_FILL_AREA(#14057);
#14057 = FILL_AREA_STYLE('',(#14058));
#14058 = FILL_AREA_STYLE_COLOUR('',#13413);
#14059 = STYLED_ITEM('color',(#14060),#5155);
#14060 = PRESENTATION_STYLE_ASSIGNMENT((#14061));
#14061 = SURFACE_STYLE_USAGE(.BOTH.,#14062);
#14062 = SURFACE_SIDE_STYLE('',(#14063));
#14063 = SURFACE_STYLE_FILL_AREA(#14064);
#14064 = FILL_AREA_STYLE('',(#14065));
#14065 = FILL_AREA_STYLE_COLOUR('',#13568);
#14066 = STYLED_ITEM('color',(#14067),#5172);
#14067 = PRESENTATION_STYLE_ASSIGNMENT((#14068));
#14068 = SURFACE_STYLE_USAGE(.BOTH.,#14069);
#14069 = SURFACE_SIDE_STYLE('',(#14070));
#14070 = SURFACE_STYLE_FILL_AREA(#14071);
#14071 = FILL_AREA_STYLE('',(#14072));
#14072 = FILL_AREA_STYLE_COLOUR('',#13568);
#14073 = STYLED_ITEM('color',(#14074),#5189);
#14074 = PRESENTATION_STYLE_ASSIGNMENT((#14075));
#14075 = SURFACE_STYLE_USAGE(.BOTH.,#14076);
#14076 = SURFACE_SIDE_STYLE('',(#14077));
#14077 = SURFACE_STYLE_FILL_AREA(#14078);
#14078 = FILL_AREA_STYLE('',(#14079));
#14079 = FILL_AREA_STYLE_COLOUR('',#13568);
#14080 = STYLED_ITEM('color',(#14081),#5206);
#14081 = PRESENTATION_STYLE_ASSIGNMENT((#14082));
#14082 = SURFACE_STYLE_USAGE(.BOTH.,#14083);
#14083 = SURFACE_SIDE_STYLE('',(#14084));
#14084 = SURFACE_STYLE_FILL_AREA(#14085);
#14085 = FILL_AREA_STYLE('',(#14086));
#14086 = FILL_AREA_STYLE_COLOUR('',#13568);
#14087 = STYLED_ITEM('color',(#14088),#5218);
#14088 = PRESENTATION_STYLE_ASSIGNMENT((#14089));
#14089 = SURFACE_STYLE_USAGE(.BOTH.,#14090);
#14090 = SURFACE_SIDE_STYLE('',(#14091));
#14091 = SURFACE_STYLE_FILL_AREA(#14092);
#14092 = FILL_AREA_STYLE('',(#14093));
#14093 = FILL_AREA_STYLE_COLOUR('',#13568);
#14094 = STYLED_ITEM('color',(#14095),#5235);
#14095 = PRESENTATION_STYLE_ASSIGNMENT((#14096));
#14096 = SURFACE_STYLE_USAGE(.BOTH.,#14097);
#14097 = SURFACE_SIDE_STYLE('',(#14098));
#14098 = SURFACE_STYLE_FILL_AREA(#14099);
#14099 = FILL_AREA_STYLE('',(#14100));
#14100 = FILL_AREA_STYLE_COLOUR('',#13568);
#14101 = STYLED_ITEM('color',(#14102),#5252);
#14102 = PRESENTATION_STYLE_ASSIGNMENT((#14103));
#14103 = SURFACE_STYLE_USAGE(.BOTH.,#14104);
#14104 = SURFACE_SIDE_STYLE('',(#14105));
#14105 = SURFACE_STYLE_FILL_AREA(#14106);
#14106 = FILL_AREA_STYLE('',(#14107));
#14107 = FILL_AREA_STYLE_COLOUR('',#13568);
#14108 = STYLED_ITEM('color',(#14109),#5264);
#14109 = PRESENTATION_STYLE_ASSIGNMENT((#14110));
#14110 = SURFACE_STYLE_USAGE(.BOTH.,#14111);
#14111 = SURFACE_SIDE_STYLE('',(#14112));
#14112 = SURFACE_STYLE_FILL_AREA(#14113);
#14113 = FILL_AREA_STYLE('',(#14114));
#14114 = FILL_AREA_STYLE_COLOUR('',#13568);
#14115 = STYLED_ITEM('color',(#14116),#5281);
#14116 = PRESENTATION_STYLE_ASSIGNMENT((#14117));
#14117 = SURFACE_STYLE_USAGE(.BOTH.,#14118);
#14118 = SURFACE_SIDE_STYLE('',(#14119));
#14119 = SURFACE_STYLE_FILL_AREA(#14120);
#14120 = FILL_AREA_STYLE('',(#14121));
#14121 = FILL_AREA_STYLE_COLOUR('',#13568);
#14122 = STYLED_ITEM('color',(#14123),#5298);
#14123 = PRESENTATION_STYLE_ASSIGNMENT((#14124));
#14124 = SURFACE_STYLE_USAGE(.BOTH.,#14125);
#14125 = SURFACE_SIDE_STYLE('',(#14126));
#14126 = SURFACE_STYLE_FILL_AREA(#14127);
#14127 = FILL_AREA_STYLE('',(#14128));
#14128 = FILL_AREA_STYLE_COLOUR('',#13568);
#14129 = MECHANICAL_DESIGN_GEOMETRIC_PRESENTATION_REPRESENTATION('',(
    #14130),#2222);
#14130 = STYLED_ITEM('color',(#14131),#112);
#14131 = PRESENTATION_STYLE_ASSIGNMENT((#14132,#14138));
#14132 = SURFACE_STYLE_USAGE(.BOTH.,#14133);
#14133 = SURFACE_SIDE_STYLE('',(#14134));
#14134 = SURFACE_STYLE_FILL_AREA(#14135);
#14135 = FILL_AREA_STYLE('',(#14136));
#14136 = FILL_AREA_STYLE_COLOUR('',#14137);
#14137 = COLOUR_RGB('',0.792156867455,0.819607826924,0.933333342953);
#14138 = CURVE_STYLE('',#14139,POSITIVE_LENGTH_MEASURE(0.1),#14137);
#14139 = DRAUGHTING_PRE_DEFINED_CURVE_FONT('continuous');
ENDSEC;
END-ISO-10303-21;
