  0
SECTION
  2
HEADER
  9
$ANGBASE
  50
0.0
  9
$ANGDIR
  70
1
  9
$MEASUREMENT
  70
1
  0
ENDSEC
  0
SECTION
  2
TABLES
  0
TABLE
  2
LTYPE
  70
4
  0
LTYPE
  5
40F
  2
CONTINUOUS
  70
0
  3
Solid line
  72
65
  73
0
  40
0.0
  0
LTYPE
  5
410
  2
DASHDOT
 70
0
  3
Dash Dot ____ _ ____ _
 72
65
 73
4
 40
2.0
 49
1.25
 49
-0.25
 49
0.25
 49
-0.25
  0
LTYPE
  5
411
  2
DASHED
 70
0
  3
Dashed __ __ __ __ __
 72
65
 73
2
 40
0.75
 49
0.5
 49
-0.25
  0
LTYPE
  5
43B
  2
DOTTED
 70
0
  3
Dotted .  .  .  .
 72
65
 73
2
 40
0.2
 49
0.0
 49
-0.2
  0
ENDTAB
  0
TABLE
  2
STYLE
  70
4
  0
STYLE
  2
KICAD
  70
0
  40
0
  41
1
  42
1
  50
0
  71
0
  3
isocp.shx
  0
STYLE
  2
KICADB
  70
0
  40
0
  41
1
  42
1
  50
0
  71
0
  3
isocp.shx
  0
STYLE
  2
KICADI
  70
0
  40
0
  41
1
  42
1
  50
15
  71
0
  3
isocp.shx
  0
STYLE
  2
KICADBI
  70
0
  40
0
  41
1
  42
1
  50
15
  71
0
  3
isocp.shx
  0
ENDTAB
  0
TABLE
  2
LAYER
  70
1
  0
LAYER
  2
BLACK
  70
0
  62
7
  6
CONTINUOUS
  0
ENDTAB
  0
ENDSEC
  0
SECTION
  2
ENTITIES
0
LINE
8
BLACK
6
CONTINUOUS
10
135.2398499999999899
20
-63.8291729999999973
11
135.6016909999999882
21
-63.8864829999999984
0
LINE
8
BLACK
6
CONTINUOUS
10
135.6016909999999882
20
-63.8864829999999984
11
135.9555589999999938
21
-63.9813019999999995
0
LINE
8
BLACK
6
CONTINUOUS
10
135.9555589999999938
20
-63.9813019999999995
11
136.2975779999999872
21
-64.1125909999999948
0
LINE
8
BLACK
6
CONTINUOUS
10
136.2975779999999872
20
-64.1125909999999948
11
136.341557999999992
21
-64.1349999999999909
0
LINE
8
BLACK
6
CONTINUOUS
10
136.341557999999992
20
-64.1349999999999909
11
142.7288979999999867
21
-64.1349999999999909
0
LINE
8
BLACK
6
CONTINUOUS
10
142.7288979999999867
20
-64.1349999999999909
11
142.7959369999999808
21
-64.1546850000000006
0
LINE
8
BLACK
6
CONTINUOUS
10
142.7959369999999808
20
-64.1546850000000006
11
142.8416919999999948
21
-64.2074889999999954
0
LINE
8
BLACK
6
CONTINUOUS
10
142.8416919999999948
20
-64.2074889999999954
11
142.851635999999985
21
-64.276646999999997
0
LINE
8
BLACK
6
CONTINUOUS
10
142.851635999999985
20
-64.276646999999997
11
142.8226109999999949
21
-64.3402030000000025
0
LINE
8
BLACK
6
CONTINUOUS
10
142.8226109999999949
20
-64.3402030000000025
11
142.81456799999998
21
-64.3486469999999997
0
LINE
8
BLACK
6
CONTINUOUS
10
142.81456799999998
20
-64.3486469999999997
11
142.7036999999999978
21
-64.4545959999999951
0
LINE
8
BLACK
6
CONTINUOUS
10
142.7036999999999978
20
-64.4545959999999951
11
142.7036860000000047
21
-64.4546109999999999
0
LINE
8
BLACK
6
CONTINUOUS
10
142.7036860000000047
20
-64.4546109999999999
11
142.2918009999999924
21
-64.9023619999999966
0
LINE
8
BLACK
6
CONTINUOUS
10
142.2918009999999924
20
-64.9023619999999966
11
142.2917960000000051
21
-64.9023689999999931
0
LINE
8
BLACK
6
CONTINUOUS
10
142.2917960000000051
20
-64.9023689999999931
11
141.9095739999999921
21
-65.3756849999999901
0
LINE
8
BLACK
6
CONTINUOUS
10
141.9095739999999921
20
-65.3756849999999901
11
141.9095709999999997
21
-65.3756899999999916
0
LINE
8
BLACK
6
CONTINUOUS
10
141.9095709999999997
20
-65.3756899999999916
11
141.9095680000000073
21
-65.3756939999999958
0
LINE
8
BLACK
6
CONTINUOUS
10
141.9095680000000073
20
-65.3756939999999958
11
141.8141999999999996
21
-65.5107160000000022
0
LINE
8
BLACK
6
CONTINUOUS
10
141.8141999999999996
20
-65.5107160000000022
11
141.5585719999999981
21
-65.8726400000000041
0
LINE
8
BLACK
6
CONTINUOUS
10
141.5585719999999981
20
-65.8726400000000041
11
141.2402950000000033
21
-66.3911039999999986
0
LINE
8
BLACK
6
CONTINUOUS
10
141.2402950000000033
20
-66.3911039999999986
11
141.2402809999999818
21
-66.3911279999999948
0
LINE
8
BLACK
6
CONTINUOUS
10
141.2402809999999818
20
-66.3911279999999948
11
140.9560040000000072
21
-66.9290220000000033
0
LINE
8
BLACK
6
CONTINUOUS
10
140.9560040000000072
20
-66.9290220000000033
11
140.9560029999999813
21
-66.9290249999999958
0
LINE
8
BLACK
6
CONTINUOUS
10
140.9560029999999813
20
-66.9290249999999958
11
140.7069299999999998
21
-67.484068999999991
0
LINE
8
BLACK
6
CONTINUOUS
10
140.7069299999999998
20
-67.484068999999991
11
140.7069180000000017
21
-67.4840969999999913
0
LINE
8
BLACK
6
CONTINUOUS
10
140.7069180000000017
20
-67.4840969999999913
11
140.494056999999998
21
-68.0540479999999945
0
LINE
8
BLACK
6
CONTINUOUS
10
140.494056999999998
20
-68.0540479999999945
11
140.3183129999999892
21
-68.6364839999999958
0
LINE
8
BLACK
6
CONTINUOUS
10
140.3183129999999892
20
-68.6364839999999958
11
140.318304999999981
21
-68.6365119999999962
0
LINE
8
BLACK
6
CONTINUOUS
10
140.318304999999981
20
-68.6365119999999962
11
140.1803940000000068
21
-69.2290599999999898
0
LINE
8
BLACK
6
CONTINUOUS
10
140.1803940000000068
20
-69.2290599999999898
11
140.1803899999999885
21
-69.2290759999999921
0
LINE
8
BLACK
6
CONTINUOUS
10
140.1803899999999885
20
-69.2290759999999921
11
140.0808899999999824
21
-69.8292339999999996
0
LINE
8
BLACK
6
CONTINUOUS
10
140.0808899999999824
20
-69.8292339999999996
11
140.0808889999999849
21
-69.8292380000000037
0
LINE
8
BLACK
6
CONTINUOUS
10
140.0808889999999849
20
-69.8292380000000037
11
140.020198999999991
21
-70.4346199999999953
0
LINE
8
BLACK
6
CONTINUOUS
10
140.020198999999991
20
-70.4346199999999953
11
139.998580000000004
21
-71.0426369999999991
0
LINE
8
BLACK
6
CONTINUOUS
10
139.998580000000004
20
-71.0426369999999991
11
140.0161219999999958
21
-71.6507539999999921
0
LINE
8
BLACK
6
CONTINUOUS
10
140.0161219999999958
20
-71.6507539999999921
11
140.0727550000000008
21
-72.2565309999999954
0
LINE
8
BLACK
6
CONTINUOUS
10
140.0727550000000008
20
-72.2565309999999954
11
140.0727579999999932
21
-72.2565589999999958
0
LINE
8
BLACK
6
CONTINUOUS
10
140.0727579999999932
20
-72.2565589999999958
11
140.1682349999999815
21
-72.8573650000000015
0
LINE
8
BLACK
6
CONTINUOUS
10
140.1682349999999815
20
-72.8573650000000015
11
140.1682389999999998
21
-72.8573889999999977
0
LINE
8
BLACK
6
CONTINUOUS
10
140.1682389999999998
20
-72.8573889999999977
11
140.3021829999999852
21
-73.4508699999999948
0
LINE
8
BLACK
6
CONTINUOUS
10
140.3021829999999852
20
-73.4508699999999948
11
140.4740259999999807
21
-74.0344860000000011
0
LINE
8
BLACK
6
CONTINUOUS
10
140.4740259999999807
20
-74.0344860000000011
11
140.6399859999999933
21
-74.4881060000000019
0
LINE
8
BLACK
6
CONTINUOUS
10
140.6399859999999933
20
-74.4881060000000019
11
140.6830589999999859
21
-74.605836999999994
0
LINE
8
BLACK
6
CONTINUOUS
10
140.6830589999999859
20
-74.605836999999994
11
140.6830669999999941
21
-74.6058549999999912
0
LINE
8
BLACK
6
CONTINUOUS
10
140.6830669999999941
20
-74.6058549999999912
11
140.9284140000000036
21
-75.162555999999995
0
LINE
8
BLACK
6
CONTINUOUS
10
140.9284140000000036
20
-75.162555999999995
11
141.2090849999999875
21
-75.7023509999999931
0
LINE
8
BLACK
6
CONTINUOUS
10
141.2090849999999875
20
-75.7023509999999931
11
141.5239019999999925
21
-76.2229719999999986
0
LINE
8
BLACK
6
CONTINUOUS
10
141.5239019999999925
20
-76.2229719999999986
11
141.52390299999999
21
-76.2229729999999961
0
LINE
8
BLACK
6
CONTINUOUS
10
141.52390299999999
20
-76.2229729999999961
11
141.8715440000000001
21
-76.7222390000000019
0
LINE
8
BLACK
6
CONTINUOUS
10
141.8715440000000001
20
-76.7222390000000019
11
141.8715519999999799
21
-76.7222489999999908
0
LINE
8
BLACK
6
CONTINUOUS
10
141.8715519999999799
20
-76.7222489999999908
11
142.2506060000000048
21
-77.1981310000000036
0
LINE
8
BLACK
6
CONTINUOUS
10
142.2506060000000048
20
-77.1981310000000036
11
142.2506139999999846
21
-77.1981399999999951
0
LINE
8
BLACK
6
CONTINUOUS
10
142.2506139999999846
20
-77.1981399999999951
11
142.250614999999982
21
-77.1981409999999926
0
LINE
8
BLACK
6
CONTINUOUS
10
142.250614999999982
20
-77.1981409999999926
11
142.6594900000000052
21
-77.6486409999999978
0
LINE
8
BLACK
6
CONTINUOUS
10
142.6594900000000052
20
-77.6486409999999978
11
142.6594989999999825
21
-77.6486500000000035
0
LINE
8
BLACK
6
CONTINUOUS
10
142.6594989999999825
20
-77.6486500000000035
11
142.6886659999999836
21
-77.6769079999999974
0
LINE
8
BLACK
6
CONTINUOUS
10
142.6886659999999836
20
-77.6769079999999974
11
142.7231179999999995
21
-77.737692999999993
0
LINE
8
BLACK
6
CONTINUOUS
10
142.7231179999999995
20
-77.737692999999993
11
142.7263839999999959
21
-77.7656339999999915
0
LINE
8
BLACK
6
CONTINUOUS
10
142.7263839999999959
20
-77.7656339999999915
11
142.7553790000000049
21
-88.6021239999999892
0
LINE
8
BLACK
6
CONTINUOUS
10
142.7553790000000049
20
-88.6021239999999892
11
142.7541339999999934
21
-88.6199840000000023
0
LINE
8
BLACK
6
CONTINUOUS
10
142.7541339999999934
20
-88.6199840000000023
11
142.7512109999999836
21
-88.6404489999999896
0
LINE
8
BLACK
6
CONTINUOUS
10
142.7512109999999836
20
-88.6404489999999896
11
142.7547089999999912
21
-88.6694809999999904
0
LINE
8
BLACK
6
CONTINUOUS
10
142.7547089999999912
20
-88.6694809999999904
11
142.7555989999999895
21
-88.6839760000000012
0
LINE
8
BLACK
6
CONTINUOUS
10
142.7555989999999895
20
-88.6839760000000012
11
142.755677999999989
21
-88.7132309999999933
0
LINE
8
BLACK
6
CONTINUOUS
10
142.755677999999989
20
-88.7132309999999933
11
142.755677999999989
21
-88.7132319999999908
0
LINE
8
BLACK
6
CONTINUOUS
10
142.755677999999989
20
-88.7132319999999908
11
142.7610809999999901
21
-88.7331839999999943
0
LINE
8
BLACK
6
CONTINUOUS
10
142.7610809999999901
20
-88.7331839999999943
11
142.7645009999999957
21
-88.7507579999999905
0
LINE
8
BLACK
6
CONTINUOUS
10
142.7645009999999957
20
-88.7507579999999905
11
142.7669740000000047
21
-88.7712849999999918
0
LINE
8
BLACK
6
CONTINUOUS
10
142.7669740000000047
20
-88.7712849999999918
11
142.7669750000000022
21
-88.7712879999999984
0
LINE
8
BLACK
6
CONTINUOUS
10
142.7669750000000022
20
-88.7712879999999984
11
142.7778689999999813
21
-88.7984289999999987
0
LINE
8
BLACK
6
CONTINUOUS
10
142.7778689999999813
20
-88.7984289999999987
11
142.782478999999995
21
-88.8121979999999951
0
LINE
8
BLACK
6
CONTINUOUS
10
142.782478999999995
20
-88.8121979999999951
11
142.790126999999984
21
-88.8404329999999902
0
LINE
8
BLACK
6
CONTINUOUS
10
142.790126999999984
20
-88.8404329999999902
11
142.8005090000000052
21
-88.8583039999999897
0
LINE
8
BLACK
6
CONTINUOUS
10
142.8005090000000052
20
-88.8583039999999897
11
142.8083639999999832
21
-88.8743999999999943
0
LINE
8
BLACK
6
CONTINUOUS
10
142.8083639999999832
20
-88.8743999999999943
11
142.8160649999999805
21
-88.8935859999999991
0
LINE
8
BLACK
6
CONTINUOUS
10
142.8160649999999805
20
-88.8935859999999991
11
142.8336170000000038
21
-88.9169890000000009
0
LINE
8
BLACK
6
CONTINUOUS
10
142.8336170000000038
20
-88.9169890000000009
11
142.8416349999999966
21
-88.9290989999999937
0
LINE
8
BLACK
6
CONTINUOUS
10
142.8416349999999966
20
-88.9290989999999937
11
142.8563199999999824
21
-88.9543800000000005
0
LINE
8
BLACK
6
CONTINUOUS
10
142.8563199999999824
20
-88.9543800000000005
11
142.8563249999999982
21
-88.9543859999999995
0
LINE
8
BLACK
6
CONTINUOUS
10
142.8563249999999982
20
-88.9543859999999995
11
142.8709639999999865
21
-88.968947
0
LINE
8
BLACK
6
CONTINUOUS
10
142.8709639999999865
20
-88.968947
11
142.8827229999999986
21
-88.9824699999999922
0
LINE
8
BLACK
6
CONTINUOUS
10
142.8827229999999986
20
-88.9824699999999922
11
142.9314909999999941
21
-89.047505000000001
0
LINE
8
BLACK
6
CONTINUOUS
10
142.9314909999999941
20
-89.047505000000001
11
142.9314959999999814
21
-89.0475100000000026
0
LINE
8
BLACK
6
CONTINUOUS
10
142.9314959999999814
20
-89.0475100000000026
11
143.1105389999999886
21
-89.2262800000000027
0
LINE
8
BLACK
6
CONTINUOUS
10
143.1105389999999886
20
-89.2262800000000027
11
143.3131799999999885
21
-89.3777769999999947
0
LINE
8
BLACK
6
CONTINUOUS
10
143.3131799999999885
20
-89.3777769999999947
11
143.535301000000004
21
-89.4989249999999998
0
LINE
8
BLACK
6
CONTINUOUS
10
143.535301000000004
20
-89.4989249999999998
11
143.7723849999999857
21
-89.5872589999999889
0
LINE
8
BLACK
6
CONTINUOUS
10
143.7723849999999857
20
-89.5872589999999889
11
143.7723859999999831
21
-89.5872589999999889
0
LINE
8
BLACK
6
CONTINUOUS
10
143.7723859999999831
20
-89.5872589999999889
11
143.7723909999999989
21
-89.587260999999998
0
LINE
8
BLACK
6
CONTINUOUS
10
143.7723909999999989
20
-89.587260999999998
11
144.0196320000000014
21
-89.6409909999999996
0
LINE
8
BLACK
6
CONTINUOUS
10
144.0196320000000014
20
-89.6409909999999996
11
144.2719999999999914
21
-89.6590229999999906
0
LINE
8
BLACK
6
CONTINUOUS
10
144.2719999999999914
20
-89.6590229999999906
11
144.5243679999999813
21
-89.6409909999999996
0
LINE
8
BLACK
6
CONTINUOUS
10
144.5243679999999813
20
-89.6409909999999996
11
144.7716089999999838
21
-89.587260999999998
0
LINE
8
BLACK
6
CONTINUOUS
10
144.7716089999999838
20
-89.587260999999998
11
145.0086990000000071
21
-89.4989249999999998
0
LINE
8
BLACK
6
CONTINUOUS
10
145.0086990000000071
20
-89.4989249999999998
11
145.2308199999999943
21
-89.3777769999999947
0
LINE
8
BLACK
6
CONTINUOUS
10
145.2308199999999943
20
-89.3777769999999947
11
145.4334609999999941
21
-89.2262800000000027
0
LINE
8
BLACK
6
CONTINUOUS
10
145.4334609999999941
20
-89.2262800000000027
11
145.6125040000000013
21
-89.0475100000000026
0
LINE
8
BLACK
6
CONTINUOUS
10
145.6125040000000013
20
-89.0475100000000026
11
145.6125119999999811
21
-89.0474979999999903
0
LINE
8
BLACK
6
CONTINUOUS
10
145.6125119999999811
20
-89.0474979999999903
11
145.6154070000000047
21
-89.0441649999999925
0
LINE
8
BLACK
6
CONTINUOUS
10
145.6154070000000047
20
-89.0441649999999925
11
145.6164849999999831
21
-89.0450999999999908
0
LINE
8
BLACK
6
CONTINUOUS
10
145.6164849999999831
20
-89.0450999999999908
11
145.6674889999999891
21
-89.0069629999999989
0
LINE
8
BLACK
6
CONTINUOUS
10
145.6674889999999891
20
-89.0069629999999989
11
145.737183999999985
21
-89.0020169999999951
0
LINE
8
BLACK
6
CONTINUOUS
10
145.737183999999985
20
-89.0020169999999951
11
145.7984889999999893
21
-89.0355359999999934
0
LINE
8
BLACK
6
CONTINUOUS
10
145.7984889999999893
20
-89.0355359999999934
11
145.831940000000003
21
-89.0968779999999896
0
LINE
8
BLACK
6
CONTINUOUS
10
145.831940000000003
20
-89.0968779999999896
11
145.8323759999999822
21
-89.0989769999999908
0
LINE
8
BLACK
6
CONTINUOUS
10
145.8323759999999822
20
-89.0989769999999908
11
145.836340000000007
21
-89.118906999999993
0
LINE
8
BLACK
6
CONTINUOUS
10
145.836340000000007
20
-89.118906999999993
11
145.8363429999999994
21
-89.1189169999999962
0
LINE
8
BLACK
6
CONTINUOUS
10
145.8363429999999994
20
-89.1189169999999962
11
145.8929139999999904
21
-89.2554919999999896
0
LINE
8
BLACK
6
CONTINUOUS
10
145.8929139999999904
20
-89.2554919999999896
11
145.9258119999999792
21
-89.3047269999999997
0
LINE
8
BLACK
6
CONTINUOUS
10
145.9258119999999792
20
-89.3047269999999997
11
145.9258130000000051
21
-89.3047299999999922
0
LINE
8
BLACK
6
CONTINUOUS
10
145.9258130000000051
20
-89.3047299999999922
11
145.9750459999999919
21
-89.3784139999999923
0
LINE
8
BLACK
6
CONTINUOUS
10
145.9750459999999919
20
-89.3784139999999923
11
145.9750520000000051
21
-89.378421000000003
0
LINE
8
BLACK
6
CONTINUOUS
10
145.9750520000000051
20
-89.378421000000003
11
147.2865510000000029
21
-90.6899179999999916
0
LINE
8
BLACK
6
CONTINUOUS
10
147.2865510000000029
20
-90.6899179999999916
11
147.691047999999995
21
-91.0944149999999979
0
LINE
8
BLACK
6
CONTINUOUS
10
147.691047999999995
20
-91.0944149999999979
11
147.6910489999999925
21
-91.0944159999999954
0
LINE
8
BLACK
6
CONTINUOUS
10
147.6910489999999925
20
-91.0944159999999954
11
147.795583999999991
21
-91.1989509999999939
0
LINE
8
BLACK
6
CONTINUOUS
10
147.795583999999991
20
-91.1989509999999939
11
147.7955849999999884
21
-91.1989519999999914
0
LINE
8
BLACK
6
CONTINUOUS
10
147.7955849999999884
20
-91.1989519999999914
11
147.9184979999999996
21
-91.2810800000000029
0
LINE
8
BLACK
6
CONTINUOUS
10
147.9184979999999996
20
-91.2810800000000029
11
147.9185109999999952
21
-91.2810869999999994
0
LINE
8
BLACK
6
CONTINUOUS
10
147.9185109999999952
20
-91.2810869999999994
11
148.0550819999999987
21
-91.3376559999999955
0
LINE
8
BLACK
6
CONTINUOUS
10
148.0550819999999987
20
-91.3376559999999955
11
148.0550869999999861
21
-91.3376579999999905
0
LINE
8
BLACK
6
CONTINUOUS
10
148.0550869999999861
20
-91.3376579999999905
11
148.0550910000000044
21
-91.3376579999999905
0
LINE
8
BLACK
6
CONTINUOUS
10
148.0550910000000044
20
-91.3376579999999905
11
148.0550920000000019
21
-91.3376590000000022
0
LINE
8
BLACK
6
CONTINUOUS
10
148.0550920000000019
20
-91.3376590000000022
11
148.2000789999999881
21
-91.366500000000002
0
LINE
8
BLACK
6
CONTINUOUS
10
148.2000789999999881
20
-91.366500000000002
11
148.7199999999999989
21
-91.366500000000002
0
LINE
8
BLACK
6
CONTINUOUS
10
148.7199999999999989
20
-91.366500000000002
11
148.7870389999999929
21
-91.3861849999999976
0
LINE
8
BLACK
6
CONTINUOUS
10
148.7870389999999929
20
-91.3861849999999976
11
148.8327940000000069
21
-91.4389889999999923
0
LINE
8
BLACK
6
CONTINUOUS
10
148.8327940000000069
20
-91.4389889999999923
11
148.8439999999999941
21
-91.4904999999999973
0
LINE
8
BLACK
6
CONTINUOUS
10
148.8439999999999941
20
-91.4904999999999973
11
148.8439999999999941
21
-94.4975749999999977
0
LINE
8
BLACK
6
CONTINUOUS
10
148.8439999999999941
20
-94.4975749999999977
11
148.8243149999999844
21
-94.5646139999999917
0
LINE
8
BLACK
6
CONTINUOUS
10
148.8243149999999844
20
-94.5646139999999917
11
148.7820009999999797
21
-94.6049620000000004
0
LINE
8
BLACK
6
CONTINUOUS
10
148.7820009999999797
20
-94.6049620000000004
11
148.6915019999999856
21
-94.6572120000000012
0
LINE
8
BLACK
6
CONTINUOUS
10
148.6915019999999856
20
-94.6572120000000012
11
148.5757109999999841
21
-94.7240639999999985
0
LINE
8
BLACK
6
CONTINUOUS
10
148.5757109999999841
20
-94.7240639999999985
11
148.5757079999999917
21
-94.724064999999996
0
LINE
8
BLACK
6
CONTINUOUS
10
148.5757079999999917
20
-94.724064999999996
11
148.5757030000000043
21
-94.7240690000000001
0
LINE
8
BLACK
6
CONTINUOUS
10
148.5757030000000043
20
-94.7240690000000001
11
148.3832629999999995
21
-94.8717329999999919
0
LINE
8
BLACK
6
CONTINUOUS
10
148.3832629999999995
20
-94.8717329999999919
11
148.3832559999999887
21
-94.8717389999999909
0
LINE
8
BLACK
6
CONTINUOUS
10
148.3832559999999887
20
-94.8717389999999909
11
148.2117389999999943
21
-95.0432559999999995
0
LINE
8
BLACK
6
CONTINUOUS
10
148.2117389999999943
20
-95.0432559999999995
11
148.2117329999999811
21
-95.0432629999999961
0
LINE
8
BLACK
6
CONTINUOUS
10
148.2117329999999811
20
-95.0432629999999961
11
148.0640669999999943
21
-95.2357059999999933
0
LINE
8
BLACK
6
CONTINUOUS
10
148.0640669999999943
20
-95.2357059999999933
11
147.9427770000000066
21
-95.4457850000000008
0
LINE
8
BLACK
6
CONTINUOUS
10
147.9427770000000066
20
-95.4457850000000008
11
147.9427729999999883
21
-95.4457939999999923
0
LINE
8
BLACK
6
CONTINUOUS
10
147.9427729999999883
20
-95.4457939999999923
11
147.849946999999986
21
-95.6698949999999968
0
LINE
8
BLACK
6
CONTINUOUS
10
147.849946999999986
20
-95.6698949999999968
11
147.7871609999999976
21
-95.9042139999999961
0
LINE
8
BLACK
6
CONTINUOUS
10
147.7871609999999976
20
-95.9042139999999961
11
147.7554999999999836
21
-96.1447110000000009
0
LINE
8
BLACK
6
CONTINUOUS
10
147.7554999999999836
20
-96.1447110000000009
11
147.7554999999999836
21
-96.3872879999999981
0
LINE
8
BLACK
6
CONTINUOUS
10
147.7554999999999836
20
-96.3872879999999981
11
147.7871609999999976
21
-96.6277849999999887
0
LINE
8
BLACK
6
CONTINUOUS
10
147.7871609999999976
20
-96.6277849999999887
11
147.849946999999986
21
-96.8621040000000022
0
LINE
8
BLACK
6
CONTINUOUS
10
147.849946999999986
20
-96.8621040000000022
11
147.9427729999999883
21
-97.0862049999999925
0
LINE
8
BLACK
6
CONTINUOUS
10
147.9427729999999883
20
-97.0862049999999925
11
147.9427759999999807
21
-97.0862119999999891
0
LINE
8
BLACK
6
CONTINUOUS
10
147.9427759999999807
20
-97.0862119999999891
11
148.0640640000000019
21
-97.2962890000000016
0
LINE
8
BLACK
6
CONTINUOUS
10
148.0640640000000019
20
-97.2962890000000016
11
148.0640659999999968
21
-97.296291999999994
0
LINE
8
BLACK
6
CONTINUOUS
10
148.0640659999999968
20
-97.296291999999994
11
148.0640669999999943
21
-97.2962929999999915
0
LINE
8
BLACK
6
CONTINUOUS
10
148.0640669999999943
20
-97.2962929999999915
11
148.2117329999999811
21
-97.4887359999999887
0
LINE
8
BLACK
6
CONTINUOUS
10
148.2117329999999811
20
-97.4887359999999887
11
148.2117389999999943
21
-97.4887429999999995
0
LINE
8
BLACK
6
CONTINUOUS
10
148.2117389999999943
20
-97.4887429999999995
11
148.3832559999999887
21
-97.6602599999999939
0
LINE
8
BLACK
6
CONTINUOUS
10
148.3832559999999887
20
-97.6602599999999939
11
148.383262000000002
21
-97.6602649999999954
0
LINE
8
BLACK
6
CONTINUOUS
10
148.383262000000002
20
-97.6602649999999954
11
148.5757109999999841
21
-97.807935999999998
0
LINE
8
BLACK
6
CONTINUOUS
10
148.5757109999999841
20
-97.807935999999998
11
148.7815200000000004
21
-97.9267600000000016
0
LINE
8
BLACK
6
CONTINUOUS
10
148.7815200000000004
20
-97.9267600000000016
11
148.7819999999999823
21
-97.9270369999999986
0
LINE
8
BLACK
6
CONTINUOUS
10
148.7819999999999823
20
-97.9270369999999986
11
148.8302160000000072
21
-97.9776039999999995
0
LINE
8
BLACK
6
CONTINUOUS
10
148.8302160000000072
20
-97.9776039999999995
11
148.8439999999999941
21
-98.0344240000000013
0
LINE
8
BLACK
6
CONTINUOUS
10
148.8439999999999941
20
-98.0344240000000013
11
148.8439999999999941
21
-99.2384689999999949
0
LINE
8
BLACK
6
CONTINUOUS
10
148.8439999999999941
20
-99.2384689999999949
11
148.8243149999999844
21
-99.305507999999989
0
LINE
8
BLACK
6
CONTINUOUS
10
148.8243149999999844
20
-99.305507999999989
11
148.7715110000000038
21
-99.3512629999999888
0
LINE
8
BLACK
6
CONTINUOUS
10
148.7715110000000038
20
-99.3512629999999888
11
148.7153959999999984
21
-99.3623839999999916
0
LINE
8
BLACK
6
CONTINUOUS
10
148.7153959999999984
20
-99.3623839999999916
11
147.8771899999999846
21
-99.3312419999999889
0
LINE
8
BLACK
6
CONTINUOUS
10
147.8771899999999846
20
-99.3312419999999889
11
147.8725929999999948
21
-99.3309849999999983
0
LINE
8
BLACK
6
CONTINUOUS
10
147.8725929999999948
20
-99.3309849999999983
11
146.8293489999999792
21
-99.2533639999999906
0
LINE
8
BLACK
6
CONTINUOUS
10
146.8293489999999792
20
-99.2533639999999906
11
146.8247649999999851
21
-99.2529369999999886
0
LINE
8
BLACK
6
CONTINUOUS
10
146.8247649999999851
20
-99.2529369999999886
11
145.7851330000000019
21
-99.1366429999999923
0
LINE
8
BLACK
6
CONTINUOUS
10
145.7851330000000019
20
-99.1366429999999923
11
145.7805679999999882
21
-99.1360469999999907
0
LINE
8
BLACK
6
CONTINUOUS
10
145.7805679999999882
20
-99.1360469999999907
11
144.745917999999989
21
-98.9812340000000006
0
LINE
8
BLACK
6
CONTINUOUS
10
144.745917999999989
20
-98.9812340000000006
11
144.7413789999999949
21
-98.9804680000000019
0
LINE
8
BLACK
6
CONTINUOUS
10
144.7413789999999949
20
-98.9804680000000019
11
143.7132239999999967
21
-98.78736099999999
0
LINE
8
BLACK
6
CONTINUOUS
10
143.7132239999999967
20
-98.78736099999999
11
143.7087149999999838
21
-98.7864269999999891
0
LINE
8
BLACK
6
CONTINUOUS
10
143.7087149999999838
20
-98.7864269999999891
11
142.6884419999999807
21
-98.5552869999999928
0
LINE
8
BLACK
6
CONTINUOUS
10
142.6884419999999807
20
-98.5552869999999928
11
142.6839719999999829
21
-98.5541869999999989
0
LINE
8
BLACK
6
CONTINUOUS
10
142.6839719999999829
20
-98.5541869999999989
11
141.672947999999991
21
-98.2853219999999936
0
LINE
8
BLACK
6
CONTINUOUS
10
141.672947999999991
20
-98.2853219999999936
11
141.6685219999999958
21
-98.2840559999999925
0
LINE
8
BLACK
6
CONTINUOUS
10
141.6685219999999958
20
-98.2840559999999925
11
140.6682169999999985
21
-97.9778599999999926
0
LINE
8
BLACK
6
CONTINUOUS
10
140.6682169999999985
20
-97.9778599999999926
11
140.6638399999999933
21
-97.9764309999999909
0
LINE
8
BLACK
6
CONTINUOUS
10
140.6638399999999933
20
-97.9764309999999909
11
139.6755760000000066
21
-97.6333079999999995
0
LINE
8
BLACK
6
CONTINUOUS
10
139.6755760000000066
20
-97.6333079999999995
11
139.6712559999999996
21
-97.6317179999999922
0
LINE
8
BLACK
6
CONTINUOUS
10
139.6712559999999996
20
-97.6317179999999922
11
138.6963989999999853
21
-97.2521409999999946
0
LINE
8
BLACK
6
CONTINUOUS
10
138.6963989999999853
20
-97.2521409999999946
11
138.6921399999999949
21
-97.2503909999999934
0
LINE
8
BLACK
6
CONTINUOUS
10
138.6921399999999949
20
-97.2503909999999934
11
137.7320399999999836
21
-96.8348849999999999
0
LINE
8
BLACK
6
CONTINUOUS
10
137.7320399999999836
20
-96.8348849999999999
11
137.7278499999999894
21
-96.8329789999999946
0
LINE
8
BLACK
6
CONTINUOUS
10
137.7278499999999894
20
-96.8329789999999946
11
136.7838370000000054
21
-96.3821200000000005
0
LINE
8
BLACK
6
CONTINUOUS
10
136.7838370000000054
20
-96.3821200000000005
11
136.7797640000000001
21
-96.3800809999999899
0
LINE
8
BLACK
6
CONTINUOUS
10
136.7797640000000001
20
-96.3800809999999899
11
136.6817179999999894
21
-96.3287009999999952
0
LINE
8
BLACK
6
CONTINUOUS
10
136.6817179999999894
20
-96.3287009999999952
11
135.8716939999999909
21
-95.9042139999999961
0
LINE
8
BLACK
6
CONTINUOUS
10
135.8716939999999909
20
-95.9042139999999961
11
135.8531079999999918
21
-95.8944740000000024
0
LINE
8
BLACK
6
CONTINUOUS
10
135.8531079999999918
20
-95.8944740000000024
11
135.8490709999999808
21
-95.8922609999999906
0
LINE
8
BLACK
6
CONTINUOUS
10
135.8490709999999808
20
-95.8922609999999906
11
135.4231929999999977
21
-95.6485179999999957
0
LINE
8
BLACK
6
CONTINUOUS
10
135.4231929999999977
20
-95.6485179999999957
11
134.9411509999999907
21
-95.3726300000000009
0
LINE
8
BLACK
6
CONTINUOUS
10
134.9411509999999907
20
-95.3726300000000009
11
134.9372060000000033
21
-95.3702749999999924
0
LINE
8
BLACK
6
CONTINUOUS
10
134.9372060000000033
20
-95.3702749999999924
11
134.9206379999999967
21
-95.3599579999999918
0
LINE
8
BLACK
6
CONTINUOUS
10
134.9206379999999967
20
-95.3599579999999918
11
134.0491370000000018
21
-94.8172589999999929
0
LINE
8
BLACK
6
CONTINUOUS
10
134.0491370000000018
20
-94.8172589999999929
11
134.0452829999999835
21
-94.8147579999999977
0
LINE
8
BLACK
6
CONTINUOUS
10
134.0452829999999835
20
-94.8147579999999977
11
133.9880279999999857
21
-94.7760829999999999
0
LINE
8
BLACK
6
CONTINUOUS
10
133.9880279999999857
20
-94.7760829999999999
11
133.7518000000000029
21
-94.6165129999999976
0
LINE
8
BLACK
6
CONTINUOUS
10
133.7518000000000029
20
-94.6165129999999976
11
133.1784099999999853
21
-94.2291939999999926
0
LINE
8
BLACK
6
CONTINUOUS
10
133.1784099999999853
20
-94.2291939999999926
11
133.1746430000000032
21
-94.2265469999999965
0
LINE
8
BLACK
6
CONTINUOUS
10
133.1746430000000032
20
-94.2265469999999965
11
132.489877000000007
21
-93.7259979999999899
0
LINE
8
BLACK
6
CONTINUOUS
10
132.489877000000007
20
-93.7259979999999899
11
132.3300509999999974
21
-93.6091689999999943
0
LINE
8
BLACK
6
CONTINUOUS
10
132.3300509999999974
20
-93.6091689999999943
11
132.3263859999999852
21
-93.6063829999999939
0
LINE
8
BLACK
6
CONTINUOUS
10
132.3263859999999852
20
-93.6063829999999939
11
131.5053560000000061
21
-92.9581259999999929
0
LINE
8
BLACK
6
CONTINUOUS
10
131.5053560000000061
20
-92.9581259999999929
11
131.5017959999999846
21
-92.9552070000000015
0
LINE
8
BLACK
6
CONTINUOUS
10
131.5017959999999846
20
-92.9552070000000015
11
130.7053510000000074
21
-92.2768809999999888
0
LINE
8
BLACK
6
CONTINUOUS
10
130.7053510000000074
20
-92.2768809999999888
11
130.7019019999999898
21
-92.2738310000000013
0
LINE
8
BLACK
6
CONTINUOUS
10
130.7019019999999898
20
-92.2738310000000013
11
130.1894680000000051
21
-91.8034799999999933
0
LINE
8
BLACK
6
CONTINUOUS
10
130.1894680000000051
20
-91.8034799999999933
11
129.9311830000000043
21
-91.5664049999999889
0
LINE
8
BLACK
6
CONTINUOUS
10
129.9311830000000043
20
-91.5664049999999889
11
129.9278610000000072
21
-91.5632399999999933
0
LINE
8
BLACK
6
CONTINUOUS
10
129.9278610000000072
20
-91.5632399999999933
11
129.7487889999999879
21
-91.3861849999999976
0
LINE
8
BLACK
6
CONTINUOUS
10
129.7487889999999879
20
-91.3861849999999976
11
129.4536960000000079
21
-91.0944149999999979
0
LINE
8
BLACK
6
CONTINUOUS
10
129.4536960000000079
20
-91.0944149999999979
11
129.1839620000000082
21
-90.8277179999999902
0
LINE
8
BLACK
6
CONTINUOUS
10
129.1839620000000082
20
-90.8277179999999902
11
129.1807489999999916
21
-90.824421000000001
0
LINE
8
BLACK
6
CONTINUOUS
10
129.1807489999999916
20
-90.824421000000001
11
128.4646639999999991
21
-90.061790000000002
0
LINE
8
BLACK
6
CONTINUOUS
10
128.4646639999999991
20
-90.061790000000002
11
128.4615749999999821
21
-90.0583759999999955
0
LINE
8
BLACK
6
CONTINUOUS
10
128.4615749999999821
20
-90.0583759999999955
11
128.4395039999999995
21
-90.0330489999999912
0
LINE
8
BLACK
6
CONTINUOUS
10
128.4395039999999995
20
-90.0330489999999912
11
128.1854419999999948
21
-89.741500000000002
0
LINE
8
BLACK
6
CONTINUOUS
10
128.1854419999999948
20
-89.741500000000002
11
127.7742879999999985
21
-89.2696809999999914
0
LINE
8
BLACK
6
CONTINUOUS
10
127.7742879999999985
20
-89.2696809999999914
11
127.7713279999999969
21
-89.2661549999999977
0
LINE
8
BLACK
6
CONTINUOUS
10
127.7713279999999969
20
-89.2661549999999977
11
127.1137699999999882
21
-88.4524649999999895
0
LINE
8
BLACK
6
CONTINUOUS
10
127.1137699999999882
20
-88.4524649999999895
11
127.1109439999999893
21
-88.4488309999999984
0
LINE
8
BLACK
6
CONTINUOUS
10
127.1109439999999893
20
-88.4488309999999984
11
126.484068999999991
21
-87.6113239999999962
0
LINE
8
BLACK
6
CONTINUOUS
10
126.484068999999991
20
-87.6113239999999962
11
126.4813789999999898
21
-87.6075869999999952
0
LINE
8
BLACK
6
CONTINUOUS
10
126.4813789999999898
20
-87.6075869999999952
11
126.4629819999999967
21
-87.5810060000000021
0
LINE
8
BLACK
6
CONTINUOUS
10
126.4629819999999967
20
-87.5810060000000021
11
125.8860309999999885
21
-86.7473939999999999
0
LINE
8
BLACK
6
CONTINUOUS
10
125.8860309999999885
20
-86.7473939999999999
11
125.8834889999999973
21
-86.7435729999999978
0
LINE
8
BLACK
6
CONTINUOUS
10
125.8834889999999973
20
-86.7435729999999978
11
125.320453999999998
21
-85.8618280000000027
0
LINE
8
BLACK
6
CONTINUOUS
10
125.320453999999998
20
-85.8618280000000027
11
125.3180489999999878
21
-85.8579019999999957
0
LINE
8
BLACK
6
CONTINUOUS
10
125.3180489999999878
20
-85.8579019999999957
11
125.2610049999999973
21
-85.760799999999989
0
LINE
8
BLACK
6
CONTINUOUS
10
125.2610049999999973
20
-85.760799999999989
11
124.78814899999999
21
-84.9558909999999941
0
LINE
8
BLACK
6
CONTINUOUS
10
124.78814899999999
20
-84.9558909999999941
11
124.785901999999993
21
-84.9518979999999999
0
LINE
8
BLACK
6
CONTINUOUS
10
124.785901999999993
20
-84.9518979999999999
11
124.2898479999999921
21
-84.0308309999999921
0
LINE
8
BLACK
6
CONTINUOUS
10
124.2898479999999921
20
-84.0308309999999921
11
124.2877409999999969
21
-84.0267379999999946
0
LINE
8
BLACK
6
CONTINUOUS
10
124.2877409999999969
20
-84.0267379999999946
11
124.2359259999999921
21
-83.92133299999999
0
LINE
8
BLACK
6
CONTINUOUS
10
124.2359259999999921
20
-83.92133299999999
11
123.8262119999999982
21
-83.0878769999999918
0
LINE
8
BLACK
6
CONTINUOUS
10
123.8262119999999982
20
-83.0878769999999918
11
123.8242860000000007
21
-83.0837659999999971
0
LINE
8
BLACK
6
CONTINUOUS
10
123.8242860000000007
20
-83.0837659999999971
11
123.7591339999999889
21
-82.9377810000000011
0
LINE
8
BLACK
6
CONTINUOUS
10
123.7591339999999889
20
-82.9377810000000011
11
123.7479049999999887
21
-82.9240980000000008
0
LINE
8
BLACK
6
CONTINUOUS
10
123.7479049999999887
20
-82.9240980000000008
11
123.652953999999994
21
-82.7464569999999924
0
LINE
8
BLACK
6
CONTINUOUS
10
123.652953999999994
20
-82.7464569999999924
11
123.608823000000001
21
-82.6009770000000003
0
LINE
8
BLACK
6
CONTINUOUS
10
123.608823000000001
20
-82.6009770000000003
11
123.3979219999999941
21
-82.1284109999999998
0
LINE
8
BLACK
6
CONTINUOUS
10
123.3979219999999941
20
-82.1284109999999998
11
123.3961309999999969
21
-82.1241879999999895
0
LINE
8
BLACK
6
CONTINUOUS
10
123.3961309999999969
20
-82.1241879999999895
11
123.3030779999999993
21
-81.8929819999999893
0
LINE
8
BLACK
6
CONTINUOUS
10
123.3030779999999993
20
-81.8929819999999893
11
123.0055279999999982
21
-81.1536660000000012
0
LINE
8
BLACK
6
CONTINUOUS
10
123.0055279999999982
20
-81.1536660000000012
11
123.0038969999999949
21
-81.1493849999999952
0
LINE
8
BLACK
6
CONTINUOUS
10
123.0038969999999949
20
-81.1493849999999952
11
122.9044479999999879
21
-80.8730919999999998
0
LINE
8
BLACK
6
CONTINUOUS
10
122.9044479999999879
20
-80.8730919999999998
11
122.6496089999999981
21
-80.1650860000000023
0
LINE
8
BLACK
6
CONTINUOUS
10
122.6496089999999981
20
-80.1650860000000023
11
122.6481299999999948
21
-80.1607259999999968
0
LINE
8
BLACK
6
CONTINUOUS
10
122.6481299999999948
20
-80.1607259999999968
11
122.3306089999999955
21
-79.1639049999999997
0
LINE
8
BLACK
6
CONTINUOUS
10
122.3306089999999955
20
-79.1639049999999997
11
122.3292939999999902
21
-79.1594929999999977
0
LINE
8
BLACK
6
CONTINUOUS
10
122.3292939999999902
20
-79.1594929999999977
11
122.2391449999999935
21
-78.8353269999999924
0
LINE
8
BLACK
6
CONTINUOUS
10
122.2391449999999935
20
-78.8353269999999924
11
122.0490009999999899
21
-78.1515890000000013
0
LINE
8
BLACK
6
CONTINUOUS
10
122.0490009999999899
20
-78.1515890000000013
11
122.0478639999999899
21
-78.1471870000000024
0
LINE
8
BLACK
6
CONTINUOUS
10
122.0478639999999899
20
-78.1471870000000024
11
121.8051729999999964
21
-77.1295489999999972
0
LINE
8
BLACK
6
CONTINUOUS
10
121.8051729999999964
20
-77.1295489999999972
11
121.8041920000000005
21
-77.1250709999999913
0
LINE
8
BLACK
6
CONTINUOUS
10
121.8041920000000005
20
-77.1250709999999913
11
121.7633309999999938
21
-76.9203279999999978
0
LINE
8
BLACK
6
CONTINUOUS
10
121.7633309999999938
20
-76.9203279999999978
11
121.5994479999999953
21
-76.0991479999999996
0
LINE
8
BLACK
6
CONTINUOUS
10
121.5994479999999953
20
-76.0991479999999996
11
121.5986319999999949
21
-76.0946189999999945
0
LINE
8
BLACK
6
CONTINUOUS
10
121.5986319999999949
20
-76.0946189999999945
11
121.4321139999999986
21
-75.0618109999999916
0
LINE
8
BLACK
6
CONTINUOUS
10
121.4321139999999986
20
-75.0618109999999916
11
121.4314660000000003
21
-75.0572530000000029
0
LINE
8
BLACK
6
CONTINUOUS
10
121.4314660000000003
20
-75.0572530000000029
11
121.3773279999999914
21
-74.6183240000000012
0
LINE
8
BLACK
6
CONTINUOUS
10
121.3773279999999914
20
-74.6183240000000012
11
121.3034040000000005
21
-74.0189900000000023
0
LINE
8
BLACK
6
CONTINUOUS
10
121.3034040000000005
20
-74.0189900000000023
11
121.3029269999999968
21
-74.0144229999999936
0
LINE
8
BLACK
6
CONTINUOUS
10
121.3029269999999968
20
-74.0144229999999936
11
121.2977779999999939
21
-73.9544139999999999
0
LINE
8
BLACK
6
CONTINUOUS
10
121.2977779999999939
20
-73.9544139999999999
11
121.2134879999999981
21
-72.9720420000000018
0
LINE
8
BLACK
6
CONTINUOUS
10
121.2134879999999981
20
-72.9720420000000018
11
121.2131869999999907
21
-72.9675450000000012
0
LINE
8
BLACK
6
CONTINUOUS
10
121.2131869999999907
20
-72.9675450000000012
11
121.1625069999999909
21
-71.9226060000000018
0
LINE
8
BLACK
6
CONTINUOUS
10
121.1625069999999909
20
-71.9226060000000018
11
121.1623689999999982
21
-71.9180039999999963
0
LINE
8
BLACK
6
CONTINUOUS
10
121.1623689999999982
20
-71.9180039999999963
11
121.1560769999999962
21
-71.3628860000000032
0
LINE
8
BLACK
6
CONTINUOUS
10
121.1560769999999962
20
-71.3628860000000032
11
121.1749999999999972
21
-71.2956279999999936
0
LINE
8
BLACK
6
CONTINUOUS
10
121.1749999999999972
20
-71.2956279999999936
11
121.2272819999999882
21
-71.2492779999999897
0
LINE
8
BLACK
6
CONTINUOUS
10
121.2272819999999882
20
-71.2492779999999897
11
121.2521729999999991
21
-71.2406589999999937
0
LINE
8
BLACK
6
CONTINUOUS
10
121.2521729999999991
20
-71.2406589999999937
11
127.3535399999999953
21
-69.8322730000000007
0
LINE
8
BLACK
6
CONTINUOUS
10
127.3535399999999953
20
-69.8322730000000007
11
127.3586689999999919
21
-69.8312049999999971
0
LINE
8
BLACK
6
CONTINUOUS
10
127.3586689999999919
20
-69.8312049999999971
11
127.4103069999999889
21
-69.8216010000000011
0
LINE
8
BLACK
6
CONTINUOUS
10
127.4103069999999889
20
-69.8216010000000011
11
127.410310999999993
21
-69.8215979999999945
0
LINE
8
BLACK
6
CONTINUOUS
10
127.410310999999993
20
-69.8215979999999945
11
127.4180369999999982
21
-69.8190840000000037
0
LINE
8
BLACK
6
CONTINUOUS
10
127.4180369999999982
20
-69.8190840000000037
11
127.4180739999999901
21
-69.819199999999995
0
LINE
8
BLACK
6
CONTINUOUS
10
127.4180739999999901
20
-69.819199999999995
11
127.4232049999999958
21
-69.8174059999999912
0
LINE
8
BLACK
6
CONTINUOUS
10
127.4232049999999958
20
-69.8174059999999912
11
127.4231629999999882
21
-69.8172919999999948
0
LINE
8
BLACK
6
CONTINUOUS
10
127.4231629999999882
20
-69.8172919999999948
11
127.4307759999999945
21
-69.8144449999999921
0
LINE
8
BLACK
6
CONTINUOUS
10
127.4307759999999945
20
-69.8144449999999921
11
127.4307779999999894
21
-69.8144449999999921
0
LINE
8
BLACK
6
CONTINUOUS
10
127.4307779999999894
20
-69.8144449999999921
11
127.4771209999999968
21
-69.7898050000000012
0
LINE
8
BLACK
6
CONTINUOUS
10
127.4771209999999968
20
-69.7898050000000012
11
127.4818239999999889
21
-69.7874319999999955
0
LINE
8
BLACK
6
CONTINUOUS
10
127.4818239999999889
20
-69.7874319999999955
11
127.5292169999999885
21
-69.7647910000000024
0
LINE
8
BLACK
6
CONTINUOUS
10
127.5292169999999885
20
-69.7647910000000024
11
127.5292199999999951
21
-69.7647879999999958
0
LINE
8
BLACK
6
CONTINUOUS
10
127.5292199999999951
20
-69.7647879999999958
11
127.5360319999999916
21
-69.760358999999994
0
LINE
8
BLACK
6
CONTINUOUS
10
127.5360319999999916
20
-69.760358999999994
11
127.536098999999993
21
-69.7604619999999898
0
LINE
8
BLACK
6
CONTINUOUS
10
127.536098999999993
20
-69.7604619999999898
11
127.5405930000000012
21
-69.7573999999999899
0
LINE
8
BLACK
6
CONTINUOUS
10
127.5405930000000012
20
-69.7573999999999899
11
127.5405219999999957
21
-69.7573000000000008
0
LINE
8
BLACK
6
CONTINUOUS
10
127.5405219999999957
20
-69.7573000000000008
11
127.5471369999999922
21
-69.7525809999999922
0
LINE
8
BLACK
6
CONTINUOUS
10
127.5471369999999922
20
-69.7525809999999922
11
127.5471359999999947
21
-69.7525809999999922
0
LINE
8
BLACK
6
CONTINUOUS
10
127.5471359999999947
20
-69.7525809999999922
11
127.5471389999999872
21
-69.7525799999999947
0
LINE
8
BLACK
6
CONTINUOUS
10
127.5471389999999872
20
-69.7525799999999947
11
127.5855229999999949
21
-69.716787999999994
0
LINE
8
BLACK
6
CONTINUOUS
10
127.5855229999999949
20
-69.716787999999994
11
127.589468999999994
21
-69.7132620000000003
0
LINE
8
BLACK
6
CONTINUOUS
10
127.589468999999994
20
-69.7132620000000003
11
127.6293719999999894
21
-69.6791400000000039
0
LINE
8
BLACK
6
CONTINUOUS
10
127.6293719999999894
20
-69.6791400000000039
11
127.6293739999999985
21
-69.6791350000000023
0
LINE
8
BLACK
6
CONTINUOUS
10
127.6293739999999985
20
-69.6791350000000023
11
127.6348050000000001
21
-69.6730989999999935
0
LINE
8
BLACK
6
CONTINUOUS
10
127.6348050000000001
20
-69.6730989999999935
11
127.6348959999999977
21
-69.6731809999999996
0
LINE
8
BLACK
6
CONTINUOUS
10
127.6348959999999977
20
-69.6731809999999996
11
127.6384469999999993
21
-69.6690579999999926
0
LINE
8
BLACK
6
CONTINUOUS
10
127.6384469999999993
20
-69.6690579999999926
11
127.6383519999999976
21
-69.6689799999999906
0
LINE
8
BLACK
6
CONTINUOUS
10
127.6383519999999976
20
-69.6689799999999906
11
127.6435169999999886
21
-69.6627110000000016
0
LINE
8
BLACK
6
CONTINUOUS
10
127.6435169999999886
20
-69.6627110000000016
11
127.6435229999999876
21
-69.6627069999999975
0
LINE
8
BLACK
6
CONTINUOUS
10
127.6435229999999876
20
-69.6627069999999975
11
127.6713349999999991
21
-69.61819899999999
0
LINE
8
BLACK
6
CONTINUOUS
10
127.6713349999999991
20
-69.61819899999999
11
127.6742239999999953
21
-69.613788999999997
0
LINE
8
BLACK
6
CONTINUOUS
10
127.6742239999999953
20
-69.613788999999997
11
127.7039469999999994
21
-69.5704860000000025
0
LINE
8
BLACK
6
CONTINUOUS
10
127.7039469999999994
20
-69.5704860000000025
11
127.7039509999999893
21
-69.5704729999999927
0
LINE
8
BLACK
6
CONTINUOUS
10
127.7039509999999893
20
-69.5704729999999927
11
127.7076319999999896
21
-69.5632399999999933
0
LINE
8
BLACK
6
CONTINUOUS
10
127.7076319999999896
20
-69.5632399999999933
11
127.7077429999999936
21
-69.563295999999994
0
LINE
8
BLACK
6
CONTINUOUS
10
127.7077429999999936
20
-69.563295999999994
11
127.7101049999999987
21
-69.5583960000000019
0
LINE
8
BLACK
6
CONTINUOUS
10
127.7101049999999987
20
-69.5583960000000019
11
127.709990999999988
21
-69.5583439999999911
0
LINE
8
BLACK
6
CONTINUOUS
10
127.709990999999988
20
-69.5583439999999911
11
127.7133579999999995
21
-69.5509550000000019
0
LINE
8
BLACK
6
CONTINUOUS
10
127.7133579999999995
20
-69.5509550000000019
11
127.7133619999999894
21
-69.5509500000000003
0
LINE
8
BLACK
6
CONTINUOUS
10
127.7133619999999894
20
-69.5509500000000003
11
127.728716999999989
21
-69.5007279999999952
0
LINE
8
BLACK
6
CONTINUOUS
10
127.728716999999989
20
-69.5007279999999952
11
127.7303459999999973
21
-69.4957799999999963
0
LINE
8
BLACK
6
CONTINUOUS
10
127.7303459999999973
20
-69.4957799999999963
11
127.7478579999999937
21
-69.4462329999999923
0
LINE
8
BLACK
6
CONTINUOUS
10
127.7478579999999937
20
-69.4462329999999923
11
127.7478589999999912
21
-69.4462259999999958
0
LINE
8
BLACK
6
CONTINUOUS
10
127.7478589999999912
20
-69.4462259999999958
11
127.7495440000000002
21
-69.4382789999999943
0
LINE
8
BLACK
6
CONTINUOUS
10
127.7495440000000002
20
-69.4382789999999943
11
127.7496629999999982
21
-69.4383040000000022
0
LINE
8
BLACK
6
CONTINUOUS
10
127.7496629999999982
20
-69.4383040000000022
11
127.7506739999999894
21
-69.4329669999999908
0
LINE
8
BLACK
6
CONTINUOUS
10
127.7506739999999894
20
-69.4329669999999908
11
127.7505539999999939
21
-69.4329469999999986
0
LINE
8
BLACK
6
CONTINUOUS
10
127.7505539999999939
20
-69.4329469999999986
11
127.7518949999999904
21
-69.4249289999999917
0
LINE
8
BLACK
6
CONTINUOUS
10
127.7518949999999904
20
-69.4249289999999917
11
127.751893999999993
21
-69.4249289999999917
0
LINE
8
BLACK
6
CONTINUOUS
10
127.751893999999993
20
-69.4249289999999917
11
127.7518959999999879
21
-69.4249259999999992
0
LINE
8
BLACK
6
CONTINUOUS
10
127.7518959999999879
20
-69.4249259999999992
11
127.7535749999999979
21
-69.3768589999999961
0
LINE
8
BLACK
6
CONTINUOUS
10
127.7535749999999979
20
-69.3768589999999961
11
127.7540729999999911
21
-69.3692999999999955
0
LINE
8
BLACK
6
CONTINUOUS
10
127.7540729999999911
20
-69.3692999999999955
11
127.8305759999999935
21
-68.5786990000000003
0
LINE
8
BLACK
6
CONTINUOUS
10
127.8305759999999935
20
-68.5786990000000003
11
127.8311019999999871
21
-68.574150000000003
0
LINE
8
BLACK
6
CONTINUOUS
10
127.8311019999999871
20
-68.574150000000003
11
127.8662729999999925
21
-68.3124459999999942
0
LINE
8
BLACK
6
CONTINUOUS
10
127.8662729999999925
20
-68.3124459999999942
11
127.9380899999999883
21
-67.7780439999999942
0
LINE
8
BLACK
6
CONTINUOUS
10
127.9380899999999883
20
-67.7780439999999942
11
127.9387869999999907
21
-67.7734980000000036
0
LINE
8
BLACK
6
CONTINUOUS
10
127.9387869999999907
20
-67.7734980000000036
11
128.0365610000000061
21
-67.2063249999999925
0
LINE
8
BLACK
6
CONTINUOUS
10
128.0365610000000061
20
-67.2063249999999925
11
128.0752569999999935
21
-66.9818539999999985
0
LINE
8
BLACK
6
CONTINUOUS
10
128.0752569999999935
20
-66.9818539999999985
11
128.0761099999999999
21
-66.9774000000000029
0
LINE
8
BLACK
6
CONTINUOUS
10
128.0761099999999999
20
-66.9774000000000029
11
128.2418759999999907
21
-66.1913299999999936
0
LINE
8
BLACK
6
CONTINUOUS
10
128.2418759999999907
20
-66.1913299999999936
11
128.2428929999999809
21
-66.1869140000000016
0
LINE
8
BLACK
6
CONTINUOUS
10
128.2428929999999809
20
-66.1869140000000016
11
128.4377029999999991
21
-65.4076029999999946
0
LINE
8
BLACK
6
CONTINUOUS
10
128.4377029999999991
20
-65.4076029999999946
11
128.4389019999999846
21
-65.4031619999999947
0
LINE
8
BLACK
6
CONTINUOUS
10
128.4389019999999846
20
-65.4031619999999947
11
128.4908010000000047
21
-65.2240809999999982
0
LINE
8
BLACK
6
CONTINUOUS
10
128.4908010000000047
20
-65.2240809999999982
11
128.6625099999999975
21
-64.6315809999999971
0
LINE
8
BLACK
6
CONTINUOUS
10
128.6625099999999975
20
-64.6315809999999971
11
128.6638389999999958
21
-64.6272950000000037
0
LINE
8
BLACK
6
CONTINUOUS
10
128.6638389999999958
20
-64.6272950000000037
11
128.7984229999999854
21
-64.2200869999999924
0
LINE
8
BLACK
6
CONTINUOUS
10
128.7984229999999854
20
-64.2200869999999924
11
128.8381509999999821
21
-64.1626119999999958
0
LINE
8
BLACK
6
CONTINUOUS
10
128.8381509999999821
20
-64.1626119999999958
11
128.9026460000000043
21
-64.1357390000000009
0
LINE
8
BLACK
6
CONTINUOUS
10
128.9026460000000043
20
-64.1357390000000009
11
128.9161589999999933
21
-64.1349999999999909
0
LINE
8
BLACK
6
CONTINUOUS
10
128.9161589999999933
20
-64.1349999999999909
11
133.4064419999999984
21
-64.1349999999999909
0
LINE
8
BLACK
6
CONTINUOUS
10
133.4064419999999984
20
-64.1349999999999909
11
133.4504220000000032
21
-64.1125909999999948
0
LINE
8
BLACK
6
CONTINUOUS
10
133.4504220000000032
20
-64.1125909999999948
11
133.7924409999999966
21
-63.9813019999999995
0
LINE
8
BLACK
6
CONTINUOUS
10
133.7924409999999966
20
-63.9813019999999995
11
134.1463090000000022
21
-63.8864829999999984
0
LINE
8
BLACK
6
CONTINUOUS
10
134.1463090000000022
20
-63.8864829999999984
11
134.5081500000000005
21
-63.8291729999999973
0
LINE
8
BLACK
6
CONTINUOUS
10
134.5081500000000005
20
-63.8291729999999973
11
134.8739999999999952
21
-63.8099999999999952
0
LINE
8
BLACK
6
CONTINUOUS
10
134.8739999999999952
20
-63.8099999999999952
11
135.2398499999999899
21
-63.8291729999999973
0
LINE
8
BLACK
6
CONTINUOUS
10
141.3137099999999862
20
-93.7260009999999966
11
141.3334799999999802
21
-94.0024169999999941
0
LINE
8
BLACK
6
CONTINUOUS
10
141.3334799999999802
20
-94.0024169999999941
11
141.3334810000000061
21
-94.0024239999999907
0
LINE
8
BLACK
6
CONTINUOUS
10
141.3334810000000061
20
-94.0024239999999907
11
141.3825799999999902
21
-94.2281289999999956
0
LINE
8
BLACK
6
CONTINUOUS
10
141.3825799999999902
20
-94.2281289999999956
11
141.3923859999999877
21
-94.2732060000000018
0
LINE
8
BLACK
6
CONTINUOUS
10
141.3923859999999877
20
-94.2732060000000018
11
141.4478229999999996
21
-94.4218369999999965
0
LINE
8
BLACK
6
CONTINUOUS
10
141.4478229999999996
20
-94.4218369999999965
11
141.4892329999999845
21
-94.5328609999999969
0
LINE
8
BLACK
6
CONTINUOUS
10
141.4892329999999845
20
-94.5328609999999969
11
141.6220380000000034
21
-94.7760749999999916
0
LINE
8
BLACK
6
CONTINUOUS
10
141.6220380000000034
20
-94.7760749999999916
11
141.6220429999999908
21
-94.7760829999999999
0
LINE
8
BLACK
6
CONTINUOUS
10
141.6220429999999908
20
-94.7760829999999999
11
141.788107999999994
21
-94.997920999999991
0
LINE
8
BLACK
6
CONTINUOUS
10
141.788107999999994
20
-94.997920999999991
11
141.7881239999999821
21
-94.9979390000000024
0
LINE
8
BLACK
6
CONTINUOUS
10
141.7881239999999821
20
-94.9979390000000024
11
141.9840599999999995
21
-95.1938749999999914
0
LINE
8
BLACK
6
CONTINUOUS
10
141.9840599999999995
20
-95.1938749999999914
11
141.9840779999999825
21
-95.1938909999999936
0
LINE
8
BLACK
6
CONTINUOUS
10
141.9840779999999825
20
-95.1938909999999936
11
142.205916000000002
21
-95.3599559999999968
0
LINE
8
BLACK
6
CONTINUOUS
10
142.205916000000002
20
-95.3599559999999968
11
142.2059239999999818
21
-95.3599609999999984
0
LINE
8
BLACK
6
CONTINUOUS
10
142.2059239999999818
20
-95.3599609999999984
11
142.4491380000000049
21
-95.4927659999999889
0
LINE
8
BLACK
6
CONTINUOUS
10
142.4491380000000049
20
-95.4927659999999889
11
142.4491370000000074
21
-95.4927659999999889
0
LINE
8
BLACK
6
CONTINUOUS
10
142.4491370000000074
20
-95.4927659999999889
11
142.4491409999999973
21
-95.4927670000000006
0
LINE
8
BLACK
6
CONTINUOUS
10
142.4491409999999973
20
-95.4927670000000006
11
142.4491439999999898
21
-95.4927689999999956
0
LINE
8
BLACK
6
CONTINUOUS
10
142.4491439999999898
20
-95.4927689999999956
11
142.7087939999999833
21
-95.5896139999999974
0
LINE
8
BLACK
6
CONTINUOUS
10
142.7087939999999833
20
-95.5896139999999974
11
142.979582999999991
21
-95.6485199999999907
0
LINE
8
BLACK
6
CONTINUOUS
10
142.979582999999991
20
-95.6485199999999907
11
143.2362289999999803
21
-95.6668749999999903
0
LINE
8
BLACK
6
CONTINUOUS
10
143.2362289999999803
20
-95.6668749999999903
11
143.2559990000000028
21
-95.6682899999999989
0
LINE
8
BLACK
6
CONTINUOUS
10
143.2559990000000028
20
-95.6682899999999989
11
143.2560000000000002
21
-95.6682899999999989
0
LINE
8
BLACK
6
CONTINUOUS
10
143.2560000000000002
20
-95.6682899999999989
11
143.2560009999999977
21
-95.6682899999999989
0
LINE
8
BLACK
6
CONTINUOUS
10
143.2560009999999977
20
-95.6682899999999989
11
143.2744509999999991
21
-95.6669699999999921
0
LINE
8
BLACK
6
CONTINUOUS
10
143.2744509999999991
20
-95.6669699999999921
11
143.532416999999981
21
-95.6485199999999907
0
LINE
8
BLACK
6
CONTINUOUS
10
143.532416999999981
20
-95.6485199999999907
11
143.8032059999999888
21
-95.5896139999999974
0
LINE
8
BLACK
6
CONTINUOUS
10
143.8032059999999888
20
-95.5896139999999974
11
144.0628559999999823
21
-95.4927689999999956
0
LINE
8
BLACK
6
CONTINUOUS
10
144.0628559999999823
20
-95.4927689999999956
11
144.306081000000006
21
-95.3599579999999918
0
LINE
8
BLACK
6
CONTINUOUS
10
144.306081000000006
20
-95.3599579999999918
11
144.5279290000000003
21
-95.1938849999999945
0
LINE
8
BLACK
6
CONTINUOUS
10
144.5279290000000003
20
-95.1938849999999945
11
144.7238849999999957
21
-94.9979289999999992
0
LINE
8
BLACK
6
CONTINUOUS
10
144.7238849999999957
20
-94.9979289999999992
11
144.8899580000000071
21
-94.7760809999999907
0
LINE
8
BLACK
6
CONTINUOUS
10
144.8899580000000071
20
-94.7760809999999907
11
145.0227689999999825
21
-94.5328559999999953
0
LINE
8
BLACK
6
CONTINUOUS
10
145.0227689999999825
20
-94.5328559999999953
11
145.1196139999999843
21
-94.2732060000000018
0
LINE
8
BLACK
6
CONTINUOUS
10
145.1196139999999843
20
-94.2732060000000018
11
145.1785199999999918
21
-94.0024169999999941
0
LINE
8
BLACK
6
CONTINUOUS
10
145.1785199999999918
20
-94.0024169999999941
11
145.1982899999999859
21
-93.7259999999999991
0
LINE
8
BLACK
6
CONTINUOUS
10
145.1982899999999859
20
-93.7259999999999991
11
145.1785199999999918
21
-93.4495829999999899
0
LINE
8
BLACK
6
CONTINUOUS
10
145.1785199999999918
20
-93.4495829999999899
11
145.1196139999999843
21
-93.1787939999999963
0
LINE
8
BLACK
6
CONTINUOUS
10
145.1196139999999843
20
-93.1787939999999963
11
145.0227689999999825
21
-92.9191440000000028
0
LINE
8
BLACK
6
CONTINUOUS
10
145.0227689999999825
20
-92.9191440000000028
11
144.9548649999999839
21
-92.7947879999999969
0
LINE
8
BLACK
6
CONTINUOUS
10
144.9548649999999839
20
-92.7947879999999969
11
144.8899609999999996
21
-92.6759239999999949
0
LINE
8
BLACK
6
CONTINUOUS
10
144.8899609999999996
20
-92.6759239999999949
11
144.8899559999999838
21
-92.6759160000000008
0
LINE
8
BLACK
6
CONTINUOUS
10
144.8899559999999838
20
-92.6759160000000008
11
144.7238909999999805
21
-92.4540779999999955
0
LINE
8
BLACK
6
CONTINUOUS
10
144.7238909999999805
20
-92.4540779999999955
11
144.7238749999999925
21
-92.4540599999999984
0
LINE
8
BLACK
6
CONTINUOUS
10
144.7238749999999925
20
-92.4540599999999984
11
144.5279390000000035
21
-92.2581239999999951
0
LINE
8
BLACK
6
CONTINUOUS
10
144.5279390000000035
20
-92.2581239999999951
11
144.5279209999999921
21
-92.2581079999999929
0
LINE
8
BLACK
6
CONTINUOUS
10
144.5279209999999921
20
-92.2581079999999929
11
144.306083000000001
21
-92.0920429999999897
0
LINE
8
BLACK
6
CONTINUOUS
10
144.306083000000001
20
-92.0920429999999897
11
144.3060749999999928
21
-92.0920380000000023
0
LINE
8
BLACK
6
CONTINUOUS
10
144.3060749999999928
20
-92.0920380000000023
11
144.0628609999999981
21
-91.9592329999999976
0
LINE
8
BLACK
6
CONTINUOUS
10
144.0628609999999981
20
-91.9592329999999976
11
144.0628619999999955
21
-91.9592329999999976
0
LINE
8
BLACK
6
CONTINUOUS
10
144.0628619999999955
20
-91.9592329999999976
11
144.0123009999999795
21
-91.9403739999999914
0
LINE
8
BLACK
6
CONTINUOUS
10
144.0123009999999795
20
-91.9403739999999914
11
143.8032059999999888
21
-91.8623860000000008
0
LINE
8
BLACK
6
CONTINUOUS
10
143.8032059999999888
20
-91.8623860000000008
11
143.8031990000000064
21
-91.8623839999999916
0
LINE
8
BLACK
6
CONTINUOUS
10
143.8031990000000064
20
-91.8623839999999916
11
143.8031979999999805
21
-91.8623839999999916
0
LINE
8
BLACK
6
CONTINUOUS
10
143.8031979999999805
20
-91.8623839999999916
11
143.5324239999999918
21
-91.8034809999999908
0
LINE
8
BLACK
6
CONTINUOUS
10
143.5324239999999918
20
-91.8034809999999908
11
143.532416999999981
21
-91.8034799999999933
0
LINE
8
BLACK
6
CONTINUOUS
10
143.532416999999981
20
-91.8034799999999933
11
143.2560009999999977
21
-91.7837099999999992
0
LINE
8
BLACK
6
CONTINUOUS
10
143.2560009999999977
20
-91.7837099999999992
11
143.2559990000000028
21
-91.7837099999999992
0
LINE
8
BLACK
6
CONTINUOUS
10
143.2559990000000028
20
-91.7837099999999992
11
142.9795819999999935
21
-91.8034799999999933
0
LINE
8
BLACK
6
CONTINUOUS
10
142.9795819999999935
20
-91.8034799999999933
11
142.9795749999999828
21
-91.8034809999999908
0
LINE
8
BLACK
6
CONTINUOUS
10
142.9795749999999828
20
-91.8034809999999908
11
142.708800999999994
21
-91.8623839999999916
0
LINE
8
BLACK
6
CONTINUOUS
10
142.708800999999994
20
-91.8623839999999916
11
142.7087970000000041
21
-91.8623849999999891
0
LINE
8
BLACK
6
CONTINUOUS
10
142.7087970000000041
20
-91.8623849999999891
11
142.7087939999999833
21
-91.8623860000000008
0
LINE
8
BLACK
6
CONTINUOUS
10
142.7087939999999833
20
-91.8623860000000008
11
142.5219160000000045
21
-91.9320869999999957
0
LINE
8
BLACK
6
CONTINUOUS
10
142.5219160000000045
20
-91.9320869999999957
11
142.4491380000000049
21
-91.9592329999999976
0
LINE
8
BLACK
6
CONTINUOUS
10
142.4491380000000049
20
-91.9592329999999976
11
142.2059239999999818
21
-92.0920380000000023
0
LINE
8
BLACK
6
CONTINUOUS
10
142.2059239999999818
20
-92.0920380000000023
11
142.205916000000002
21
-92.0920429999999897
0
LINE
8
BLACK
6
CONTINUOUS
10
142.205916000000002
20
-92.0920429999999897
11
141.9840779999999825
21
-92.2581079999999929
0
LINE
8
BLACK
6
CONTINUOUS
10
141.9840779999999825
20
-92.2581079999999929
11
141.9840599999999995
21
-92.2581239999999951
0
LINE
8
BLACK
6
CONTINUOUS
10
141.9840599999999995
20
-92.2581239999999951
11
141.7881239999999821
21
-92.4540599999999984
0
LINE
8
BLACK
6
CONTINUOUS
10
141.7881239999999821
20
-92.4540599999999984
11
141.788107999999994
21
-92.4540779999999955
0
LINE
8
BLACK
6
CONTINUOUS
10
141.788107999999994
20
-92.4540779999999955
11
141.6220429999999908
21
-92.6759160000000008
0
LINE
8
BLACK
6
CONTINUOUS
10
141.6220429999999908
20
-92.6759160000000008
11
141.6220380000000034
21
-92.6759239999999949
0
LINE
8
BLACK
6
CONTINUOUS
10
141.6220380000000034
20
-92.6759239999999949
11
141.4892329999999845
21
-92.9191379999999896
0
LINE
8
BLACK
6
CONTINUOUS
10
141.4892329999999845
20
-92.9191379999999896
11
141.4892309999999895
21
-92.9191440000000028
0
LINE
8
BLACK
6
CONTINUOUS
10
141.4892309999999895
20
-92.9191440000000028
11
141.3923859999999877
21
-93.1787939999999963
0
LINE
8
BLACK
6
CONTINUOUS
10
141.3923859999999877
20
-93.1787939999999963
11
141.3923849999999902
21
-93.1787969999999888
0
LINE
8
BLACK
6
CONTINUOUS
10
141.3923849999999902
20
-93.1787969999999888
11
141.3923839999999927
21
-93.1788009999999929
0
LINE
8
BLACK
6
CONTINUOUS
10
141.3923839999999927
20
-93.1788009999999929
11
141.3334810000000061
21
-93.4495749999999958
0
LINE
8
BLACK
6
CONTINUOUS
10
141.3334810000000061
20
-93.4495749999999958
11
141.3334799999999802
21
-93.4495819999999924
0
LINE
8
BLACK
6
CONTINUOUS
10
141.3334799999999802
20
-93.4495819999999924
11
141.3137099999999862
21
-93.7259979999999899
0
LINE
8
BLACK
6
CONTINUOUS
10
141.3137099999999862
20
-93.7259979999999899
11
141.3137099999999862
21
-93.7260009999999966
0
LINE
8
BLACK
6
CONTINUOUS
10
164.4498499999999979
20
-63.8291729999999973
11
164.8116909999999962
21
-63.8864829999999984
0
LINE
8
BLACK
6
CONTINUOUS
10
164.8116909999999962
20
-63.8864829999999984
11
165.1655590000000018
21
-63.9813019999999995
0
LINE
8
BLACK
6
CONTINUOUS
10
165.1655590000000018
20
-63.9813019999999995
11
165.5075779999999952
21
-64.1125909999999948
0
LINE
8
BLACK
6
CONTINUOUS
10
165.5075779999999952
20
-64.1125909999999948
11
165.551558
21
-64.1349999999999909
0
LINE
8
BLACK
6
CONTINUOUS
10
165.551558
20
-64.1349999999999909
11
169.9848140000000001
21
-64.1349999999999909
0
LINE
8
BLACK
6
CONTINUOUS
10
169.9848140000000001
20
-64.1349999999999909
11
170.0518529999999942
21
-64.1546850000000006
0
LINE
8
BLACK
6
CONTINUOUS
10
170.0518529999999942
20
-64.1546850000000006
11
170.0976079999999797
21
-64.2074889999999954
0
LINE
8
BLACK
6
CONTINUOUS
10
170.0976079999999797
20
-64.2074889999999954
11
170.1025510000000054
21
-64.2200880000000041
0
LINE
8
BLACK
6
CONTINUOUS
10
170.1025510000000054
20
-64.2200880000000041
11
170.2371609999999862
21
-64.6273829999999947
0
LINE
8
BLACK
6
CONTINUOUS
10
170.2371609999999862
20
-64.6273829999999947
11
170.238523999999984
21
-64.631779999999992
0
LINE
8
BLACK
6
CONTINUOUS
10
170.238523999999984
20
-64.631779999999992
11
170.4621209999999962
21
-65.40334
0
LINE
8
BLACK
6
CONTINUOUS
10
170.4621209999999962
20
-65.40334
11
170.4633199999999817
21
-65.4077839999999924
0
LINE
8
BLACK
6
CONTINUOUS
10
170.4633199999999817
20
-65.4077839999999924
11
170.6581299999999999
21
-66.1871259999999921
0
LINE
8
BLACK
6
CONTINUOUS
10
170.6581299999999999
20
-66.1871259999999921
11
170.6591629999999782
21
-66.1916119999999921
0
LINE
8
BLACK
6
CONTINUOUS
10
170.6591629999999782
20
-66.1916119999999921
11
170.824908999999991
21
-66.9776329999999973
0
LINE
8
BLACK
6
CONTINUOUS
10
170.824908999999991
20
-66.9776329999999973
11
170.825774999999993
21
-66.9821539999999942
0
LINE
8
BLACK
6
CONTINUOUS
10
170.825774999999993
20
-66.9821539999999942
11
170.9622359999999901
21
-67.7738069999999908
0
LINE
8
BLACK
6
CONTINUOUS
10
170.9622359999999901
20
-67.7738069999999908
11
170.9629329999999925
21
-67.7783569999999997
0
LINE
8
BLACK
6
CONTINUOUS
10
170.9629329999999925
20
-67.7783569999999997
11
171.069909999999993
21
-68.5744799999999941
0
LINE
8
BLACK
6
CONTINUOUS
10
171.069909999999993
20
-68.5744799999999941
11
171.0704389999999933
21
-68.5790530000000018
0
LINE
8
BLACK
6
CONTINUOUS
10
171.0704389999999933
20
-68.5790530000000018
11
171.146930999999995
21
-69.3696839999999924
0
LINE
8
BLACK
6
CONTINUOUS
10
171.146930999999995
20
-69.3696839999999924
11
171.1474309999999832
21
-69.3772919999999971
0
LINE
8
BLACK
6
CONTINUOUS
10
171.1474309999999832
20
-69.3772919999999971
11
171.1491110000000049
21
-69.425336999999999
0
LINE
8
BLACK
6
CONTINUOUS
10
171.1491110000000049
20
-69.425336999999999
11
171.1504529999999988
21
-69.4333560000000034
0
LINE
8
BLACK
6
CONTINUOUS
10
171.1504529999999988
20
-69.4333560000000034
11
171.1503329999999892
21
-69.4333759999999955
0
LINE
8
BLACK
6
CONTINUOUS
10
171.1503329999999892
20
-69.4333759999999955
11
171.1513439999999946
21
-69.4387100000000004
0
LINE
8
BLACK
6
CONTINUOUS
10
171.1513439999999946
20
-69.4387100000000004
11
171.1514629999999784
21
-69.4386849999999924
0
LINE
8
BLACK
6
CONTINUOUS
10
171.1514629999999784
20
-69.4386849999999924
11
171.1531459999999925
21
-69.446629999999999
0
LINE
8
BLACK
6
CONTINUOUS
10
171.1531459999999925
20
-69.446629999999999
11
171.1531469999999899
21
-69.4466350000000006
0
LINE
8
BLACK
6
CONTINUOUS
10
171.1531469999999899
20
-69.4466350000000006
11
171.1531479999999874
21
-69.4466369999999955
0
LINE
8
BLACK
6
CONTINUOUS
10
171.1531479999999874
20
-69.4466369999999955
11
171.1706449999999791
21
-69.4961529999999925
0
LINE
8
BLACK
6
CONTINUOUS
10
171.1706449999999791
20
-69.4961529999999925
11
171.1723099999999818
21
-69.5012079999999912
0
LINE
8
BLACK
6
CONTINUOUS
10
171.1723099999999818
20
-69.5012079999999912
11
171.18764299999998
21
-69.5513540000000035
0
LINE
8
BLACK
6
CONTINUOUS
10
171.18764299999998
20
-69.5513540000000035
11
171.1910149999999931
21
-69.5587510000000009
0
LINE
8
BLACK
6
CONTINUOUS
10
171.1910149999999931
20
-69.5587510000000009
11
171.1909019999999941
21
-69.558802
0
LINE
8
BLACK
6
CONTINUOUS
10
171.1909019999999941
20
-69.558802
11
171.1932649999999967
21
-69.5637030000000038
0
LINE
8
BLACK
6
CONTINUOUS
10
171.1932649999999967
20
-69.5637030000000038
11
171.1933729999999798
21
-69.5636489999999981
0
LINE
8
BLACK
6
CONTINUOUS
10
171.1933729999999798
20
-69.5636489999999981
11
171.1970570000000009
21
-69.5708920000000006
0
LINE
8
BLACK
6
CONTINUOUS
10
171.1970570000000009
20
-69.5708920000000006
11
171.2267589999999871
21
-69.6141679999999923
0
LINE
8
BLACK
6
CONTINUOUS
10
171.2267589999999871
20
-69.6141679999999923
11
171.2296759999999836
21
-69.6186199999999928
0
LINE
8
BLACK
6
CONTINUOUS
10
171.2296759999999836
20
-69.6186199999999928
11
171.2574840000000052
21
-69.6631169999999997
0
LINE
8
BLACK
6
CONTINUOUS
10
171.2574840000000052
20
-69.6631169999999997
11
171.2626549999999952
21
-69.6693899999999928
0
LINE
8
BLACK
6
CONTINUOUS
10
171.2626549999999952
20
-69.6693899999999928
11
171.2625610000000052
21
-69.6694669999999974
0
LINE
8
BLACK
6
CONTINUOUS
10
171.2625610000000052
20
-69.6694669999999974
11
171.2661039999999844
21
-69.6735809999999987
0
LINE
8
BLACK
6
CONTINUOUS
10
171.2661039999999844
20
-69.6735809999999987
11
171.2661939999999845
21
-69.6735010000000017
0
LINE
8
BLACK
6
CONTINUOUS
10
171.2661939999999845
20
-69.6735010000000017
11
171.2716289999999901
21
-69.6795449999999903
0
LINE
8
BLACK
6
CONTINUOUS
10
171.2716289999999901
20
-69.6795449999999903
11
171.3115149999999858
21
-69.7136560000000003
0
LINE
8
BLACK
6
CONTINUOUS
10
171.3115149999999858
20
-69.7136560000000003
11
171.3154869999999903
21
-69.7172020000000003
0
LINE
8
BLACK
6
CONTINUOUS
10
171.3154869999999903
20
-69.7172020000000003
11
171.3538680000000056
21
-69.7529909999999944
0
LINE
8
BLACK
6
CONTINUOUS
10
171.3538680000000056
20
-69.7529909999999944
11
171.3538690000000031
21
-69.7529909999999944
0
LINE
8
BLACK
6
CONTINUOUS
10
171.3538690000000031
20
-69.7529909999999944
11
171.3538719999999955
21
-69.7529940000000011
0
LINE
8
BLACK
6
CONTINUOUS
10
171.3538719999999955
20
-69.7529940000000011
11
171.3604839999999854
21
-69.757710000000003
0
LINE
8
BLACK
6
CONTINUOUS
10
171.3604839999999854
20
-69.757710000000003
11
171.3604119999999966
21
-69.7578099999999921
0
LINE
8
BLACK
6
CONTINUOUS
10
171.3604119999999966
20
-69.7578099999999921
11
171.3649000000000058
21
-69.7608680000000021
0
LINE
8
BLACK
6
CONTINUOUS
10
171.3649000000000058
20
-69.7608680000000021
11
171.3649669999999787
21
-69.7607660000000038
0
LINE
8
BLACK
6
CONTINUOUS
10
171.3649669999999787
20
-69.7607660000000038
11
171.3717780000000062
21
-69.7651949999999914
0
LINE
8
BLACK
6
CONTINUOUS
10
171.3717780000000062
20
-69.7651949999999914
11
171.419132999999988
21
-69.7878199999999964
0
LINE
8
BLACK
6
CONTINUOUS
10
171.419132999999988
20
-69.7878199999999964
11
171.4238890000000026
21
-69.7902189999999933
0
LINE
8
BLACK
6
CONTINUOUS
10
171.4238890000000026
20
-69.7902189999999933
11
171.4702289999999891
21
-69.8148570000000035
0
LINE
8
BLACK
6
CONTINUOUS
10
171.4702289999999891
20
-69.8148570000000035
11
171.4778419999999812
21
-69.8177029999999945
0
LINE
8
BLACK
6
CONTINUOUS
10
171.4778419999999812
20
-69.8177029999999945
11
171.4777979999999786
21
-69.8178180000000026
0
LINE
8
BLACK
6
CONTINUOUS
10
171.4777979999999786
20
-69.8178180000000026
11
171.4829299999999819
21
-69.8196109999999948
0
LINE
8
BLACK
6
CONTINUOUS
10
171.4829299999999819
20
-69.8196109999999948
11
171.4829689999999971
21
-69.8194939999999917
0
LINE
8
BLACK
6
CONTINUOUS
10
171.4829689999999971
20
-69.8194939999999917
11
171.4906859999999824
21
-69.8220060000000018
0
LINE
8
BLACK
6
CONTINUOUS
10
171.4906859999999824
20
-69.8220060000000018
11
171.4906909999999982
21
-69.8220089999999942
0
LINE
8
BLACK
6
CONTINUOUS
10
171.4906909999999982
20
-69.8220089999999942
11
171.542271999999997
21
-69.8316039999999987
0
LINE
8
BLACK
6
CONTINUOUS
10
171.542271999999997
20
-69.8316039999999987
11
171.5422930000000008
21
-69.8316080000000028
0
LINE
8
BLACK
6
CONTINUOUS
10
171.5422930000000008
20
-69.8316080000000028
11
171.547505000000001
21
-69.8326929999999919
0
LINE
8
BLACK
6
CONTINUOUS
10
171.547505000000001
20
-69.8326929999999919
11
177.6488190000000031
21
-71.241067000000001
0
LINE
8
BLACK
6
CONTINUOUS
10
177.6488190000000031
20
-71.241067000000001
11
177.7097129999999936
21
-71.2753259999999926
0
LINE
8
BLACK
6
CONTINUOUS
10
177.7097129999999936
20
-71.2753259999999926
11
177.742418999999984
21
-71.3370680000000021
0
LINE
8
BLACK
6
CONTINUOUS
10
177.742418999999984
20
-71.3370680000000021
11
177.7449210000000051
21
-71.3632970000000029
0
LINE
8
BLACK
6
CONTINUOUS
10
177.7449210000000051
20
-71.3632970000000029
11
177.7386229999999898
21
-71.9184049999999928
0
LINE
8
BLACK
6
CONTINUOUS
10
177.7386229999999898
20
-71.9184049999999928
11
177.7384849999999972
21
-71.9230069999999984
0
LINE
8
BLACK
6
CONTINUOUS
10
177.7384849999999972
20
-71.9230069999999984
11
177.6877920000000017
21
-72.9679000000000002
0
LINE
8
BLACK
6
CONTINUOUS
10
177.6877920000000017
20
-72.9679000000000002
11
177.6874839999999836
21
-72.9724930000000001
0
LINE
8
BLACK
6
CONTINUOUS
10
177.6874839999999836
20
-72.9724930000000001
11
177.5980349999999817
21
-74.0148200000000003
0
LINE
8
BLACK
6
CONTINUOUS
10
177.5980349999999817
20
-74.0148200000000003
11
177.5975559999999973
21
-74.0193989999999928
0
LINE
8
BLACK
6
CONTINUOUS
10
177.5975559999999973
20
-74.0193989999999928
11
177.4694810000000018
21
-75.0576509999999928
0
LINE
8
BLACK
6
CONTINUOUS
10
177.4694810000000018
20
-75.0576509999999928
11
177.4688329999999894
21
-75.0622089999999957
0
LINE
8
BLACK
6
CONTINUOUS
10
177.4688329999999894
20
-75.0622089999999957
11
177.3023009999999999
21
-76.0950139999999919
0
LINE
8
BLACK
6
CONTINUOUS
10
177.3023009999999999
20
-76.0950139999999919
11
177.3014839999999879
21
-76.099544999999992
0
LINE
8
BLACK
6
CONTINUOUS
10
177.3014839999999879
20
-76.099544999999992
11
177.0967249999999922
21
-77.1254639999999938
0
LINE
8
BLACK
6
CONTINUOUS
10
177.0967249999999922
20
-77.1254639999999938
11
177.095739999999978
21
-77.1299609999999944
0
LINE
8
BLACK
6
CONTINUOUS
10
177.095739999999978
20
-77.1299609999999944
11
176.8530449999999803
21
-78.1475480000000005
0
LINE
8
BLACK
6
CONTINUOUS
10
176.8530449999999803
20
-78.1475480000000005
11
176.8518939999999873
21
-78.1520060000000001
0
LINE
8
BLACK
6
CONTINUOUS
10
176.8518939999999873
20
-78.1520060000000001
11
176.5715869999999938
21
-79.1599029999999999
0
LINE
8
BLACK
6
CONTINUOUS
10
176.5715869999999938
20
-79.1599029999999999
11
176.5702709999999911
21
-79.164315000000002
0
LINE
8
BLACK
6
CONTINUOUS
10
176.5702709999999911
20
-79.164315000000002
11
176.2527519999999868
21
-80.1610819999999933
0
LINE
8
BLACK
6
CONTINUOUS
10
176.2527519999999868
20
-80.1610819999999933
11
176.2512739999999951
21
-80.1654419999999988
0
LINE
8
BLACK
6
CONTINUOUS
10
176.2512739999999951
20
-80.1654419999999988
11
175.8969539999999938
21
-81.1497839999999968
0
LINE
8
BLACK
6
CONTINUOUS
10
175.8969539999999938
20
-81.1497839999999968
11
175.8953139999999848
21
-81.1540859999999924
0
LINE
8
BLACK
6
CONTINUOUS
10
175.8953139999999848
20
-81.1540859999999924
11
175.5047150000000045
21
-82.1245569999999958
0
LINE
8
BLACK
6
CONTINUOUS
10
175.5047150000000045
20
-82.1245569999999958
11
175.5029169999999965
21
-82.1287949999999967
0
LINE
8
BLACK
6
CONTINUOUS
10
175.5029169999999965
20
-82.1287949999999967
11
175.0765600000000006
21
-83.0841009999999898
0
LINE
8
BLACK
6
CONTINUOUS
10
175.0765600000000006
20
-83.0841009999999898
11
175.0746059999999886
21
-83.0882699999999943
0
LINE
8
BLACK
6
CONTINUOUS
10
175.0746059999999886
20
-83.0882699999999943
11
174.6130780000000016
21
-84.0270960000000002
0
LINE
8
BLACK
6
CONTINUOUS
10
174.6130780000000016
20
-84.0270960000000002
11
174.6109709999999779
21
-84.0311889999999977
0
LINE
8
BLACK
6
CONTINUOUS
10
174.6109709999999779
20
-84.0311889999999977
11
174.1149039999999957
21
-84.9522479999999973
0
LINE
8
BLACK
6
CONTINUOUS
10
174.1149039999999957
20
-84.9522479999999973
11
174.1126459999999838
21
-84.9562600000000003
0
LINE
8
BLACK
6
CONTINUOUS
10
174.1126459999999838
20
-84.9562600000000003
11
173.5827359999999828
21
-85.8582579999999922
0
LINE
8
BLACK
6
CONTINUOUS
10
173.5827359999999828
20
-85.8582579999999922
11
173.580331000000001
21
-85.8621830000000017
0
LINE
8
BLACK
6
CONTINUOUS
10
173.580331000000001
20
-85.8621830000000017
11
173.0173000000000059
21
-86.7438959999999923
0
LINE
8
BLACK
6
CONTINUOUS
10
173.0173000000000059
20
-86.7438959999999923
11
173.0147499999999923
21
-86.74772999999999
0
LINE
8
BLACK
6
CONTINUOUS
10
173.0147499999999923
20
-86.74772999999999
11
172.4193789999999922
21
-87.607925999999992
0
LINE
8
BLACK
6
CONTINUOUS
10
172.4193789999999922
20
-87.607925999999992
11
172.416688999999991
21
-87.6116619999999955
0
LINE
8
BLACK
6
CONTINUOUS
10
172.416688999999991
20
-87.6116619999999955
11
171.7898119999999835
21
-88.4491479999999939
0
LINE
8
BLACK
6
CONTINUOUS
10
171.7898119999999835
20
-88.4491479999999939
11
171.7869859999999846
21
-88.4527819999999991
0
LINE
8
BLACK
6
CONTINUOUS
10
171.7869859999999846
20
-88.4527819999999991
11
171.1294169999999895
21
-89.2664639999999991
0
LINE
8
BLACK
6
CONTINUOUS
10
171.1294169999999895
20
-89.2664639999999991
11
171.1264569999999878
21
-89.2699899999999928
0
LINE
8
BLACK
6
CONTINUOUS
10
171.1264569999999878
20
-89.2699899999999928
11
170.4391709999999875
21
-90.0586610000000007
0
LINE
8
BLACK
6
CONTINUOUS
10
170.4391709999999875
20
-90.0586610000000007
11
170.436081999999999
21
-90.0620759999999905
0
LINE
8
BLACK
6
CONTINUOUS
10
170.436081999999999
20
-90.0620759999999905
11
169.7199739999999792
21
-90.8247089999999986
0
LINE
8
BLACK
6
CONTINUOUS
10
169.7199739999999792
20
-90.8247089999999986
11
169.7167609999999911
21
-90.828006000000002
0
LINE
8
BLACK
6
CONTINUOUS
10
169.7167609999999911
20
-90.828006000000002
11
168.9728369999999984
21
-91.5635309999999976
0
LINE
8
BLACK
6
CONTINUOUS
10
168.9728369999999984
20
-91.5635309999999976
11
168.9695040000000006
21
-91.5667059999999964
0
LINE
8
BLACK
6
CONTINUOUS
10
168.9695040000000006
20
-91.5667059999999964
11
168.1988000000000056
21
-92.2740979999999951
0
LINE
8
BLACK
6
CONTINUOUS
10
168.1988000000000056
20
-92.2740979999999951
11
168.1953509999999881
21
-92.2771479999999968
0
LINE
8
BLACK
6
CONTINUOUS
10
168.1953509999999881
20
-92.2771479999999968
11
167.3988970000000052
21
-92.9554629999999946
0
LINE
8
BLACK
6
CONTINUOUS
10
167.3988970000000052
20
-92.9554629999999946
11
167.3953369999999836
21
-92.9583820000000003
0
LINE
8
BLACK
6
CONTINUOUS
10
167.3953369999999836
20
-92.9583820000000003
11
166.5742850000000033
21
-93.6066359999999946
0
LINE
8
BLACK
6
CONTINUOUS
10
166.5742850000000033
20
-93.6066359999999946
11
166.5706189999999935
21
-93.609421999999995
0
LINE
8
BLACK
6
CONTINUOUS
10
166.5706189999999935
20
-93.609421999999995
11
165.7260440000000017
21
-94.2267689999999902
0
LINE
8
BLACK
6
CONTINUOUS
10
165.7260440000000017
20
-94.2267689999999902
11
165.7222779999999887
21
-94.2294160000000005
0
LINE
8
BLACK
6
CONTINUOUS
10
165.7222779999999887
20
-94.2294160000000005
11
164.8553819999999916
21
-94.814976999999999
0
LINE
8
BLACK
6
CONTINUOUS
10
164.8553819999999916
20
-94.814976999999999
11
164.8515199999999936
21
-94.8174829999999957
0
LINE
8
BLACK
6
CONTINUOUS
10
164.8515199999999936
20
-94.8174829999999957
11
163.963452999999987
21
-95.3704809999999981
0
LINE
8
BLACK
6
CONTINUOUS
10
163.963452999999987
20
-95.3704809999999981
11
163.9594999999999914
21
-95.372840999999994
0
LINE
8
BLACK
6
CONTINUOUS
10
163.9594999999999914
20
-95.372840999999994
11
163.0515469999999993
21
-95.8924719999999979
0
LINE
8
BLACK
6
CONTINUOUS
10
163.0515469999999993
20
-95.8924719999999979
11
163.0475089999999909
21
-95.894683999999998
0
LINE
8
BLACK
6
CONTINUOUS
10
163.0475089999999909
20
-95.894683999999998
11
162.1209110000000067
21
-96.380242999999993
0
LINE
8
BLACK
6
CONTINUOUS
10
162.1209110000000067
20
-96.380242999999993
11
162.1167949999999962
21
-96.3823039999999907
0
LINE
8
BLACK
6
CONTINUOUS
10
162.1167949999999962
20
-96.3823039999999907
11
161.1727779999999939
21
-96.8331489999999917
0
LINE
8
BLACK
6
CONTINUOUS
10
161.1727779999999939
20
-96.8331489999999917
11
161.1685870000000023
21
-96.8350559999999945
0
LINE
8
BLACK
6
CONTINUOUS
10
161.1685870000000023
20
-96.8350559999999945
11
160.2084999999999866
21
-97.2505400000000009
0
LINE
8
BLACK
6
CONTINUOUS
10
160.2084999999999866
20
-97.2505400000000009
11
160.2042419999999936
21
-97.2522900000000021
0
LINE
8
BLACK
6
CONTINUOUS
10
160.2042419999999936
20
-97.2522900000000021
11
159.2293619999999805
21
-97.631859999999989
0
LINE
8
BLACK
6
CONTINUOUS
10
159.2293619999999805
20
-97.631859999999989
11
159.2250410000000045
21
-97.6334499999999963
0
LINE
8
BLACK
6
CONTINUOUS
10
159.2250410000000045
20
-97.6334499999999963
11
158.23678799999999
21
-97.976553999999993
0
LINE
8
BLACK
6
CONTINUOUS
10
158.23678799999999
20
-97.976553999999993
11
158.2324119999999823
21
-97.9779829999999947
0
LINE
8
BLACK
6
CONTINUOUS
10
158.2324119999999823
20
-97.9779829999999947
11
157.2320619999999849
21
-98.2841769999999997
0
LINE
8
BLACK
6
CONTINUOUS
10
157.2320619999999849
20
-98.2841769999999997
11
157.2276349999999923
21
-98.2854419999999891
0
LINE
8
BLACK
6
CONTINUOUS
10
157.2276349999999923
20
-98.2854419999999891
11
156.2166660000000036
21
-98.5542760000000015
0
LINE
8
BLACK
6
CONTINUOUS
10
156.2166660000000036
20
-98.5542760000000015
11
156.2121960000000058
21
-98.5553769999999929
0
LINE
8
BLACK
6
CONTINUOUS
10
156.2121960000000058
20
-98.5553769999999929
11
155.1918729999999869
21
-98.7865129999999994
0
LINE
8
BLACK
6
CONTINUOUS
10
155.1918729999999869
20
-98.7865129999999994
11
155.1873649999999998
21
-98.7874459999999885
0
LINE
8
BLACK
6
CONTINUOUS
10
155.1873649999999998
20
-98.7874459999999885
11
154.1592239999999947
21
-98.9805360000000007
0
LINE
8
BLACK
6
CONTINUOUS
10
154.1592239999999947
20
-98.9805360000000007
11
154.1546840000000032
21
-98.9813019999999995
0
LINE
8
BLACK
6
CONTINUOUS
10
154.1546840000000032
20
-98.9813019999999995
11
153.1200629999999876
21
-99.1360959999999949
0
LINE
8
BLACK
6
CONTINUOUS
10
153.1200629999999876
20
-99.1360959999999949
11
153.1154980000000023
21
-99.136692999999994
0
LINE
8
BLACK
6
CONTINUOUS
10
153.1154980000000023
20
-99.136692999999994
11
152.0758109999999874
21
-99.2529770000000013
0
LINE
8
BLACK
6
CONTINUOUS
10
152.0758109999999874
20
-99.2529770000000013
11
152.0712269999999933
21
-99.2534029999999916
0
LINE
8
BLACK
6
CONTINUOUS
10
152.0712269999999933
20
-99.2534029999999916
11
151.0280079999999998
21
-99.3310069999999996
0
LINE
8
BLACK
6
CONTINUOUS
10
151.0280079999999998
20
-99.3310069999999996
11
151.0234109999999816
21
-99.3312639999999902
0
LINE
8
BLACK
6
CONTINUOUS
10
151.0234109999999816
20
-99.3312639999999902
11
150.3696019999999862
21
-99.3555459999999897
0
LINE
8
BLACK
6
CONTINUOUS
10
150.3696019999999862
20
-99.3555459999999897
11
150.3018779999999879
21
-99.3383630000000011
0
LINE
8
BLACK
6
CONTINUOUS
10
150.3018779999999879
20
-99.3383630000000011
11
150.2541949999999815
21
-99.2872929999999911
0
LINE
8
BLACK
6
CONTINUOUS
10
150.2541949999999815
20
-99.2872929999999911
11
150.2409999999999854
21
-99.231630999999993
0
LINE
8
BLACK
6
CONTINUOUS
10
150.2409999999999854
20
-99.231630999999993
11
150.2409999999999854
21
-98.0887949999999904
0
LINE
8
BLACK
6
CONTINUOUS
10
150.2409999999999854
20
-98.0887949999999904
11
150.2606849999999952
21
-98.0217559999999963
0
LINE
8
BLACK
6
CONTINUOUS
10
150.2606849999999952
20
-98.0217559999999963
11
150.3134890000000041
21
-97.9760009999999966
0
LINE
8
BLACK
6
CONTINUOUS
10
150.3134890000000041
20
-97.9760009999999966
11
150.317547999999988
21
-97.9742339999999956
0
LINE
8
BLACK
6
CONTINUOUS
10
150.317547999999988
20
-97.9742339999999956
11
150.4261999999999944
21
-97.9292289999999923
0
LINE
8
BLACK
6
CONTINUOUS
10
150.4261999999999944
20
-97.9292289999999923
11
150.4261999999999944
21
-97.9292279999999948
0
LINE
8
BLACK
6
CONTINUOUS
10
150.4261999999999944
20
-97.9292279999999948
11
150.4262119999999925
21
-97.9292239999999907
0
LINE
8
BLACK
6
CONTINUOUS
10
150.4262119999999925
20
-97.9292239999999907
11
150.636289000000005
21
-97.807935999999998
0
LINE
8
BLACK
6
CONTINUOUS
10
150.636289000000005
20
-97.807935999999998
11
150.8287379999999871
21
-97.6602649999999954
0
LINE
8
BLACK
6
CONTINUOUS
10
150.8287379999999871
20
-97.6602649999999954
11
151.0002649999999846
21
-97.4887379999999979
0
LINE
8
BLACK
6
CONTINUOUS
10
151.0002649999999846
20
-97.4887379999999979
11
151.1479359999999872
21
-97.2962890000000016
0
LINE
8
BLACK
6
CONTINUOUS
10
151.1479359999999872
20
-97.2962890000000016
11
151.2692239999999799
21
-97.0862119999999891
0
LINE
8
BLACK
6
CONTINUOUS
10
151.2692239999999799
20
-97.0862119999999891
11
151.3620540000000005
21
-96.8620999999999981
0
LINE
8
BLACK
6
CONTINUOUS
10
151.3620540000000005
20
-96.8620999999999981
11
151.4248379999999941
21
-96.6277889999999928
0
LINE
8
BLACK
6
CONTINUOUS
10
151.4248379999999941
20
-96.6277889999999928
11
151.4565000000000055
21
-96.3872879999999981
0
LINE
8
BLACK
6
CONTINUOUS
10
151.4565000000000055
20
-96.3872879999999981
11
151.4565000000000055
21
-96.1447119999999984
0
LINE
8
BLACK
6
CONTINUOUS
10
151.4565000000000055
20
-96.1447119999999984
11
151.4248379999999941
21
-95.9042109999999894
0
LINE
8
BLACK
6
CONTINUOUS
10
151.4248379999999941
20
-95.9042109999999894
11
151.3620540000000005
21
-95.6698999999999984
0
LINE
8
BLACK
6
CONTINUOUS
10
151.3620540000000005
20
-95.6698999999999984
11
151.2692239999999799
21
-95.4457879999999932
0
LINE
8
BLACK
6
CONTINUOUS
10
151.2692239999999799
20
-95.4457879999999932
11
151.1479359999999872
21
-95.2357109999999949
0
LINE
8
BLACK
6
CONTINUOUS
10
151.1479359999999872
20
-95.2357109999999949
11
151.0002649999999846
21
-95.0432619999999986
0
LINE
8
BLACK
6
CONTINUOUS
10
151.0002649999999846
20
-95.0432619999999986
11
151.0002599999999973
21
-95.0432559999999995
0
LINE
8
BLACK
6
CONTINUOUS
10
151.0002599999999973
20
-95.0432559999999995
11
150.8287430000000029
21
-94.8717389999999909
0
LINE
8
BLACK
6
CONTINUOUS
10
150.8287430000000029
20
-94.8717389999999909
11
150.8287359999999921
21
-94.8717329999999919
0
LINE
8
BLACK
6
CONTINUOUS
10
150.8287359999999921
20
-94.8717329999999919
11
150.6362929999999949
21
-94.7240669999999909
0
LINE
8
BLACK
6
CONTINUOUS
10
150.6362929999999949
20
-94.7240669999999909
11
150.6362919999999974
21
-94.7240659999999934
0
LINE
8
BLACK
6
CONTINUOUS
10
150.6362919999999974
20
-94.7240659999999934
11
150.636289000000005
21
-94.7240639999999985
0
LINE
8
BLACK
6
CONTINUOUS
10
150.636289000000005
20
-94.7240639999999985
11
150.5204980000000035
21
-94.6572120000000012
0
LINE
8
BLACK
6
CONTINUOUS
10
150.5204980000000035
20
-94.6572120000000012
11
150.4262219999999957
21
-94.6027809999999931
0
LINE
8
BLACK
6
CONTINUOUS
10
150.4262219999999957
20
-94.6027809999999931
11
150.4262169999999799
21
-94.6027789999999982
0
LINE
8
BLACK
6
CONTINUOUS
10
150.4262169999999799
20
-94.6027789999999982
11
150.4262119999999925
21
-94.6027759999999915
0
LINE
8
BLACK
6
CONTINUOUS
10
150.4262119999999925
20
-94.6027759999999915
11
150.317545999999993
21
-94.5577649999999892
0
LINE
8
BLACK
6
CONTINUOUS
10
150.317545999999993
20
-94.5577649999999892
11
150.2631429999999852
21
-94.5139229999999912
0
LINE
8
BLACK
6
CONTINUOUS
10
150.2631429999999852
20
-94.5139229999999912
11
150.2410789999999849
21
-94.4476289999999921
0
LINE
8
BLACK
6
CONTINUOUS
10
150.2410789999999849
20
-94.4476289999999921
11
150.2409999999999854
21
-94.4432039999999944
0
LINE
8
BLACK
6
CONTINUOUS
10
150.2409999999999854
20
-94.4432039999999944
11
150.2409999999999854
21
-93.7259979999999899
0
LINE
8
BLACK
6
CONTINUOUS
10
150.2409999999999854
20
-93.7259979999999899
11
150.2409999999999854
21
-91.4904999999999973
0
LINE
8
BLACK
6
CONTINUOUS
10
150.2409999999999854
20
-91.4904999999999973
11
150.2606849999999952
21
-91.423460999999989
0
LINE
8
BLACK
6
CONTINUOUS
10
150.2606849999999952
20
-91.423460999999989
11
150.3134890000000041
21
-91.3777059999999892
0
LINE
8
BLACK
6
CONTINUOUS
10
150.3134890000000041
20
-91.3777059999999892
11
150.3649999999999807
21
-91.366500000000002
0
LINE
8
BLACK
6
CONTINUOUS
10
150.3649999999999807
20
-91.366500000000002
11
156.853919999999988
21
-91.366500000000002
0
LINE
8
BLACK
6
CONTINUOUS
10
156.853919999999988
20
-91.366500000000002
11
156.9514619999999923
21
-91.3470959999999934
0
LINE
8
BLACK
6
CONTINUOUS
10
156.9514619999999923
20
-91.3470959999999934
11
156.9989129999999875
21
-91.3376579999999905
0
LINE
8
BLACK
6
CONTINUOUS
10
156.9989129999999875
20
-91.3376579999999905
11
157.1354949999999917
21
-91.2810839999999928
0
LINE
8
BLACK
6
CONTINUOUS
10
157.1354949999999917
20
-91.2810839999999928
11
157.1879539999999906
21
-91.2460319999999996
0
LINE
8
BLACK
6
CONTINUOUS
10
157.1879539999999906
20
-91.2460319999999996
11
157.2584159999999827
21
-91.1989519999999914
0
LINE
8
BLACK
6
CONTINUOUS
10
157.2584159999999827
20
-91.1989519999999914
11
158.7705479999999909
21
-89.6868180000000024
0
LINE
8
BLACK
6
CONTINUOUS
10
158.7705479999999909
20
-89.6868180000000024
11
158.8318710000000067
21
-89.653334000000001
0
LINE
8
BLACK
6
CONTINUOUS
10
158.8318710000000067
20
-89.653334000000001
11
158.8582289999999944
21
-89.6504999999999939
0
LINE
8
BLACK
6
CONTINUOUS
10
158.8582289999999944
20
-89.6504999999999939
11
159.5810060000000021
21
-89.6504999999999939
0
LINE
8
BLACK
6
CONTINUOUS
10
159.5810060000000021
20
-89.6504999999999939
11
159.6480449999999962
21
-89.6701849999999894
0
LINE
8
BLACK
6
CONTINUOUS
10
159.6480449999999962
20
-89.6701849999999894
11
159.6937999999999818
21
-89.7229889999999983
0
LINE
8
BLACK
6
CONTINUOUS
10
159.6937999999999818
20
-89.7229889999999983
11
159.7037440000000004
21
-89.7921469999999999
0
LINE
8
BLACK
6
CONTINUOUS
10
159.7037440000000004
20
-89.7921469999999999
11
159.682580999999999
21
-89.8456209999999942
0
LINE
8
BLACK
6
CONTINUOUS
10
159.682580999999999
20
-89.8456209999999942
11
159.6686629999999809
21
-89.8654999999999973
0
LINE
8
BLACK
6
CONTINUOUS
10
159.6686629999999809
20
-89.8654999999999973
11
159.6232029999999895
21
-89.9304229999999905
0
LINE
8
BLACK
6
CONTINUOUS
10
159.6232029999999895
20
-89.9304229999999905
11
159.5233379999999954
21
-90.1445849999999922
0
LINE
8
BLACK
6
CONTINUOUS
10
159.5233379999999954
20
-90.1445849999999922
11
159.5233340000000055
21
-90.1445939999999979
0
LINE
8
BLACK
6
CONTINUOUS
10
159.5233340000000055
20
-90.1445939999999979
11
159.4621779999999944
21
-90.3728359999999924
0
LINE
8
BLACK
6
CONTINUOUS
10
159.4621779999999944
20
-90.3728359999999924
11
159.4621759999999995
21
-90.3728459999999956
0
LINE
8
BLACK
6
CONTINUOUS
10
159.4621759999999995
20
-90.3728459999999956
11
159.4415809999999851
21
-90.6082490000000007
0
LINE
8
BLACK
6
CONTINUOUS
10
159.4415809999999851
20
-90.6082490000000007
11
159.4415809999999851
21
-90.6082499999999982
0
LINE
8
BLACK
6
CONTINUOUS
10
159.4415809999999851
20
-90.6082499999999982
11
159.4621759999999995
21
-90.8436529999999891
0
LINE
8
BLACK
6
CONTINUOUS
10
159.4621759999999995
20
-90.8436529999999891
11
159.4621779999999944
21
-90.8436629999999923
0
LINE
8
BLACK
6
CONTINUOUS
10
159.4621779999999944
20
-90.8436629999999923
11
159.5233340000000055
21
-91.071905000000001
0
LINE
8
BLACK
6
CONTINUOUS
10
159.5233340000000055
20
-91.071905000000001
11
159.5233360000000005
21
-91.0719089999999909
0
LINE
8
BLACK
6
CONTINUOUS
10
159.5233360000000005
20
-91.0719089999999909
11
159.5233369999999979
21
-91.071912999999995
0
LINE
8
BLACK
6
CONTINUOUS
10
159.5233369999999979
20
-91.071912999999995
11
159.5825779999999838
21
-91.198954999999998
0
LINE
8
BLACK
6
CONTINUOUS
10
159.5825779999999838
20
-91.198954999999998
11
159.6232049999999845
21
-91.2860799999999983
0
LINE
8
BLACK
6
CONTINUOUS
10
159.6232049999999845
20
-91.2860799999999983
11
159.6232069999999794
21
-91.2860840000000024
0
LINE
8
BLACK
6
CONTINUOUS
10
159.6232069999999794
20
-91.2860840000000024
11
159.6873619999999789
21
-91.3777059999999892
0
LINE
8
BLACK
6
CONTINUOUS
10
159.6873619999999789
20
-91.3777059999999892
11
159.7587450000000047
21
-91.4796509999999898
0
LINE
8
BLACK
6
CONTINUOUS
10
159.7587450000000047
20
-91.4796509999999898
11
159.9258389999999963
21
-91.6467449999999957
0
LINE
8
BLACK
6
CONTINUOUS
10
159.9258389999999963
20
-91.6467449999999957
11
160.0226239999999791
21
-91.7145149999999916
0
LINE
8
BLACK
6
CONTINUOUS
10
160.0226239999999791
20
-91.7145149999999916
11
160.1194050000000004
21
-91.782281999999995
0
LINE
8
BLACK
6
CONTINUOUS
10
160.1194050000000004
20
-91.782281999999995
11
160.1194069999999954
21
-91.7822829999999925
0
LINE
8
BLACK
6
CONTINUOUS
10
160.1194069999999954
20
-91.7822829999999925
11
160.1194099999999878
21
-91.7822850000000017
0
LINE
8
BLACK
6
CONTINUOUS
10
160.1194099999999878
20
-91.7822850000000017
11
160.3335769999999911
21
-91.8821530000000024
0
LINE
8
BLACK
6
CONTINUOUS
10
160.3335769999999911
20
-91.8821530000000024
11
160.5618319999999812
21
-91.9433129999999892
0
LINE
8
BLACK
6
CONTINUOUS
10
160.5618319999999812
20
-91.9433129999999892
11
160.7437939999999799
21
-91.9592329999999976
0
LINE
8
BLACK
6
CONTINUOUS
10
160.7437939999999799
20
-91.9592329999999976
11
160.7972389999999905
21
-91.963909000000001
0
LINE
8
BLACK
6
CONTINUOUS
10
160.7972389999999905
20
-91.963909000000001
11
160.797239999999988
21
-91.963909000000001
0
LINE
8
BLACK
6
CONTINUOUS
10
160.797239999999988
20
-91.963909000000001
11
160.7972409999999854
21
-91.963909000000001
0
LINE
8
BLACK
6
CONTINUOUS
10
160.7972409999999854
20
-91.963909000000001
11
160.8364739999999813
21
-91.9604759999999999
0
LINE
8
BLACK
6
CONTINUOUS
10
160.8364739999999813
20
-91.9604759999999999
11
161.0326479999999947
21
-91.9433129999999892
0
LINE
8
BLACK
6
CONTINUOUS
10
161.0326479999999947
20
-91.9433129999999892
11
161.2609029999999848
21
-91.8821530000000024
0
LINE
8
BLACK
6
CONTINUOUS
10
161.2609029999999848
20
-91.8821530000000024
11
161.4750699999999881
21
-91.7822850000000017
0
LINE
8
BLACK
6
CONTINUOUS
10
161.4750699999999881
20
-91.7822850000000017
11
161.6686409999999796
21
-91.6467449999999957
0
LINE
8
BLACK
6
CONTINUOUS
10
161.6686409999999796
20
-91.6467449999999957
11
161.8357349999999997
21
-91.4796509999999898
0
LINE
8
BLACK
6
CONTINUOUS
10
161.8357349999999997
20
-91.4796509999999898
11
161.9656650000000013
21
-91.294091999999992
0
LINE
8
BLACK
6
CONTINUOUS
10
161.9656650000000013
20
-91.294091999999992
11
162.0202419999999961
21
-91.2504670000000004
0
LINE
8
BLACK
6
CONTINUOUS
10
162.0202419999999961
20
-91.2504670000000004
11
162.0897400000000061
21
-91.2432730000000021
0
LINE
8
BLACK
6
CONTINUOUS
10
162.0897400000000061
20
-91.2432730000000021
11
162.1520950000000028
21
-91.2747959999999949
0
LINE
8
BLACK
6
CONTINUOUS
10
162.1520950000000028
20
-91.2747959999999949
11
162.1688149999999951
21
-91.294091999999992
0
LINE
8
BLACK
6
CONTINUOUS
10
162.1688149999999951
20
-91.294091999999992
11
162.2987399999999809
21
-91.4796449999999908
0
LINE
8
BLACK
6
CONTINUOUS
10
162.2987399999999809
20
-91.4796449999999908
11
162.2987449999999967
21
-91.4796509999999898
0
LINE
8
BLACK
6
CONTINUOUS
10
162.2987449999999967
20
-91.4796509999999898
11
162.4658389999999883
21
-91.6467449999999957
0
LINE
8
BLACK
6
CONTINUOUS
10
162.4658389999999883
20
-91.6467449999999957
11
162.5626239999999996
21
-91.7145149999999916
0
LINE
8
BLACK
6
CONTINUOUS
10
162.5626239999999996
20
-91.7145149999999916
11
162.6594049999999925
21
-91.782281999999995
0
LINE
8
BLACK
6
CONTINUOUS
10
162.6594049999999925
20
-91.782281999999995
11
162.6594069999999874
21
-91.7822829999999925
0
LINE
8
BLACK
6
CONTINUOUS
10
162.6594069999999874
20
-91.7822829999999925
11
162.6594099999999798
21
-91.7822850000000017
0
LINE
8
BLACK
6
CONTINUOUS
10
162.6594099999999798
20
-91.7822850000000017
11
162.8735769999999832
21
-91.8821530000000024
0
LINE
8
BLACK
6
CONTINUOUS
10
162.8735769999999832
20
-91.8821530000000024
11
163.1018320000000017
21
-91.9433129999999892
0
LINE
8
BLACK
6
CONTINUOUS
10
163.1018320000000017
20
-91.9433129999999892
11
163.2837940000000003
21
-91.9592329999999976
0
LINE
8
BLACK
6
CONTINUOUS
10
163.2837940000000003
20
-91.9592329999999976
11
163.3372389999999825
21
-91.963909000000001
0
LINE
8
BLACK
6
CONTINUOUS
10
163.3372389999999825
20
-91.963909000000001
11
163.33723999999998
21
-91.963909000000001
0
LINE
8
BLACK
6
CONTINUOUS
10
163.33723999999998
20
-91.963909000000001
11
163.3372410000000059
21
-91.963909000000001
0
LINE
8
BLACK
6
CONTINUOUS
10
163.3372410000000059
20
-91.963909000000001
11
163.3764740000000018
21
-91.9604759999999999
0
LINE
8
BLACK
6
CONTINUOUS
10
163.3764740000000018
20
-91.9604759999999999
11
163.5726479999999867
21
-91.9433129999999892
0
LINE
8
BLACK
6
CONTINUOUS
10
163.5726479999999867
20
-91.9433129999999892
11
163.8009030000000052
21
-91.8821530000000024
0
LINE
8
BLACK
6
CONTINUOUS
10
163.8009030000000052
20
-91.8821530000000024
11
164.0150699999999802
21
-91.7822850000000017
0
LINE
8
BLACK
6
CONTINUOUS
10
164.0150699999999802
20
-91.7822850000000017
11
164.2086410000000001
21
-91.6467449999999957
0
LINE
8
BLACK
6
CONTINUOUS
10
164.2086410000000001
20
-91.6467449999999957
11
164.330568999999997
21
-91.5248160000000013
0
LINE
8
BLACK
6
CONTINUOUS
10
164.330568999999997
20
-91.5248160000000013
11
164.3918879999999945
21
-91.4913339999999948
0
LINE
8
BLACK
6
CONTINUOUS
10
164.3918879999999945
20
-91.4913339999999948
11
164.4615799999999979
21
-91.4963180000000023
0
LINE
8
BLACK
6
CONTINUOUS
10
164.4615799999999979
20
-91.4963180000000023
11
164.5175140000000056
21
-91.5381890000000027
0
LINE
8
BLACK
6
CONTINUOUS
10
164.5175140000000056
20
-91.5381890000000027
11
164.5344289999999887
21
-91.5691669999999931
0
LINE
8
BLACK
6
CONTINUOUS
10
164.5344289999999887
20
-91.5691669999999931
11
164.5834419999999909
21
-91.700577999999993
0
LINE
8
BLACK
6
CONTINUOUS
10
164.5834419999999909
20
-91.700577999999993
11
164.5834459999999808
21
-91.7005849999999896
0
LINE
8
BLACK
6
CONTINUOUS
10
164.5834459999999808
20
-91.7005849999999896
11
164.6696919999999977
21
-91.8157939999999968
0
LINE
8
BLACK
6
CONTINUOUS
10
164.6696919999999977
20
-91.8157939999999968
11
164.6696949999999902
21
-91.8157969999999892
0
LINE
8
BLACK
6
CONTINUOUS
10
164.6696949999999902
20
-91.8157969999999892
11
164.7849039999999832
21
-91.9020429999999919
0
LINE
8
BLACK
6
CONTINUOUS
10
164.7849039999999832
20
-91.9020429999999919
11
164.7849109999999939
21
-91.902046999999996
0
LINE
8
BLACK
6
CONTINUOUS
10
164.7849109999999939
20
-91.902046999999996
11
164.9197570000000042
21
-91.9523409999999899
0
LINE
8
BLACK
6
CONTINUOUS
10
164.9197570000000042
20
-91.9523409999999899
11
164.9197560000000067
21
-91.9523409999999899
0
LINE
8
BLACK
6
CONTINUOUS
10
164.9197560000000067
20
-91.9523409999999899
11
164.9266839999999945
21
-91.9530850000000015
0
LINE
8
BLACK
6
CONTINUOUS
10
164.9266839999999945
20
-91.9530850000000015
11
164.9793669999999963
21
-91.9587499999999949
0
LINE
8
BLACK
6
CONTINUOUS
10
164.9793669999999963
20
-91.9587499999999949
11
166.7751119999999787
21
-91.9587489999999974
0
LINE
8
BLACK
6
CONTINUOUS
10
166.7751119999999787
20
-91.9587489999999974
11
166.8347229999999968
21
-91.9523409999999899
0
LINE
8
BLACK
6
CONTINUOUS
10
166.8347229999999968
20
-91.9523409999999899
11
166.969571000000002
21
-91.9020459999999986
0
LINE
8
BLACK
6
CONTINUOUS
10
166.969571000000002
20
-91.9020459999999986
11
167.0847859999999798
21
-91.8157959999999917
0
LINE
8
BLACK
6
CONTINUOUS
10
167.0847859999999798
20
-91.8157959999999917
11
167.1710359999999866
21
-91.7005809999999997
0
LINE
8
BLACK
6
CONTINUOUS
10
167.1710359999999866
20
-91.7005809999999997
11
167.2213309999999922
21
-91.5657329999999945
0
LINE
8
BLACK
6
CONTINUOUS
10
167.2213309999999922
20
-91.5657329999999945
11
167.227739999999983
21
-91.5061230000000023
0
LINE
8
BLACK
6
CONTINUOUS
10
167.227739999999983
20
-91.5061230000000023
11
167.2277389999999855
21
-89.7103779999999915
0
LINE
8
BLACK
6
CONTINUOUS
10
167.2277389999999855
20
-89.7103779999999915
11
167.2213309999999922
21
-89.6507670000000019
0
LINE
8
BLACK
6
CONTINUOUS
10
167.2213309999999922
20
-89.6507670000000019
11
167.2212309999999889
21
-89.6504999999999939
0
LINE
8
BLACK
6
CONTINUOUS
10
167.2212309999999889
20
-89.6504999999999939
11
167.1710369999999841
21
-89.5159209999999916
0
LINE
8
BLACK
6
CONTINUOUS
10
167.1710369999999841
20
-89.5159209999999916
11
167.1710329999999942
21
-89.5159139999999951
0
LINE
8
BLACK
6
CONTINUOUS
10
167.1710329999999942
20
-89.5159139999999951
11
167.0847870000000057
21
-89.4007050000000021
0
LINE
8
BLACK
6
CONTINUOUS
10
167.0847870000000057
20
-89.4007050000000021
11
167.0847839999999849
21
-89.4007019999999955
0
LINE
8
BLACK
6
CONTINUOUS
10
167.0847839999999849
20
-89.4007019999999955
11
166.9695749999999919
21
-89.3144559999999927
0
LINE
8
BLACK
6
CONTINUOUS
10
166.9695749999999919
20
-89.3144559999999927
11
166.9695679999999811
21
-89.3144520000000028
0
LINE
8
BLACK
6
CONTINUOUS
10
166.9695679999999811
20
-89.3144520000000028
11
166.8347219999999993
21
-89.2641579999999948
0
LINE
8
BLACK
6
CONTINUOUS
10
166.8347219999999993
20
-89.2641579999999948
11
166.8347229999999968
21
-89.2641579999999948
0
LINE
8
BLACK
6
CONTINUOUS
10
166.8347229999999968
20
-89.2641579999999948
11
166.7751229999999794
21
-89.257750999999999
0
LINE
8
BLACK
6
CONTINUOUS
10
166.7751229999999794
20
-89.257750999999999
11
166.7751209999999844
21
-89.2577500000000015
0
LINE
8
BLACK
6
CONTINUOUS
10
166.7751209999999844
20
-89.2577500000000015
11
166.7751130000000046
21
-89.2577500000000015
0
LINE
8
BLACK
6
CONTINUOUS
10
166.7751130000000046
20
-89.2577500000000015
11
166.7751049999999964
21
-89.2577500000000015
0
LINE
8
BLACK
6
CONTINUOUS
10
166.7751049999999964
20
-89.2577500000000015
11
165.6394699999999887
21
-89.2577500000000015
0
LINE
8
BLACK
6
CONTINUOUS
10
165.6394699999999887
20
-89.2577500000000015
11
165.5724309999999946
21
-89.2380649999999918
0
LINE
8
BLACK
6
CONTINUOUS
10
165.5724309999999946
20
-89.2380649999999918
11
165.5517889999999852
21
-89.2214309999999955
0
LINE
8
BLACK
6
CONTINUOUS
10
165.5517889999999852
20
-89.2214309999999955
11
163.8854110000000048
21
-87.5550519999999892
0
LINE
8
BLACK
6
CONTINUOUS
10
163.8854110000000048
20
-87.5550519999999892
11
163.8854039999999941
21
-87.5550459999999902
0
LINE
8
BLACK
6
CONTINUOUS
10
163.8854039999999941
20
-87.5550459999999902
11
163.8117189999999823
21
-87.5058119999999917
0
LINE
8
BLACK
6
CONTINUOUS
10
163.8117189999999823
20
-87.5058119999999917
11
163.8117189999999823
21
-87.5058129999999892
0
LINE
8
BLACK
6
CONTINUOUS
10
163.8117189999999823
20
-87.5058129999999892
11
163.7624809999999798
21
-87.4729129999999913
0
LINE
8
BLACK
6
CONTINUOUS
10
163.7624809999999798
20
-87.4729129999999913
11
163.6259069999999838
21
-87.4163429999999977
0
LINE
8
BLACK
6
CONTINUOUS
10
163.6259069999999838
20
-87.4163429999999977
11
163.6258969999999806
21
-87.4163399999999911
0
LINE
8
BLACK
6
CONTINUOUS
10
163.6258969999999806
20
-87.4163399999999911
11
163.4809099999999944
21
-87.3875000000000028
0
LINE
8
BLACK
6
CONTINUOUS
10
163.4809099999999944
20
-87.3875000000000028
11
163.4809079999999994
21
-87.3875000000000028
0
LINE
8
BLACK
6
CONTINUOUS
10
163.4809079999999994
20
-87.3875000000000028
11
157.9140819999999792
21
-87.3875000000000028
0
LINE
8
BLACK
6
CONTINUOUS
10
157.9140819999999792
20
-87.3875000000000028
11
157.9140759999999943
21
-87.3875000000000028
0
LINE
8
BLACK
6
CONTINUOUS
10
157.9140759999999943
20
-87.3875000000000028
11
157.8852420000000052
21
-87.3932339999999925
0
LINE
8
BLACK
6
CONTINUOUS
10
157.8852420000000052
20
-87.3932339999999925
11
157.8852430000000027
21
-87.39323499999999
0
LINE
8
BLACK
6
CONTINUOUS
10
157.8852430000000027
20
-87.39323499999999
11
157.769092999999998
21
-87.4163389999999936
0
LINE
8
BLACK
6
CONTINUOUS
10
157.769092999999998
20
-87.4163389999999936
11
157.7690829999999949
21
-87.4163420000000002
0
LINE
8
BLACK
6
CONTINUOUS
10
157.7690829999999949
20
-87.4163420000000002
11
157.6890809999999874
21
-87.4494789999999966
0
LINE
8
BLACK
6
CONTINUOUS
10
157.6890809999999874
20
-87.4494789999999966
11
157.6890819999999849
21
-87.4494799999999941
0
LINE
8
BLACK
6
CONTINUOUS
10
157.6890819999999849
20
-87.4494799999999941
11
157.6325019999999881
21
-87.4729169999999954
0
LINE
8
BLACK
6
CONTINUOUS
10
157.6325019999999881
20
-87.4729169999999954
11
157.5832690000000014
21
-87.5058129999999892
0
LINE
8
BLACK
6
CONTINUOUS
10
157.5832690000000014
20
-87.5058129999999892
11
157.5095879999999795
21
-87.5550439999999952
0
LINE
8
BLACK
6
CONTINUOUS
10
157.5095879999999795
20
-87.5550439999999952
11
157.5095799999999997
21
-87.5550499999999943
0
LINE
8
BLACK
6
CONTINUOUS
10
157.5095799999999997
20
-87.5550499999999943
11
156.6681810000000041
21
-88.3964500000000015
0
LINE
8
BLACK
6
CONTINUOUS
10
156.6681810000000041
20
-88.3964500000000015
11
156.6068579999999884
21
-88.4299350000000004
0
LINE
8
BLACK
6
CONTINUOUS
10
156.6068579999999884
20
-88.4299350000000004
11
156.5371659999999849
21
-88.424950999999993
0
LINE
8
BLACK
6
CONTINUOUS
10
156.5371659999999849
20
-88.424950999999993
11
156.4812330000000031
21
-88.3830789999999951
0
LINE
8
BLACK
6
CONTINUOUS
10
156.4812330000000031
20
-88.3830789999999951
11
156.4568160000000034
21
-88.3176149999999893
0
LINE
8
BLACK
6
CONTINUOUS
10
156.4568160000000034
20
-88.3176149999999893
11
156.4565000000000055
21
-88.3087689999999981
0
LINE
8
BLACK
6
CONTINUOUS
10
156.4565000000000055
20
-88.3087689999999981
11
156.4565000000000055
21
-77.4641629999999992
0
LINE
8
BLACK
6
CONTINUOUS
10
156.4565000000000055
20
-77.4641629999999992
11
156.4761849999999868
21
-77.3971239999999909
0
LINE
8
BLACK
6
CONTINUOUS
10
156.4761849999999868
20
-77.3971239999999909
11
156.4903239999999869
21
-77.3790499999999923
0
LINE
8
BLACK
6
CONTINUOUS
10
156.4903239999999869
20
-77.3790499999999923
11
156.5287309999999934
21
-77.3383579999999995
0
LINE
8
BLACK
6
CONTINUOUS
10
156.5287309999999934
20
-77.3383579999999995
11
156.9170589999999947
21
-76.8700120000000027
0
LINE
8
BLACK
6
CONTINUOUS
10
156.9170589999999947
20
-76.8700120000000027
11
157.2744509999999991
21
-76.3776539999999926
0
LINE
8
BLACK
6
CONTINUOUS
10
157.2744509999999991
20
-76.3776539999999926
11
157.599427999999989
21
-75.8633229999999941
0
LINE
8
BLACK
6
CONTINUOUS
10
157.599427999999989
20
-75.8633229999999941
11
157.890642999999983
21
-75.329150999999996
0
LINE
8
BLACK
6
CONTINUOUS
10
157.890642999999983
20
-75.329150999999996
11
158.1468889999999874
21
-74.7773509999999959
0
LINE
8
BLACK
6
CONTINUOUS
10
158.1468889999999874
20
-74.7773509999999959
11
158.3671060000000068
21
-74.2102079999999944
0
LINE
8
BLACK
6
CONTINUOUS
10
158.3671060000000068
20
-74.2102079999999944
11
158.5503789999999924
21
-73.6300729999999959
0
LINE
8
BLACK
6
CONTINUOUS
10
158.5503789999999924
20
-73.6300729999999959
11
158.5704649999999845
21
-73.5485680000000031
0
LINE
8
BLACK
6
CONTINUOUS
10
158.5704649999999845
20
-73.5485680000000031
11
158.6959469999999897
21
-73.039363999999992
0
LINE
8
BLACK
6
CONTINUOUS
10
158.6959469999999897
20
-73.039363999999992
11
158.6959509999999796
21
-73.0393469999999922
0
LINE
8
BLACK
6
CONTINUOUS
10
158.6959509999999796
20
-73.0393469999999922
11
158.8032169999999894
21
-72.4404839999999979
0
LINE
8
BLACK
6
CONTINUOUS
10
158.8032169999999894
20
-72.4404839999999979
11
158.8717340000000036
21
-71.8359579999999909
0
LINE
8
BLACK
6
CONTINUOUS
10
158.8717340000000036
20
-71.8359579999999909
11
158.8995089999999948
21
-71.2635119999999915
0
LINE
8
BLACK
6
CONTINUOUS
10
158.8995089999999948
20
-71.2635119999999915
11
158.9012170000000026
21
-71.2283010000000019
0
LINE
8
BLACK
6
CONTINUOUS
10
158.9012170000000026
20
-71.2283010000000019
11
158.9012170000000026
21
-71.2282969999999978
0
LINE
8
BLACK
6
CONTINUOUS
10
158.9012170000000026
20
-71.2282969999999978
11
158.9012180000000001
21
-71.2282769999999914
0
LINE
8
BLACK
6
CONTINUOUS
10
158.9012180000000001
20
-71.2282769999999914
11
158.8915460000000053
21
-70.6199569999999994
0
LINE
8
BLACK
6
CONTINUOUS
10
158.8915460000000053
20
-70.6199569999999994
11
158.8427590000000009
21
-70.0135209999999972
0
LINE
8
BLACK
6
CONTINUOUS
10
158.8427590000000009
20
-70.0135209999999972
11
158.7550579999999911
21
-69.4114789999999999
0
LINE
8
BLACK
6
CONTINUOUS
10
158.7550579999999911
20
-69.4114789999999999
11
158.6288069999999948
21
-68.8163260000000037
0
LINE
8
BLACK
6
CONTINUOUS
10
158.6288069999999948
20
-68.8163260000000037
11
158.4645299999999963
21
-68.2305279999999925
0
LINE
8
BLACK
6
CONTINUOUS
10
158.4645299999999963
20
-68.2305279999999925
11
158.2629059999999868
21
-67.6565130000000039
0
LINE
8
BLACK
6
CONTINUOUS
10
158.2629059999999868
20
-67.6565130000000039
11
158.0247719999999845
21
-67.0966579999999908
0
LINE
8
BLACK
6
CONTINUOUS
10
158.0247719999999845
20
-67.0966579999999908
11
157.7511130000000037
21
-66.5532819999999958
0
LINE
8
BLACK
6
CONTINUOUS
10
157.7511130000000037
20
-66.5532819999999958
11
157.7511089999999854
21
-66.5532759999999968
0
LINE
8
BLACK
6
CONTINUOUS
10
157.7511089999999854
20
-66.5532759999999968
11
157.7511059999999929
21
-66.5532690000000002
0
LINE
8
BLACK
6
CONTINUOUS
10
157.7511059999999929
20
-66.5532690000000002
11
157.5361209999999801
21
-66.1871259999999921
0
LINE
8
BLACK
6
CONTINUOUS
10
157.5361209999999801
20
-66.1871259999999921
11
157.4430629999999951
21
-66.0286380000000008
0
LINE
8
BLACK
6
CONTINUOUS
10
157.4430629999999951
20
-66.0286380000000008
11
157.4430559999999844
21
-66.0286279999999977
0
LINE
8
BLACK
6
CONTINUOUS
10
157.4430559999999844
20
-66.0286279999999977
11
157.4430419999999913
21
-66.0286049999999989
0
LINE
8
BLACK
6
CONTINUOUS
10
157.4430419999999913
20
-66.0286049999999989
11
157.1019079999999803
21
-65.524911000000003
0
LINE
8
BLACK
6
CONTINUOUS
10
157.1019079999999803
20
-65.524911000000003
11
157.1019000000000005
21
-65.5248989999999907
0
LINE
8
BLACK
6
CONTINUOUS
10
157.1019000000000005
20
-65.5248989999999907
11
157.1018929999999898
21
-65.5248909999999967
0
LINE
8
BLACK
6
CONTINUOUS
10
157.1018929999999898
20
-65.5248909999999967
11
157.101885999999979
21
-65.524879999999996
0
LINE
8
BLACK
6
CONTINUOUS
10
157.101885999999979
20
-65.524879999999996
11
156.72904699999998
21
-65.0441649999999925
0
LINE
8
BLACK
6
CONTINUOUS
10
156.72904699999998
20
-65.0441649999999925
11
156.7290449999999851
21
-65.044162
0
LINE
8
BLACK
6
CONTINUOUS
10
156.7290449999999851
20
-65.044162
11
156.7290359999999794
21
-65.0441509999999994
0
LINE
8
BLACK
6
CONTINUOUS
10
156.7290359999999794
20
-65.0441509999999994
11
156.4572489999999902
21
-64.7367950000000008
0
LINE
8
BLACK
6
CONTINUOUS
10
156.4572489999999902
20
-64.7367950000000008
11
156.3260359999999878
21
-64.5884099999999961
0
LINE
8
BLACK
6
CONTINUOUS
10
156.3260359999999878
20
-64.5884099999999961
11
156.3259999999999934
21
-64.5883709999999951
0
LINE
8
BLACK
6
CONTINUOUS
10
156.3259999999999934
20
-64.5883709999999951
11
156.0831029999999942
21
-64.3469470000000001
0
LINE
8
BLACK
6
CONTINUOUS
10
156.0831029999999942
20
-64.3469470000000001
11
156.0494309999999984
21
-64.2857259999999968
0
LINE
8
BLACK
6
CONTINUOUS
10
156.0494309999999984
20
-64.2857259999999968
11
156.0542039999999986
21
-64.2160200000000003
0
LINE
8
BLACK
6
CONTINUOUS
10
156.0542039999999986
20
-64.2160200000000003
11
156.0959049999999877
21
-64.1599590000000006
0
LINE
8
BLACK
6
CONTINUOUS
10
156.0959049999999877
20
-64.1599590000000006
11
156.1612949999999955
21
-64.1353429999999918
0
LINE
8
BLACK
6
CONTINUOUS
10
156.1612949999999955
20
-64.1353429999999918
11
156.1705169999999896
21
-64.1349999999999909
0
LINE
8
BLACK
6
CONTINUOUS
10
156.1705169999999896
20
-64.1349999999999909
11
162.6164420000000064
21
-64.1349999999999909
0
LINE
8
BLACK
6
CONTINUOUS
10
162.6164420000000064
20
-64.1349999999999909
11
162.6604219999999827
21
-64.1125909999999948
0
LINE
8
BLACK
6
CONTINUOUS
10
162.6604219999999827
20
-64.1125909999999948
11
163.0024410000000046
21
-63.9813019999999995
0
LINE
8
BLACK
6
CONTINUOUS
10
163.0024410000000046
20
-63.9813019999999995
11
163.3563089999999818
21
-63.8864829999999984
0
LINE
8
BLACK
6
CONTINUOUS
10
163.3563089999999818
20
-63.8864829999999984
11
163.7181499999999801
21
-63.8291729999999973
0
LINE
8
BLACK
6
CONTINUOUS
10
163.7181499999999801
20
-63.8291729999999973
11
164.0840000000000032
21
-63.8099999999999952
0
LINE
8
BLACK
6
CONTINUOUS
10
164.0840000000000032
20
-63.8099999999999952
11
164.4498499999999979
21
-63.8291729999999973
0
LINE
8
BLACK
6
CONTINUOUS
10
154.0137100000000032
20
-93.7260009999999966
11
154.0334799999999973
21
-94.0024169999999941
0
LINE
8
BLACK
6
CONTINUOUS
10
154.0334799999999973
20
-94.0024169999999941
11
154.0334809999999948
21
-94.0024239999999907
0
LINE
8
BLACK
6
CONTINUOUS
10
154.0334809999999948
20
-94.0024239999999907
11
154.0825800000000072
21
-94.2281289999999956
0
LINE
8
BLACK
6
CONTINUOUS
10
154.0825800000000072
20
-94.2281289999999956
11
154.0923860000000047
21
-94.2732060000000018
0
LINE
8
BLACK
6
CONTINUOUS
10
154.0923860000000047
20
-94.2732060000000018
11
154.1892310000000066
21
-94.5328559999999953
0
LINE
8
BLACK
6
CONTINUOUS
10
154.1892310000000066
20
-94.5328559999999953
11
154.1892330000000015
21
-94.5328609999999969
0
LINE
8
BLACK
6
CONTINUOUS
10
154.1892330000000015
20
-94.5328609999999969
11
154.3220379999999921
21
-94.7760749999999916
0
LINE
8
BLACK
6
CONTINUOUS
10
154.3220379999999921
20
-94.7760749999999916
11
154.3220429999999794
21
-94.7760829999999999
0
LINE
8
BLACK
6
CONTINUOUS
10
154.3220429999999794
20
-94.7760829999999999
11
154.4881079999999827
21
-94.997920999999991
0
LINE
8
BLACK
6
CONTINUOUS
10
154.4881079999999827
20
-94.997920999999991
11
154.4881239999999991
21
-94.9979390000000024
0
LINE
8
BLACK
6
CONTINUOUS
10
154.4881239999999991
20
-94.9979390000000024
11
154.6840599999999881
21
-95.1938749999999914
0
LINE
8
BLACK
6
CONTINUOUS
10
154.6840599999999881
20
-95.1938749999999914
11
154.6840779999999995
21
-95.1938909999999936
0
LINE
8
BLACK
6
CONTINUOUS
10
154.6840779999999995
20
-95.1938909999999936
11
154.9059159999999906
21
-95.3599559999999968
0
LINE
8
BLACK
6
CONTINUOUS
10
154.9059159999999906
20
-95.3599559999999968
11
154.9059239999999988
21
-95.3599609999999984
0
LINE
8
BLACK
6
CONTINUOUS
10
154.9059239999999988
20
-95.3599609999999984
11
155.1491379999999936
21
-95.4927659999999889
0
LINE
8
BLACK
6
CONTINUOUS
10
155.1491379999999936
20
-95.4927659999999889
11
155.1491369999999961
21
-95.4927659999999889
0
LINE
8
BLACK
6
CONTINUOUS
10
155.1491369999999961
20
-95.4927659999999889
11
155.149140999999986
21
-95.4927670000000006
0
LINE
8
BLACK
6
CONTINUOUS
10
155.149140999999986
20
-95.4927670000000006
11
155.1491440000000068
21
-95.4927689999999956
0
LINE
8
BLACK
6
CONTINUOUS
10
155.1491440000000068
20
-95.4927689999999956
11
155.4087940000000003
21
-95.5896139999999974
0
LINE
8
BLACK
6
CONTINUOUS
10
155.4087940000000003
20
-95.5896139999999974
11
155.6795829999999796
21
-95.6485199999999907
0
LINE
8
BLACK
6
CONTINUOUS
10
155.6795829999999796
20
-95.6485199999999907
11
155.9362289999999973
21
-95.6668749999999903
0
LINE
8
BLACK
6
CONTINUOUS
10
155.9362289999999973
20
-95.6668749999999903
11
155.9559989999999914
21
-95.6682899999999989
0
LINE
8
BLACK
6
CONTINUOUS
10
155.9559989999999914
20
-95.6682899999999989
11
155.9559999999999889
21
-95.6682899999999989
0
LINE
8
BLACK
6
CONTINUOUS
10
155.9559999999999889
20
-95.6682899999999989
11
155.9560009999999863
21
-95.6682899999999989
0
LINE
8
BLACK
6
CONTINUOUS
10
155.9560009999999863
20
-95.6682899999999989
11
155.9744509999999877
21
-95.6669699999999921
0
LINE
8
BLACK
6
CONTINUOUS
10
155.9744509999999877
20
-95.6669699999999921
11
156.2324169999999981
21
-95.6485199999999907
0
LINE
8
BLACK
6
CONTINUOUS
10
156.2324169999999981
20
-95.6485199999999907
11
156.5032060000000058
21
-95.5896139999999974
0
LINE
8
BLACK
6
CONTINUOUS
10
156.5032060000000058
20
-95.5896139999999974
11
156.7628559999999993
21
-95.4927689999999956
0
LINE
8
BLACK
6
CONTINUOUS
10
156.7628559999999993
20
-95.4927689999999956
11
157.0060809999999947
21
-95.3599579999999918
0
LINE
8
BLACK
6
CONTINUOUS
10
157.0060809999999947
20
-95.3599579999999918
11
157.2279289999999889
21
-95.1938849999999945
0
LINE
8
BLACK
6
CONTINUOUS
10
157.2279289999999889
20
-95.1938849999999945
11
157.4238849999999843
21
-94.9979289999999992
0
LINE
8
BLACK
6
CONTINUOUS
10
157.4238849999999843
20
-94.9979289999999992
11
157.5899579999999958
21
-94.7760809999999907
0
LINE
8
BLACK
6
CONTINUOUS
10
157.5899579999999958
20
-94.7760809999999907
11
157.7227689999999996
21
-94.5328559999999953
0
LINE
8
BLACK
6
CONTINUOUS
10
157.7227689999999996
20
-94.5328559999999953
11
157.8196140000000014
21
-94.2732060000000018
0
LINE
8
BLACK
6
CONTINUOUS
10
157.8196140000000014
20
-94.2732060000000018
11
157.8785199999999804
21
-94.0024169999999941
0
LINE
8
BLACK
6
CONTINUOUS
10
157.8785199999999804
20
-94.0024169999999941
11
157.8982900000000029
21
-93.7259999999999991
0
LINE
8
BLACK
6
CONTINUOUS
10
157.8982900000000029
20
-93.7259999999999991
11
157.8785199999999804
21
-93.4495829999999899
0
LINE
8
BLACK
6
CONTINUOUS
10
157.8785199999999804
20
-93.4495829999999899
11
157.8196140000000014
21
-93.1787939999999963
0
LINE
8
BLACK
6
CONTINUOUS
10
157.8196140000000014
20
-93.1787939999999963
11
157.7227689999999996
21
-92.9191440000000028
0
LINE
8
BLACK
6
CONTINUOUS
10
157.7227689999999996
20
-92.9191440000000028
11
157.6548650000000009
21
-92.7947879999999969
0
LINE
8
BLACK
6
CONTINUOUS
10
157.6548650000000009
20
-92.7947879999999969
11
157.5899609999999882
21
-92.6759239999999949
0
LINE
8
BLACK
6
CONTINUOUS
10
157.5899609999999882
20
-92.6759239999999949
11
157.5899560000000008
21
-92.6759160000000008
0
LINE
8
BLACK
6
CONTINUOUS
10
157.5899560000000008
20
-92.6759160000000008
11
157.4238909999999976
21
-92.4540779999999955
0
LINE
8
BLACK
6
CONTINUOUS
10
157.4238909999999976
20
-92.4540779999999955
11
157.4238749999999811
21
-92.4540599999999984
0
LINE
8
BLACK
6
CONTINUOUS
10
157.4238749999999811
20
-92.4540599999999984
11
157.2279389999999921
21
-92.2581239999999951
0
LINE
8
BLACK
6
CONTINUOUS
10
157.2279389999999921
20
-92.2581239999999951
11
157.2279209999999807
21
-92.2581079999999929
0
LINE
8
BLACK
6
CONTINUOUS
10
157.2279209999999807
20
-92.2581079999999929
11
157.0060829999999896
21
-92.0920429999999897
0
LINE
8
BLACK
6
CONTINUOUS
10
157.0060829999999896
20
-92.0920429999999897
11
157.0060749999999814
21
-92.0920380000000023
0
LINE
8
BLACK
6
CONTINUOUS
10
157.0060749999999814
20
-92.0920380000000023
11
156.7628609999999867
21
-91.9592329999999976
0
LINE
8
BLACK
6
CONTINUOUS
10
156.7628609999999867
20
-91.9592329999999976
11
156.7628619999999842
21
-91.9592329999999976
0
LINE
8
BLACK
6
CONTINUOUS
10
156.7628619999999842
20
-91.9592329999999976
11
156.7123009999999965
21
-91.9403739999999914
0
LINE
8
BLACK
6
CONTINUOUS
10
156.7123009999999965
20
-91.9403739999999914
11
156.5032060000000058
21
-91.8623860000000008
0
LINE
8
BLACK
6
CONTINUOUS
10
156.5032060000000058
20
-91.8623860000000008
11
156.5031989999999951
21
-91.8623839999999916
0
LINE
8
BLACK
6
CONTINUOUS
10
156.5031989999999951
20
-91.8623839999999916
11
156.5031979999999976
21
-91.8623839999999916
0
LINE
8
BLACK
6
CONTINUOUS
10
156.5031979999999976
20
-91.8623839999999916
11
156.2324239999999804
21
-91.8034809999999908
0
LINE
8
BLACK
6
CONTINUOUS
10
156.2324239999999804
20
-91.8034809999999908
11
156.2324169999999981
21
-91.8034799999999933
0
LINE
8
BLACK
6
CONTINUOUS
10
156.2324169999999981
20
-91.8034799999999933
11
155.9560009999999863
21
-91.7837099999999992
0
LINE
8
BLACK
6
CONTINUOUS
10
155.9560009999999863
20
-91.7837099999999992
11
155.9559989999999914
21
-91.7837099999999992
0
LINE
8
BLACK
6
CONTINUOUS
10
155.9559989999999914
20
-91.7837099999999992
11
155.6795819999999821
21
-91.8034799999999933
0
LINE
8
BLACK
6
CONTINUOUS
10
155.6795819999999821
20
-91.8034799999999933
11
155.6795749999999998
21
-91.8034809999999908
0
LINE
8
BLACK
6
CONTINUOUS
10
155.6795749999999998
20
-91.8034809999999908
11
155.4088009999999827
21
-91.8623839999999916
0
LINE
8
BLACK
6
CONTINUOUS
10
155.4088009999999827
20
-91.8623839999999916
11
155.4087969999999927
21
-91.8623849999999891
0
LINE
8
BLACK
6
CONTINUOUS
10
155.4087969999999927
20
-91.8623849999999891
11
155.4087940000000003
21
-91.8623860000000008
0
LINE
8
BLACK
6
CONTINUOUS
10
155.4087940000000003
20
-91.8623860000000008
11
155.2219159999999931
21
-91.9320869999999957
0
LINE
8
BLACK
6
CONTINUOUS
10
155.2219159999999931
20
-91.9320869999999957
11
155.1491379999999936
21
-91.9592329999999976
0
LINE
8
BLACK
6
CONTINUOUS
10
155.1491379999999936
20
-91.9592329999999976
11
154.9059239999999988
21
-92.0920380000000023
0
LINE
8
BLACK
6
CONTINUOUS
10
154.9059239999999988
20
-92.0920380000000023
11
154.9059159999999906
21
-92.0920429999999897
0
LINE
8
BLACK
6
CONTINUOUS
10
154.9059159999999906
20
-92.0920429999999897
11
154.6840779999999995
21
-92.2581079999999929
0
LINE
8
BLACK
6
CONTINUOUS
10
154.6840779999999995
20
-92.2581079999999929
11
154.6840599999999881
21
-92.2581239999999951
0
LINE
8
BLACK
6
CONTINUOUS
10
154.6840599999999881
20
-92.2581239999999951
11
154.4881239999999991
21
-92.4540599999999984
0
LINE
8
BLACK
6
CONTINUOUS
10
154.4881239999999991
20
-92.4540599999999984
11
154.4881079999999827
21
-92.4540779999999955
0
LINE
8
BLACK
6
CONTINUOUS
10
154.4881079999999827
20
-92.4540779999999955
11
154.3220429999999794
21
-92.6759160000000008
0
LINE
8
BLACK
6
CONTINUOUS
10
154.3220429999999794
20
-92.6759160000000008
11
154.3220379999999921
21
-92.6759239999999949
0
LINE
8
BLACK
6
CONTINUOUS
10
154.3220379999999921
20
-92.6759239999999949
11
154.1892330000000015
21
-92.9191379999999896
0
LINE
8
BLACK
6
CONTINUOUS
10
154.1892330000000015
20
-92.9191379999999896
11
154.1892310000000066
21
-92.9191440000000028
0
LINE
8
BLACK
6
CONTINUOUS
10
154.1892310000000066
20
-92.9191440000000028
11
154.0923860000000047
21
-93.1787939999999963
0
LINE
8
BLACK
6
CONTINUOUS
10
154.0923860000000047
20
-93.1787939999999963
11
154.0923849999999788
21
-93.1787969999999888
0
LINE
8
BLACK
6
CONTINUOUS
10
154.0923849999999788
20
-93.1787969999999888
11
154.0923839999999814
21
-93.1788009999999929
0
LINE
8
BLACK
6
CONTINUOUS
10
154.0923839999999814
20
-93.1788009999999929
11
154.0334809999999948
21
-93.4495749999999958
0
LINE
8
BLACK
6
CONTINUOUS
10
154.0334809999999948
20
-93.4495749999999958
11
154.0334799999999973
21
-93.4495819999999924
0
LINE
8
BLACK
6
CONTINUOUS
10
154.0334799999999973
20
-93.4495819999999924
11
154.0137100000000032
21
-93.7259979999999899
0
LINE
8
BLACK
6
CONTINUOUS
10
154.0137100000000032
20
-93.7259979999999899
11
154.0137100000000032
21
-93.7260009999999966
0
LINE
8
BLACK
6
CONTINUOUS
10
152.9996710000000064
20
-81.0770299999999935
11
153.0807769999999834
21
-81.1312229999999914
0
LINE
8
BLACK
6
CONTINUOUS
10
153.0807769999999834
20
-81.1312229999999914
11
153.1349699999999814
21
-81.2123289999999969
0
LINE
8
BLACK
6
CONTINUOUS
10
153.1349699999999814
20
-81.2123289999999969
11
153.1539999999999964
21
-81.3079999999999927
0
LINE
8
BLACK
6
CONTINUOUS
10
153.1539999999999964
20
-81.3079999999999927
11
153.1539999999999964
21
-84.8079999999999927
0
LINE
8
BLACK
6
CONTINUOUS
10
153.1539999999999964
20
-84.8079999999999927
11
153.1349699999999814
21
-84.9036710000000028
0
LINE
8
BLACK
6
CONTINUOUS
10
153.1349699999999814
20
-84.9036710000000028
11
153.0807769999999834
21
-84.984776999999994
0
LINE
8
BLACK
6
CONTINUOUS
10
153.0807769999999834
20
-84.984776999999994
11
152.9996710000000064
21
-85.038969999999992
0
LINE
8
BLACK
6
CONTINUOUS
10
152.9996710000000064
20
-85.038969999999992
11
152.9039999999999964
21
-85.0579999999999927
0
LINE
8
BLACK
6
CONTINUOUS
10
152.9039999999999964
20
-85.0579999999999927
11
152.9039999999999964
21
-88.5424459999999982
0
LINE
8
BLACK
6
CONTINUOUS
10
152.9039999999999964
20
-88.5424459999999982
11
154.0275539999999808
21
-89.6659999999999968
0
LINE
8
BLACK
6
CONTINUOUS
10
154.0275539999999808
20
-89.6659999999999968
11
156.1064460000000054
21
-89.6659999999999968
0
LINE
8
BLACK
6
CONTINUOUS
10
156.1064460000000054
20
-89.6659999999999968
11
157.8112239999999815
21
-87.9612229999999897
0
LINE
8
BLACK
6
CONTINUOUS
10
157.8112239999999815
20
-87.9612229999999897
11
157.8491080000000011
21
-87.9301320000000004
0
LINE
8
BLACK
6
CONTINUOUS
10
157.8491080000000011
20
-87.9301320000000004
11
157.9392279999999857
21
-87.8928030000000007
0
LINE
8
BLACK
6
CONTINUOUS
10
157.9392279999999857
20
-87.8928030000000007
11
157.9392369999999914
21
-87.8928030000000007
0
LINE
8
BLACK
6
CONTINUOUS
10
157.9392369999999914
20
-87.8928030000000007
11
157.9879999999999995
21
-87.887999999999991
0
LINE
8
BLACK
6
CONTINUOUS
10
157.9879999999999995
20
-87.887999999999991
11
163.4069899999999791
21
-87.887999999999991
0
LINE
8
BLACK
6
CONTINUOUS
10
163.4069899999999791
20
-87.887999999999991
11
163.4557629999999904
21
-87.8928039999999982
0
LINE
8
BLACK
6
CONTINUOUS
10
163.4557629999999904
20
-87.8928039999999982
11
163.5458830000000034
21
-87.9301329999999979
0
LINE
8
BLACK
6
CONTINUOUS
10
163.5458830000000034
20
-87.9301329999999979
11
163.5458869999999933
21
-87.930137000000002
0
LINE
8
BLACK
6
CONTINUOUS
10
163.5458869999999933
20
-87.930137000000002
11
163.5837669999999946
21
-87.9612229999999897
0
LINE
8
BLACK
6
CONTINUOUS
10
163.5837669999999946
20
-87.9612229999999897
11
165.3807939999999803
21
-89.7582499999999897
0
LINE
8
BLACK
6
CONTINUOUS
10
165.3807939999999803
20
-89.7582499999999897
11
166.7272399999999948
21
-89.7582499999999897
0
LINE
8
BLACK
6
CONTINUOUS
10
166.7272399999999948
20
-89.7582499999999897
11
166.7272399999999948
21
-91.4582499999999925
0
LINE
8
BLACK
6
CONTINUOUS
10
166.7272399999999948
20
-91.4582499999999925
11
165.0272400000000061
21
-91.4582499999999925
0
LINE
8
BLACK
6
CONTINUOUS
10
165.0272400000000061
20
-91.4582499999999925
11
165.0272400000000061
21
-90.1118039999999922
0
LINE
8
BLACK
6
CONTINUOUS
10
165.0272400000000061
20
-90.1118039999999922
11
163.3034360000000049
21
-88.387999999999991
0
LINE
8
BLACK
6
CONTINUOUS
10
163.3034360000000049
20
-88.387999999999991
11
158.0915530000000047
21
-88.387999999999991
0
LINE
8
BLACK
6
CONTINUOUS
10
158.0915530000000047
20
-88.387999999999991
11
156.386776999999995
21
-90.0927769999999981
0
LINE
8
BLACK
6
CONTINUOUS
10
156.386776999999995
20
-90.0927769999999981
11
156.3488969999999938
21
-90.1238620000000026
0
LINE
8
BLACK
6
CONTINUOUS
10
156.3488969999999938
20
-90.1238620000000026
11
156.3488930000000039
21
-90.12386699999999
0
LINE
8
BLACK
6
CONTINUOUS
10
156.3488930000000039
20
-90.12386699999999
11
156.2587729999999908
21
-90.1611959999999897
0
LINE
8
BLACK
6
CONTINUOUS
10
156.2587729999999908
20
-90.1611959999999897
11
156.2099999999999795
21
-90.1659999999999968
0
LINE
8
BLACK
6
CONTINUOUS
10
156.2099999999999795
20
-90.1659999999999968
11
153.9240000000000066
21
-90.1659999999999968
0
LINE
8
BLACK
6
CONTINUOUS
10
153.9240000000000066
20
-90.1659999999999968
11
153.8752269999999953
21
-90.1611959999999897
0
LINE
8
BLACK
6
CONTINUOUS
10
153.8752269999999953
20
-90.1611959999999897
11
153.7851069999999822
21
-90.12386699999999
0
LINE
8
BLACK
6
CONTINUOUS
10
153.7851069999999822
20
-90.12386699999999
11
153.7851019999999949
21
-90.1238620000000026
0
LINE
8
BLACK
6
CONTINUOUS
10
153.7851019999999949
20
-90.1238620000000026
11
153.7472229999999911
21
-90.0927769999999981
0
LINE
8
BLACK
6
CONTINUOUS
10
153.7472229999999911
20
-90.0927769999999981
11
152.4772229999999809
21
-88.8227770000000021
0
LINE
8
BLACK
6
CONTINUOUS
10
152.4772229999999809
20
-88.8227770000000021
11
152.4461369999999931
21
-88.7848970000000008
0
LINE
8
BLACK
6
CONTINUOUS
10
152.4461369999999931
20
-88.7848970000000008
11
152.4461330000000032
21
-88.7848929999999967
0
LINE
8
BLACK
6
CONTINUOUS
10
152.4461330000000032
20
-88.7848929999999967
11
152.4088040000000035
21
-88.6947729999999979
0
LINE
8
BLACK
6
CONTINUOUS
10
152.4088040000000035
20
-88.6947729999999979
11
152.4039999999999964
21
-88.6460000000000008
0
LINE
8
BLACK
6
CONTINUOUS
10
152.4039999999999964
20
-88.6460000000000008
11
152.4039999999999964
21
-85.0579999999999927
0
LINE
8
BLACK
6
CONTINUOUS
10
152.4039999999999964
20
-85.0579999999999927
11
152.3083289999999863
21
-85.038969999999992
0
LINE
8
BLACK
6
CONTINUOUS
10
152.3083289999999863
20
-85.038969999999992
11
152.2272229999999809
21
-84.984776999999994
0
LINE
8
BLACK
6
CONTINUOUS
10
152.2272229999999809
20
-84.984776999999994
11
152.1730299999999829
21
-84.9036710000000028
0
LINE
8
BLACK
6
CONTINUOUS
10
152.1730299999999829
20
-84.9036710000000028
11
152.1539999999999964
21
-84.8079999999999927
0
LINE
8
BLACK
6
CONTINUOUS
10
152.1539999999999964
20
-84.8079999999999927
11
152.1539999999999964
21
-81.3079999999999927
0
LINE
8
BLACK
6
CONTINUOUS
10
152.1539999999999964
20
-81.3079999999999927
11
152.1730299999999829
21
-81.2123289999999969
0
LINE
8
BLACK
6
CONTINUOUS
10
152.1730299999999829
20
-81.2123289999999969
11
152.2272229999999809
21
-81.1312229999999914
0
LINE
8
BLACK
6
CONTINUOUS
10
152.2272229999999809
20
-81.1312229999999914
11
152.3083289999999863
21
-81.0770299999999935
0
LINE
8
BLACK
6
CONTINUOUS
10
152.3083289999999863
20
-81.0770299999999935
11
152.4039999999999964
21
-81.0579999999999927
0
LINE
8
BLACK
6
CONTINUOUS
10
152.4039999999999964
20
-81.0579999999999927
11
152.9039999999999964
21
-81.0579999999999927
0
LINE
8
BLACK
6
CONTINUOUS
10
152.9039999999999964
20
-81.0579999999999927
11
152.9996710000000064
21
-81.0770299999999935
0
LINE
8
BLACK
6
CONTINUOUS
10
161.0599039999999889
20
-89.7998520000000013
11
161.2222399999999993
21
-89.8721279999999894
0
LINE
8
BLACK
6
CONTINUOUS
10
161.2222399999999993
20
-89.8721279999999894
11
161.3660009999999829
21
-89.9765769999999918
0
LINE
8
BLACK
6
CONTINUOUS
10
161.3660009999999829
20
-89.9765769999999918
11
161.4849040000000002
21
-90.1086329999999975
0
LINE
8
BLACK
6
CONTINUOUS
10
161.4849040000000002
20
-90.1086329999999975
11
161.5737539999999797
21
-90.2625239999999991
0
LINE
8
BLACK
6
CONTINUOUS
10
161.5737539999999797
20
-90.2625239999999991
11
161.6286649999999838
21
-90.4315249999999935
0
LINE
8
BLACK
6
CONTINUOUS
10
161.6286649999999838
20
-90.4315249999999935
11
161.6472399999999823
21
-90.6082499999999982
0
LINE
8
BLACK
6
CONTINUOUS
10
161.6472399999999823
20
-90.6082499999999982
11
161.6286649999999838
21
-90.7849750000000029
0
LINE
8
BLACK
6
CONTINUOUS
10
161.6286649999999838
20
-90.7849750000000029
11
161.5737539999999797
21
-90.9539759999999973
0
LINE
8
BLACK
6
CONTINUOUS
10
161.5737539999999797
20
-90.9539759999999973
11
161.4849040000000002
21
-91.1078669999999988
0
LINE
8
BLACK
6
CONTINUOUS
10
161.4849040000000002
20
-91.1078669999999988
11
161.3660009999999829
21
-91.2399229999999903
0
LINE
8
BLACK
6
CONTINUOUS
10
161.3660009999999829
20
-91.2399229999999903
11
161.2222399999999993
21
-91.3443719999999928
0
LINE
8
BLACK
6
CONTINUOUS
10
161.2222399999999993
20
-91.3443719999999928
11
161.0599039999999889
21
-91.416647999999995
0
LINE
8
BLACK
6
CONTINUOUS
10
161.0599039999999889
20
-91.416647999999995
11
160.8860889999999984
21
-91.4535939999999954
0
LINE
8
BLACK
6
CONTINUOUS
10
160.8860889999999984
20
-91.4535939999999954
11
160.708391000000006
21
-91.4535939999999954
0
LINE
8
BLACK
6
CONTINUOUS
10
160.708391000000006
20
-91.4535939999999954
11
160.5345759999999871
21
-91.416647999999995
0
LINE
8
BLACK
6
CONTINUOUS
10
160.5345759999999871
20
-91.416647999999995
11
160.372240000000005
21
-91.3443719999999928
0
LINE
8
BLACK
6
CONTINUOUS
10
160.372240000000005
20
-91.3443719999999928
11
160.228478999999993
21
-91.2399229999999903
0
LINE
8
BLACK
6
CONTINUOUS
10
160.228478999999993
20
-91.2399229999999903
11
160.1095760000000041
21
-91.1078669999999988
0
LINE
8
BLACK
6
CONTINUOUS
10
160.1095760000000041
20
-91.1078669999999988
11
160.0207259999999962
21
-90.9539759999999973
0
LINE
8
BLACK
6
CONTINUOUS
10
160.0207259999999962
20
-90.9539759999999973
11
159.9658149999999921
21
-90.7849750000000029
0
LINE
8
BLACK
6
CONTINUOUS
10
159.9658149999999921
20
-90.7849750000000029
11
159.9472399999999936
21
-90.6082499999999982
0
LINE
8
BLACK
6
CONTINUOUS
10
159.9472399999999936
20
-90.6082499999999982
11
159.9658149999999921
21
-90.4315249999999935
0
LINE
8
BLACK
6
CONTINUOUS
10
159.9658149999999921
20
-90.4315249999999935
11
160.0207259999999962
21
-90.2625239999999991
0
LINE
8
BLACK
6
CONTINUOUS
10
160.0207259999999962
20
-90.2625239999999991
11
160.1095760000000041
21
-90.1086329999999975
0
LINE
8
BLACK
6
CONTINUOUS
10
160.1095760000000041
20
-90.1086329999999975
11
160.228478999999993
21
-89.9765769999999918
0
LINE
8
BLACK
6
CONTINUOUS
10
160.228478999999993
20
-89.9765769999999918
11
160.372240000000005
21
-89.8721279999999894
0
LINE
8
BLACK
6
CONTINUOUS
10
160.372240000000005
20
-89.8721279999999894
11
160.5345759999999871
21
-89.7998520000000013
0
LINE
8
BLACK
6
CONTINUOUS
10
160.5345759999999871
20
-89.7998520000000013
11
160.708391000000006
21
-89.762906000000001
0
LINE
8
BLACK
6
CONTINUOUS
10
160.708391000000006
20
-89.762906000000001
11
160.8860889999999984
21
-89.762906000000001
0
LINE
8
BLACK
6
CONTINUOUS
10
160.8860889999999984
20
-89.762906000000001
11
161.0599039999999889
21
-89.7998520000000013
0
LINE
8
BLACK
6
CONTINUOUS
10
146.9036710000000028
20
-81.0770299999999935
11
146.9847769999999798
21
-81.1312229999999914
0
LINE
8
BLACK
6
CONTINUOUS
10
146.9847769999999798
20
-81.1312229999999914
11
147.0389700000000062
21
-81.2123289999999969
0
LINE
8
BLACK
6
CONTINUOUS
10
147.0389700000000062
20
-81.2123289999999969
11
147.0579999999999927
21
-81.3079999999999927
0
LINE
8
BLACK
6
CONTINUOUS
10
147.0579999999999927
20
-81.3079999999999927
11
147.0579999999999927
21
-84.8079999999999927
0
LINE
8
BLACK
6
CONTINUOUS
10
147.0579999999999927
20
-84.8079999999999927
11
147.0389700000000062
21
-84.9036710000000028
0
LINE
8
BLACK
6
CONTINUOUS
10
147.0389700000000062
20
-84.9036710000000028
11
146.9847769999999798
21
-84.984776999999994
0
LINE
8
BLACK
6
CONTINUOUS
10
146.9847769999999798
20
-84.984776999999994
11
146.9036710000000028
21
-85.038969999999992
0
LINE
8
BLACK
6
CONTINUOUS
10
146.9036710000000028
20
-85.038969999999992
11
146.8079999999999927
21
-85.0579999999999927
0
LINE
8
BLACK
6
CONTINUOUS
10
146.8079999999999927
20
-85.0579999999999927
11
146.8079999999999927
21
-88.7964459999999889
0
LINE
8
BLACK
6
CONTINUOUS
10
146.8079999999999927
20
-88.7964459999999889
11
148.377553000000006
21
-90.3659999999999997
0
LINE
8
BLACK
6
CONTINUOUS
10
148.377553000000006
20
-90.3659999999999997
11
156.6764459999999985
21
-90.3659999999999997
0
LINE
8
BLACK
6
CONTINUOUS
10
156.6764459999999985
20
-90.3659999999999997
11
158.3192229999999938
21
-88.7232240000000019
0
LINE
8
BLACK
6
CONTINUOUS
10
158.3192229999999938
20
-88.7232240000000019
11
158.3571019999999976
21
-88.6921370000000024
0
LINE
8
BLACK
6
CONTINUOUS
10
158.3571019999999976
20
-88.6921370000000024
11
158.357106999999985
21
-88.6921329999999983
0
LINE
8
BLACK
6
CONTINUOUS
10
158.357106999999985
20
-88.6921329999999983
11
158.447226999999998
21
-88.6548039999999986
0
LINE
8
BLACK
6
CONTINUOUS
10
158.447226999999998
20
-88.6548039999999986
11
158.4959999999999809
21
-88.6499999999999915
0
LINE
8
BLACK
6
CONTINUOUS
10
158.4959999999999809
20
-88.6499999999999915
11
161.6289899999999875
21
-88.6499999999999915
0
LINE
8
BLACK
6
CONTINUOUS
10
161.6289899999999875
20
-88.6499999999999915
11
161.6777629999999988
21
-88.6548039999999986
0
LINE
8
BLACK
6
CONTINUOUS
10
161.6777629999999988
20
-88.6548039999999986
11
161.7678829999999834
21
-88.6921329999999983
0
LINE
8
BLACK
6
CONTINUOUS
10
161.7678829999999834
20
-88.6921329999999983
11
161.7678870000000018
21
-88.6921370000000024
0
LINE
8
BLACK
6
CONTINUOUS
10
161.7678870000000018
20
-88.6921370000000024
11
161.805767000000003
21
-88.7232229999999902
0
LINE
8
BLACK
6
CONTINUOUS
10
161.805767000000003
20
-88.7232229999999902
11
162.9415989999999965
21
-89.8590559999999954
0
LINE
8
BLACK
6
CONTINUOUS
10
162.9415989999999965
20
-89.8590559999999954
11
163.0745759999999791
21
-89.7998520000000013
0
LINE
8
BLACK
6
CONTINUOUS
10
163.0745759999999791
20
-89.7998520000000013
11
163.248390999999998
21
-89.762906000000001
0
LINE
8
BLACK
6
CONTINUOUS
10
163.248390999999998
20
-89.762906000000001
11
163.4260889999999904
21
-89.762906000000001
0
LINE
8
BLACK
6
CONTINUOUS
10
163.4260889999999904
20
-89.762906000000001
11
163.5999039999999809
21
-89.7998520000000013
0
LINE
8
BLACK
6
CONTINUOUS
10
163.5999039999999809
20
-89.7998520000000013
11
163.7622399999999914
21
-89.8721279999999894
0
LINE
8
BLACK
6
CONTINUOUS
10
163.7622399999999914
20
-89.8721279999999894
11
163.9060010000000034
21
-89.9765769999999918
0
LINE
8
BLACK
6
CONTINUOUS
10
163.9060010000000034
20
-89.9765769999999918
11
164.0249039999999923
21
-90.1086329999999975
0
LINE
8
BLACK
6
CONTINUOUS
10
164.0249039999999923
20
-90.1086329999999975
11
164.1137540000000001
21
-90.2625239999999991
0
LINE
8
BLACK
6
CONTINUOUS
10
164.1137540000000001
20
-90.2625239999999991
11
164.1686650000000043
21
-90.4315249999999935
0
LINE
8
BLACK
6
CONTINUOUS
10
164.1686650000000043
20
-90.4315249999999935
11
164.1872400000000027
21
-90.6082499999999982
0
LINE
8
BLACK
6
CONTINUOUS
10
164.1872400000000027
20
-90.6082499999999982
11
164.1686650000000043
21
-90.7849750000000029
0
LINE
8
BLACK
6
CONTINUOUS
10
164.1686650000000043
20
-90.7849750000000029
11
164.1137540000000001
21
-90.9539759999999973
0
LINE
8
BLACK
6
CONTINUOUS
10
164.1137540000000001
20
-90.9539759999999973
11
164.0249039999999923
21
-91.1078669999999988
0
LINE
8
BLACK
6
CONTINUOUS
10
164.0249039999999923
20
-91.1078669999999988
11
163.9060010000000034
21
-91.2399229999999903
0
LINE
8
BLACK
6
CONTINUOUS
10
163.9060010000000034
20
-91.2399229999999903
11
163.7622399999999914
21
-91.3443719999999928
0
LINE
8
BLACK
6
CONTINUOUS
10
163.7622399999999914
20
-91.3443719999999928
11
163.5999039999999809
21
-91.416647999999995
0
LINE
8
BLACK
6
CONTINUOUS
10
163.5999039999999809
20
-91.416647999999995
11
163.4260889999999904
21
-91.4535939999999954
0
LINE
8
BLACK
6
CONTINUOUS
10
163.4260889999999904
20
-91.4535939999999954
11
163.248390999999998
21
-91.4535939999999954
0
LINE
8
BLACK
6
CONTINUOUS
10
163.248390999999998
20
-91.4535939999999954
11
163.0745759999999791
21
-91.416647999999995
0
LINE
8
BLACK
6
CONTINUOUS
10
163.0745759999999791
20
-91.416647999999995
11
162.9122399999999971
21
-91.3443719999999928
0
LINE
8
BLACK
6
CONTINUOUS
10
162.9122399999999971
20
-91.3443719999999928
11
162.768478999999985
21
-91.2399229999999903
0
LINE
8
BLACK
6
CONTINUOUS
10
162.768478999999985
20
-91.2399229999999903
11
162.6495759999999962
21
-91.1078669999999988
0
LINE
8
BLACK
6
CONTINUOUS
10
162.6495759999999962
20
-91.1078669999999988
11
162.5607259999999883
21
-90.9539759999999973
0
LINE
8
BLACK
6
CONTINUOUS
10
162.5607259999999883
20
-90.9539759999999973
11
162.5058149999999841
21
-90.7849750000000029
0
LINE
8
BLACK
6
CONTINUOUS
10
162.5058149999999841
20
-90.7849750000000029
11
162.4872399999999857
21
-90.6082499999999982
0
LINE
8
BLACK
6
CONTINUOUS
10
162.4872399999999857
20
-90.6082499999999982
11
162.5058149999999841
21
-90.4315249999999935
0
LINE
8
BLACK
6
CONTINUOUS
10
162.5058149999999841
20
-90.4315249999999935
11
162.5607259999999883
21
-90.2625239999999991
0
LINE
8
BLACK
6
CONTINUOUS
10
162.5607259999999883
20
-90.2625239999999991
11
162.5889959999999803
21
-90.2135589999999894
0
LINE
8
BLACK
6
CONTINUOUS
10
162.5889959999999803
20
-90.2135589999999894
11
161.5254359999999849
21
-89.1499999999999915
0
LINE
8
BLACK
6
CONTINUOUS
10
161.5254359999999849
20
-89.1499999999999915
11
158.599552999999986
21
-89.1499999999999915
0
LINE
8
BLACK
6
CONTINUOUS
10
158.599552999999986
20
-89.1499999999999915
11
156.9567769999999882
21
-90.792777000000001
0
LINE
8
BLACK
6
CONTINUOUS
10
156.9567769999999882
20
-90.792777000000001
11
156.918896999999987
21
-90.8238619999999912
0
LINE
8
BLACK
6
CONTINUOUS
10
156.918896999999987
20
-90.8238619999999912
11
156.9188929999999971
21
-90.8238669999999928
0
LINE
8
BLACK
6
CONTINUOUS
10
156.9188929999999971
20
-90.8238669999999928
11
156.828772999999984
21
-90.8611959999999925
0
LINE
8
BLACK
6
CONTINUOUS
10
156.828772999999984
20
-90.8611959999999925
11
156.7800000000000011
21
-90.8659999999999997
0
LINE
8
BLACK
6
CONTINUOUS
10
156.7800000000000011
20
-90.8659999999999997
11
148.2740000000000009
21
-90.8659999999999997
0
LINE
8
BLACK
6
CONTINUOUS
10
148.2740000000000009
20
-90.8659999999999997
11
148.2252269999999896
21
-90.8611959999999925
0
LINE
8
BLACK
6
CONTINUOUS
10
148.2252269999999896
20
-90.8611959999999925
11
148.135107000000005
21
-90.8238669999999928
0
LINE
8
BLACK
6
CONTINUOUS
10
148.135107000000005
20
-90.8238669999999928
11
148.1351019999999892
21
-90.8238619999999912
0
LINE
8
BLACK
6
CONTINUOUS
10
148.1351019999999892
20
-90.8238619999999912
11
148.0972229999999854
21
-90.7927759999999893
0
LINE
8
BLACK
6
CONTINUOUS
10
148.0972229999999854
20
-90.7927759999999893
11
146.3812230000000056
21
-89.0767769999999928
0
LINE
8
BLACK
6
CONTINUOUS
10
146.3812230000000056
20
-89.0767769999999928
11
146.3501369999999895
21
-89.0388969999999915
0
LINE
8
BLACK
6
CONTINUOUS
10
146.3501369999999895
20
-89.0388969999999915
11
146.3501329999999996
21
-89.0388930000000016
0
LINE
8
BLACK
6
CONTINUOUS
10
146.3501329999999996
20
-89.0388930000000016
11
146.3128039999999999
21
-88.9487730000000028
0
LINE
8
BLACK
6
CONTINUOUS
10
146.3128039999999999
20
-88.9487730000000028
11
146.3079999999999927
21
-88.8999999999999915
0
LINE
8
BLACK
6
CONTINUOUS
10
146.3079999999999927
20
-88.8999999999999915
11
146.3079999999999927
21
-85.0579999999999927
0
LINE
8
BLACK
6
CONTINUOUS
10
146.3079999999999927
20
-85.0579999999999927
11
146.2123289999999827
21
-85.038969999999992
0
LINE
8
BLACK
6
CONTINUOUS
10
146.2123289999999827
20
-85.038969999999992
11
146.1312230000000056
21
-84.984776999999994
0
LINE
8
BLACK
6
CONTINUOUS
10
146.1312230000000056
20
-84.984776999999994
11
146.0770299999999793
21
-84.9036710000000028
0
LINE
8
BLACK
6
CONTINUOUS
10
146.0770299999999793
20
-84.9036710000000028
11
146.0579999999999927
21
-84.8079999999999927
0
LINE
8
BLACK
6
CONTINUOUS
10
146.0579999999999927
20
-84.8079999999999927
11
146.0579999999999927
21
-81.3079999999999927
0
LINE
8
BLACK
6
CONTINUOUS
10
146.0579999999999927
20
-81.3079999999999927
11
146.0770299999999793
21
-81.2123289999999969
0
LINE
8
BLACK
6
CONTINUOUS
10
146.0770299999999793
20
-81.2123289999999969
11
146.1312230000000056
21
-81.1312229999999914
0
LINE
8
BLACK
6
CONTINUOUS
10
146.1312230000000056
20
-81.1312229999999914
11
146.2123289999999827
21
-81.0770299999999935
0
LINE
8
BLACK
6
CONTINUOUS
10
146.2123289999999827
20
-81.0770299999999935
11
146.3079999999999927
21
-81.0579999999999927
0
LINE
8
BLACK
6
CONTINUOUS
10
146.3079999999999927
20
-81.0579999999999927
11
146.8079999999999927
21
-81.0579999999999927
0
LINE
8
BLACK
6
CONTINUOUS
10
146.8079999999999927
20
-81.0579999999999927
11
146.9036710000000028
21
-81.0770299999999935
0
LINE
8
BLACK
6
CONTINUOUS
10
148.6816709999999944
20
-81.0770299999999935
11
148.7627769999999998
21
-81.1312229999999914
0
LINE
8
BLACK
6
CONTINUOUS
10
148.7627769999999998
20
-81.1312229999999914
11
148.8169699999999978
21
-81.2123289999999969
0
LINE
8
BLACK
6
CONTINUOUS
10
148.8169699999999978
20
-81.2123289999999969
11
148.8359999999999843
21
-81.3079999999999927
0
LINE
8
BLACK
6
CONTINUOUS
10
148.8359999999999843
20
-81.3079999999999927
11
148.8359999999999843
21
-82.8079999999999927
0
LINE
8
BLACK
6
CONTINUOUS
10
148.8359999999999843
20
-82.8079999999999927
11
149.2972790000000032
21
-82.8079999999999927
0
LINE
8
BLACK
6
CONTINUOUS
10
149.2972790000000032
20
-82.8079999999999927
11
149.3708859999999845
21
-82.7343929999999972
0
LINE
8
BLACK
6
CONTINUOUS
10
149.3708859999999845
20
-82.7343929999999972
11
149.4823930000000018
21
-82.6775769999999994
0
LINE
8
BLACK
6
CONTINUOUS
10
149.4823930000000018
20
-82.6775769999999994
11
149.6059999999999945
21
-82.6580000000000013
0
LINE
8
BLACK
6
CONTINUOUS
10
149.6059999999999945
20
-82.6580000000000013
11
149.7296069999999872
21
-82.6775769999999994
0
LINE
8
BLACK
6
CONTINUOUS
10
149.7296069999999872
20
-82.6775769999999994
11
149.8411140000000046
21
-82.7343929999999972
0
LINE
8
BLACK
6
CONTINUOUS
10
149.8411140000000046
20
-82.7343929999999972
11
149.9147209999999859
21
-82.8079999999999927
0
LINE
8
BLACK
6
CONTINUOUS
10
149.9147209999999859
20
-82.8079999999999927
11
150.3760000000000048
21
-82.8079999999999927
0
LINE
8
BLACK
6
CONTINUOUS
10
150.3760000000000048
20
-82.8079999999999927
11
150.3760000000000048
21
-81.3079999999999927
0
LINE
8
BLACK
6
CONTINUOUS
10
150.3760000000000048
20
-81.3079999999999927
11
150.3950299999999913
21
-81.2123289999999969
0
LINE
8
BLACK
6
CONTINUOUS
10
150.3950299999999913
20
-81.2123289999999969
11
150.4492229999999893
21
-81.1312229999999914
0
LINE
8
BLACK
6
CONTINUOUS
10
150.4492229999999893
20
-81.1312229999999914
11
150.5303289999999947
21
-81.0770299999999935
0
LINE
8
BLACK
6
CONTINUOUS
10
150.5303289999999947
20
-81.0770299999999935
11
150.6260000000000048
21
-81.0579999999999927
0
LINE
8
BLACK
6
CONTINUOUS
10
150.6260000000000048
20
-81.0579999999999927
11
151.1260000000000048
21
-81.0579999999999927
0
LINE
8
BLACK
6
CONTINUOUS
10
151.1260000000000048
20
-81.0579999999999927
11
151.2216709999999864
21
-81.0770299999999935
0
LINE
8
BLACK
6
CONTINUOUS
10
151.2216709999999864
20
-81.0770299999999935
11
151.3027769999999919
21
-81.1312229999999914
0
LINE
8
BLACK
6
CONTINUOUS
10
151.3027769999999919
20
-81.1312229999999914
11
151.3569699999999898
21
-81.2123289999999969
0
LINE
8
BLACK
6
CONTINUOUS
10
151.3569699999999898
20
-81.2123289999999969
11
151.3760000000000048
21
-81.3079999999999927
0
LINE
8
BLACK
6
CONTINUOUS
10
151.3760000000000048
20
-81.3079999999999927
11
151.3760000000000048
21
-84.8079999999999927
0
LINE
8
BLACK
6
CONTINUOUS
10
151.3760000000000048
20
-84.8079999999999927
11
151.3569699999999898
21
-84.9036710000000028
0
LINE
8
BLACK
6
CONTINUOUS
10
151.3569699999999898
20
-84.9036710000000028
11
151.3027769999999919
21
-84.984776999999994
0
LINE
8
BLACK
6
CONTINUOUS
10
151.3027769999999919
20
-84.984776999999994
11
151.2216709999999864
21
-85.038969999999992
0
LINE
8
BLACK
6
CONTINUOUS
10
151.2216709999999864
20
-85.038969999999992
11
151.1260000000000048
21
-85.0579999999999927
0
LINE
8
BLACK
6
CONTINUOUS
10
151.1260000000000048
20
-85.0579999999999927
11
150.6260000000000048
21
-85.0579999999999927
0
LINE
8
BLACK
6
CONTINUOUS
10
150.6260000000000048
20
-85.0579999999999927
11
150.5303289999999947
21
-85.038969999999992
0
LINE
8
BLACK
6
CONTINUOUS
10
150.5303289999999947
20
-85.038969999999992
11
150.4492229999999893
21
-84.984776999999994
0
LINE
8
BLACK
6
CONTINUOUS
10
150.4492229999999893
20
-84.984776999999994
11
150.3950299999999913
21
-84.9036710000000028
0
LINE
8
BLACK
6
CONTINUOUS
10
150.3950299999999913
20
-84.9036710000000028
11
150.3760000000000048
21
-84.8079999999999927
0
LINE
8
BLACK
6
CONTINUOUS
10
150.3760000000000048
20
-84.8079999999999927
11
150.3760000000000048
21
-83.3079999999999927
0
LINE
8
BLACK
6
CONTINUOUS
10
150.3760000000000048
20
-83.3079999999999927
11
149.9147209999999859
21
-83.3079999999999927
0
LINE
8
BLACK
6
CONTINUOUS
10
149.9147209999999859
20
-83.3079999999999927
11
149.8411140000000046
21
-83.3816070000000025
0
LINE
8
BLACK
6
CONTINUOUS
10
149.8411140000000046
20
-83.3816070000000025
11
149.7296069999999872
21
-83.4384230000000002
0
LINE
8
BLACK
6
CONTINUOUS
10
149.7296069999999872
20
-83.4384230000000002
11
149.6059999999999945
21
-83.4579999999999984
0
LINE
8
BLACK
6
CONTINUOUS
10
149.6059999999999945
20
-83.4579999999999984
11
149.4823930000000018
21
-83.4384230000000002
0
LINE
8
BLACK
6
CONTINUOUS
10
149.4823930000000018
20
-83.4384230000000002
11
149.3708859999999845
21
-83.3816070000000025
0
LINE
8
BLACK
6
CONTINUOUS
10
149.3708859999999845
20
-83.3816070000000025
11
149.2972790000000032
21
-83.3079999999999927
0
LINE
8
BLACK
6
CONTINUOUS
10
149.2972790000000032
20
-83.3079999999999927
11
148.8359999999999843
21
-83.3079999999999927
0
LINE
8
BLACK
6
CONTINUOUS
10
148.8359999999999843
20
-83.3079999999999927
11
148.8359999999999843
21
-84.8079999999999927
0
LINE
8
BLACK
6
CONTINUOUS
10
148.8359999999999843
20
-84.8079999999999927
11
148.8169699999999978
21
-84.9036710000000028
0
LINE
8
BLACK
6
CONTINUOUS
10
148.8169699999999978
20
-84.9036710000000028
11
148.7627769999999998
21
-84.984776999999994
0
LINE
8
BLACK
6
CONTINUOUS
10
148.7627769999999998
20
-84.984776999999994
11
148.6816709999999944
21
-85.038969999999992
0
LINE
8
BLACK
6
CONTINUOUS
10
148.6816709999999944
20
-85.038969999999992
11
148.5859999999999843
21
-85.0579999999999927
0
LINE
8
BLACK
6
CONTINUOUS
10
148.5859999999999843
20
-85.0579999999999927
11
148.0859999999999843
21
-85.0579999999999927
0
LINE
8
BLACK
6
CONTINUOUS
10
148.0859999999999843
20
-85.0579999999999927
11
147.9903290000000027
21
-85.038969999999992
0
LINE
8
BLACK
6
CONTINUOUS
10
147.9903290000000027
20
-85.038969999999992
11
147.9092229999999972
21
-84.984776999999994
0
LINE
8
BLACK
6
CONTINUOUS
10
147.9092229999999972
20
-84.984776999999994
11
147.8550299999999993
21
-84.9036710000000028
0
LINE
8
BLACK
6
CONTINUOUS
10
147.8550299999999993
20
-84.9036710000000028
11
147.8359999999999843
21
-84.8079999999999927
0
LINE
8
BLACK
6
CONTINUOUS
10
147.8359999999999843
20
-84.8079999999999927
11
147.8359999999999843
21
-81.3079999999999927
0
LINE
8
BLACK
6
CONTINUOUS
10
147.8359999999999843
20
-81.3079999999999927
11
147.8550299999999993
21
-81.2123289999999969
0
LINE
8
BLACK
6
CONTINUOUS
10
147.8550299999999993
20
-81.2123289999999969
11
147.9092229999999972
21
-81.1312229999999914
0
LINE
8
BLACK
6
CONTINUOUS
10
147.9092229999999972
20
-81.1312229999999914
11
147.9903290000000027
21
-81.0770299999999935
0
LINE
8
BLACK
6
CONTINUOUS
10
147.9903290000000027
20
-81.0770299999999935
11
148.0859999999999843
21
-81.0579999999999927
0
LINE
8
BLACK
6
CONTINUOUS
10
148.0859999999999843
20
-81.0579999999999927
11
148.5859999999999843
21
-81.0579999999999927
0
LINE
8
BLACK
6
CONTINUOUS
10
148.5859999999999843
20
-81.0579999999999927
11
148.6816709999999944
21
-81.0770299999999935
0
LINE
8
BLACK
6
CONTINUOUS
10
157.3625030000000038
20
-43.7717710000000011
11
157.8427499999999952
21
-43.910654000000001
0
LINE
8
BLACK
6
CONTINUOUS
10
157.8427499999999952
20
-43.910654000000001
11
157.8470059999999933
21
-43.9119689999999991
0
LINE
8
BLACK
6
CONTINUOUS
10
157.8470059999999933
20
-43.9119689999999991
11
158.8265739999999937
21
-44.2343539999999962
0
LINE
8
BLACK
6
CONTINUOUS
10
158.8265739999999937
20
-44.2343539999999962
11
158.8308349999999791
21
-44.2358419999999981
0
LINE
8
BLACK
6
CONTINUOUS
10
158.8308349999999791
20
-44.2358419999999981
11
159.7980149999999924
21
-44.5936960000000013
0
LINE
8
BLACK
6
CONTINUOUS
10
159.7980149999999924
20
-44.5936960000000013
11
159.8021860000000061
21
-44.595326
0
LINE
8
BLACK
6
CONTINUOUS
10
159.8021860000000061
20
-44.595326
11
160.7557149999999808
21
-44.9881809999999973
0
LINE
8
BLACK
6
CONTINUOUS
10
160.7557149999999808
20
-44.9881809999999973
11
160.7598250000000064
21
-44.9899640000000005
0
LINE
8
BLACK
6
CONTINUOUS
10
160.7598250000000064
20
-44.9899640000000005
11
161.1612360000000024
21
-45.1727209999999957
0
LINE
8
BLACK
6
CONTINUOUS
10
161.1612360000000024
20
-45.1727209999999957
11
161.6983840000000043
21
-45.417277999999996
0
LINE
8
BLACK
6
CONTINUOUS
10
161.6983840000000043
20
-45.417277999999996
11
161.7024569999999812
21
-45.4192229999999952
0
LINE
8
BLACK
6
CONTINUOUS
10
161.7024569999999812
20
-45.4192229999999952
11
162.6248089999999991
21
-45.8804309999999944
0
LINE
8
BLACK
6
CONTINUOUS
10
162.6248089999999991
20
-45.8804309999999944
11
162.6287769999999853
21
-45.8825059999999993
0
LINE
8
BLACK
6
CONTINUOUS
10
162.6287769999999853
20
-45.8825059999999993
11
163.5337639999999908
21
-46.3770299999999978
0
LINE
8
BLACK
6
CONTINUOUS
10
163.5337639999999908
20
-46.3770299999999978
11
163.5376559999999984
21
-46.3792489999999944
0
LINE
8
BLACK
6
CONTINUOUS
10
163.5376559999999984
20
-46.3792489999999944
11
164.4240240000000028
21
-46.9064069999999944
0
LINE
8
BLACK
6
CONTINUOUS
10
164.4240240000000028
20
-46.9064069999999944
11
164.427835999999985
21
-46.9087689999999995
0
LINE
8
BLACK
6
CONTINUOUS
10
164.427835999999985
20
-46.9087689999999995
11
165.2944249999999897
21
-47.4678699999999978
0
LINE
8
BLACK
6
CONTINUOUS
10
165.2944249999999897
20
-47.4678699999999978
11
165.2981110000000058
21
-47.4703449999999947
0
LINE
8
BLACK
6
CONTINUOUS
10
165.2981110000000058
20
-47.4703449999999947
11
165.8603109999999958
21
-47.8627819999999957
0
LINE
8
BLACK
6
CONTINUOUS
10
165.8603109999999958
20
-47.8627819999999957
11
166.1437099999999987
21
-48.0606049999999954
0
LINE
8
BLACK
6
CONTINUOUS
10
166.1437099999999987
20
-48.0606049999999954
11
166.1473670000000027
21
-48.0632570000000001
0
LINE
8
BLACK
6
CONTINUOUS
10
166.1473670000000027
20
-48.0632570000000001
11
166.2170260000000042
21
-48.1157559999999975
0
LINE
8
BLACK
6
CONTINUOUS
10
166.2170260000000042
20
-48.1157559999999975
11
166.9709599999999909
21
-48.6839680000000001
0
LINE
8
BLACK
6
CONTINUOUS
10
166.9709599999999909
20
-48.6839680000000001
11
166.9744869999999821
21
-48.6867289999999997
0
LINE
8
BLACK
6
CONTINUOUS
10
166.9744869999999821
20
-48.6867289999999997
11
167.0367259999999874
21
-48.7372939999999986
0
LINE
8
BLACK
6
CONTINUOUS
10
167.0367259999999874
20
-48.7372939999999986
11
167.7748469999999941
21
-49.3369659999999968
0
LINE
8
BLACK
6
CONTINUOUS
10
167.7748469999999941
20
-49.3369659999999968
11
167.778300999999999
21
-49.3398770000000013
0
LINE
8
BLACK
6
CONTINUOUS
10
167.778300999999999
20
-49.3398770000000013
11
168.5544950000000028
21
-50.0188769999999963
0
LINE
8
BLACK
6
CONTINUOUS
10
168.5544950000000028
20
-50.0188769999999963
11
168.5578399999999988
21
-50.0219129999999979
0
LINE
8
BLACK
6
CONTINUOUS
10
168.5578399999999988
20
-50.0219129999999979
11
169.3087510000000009
21
-50.7287040000000005
0
LINE
8
BLACK
6
CONTINUOUS
10
169.3087510000000009
20
-50.7287040000000005
11
169.3119839999999954
21
-50.7318599999999975
0
LINE
8
BLACK
6
CONTINUOUS
10
169.3119839999999954
20
-50.7318599999999975
11
169.6189029999999889
21
-51.0425919999999991
0
LINE
8
BLACK
6
CONTINUOUS
10
169.6189029999999889
20
-51.0425919999999991
11
170.0269619999999975
21
-51.4557219999999944
0
LINE
8
BLACK
6
CONTINUOUS
10
170.0269619999999975
20
-51.4557219999999944
11
170.0366659999999968
21
-51.4655459999999962
0
LINE
8
BLACK
6
CONTINUOUS
10
170.0366659999999968
20
-51.4655459999999962
11
170.0397739999999942
21
-51.4688090000000003
0
LINE
8
BLACK
6
CONTINUOUS
10
170.0397739999999942
20
-51.4688090000000003
11
170.0742329999999924
21
-51.5063379999999995
0
LINE
8
BLACK
6
CONTINUOUS
10
170.0742329999999924
20
-51.5063379999999995
11
170.737244000000004
21
-52.228398999999996
0
LINE
8
BLACK
6
CONTINUOUS
10
170.737244000000004
20
-52.228398999999996
11
170.7402299999999968
21
-52.2317719999999994
0
LINE
8
BLACK
6
CONTINUOUS
10
170.7402299999999968
20
-52.2317719999999994
11
170.7655799999999999
21
-52.2614829999999984
0
LINE
8
BLACK
6
CONTINUOUS
10
170.7655799999999999
20
-52.2614829999999984
11
171.4095810000000029
21
-53.0162769999999952
0
LINE
8
BLACK
6
CONTINUOUS
10
171.4095810000000029
20
-53.0162769999999952
11
171.4124499999999784
21
-53.0197659999999971
0
LINE
8
BLACK
6
CONTINUOUS
10
171.4124499999999784
20
-53.0197659999999971
11
172.0527799999999843
21
-53.828128999999997
0
LINE
8
BLACK
6
CONTINUOUS
10
172.0527799999999843
20
-53.828128999999997
11
172.0555200000000013
21
-53.8317209999999946
0
LINE
8
BLACK
6
CONTINUOUS
10
172.0555200000000013
20
-53.8317209999999946
11
172.6659729999999797
21
-54.6628629999999944
0
LINE
8
BLACK
6
CONTINUOUS
10
172.6659729999999797
20
-54.6628629999999944
11
172.6685799999999915
21
-54.6665519999999958
0
LINE
8
BLACK
6
CONTINUOUS
10
172.6685799999999915
20
-54.6665519999999958
11
173.2483479999999929
21
-55.5193680000000001
0
LINE
8
BLACK
6
CONTINUOUS
10
173.2483479999999929
20
-55.5193680000000001
11
173.250788
21
-55.5231009999999969
0
LINE
8
BLACK
6
CONTINUOUS
10
173.250788
20
-55.5231009999999969
11
173.7991639999999904
21
-56.3965609999999984
0
LINE
8
BLACK
6
CONTINUOUS
10
173.7991639999999904
20
-56.3965609999999984
11
173.8014739999999847
21
-56.4003949999999961
0
LINE
8
BLACK
6
CONTINUOUS
10
173.8014739999999847
20
-56.4003949999999961
11
174.3173469999999838
21
-57.2926900000000003
0
LINE
8
BLACK
6
CONTINUOUS
10
174.3173469999999838
20
-57.2926900000000003
11
174.3176200000000051
21
-57.2931609999999978
0
LINE
8
BLACK
6
CONTINUOUS
10
174.3176200000000051
20
-57.2931609999999978
11
174.3198099999999897
21
-57.297112999999996
0
LINE
8
BLACK
6
CONTINUOUS
10
174.3198099999999897
20
-57.297112999999996
11
174.8030959999999823
21
-58.2080920000000006
0
LINE
8
BLACK
6
CONTINUOUS
10
174.8030959999999823
20
-58.2080920000000006
11
174.8051399999999944
21
-58.2121199999999988
0
LINE
8
BLACK
6
CONTINUOUS
10
174.8051399999999944
20
-58.2121199999999988
11
175.2549279999999783
21
-59.1401079999999979
0
LINE
8
BLACK
6
CONTINUOUS
10
175.2549279999999783
20
-59.1401079999999979
11
175.2568239999999946
21
-59.1442089999999965
0
LINE
8
BLACK
6
CONTINUOUS
10
175.2568239999999946
20
-59.1442089999999965
11
175.4072689999999852
21
-59.4857719999999972
0
LINE
8
BLACK
6
CONTINUOUS
10
175.4072689999999852
20
-59.4857719999999972
11
175.4162769999999796
21
-59.5550579999999954
0
LINE
8
BLACK
6
CONTINUOUS
10
175.4162769999999796
20
-59.5550579999999954
11
175.3863969999999881
21
-59.6182159999999968
0
LINE
8
BLACK
6
CONTINUOUS
10
175.3863969999999881
20
-59.6182159999999968
11
175.3357890000000054
21
-59.6524259999999984
0
LINE
8
BLACK
6
CONTINUOUS
10
175.3357890000000054
20
-59.6524259999999984
11
169.7394559999999899
21
-61.667035999999996
0
LINE
8
BLACK
6
CONTINUOUS
10
169.7394559999999899
20
-61.667035999999996
11
169.7160189999999886
21
-61.6729679999999973
0
LINE
8
BLACK
6
CONTINUOUS
10
169.7160189999999886
20
-61.6729679999999973
11
169.7113709999999855
21
-61.6736709999999988
0
LINE
8
BLACK
6
CONTINUOUS
10
169.7113709999999855
20
-61.6736709999999988
11
169.7113630000000057
21
-61.6736739999999983
0
LINE
8
BLACK
6
CONTINUOUS
10
169.7113630000000057
20
-61.6736739999999983
11
169.6700069999999982
21
-61.6917459999999949
0
LINE
8
BLACK
6
CONTINUOUS
10
169.6700069999999982
20
-61.6917459999999949
11
169.6623559999999884
21
-61.6947909999999951
0
LINE
8
BLACK
6
CONTINUOUS
10
169.6623559999999884
20
-61.6947909999999951
11
169.6198980000000063
21
-61.7100749999999962
0
LINE
8
BLACK
6
CONTINUOUS
10
169.6198980000000063
20
-61.7100749999999962
11
169.6198909999999955
21
-61.7100790000000003
0
LINE
8
BLACK
6
CONTINUOUS
10
169.6198909999999955
20
-61.7100790000000003
11
169.6160219999999867
21
-61.712767999999997
0
LINE
8
BLACK
6
CONTINUOUS
10
169.6160219999999867
20
-61.712767999999997
11
169.5949369999999874
21
-61.7245530000000002
0
LINE
8
BLACK
6
CONTINUOUS
10
169.5949369999999874
20
-61.7245530000000002
11
169.5906180000000063
21
-61.7264399999999966
0
LINE
8
BLACK
6
CONTINUOUS
10
169.5906180000000063
20
-61.7264399999999966
11
169.5906090000000006
21
-61.7264459999999957
0
LINE
8
BLACK
6
CONTINUOUS
10
169.5906090000000006
20
-61.7264459999999957
11
169.5553309999999954
21
-61.7546139999999966
0
LINE
8
BLACK
6
CONTINUOUS
10
169.5553309999999954
20
-61.7546139999999966
11
169.5487289999999803
21
-61.7595349999999996
0
LINE
8
BLACK
6
CONTINUOUS
10
169.5487289999999803
20
-61.7595349999999996
11
169.5116769999999917
21
-61.7852849999999947
0
LINE
8
BLACK
6
CONTINUOUS
10
169.5116769999999917
20
-61.7852849999999947
11
169.5107089999999914
21
-61.7864310000000003
0
LINE
8
BLACK
6
CONTINUOUS
10
169.5107089999999914
20
-61.7864310000000003
11
169.5086349999999982
21
-61.7888839999999959
0
LINE
8
BLACK
6
CONTINUOUS
10
169.5086349999999982
20
-61.7888839999999959
11
169.4913169999999809
21
-61.8057269999999974
0
LINE
8
BLACK
6
CONTINUOUS
10
169.4913169999999809
20
-61.8057269999999974
11
169.4904819999999859
21
-61.8063949999999949
0
LINE
8
BLACK
6
CONTINUOUS
10
169.4904819999999859
20
-61.8063949999999949
11
169.4876280000000008
21
-61.8086739999999963
0
LINE
8
BLACK
6
CONTINUOUS
10
169.4876280000000008
20
-61.8086739999999963
11
169.4608499999999935
21
-61.8450019999999938
0
LINE
8
BLACK
6
CONTINUOUS
10
169.4608499999999935
20
-61.8450019999999938
11
169.4557470000000023
21
-61.851464
0
LINE
8
BLACK
6
CONTINUOUS
10
169.4557470000000023
20
-61.851464
11
169.4266140000000007
21
-61.8859359999999938
0
LINE
8
BLACK
6
CONTINUOUS
10
169.4266140000000007
20
-61.8859359999999938
11
169.4266120000000058
21
-61.885939999999998
0
LINE
8
BLACK
6
CONTINUOUS
10
169.4266120000000058
20
-61.885939999999998
11
169.4246080000000063
21
-61.8901989999999955
0
LINE
8
BLACK
6
CONTINUOUS
10
169.4246080000000063
20
-61.8901989999999955
11
169.4122289999999964
21
-61.9109659999999948
0
LINE
8
BLACK
6
CONTINUOUS
10
169.4122289999999964
20
-61.9109659999999948
11
169.4094369999999969
21
-61.9147529999999975
0
LINE
8
BLACK
6
CONTINUOUS
10
169.4094369999999969
20
-61.9147529999999975
11
169.3929699999999912
21
-61.956783999999999
0
LINE
8
BLACK
6
CONTINUOUS
10
169.3929699999999912
20
-61.956783999999999
11
169.3897130000000004
21
-61.964347999999994
0
LINE
8
BLACK
6
CONTINUOUS
10
169.3897130000000004
20
-61.964347999999994
11
169.3704970000000003
21
-62.0051810000000003
0
LINE
8
BLACK
6
CONTINUOUS
10
169.3704970000000003
20
-62.0051810000000003
11
169.3696620000000053
21
-62.0098209999999952
0
LINE
8
BLACK
6
CONTINUOUS
10
169.3696620000000053
20
-62.0098209999999952
11
169.3630859999999814
21
-62.0330629999999985
0
LINE
8
BLACK
6
CONTINUOUS
10
169.3630859999999814
20
-62.0330629999999985
11
169.3613650000000064
21
-62.0374539999999968
0
LINE
8
BLACK
6
CONTINUOUS
10
169.3613650000000064
20
-62.0374539999999968
11
169.3613650000000064
21
-62.0374569999999963
0
LINE
8
BLACK
6
CONTINUOUS
10
169.3613650000000064
20
-62.0374569999999963
11
169.3563359999999989
21
-62.0823219999999978
0
LINE
8
BLACK
6
CONTINUOUS
10
169.3563359999999989
20
-62.0823219999999978
11
169.3551479999999856
21
-62.0904669999999967
0
LINE
8
BLACK
6
CONTINUOUS
10
169.3551479999999856
20
-62.0904669999999967
11
169.3471569999999815
21
-62.1348780000000005
0
LINE
8
BLACK
6
CONTINUOUS
10
169.3471569999999815
20
-62.1348780000000005
11
169.3475509999999815
21
-62.1395780000000002
0
LINE
8
BLACK
6
CONTINUOUS
10
169.3475509999999815
20
-62.1395780000000002
11
169.3472150000000056
21
-62.1637289999999965
0
LINE
8
BLACK
6
CONTINUOUS
10
169.3472150000000056
20
-62.1637289999999965
11
169.3466889999999978
21
-62.1684199999999976
0
LINE
8
BLACK
6
CONTINUOUS
10
169.3466889999999978
20
-62.1684199999999976
11
169.3466899999999953
21
-62.1684239999999946
0
LINE
8
BLACK
6
CONTINUOUS
10
169.3466899999999953
20
-62.1684239999999946
11
169.3534449999999936
21
-62.2130589999999941
0
LINE
8
BLACK
6
CONTINUOUS
10
169.3534449999999936
20
-62.2130589999999941
11
169.3544059999999831
21
-62.2212419999999966
0
LINE
8
BLACK
6
CONTINUOUS
10
169.3544059999999831
20
-62.2212419999999966
11
169.3581789999999785
21
-62.2661979999999957
0
LINE
8
BLACK
6
CONTINUOUS
10
169.3581789999999785
20
-62.2661979999999957
11
169.3581800000000044
21
-62.2662019999999998
0
LINE
8
BLACK
6
CONTINUOUS
10
169.3581800000000044
20
-62.2662019999999998
11
169.3597759999999823
21
-62.2706349999999986
0
LINE
8
BLACK
6
CONTINUOUS
10
169.3597759999999823
20
-62.2706349999999986
11
169.3657049999999913
21
-62.2940599999999947
0
LINE
8
BLACK
6
CONTINUOUS
10
169.3657049999999913
20
-62.2940599999999947
11
169.3664109999999994
21
-62.2987229999999954
0
LINE
8
BLACK
6
CONTINUOUS
10
169.3664109999999994
20
-62.2987229999999954
11
169.3664129999999943
21
-62.2987289999999945
0
LINE
8
BLACK
6
CONTINUOUS
10
169.3664129999999943
20
-62.2987289999999945
11
169.3664139999999918
21
-62.2987299999999991
0
LINE
8
BLACK
6
CONTINUOUS
10
169.3664139999999918
20
-62.2987299999999991
11
169.3844780000000014
21
-62.3400649999999956
0
LINE
8
BLACK
6
CONTINUOUS
10
169.3844780000000014
20
-62.3400649999999956
11
169.3875249999999824
21
-62.3477180000000004
0
LINE
8
BLACK
6
CONTINUOUS
10
169.3875249999999824
20
-62.3477180000000004
11
169.4028169999999989
21
-62.3901970000000006
0
LINE
8
BLACK
6
CONTINUOUS
10
169.4028169999999989
20
-62.3901970000000006
11
169.4028179999999963
21
-62.3901989999999955
0
LINE
8
BLACK
6
CONTINUOUS
10
169.4028179999999963
20
-62.3901989999999955
11
169.4028189999999938
21
-62.3902000000000001
0
LINE
8
BLACK
6
CONTINUOUS
10
169.4028189999999938
20
-62.3902000000000001
11
169.4043470000000013
21
-62.3931619999999967
0
LINE
8
BLACK
6
CONTINUOUS
10
169.4043470000000013
20
-62.3931619999999967
11
169.4150889999999947
21
-62.4128079999999983
0
LINE
8
BLACK
6
CONTINUOUS
10
169.4150889999999947
20
-62.4128079999999983
11
169.7016509999999982
21
-63.1031689999999941
0
LINE
8
BLACK
6
CONTINUOUS
10
169.7016509999999982
20
-63.1031689999999941
11
169.7033359999999789
21
-63.107451999999995
0
LINE
8
BLACK
6
CONTINUOUS
10
169.7033359999999789
20
-63.107451999999995
11
169.7399219999999787
21
-63.2057450000000003
0
LINE
8
BLACK
6
CONTINUOUS
10
169.7399219999999787
20
-63.2057450000000003
11
169.7448589999999911
21
-63.2754399999999961
0
LINE
8
BLACK
6
CONTINUOUS
10
169.7448589999999911
20
-63.2754399999999961
11
169.7113329999999962
21
-63.3367399999999989
0
LINE
8
BLACK
6
CONTINUOUS
10
169.7113329999999962
20
-63.3367399999999989
11
169.6499869999999817
21
-63.3701839999999947
0
LINE
8
BLACK
6
CONTINUOUS
10
169.6499869999999817
20
-63.3701839999999947
11
169.6237109999999859
21
-63.3729999999999976
0
LINE
8
BLACK
6
CONTINUOUS
10
169.6237109999999859
20
-63.3729999999999976
11
164.8163270000000011
21
-63.3729999999999976
0
LINE
8
BLACK
6
CONTINUOUS
10
164.8163270000000011
20
-63.3729999999999976
11
164.7981340000000046
21
-63.3716579999999965
0
LINE
8
BLACK
6
CONTINUOUS
10
164.7981340000000046
20
-63.3716579999999965
11
164.5627340000000061
21
-63.3367399999999989
0
LINE
8
BLACK
6
CONTINUOUS
10
164.5627340000000061
20
-63.3367399999999989
11
164.4765989999999931
21
-63.3239629999999991
0
LINE
8
BLACK
6
CONTINUOUS
10
164.4765989999999931
20
-63.3239629999999991
11
164.4765969999999982
21
-63.3239619999999945
0
LINE
8
BLACK
6
CONTINUOUS
10
164.4765969999999982
20
-63.3239619999999945
11
164.4765909999999849
21
-63.3239619999999945
0
LINE
8
BLACK
6
CONTINUOUS
10
164.4765909999999849
20
-63.3239619999999945
11
164.0840000000000032
21
-63.304674999999996
0
LINE
8
BLACK
6
CONTINUOUS
10
164.0840000000000032
20
-63.304674999999996
11
163.6914089999999931
21
-63.3239619999999945
0
LINE
8
BLACK
6
CONTINUOUS
10
163.6914089999999931
20
-63.3239619999999945
11
163.6914029999999798
21
-63.3239619999999945
0
LINE
8
BLACK
6
CONTINUOUS
10
163.6914029999999798
20
-63.3239619999999945
11
163.6913999999999874
21
-63.3239629999999991
0
LINE
8
BLACK
6
CONTINUOUS
10
163.6913999999999874
20
-63.3239629999999991
11
163.5232560000000035
21
-63.3489049999999949
0
LINE
8
BLACK
6
CONTINUOUS
10
163.5232560000000035
20
-63.3489049999999949
11
163.3698650000000043
21
-63.3716579999999965
0
LINE
8
BLACK
6
CONTINUOUS
10
163.3698650000000043
20
-63.3716579999999965
11
163.3516730000000052
21
-63.3729999999999976
0
LINE
8
BLACK
6
CONTINUOUS
10
163.3516730000000052
20
-63.3729999999999976
11
154.9665159999999844
21
-63.3729999999999976
0
LINE
8
BLACK
6
CONTINUOUS
10
154.9665159999999844
20
-63.3729999999999976
11
154.8994769999999903
21
-63.3533149999999949
0
LINE
8
BLACK
6
CONTINUOUS
10
154.8994769999999903
20
-63.3533149999999949
11
154.8976069999999936
21
-63.3520899999999969
0
LINE
8
BLACK
6
CONTINUOUS
10
154.8976069999999936
20
-63.3520899999999969
11
154.447497999999996
21
-63.0512209999999982
0
LINE
8
BLACK
6
CONTINUOUS
10
154.447497999999996
20
-63.0512209999999982
11
153.9209909999999866
21
-62.7463659999999948
0
LINE
8
BLACK
6
CONTINUOUS
10
153.9209909999999866
20
-62.7463659999999948
11
153.375963999999982
21
-62.4760149999999967
0
LINE
8
BLACK
6
CONTINUOUS
10
153.375963999999982
20
-62.4760149999999967
11
152.8146859999999947
21
-62.2412909999999968
0
LINE
8
BLACK
6
CONTINUOUS
10
152.8146859999999947
20
-62.2412909999999968
11
152.8146839999999997
21
-62.2412899999999993
0
LINE
8
BLACK
6
CONTINUOUS
10
152.8146839999999997
20
-62.2412899999999993
11
152.2394559999999899
21
-62.0431589999999957
0
LINE
8
BLACK
6
CONTINUOUS
10
152.2394559999999899
20
-62.0431589999999957
11
152.2394170000000031
21
-62.0431469999999976
0
LINE
8
BLACK
6
CONTINUOUS
10
152.2394170000000031
20
-62.0431469999999976
11
151.6526690000000031
21
-61.882442999999995
0
LINE
8
BLACK
6
CONTINUOUS
10
151.6526690000000031
20
-61.882442999999995
11
151.6526509999999917
21
-61.882438999999998
0
LINE
8
BLACK
6
CONTINUOUS
10
151.6526509999999917
20
-61.882438999999998
11
151.0567319999999825
21
-61.7598059999999975
0
LINE
8
BLACK
6
CONTINUOUS
10
151.0567319999999825
20
-61.7598059999999975
11
150.4541859999999929
21
-61.6757679999999979
0
LINE
8
BLACK
6
CONTINUOUS
10
150.4541859999999929
20
-61.6757679999999979
11
149.8474669999999946
21
-61.6306669999999954
0
LINE
8
BLACK
6
CONTINUOUS
10
149.8474669999999946
20
-61.6306669999999954
11
149.2391120000000058
21
-61.624691999999996
0
LINE
8
BLACK
6
CONTINUOUS
10
149.2391120000000058
20
-61.624691999999996
11
149.2390929999999969
21
-61.6246930000000006
0
LINE
8
BLACK
6
CONTINUOUS
10
149.2390929999999969
20
-61.6246930000000006
11
149.1655499999999961
21
-61.6287090000000006
0
LINE
8
BLACK
6
CONTINUOUS
10
149.1655499999999961
20
-61.6287090000000006
11
148.6315969999999993
21
-61.657868999999998
0
LINE
8
BLACK
6
CONTINUOUS
10
148.6315969999999993
20
-61.657868999999998
11
148.0275000000000034
21
-61.7300579999999997
0
LINE
8
BLACK
6
CONTINUOUS
10
148.0275000000000034
20
-61.7300579999999997
11
147.429316
21
-61.8409580000000005
0
LINE
8
BLACK
6
CONTINUOUS
10
147.429316
20
-61.8409580000000005
11
146.8394649999999899
21
-61.990122999999997
0
LINE
8
BLACK
6
CONTINUOUS
10
146.8394649999999899
20
-61.990122999999997
11
146.8394600000000025
21
-61.9901239999999945
0
LINE
8
BLACK
6
CONTINUOUS
10
146.8394600000000025
20
-61.9901239999999945
11
146.2604519999999866
21
-62.1769199999999955
0
LINE
8
BLACK
6
CONTINUOUS
10
146.2604519999999866
20
-62.1769199999999955
11
145.6946719999999971
21
-62.4005729999999943
0
LINE
8
BLACK
6
CONTINUOUS
10
145.6946719999999971
20
-62.4005729999999943
11
145.6946700000000021
21
-62.4005739999999989
0
LINE
8
BLACK
6
CONTINUOUS
10
145.6946700000000021
20
-62.4005739999999989
11
145.1444259999999815
21
-62.6601739999999978
0
LINE
8
BLACK
6
CONTINUOUS
10
145.1444259999999815
20
-62.6601739999999978
11
145.144424999999984
21
-62.6601739999999978
0
LINE
8
BLACK
6
CONTINUOUS
10
145.144424999999984
20
-62.6601739999999978
11
144.6120509999999797
21
-62.9546209999999959
0
LINE
8
BLACK
6
CONTINUOUS
10
144.6120509999999797
20
-62.9546209999999959
11
144.099693000000002
21
-63.2827249999999992
0
LINE
8
BLACK
6
CONTINUOUS
10
144.099693000000002
20
-63.2827249999999992
11
144.0096779999999796
21
-63.3489049999999949
0
LINE
8
BLACK
6
CONTINUOUS
10
144.0096779999999796
20
-63.3489049999999949
11
143.9440050000000042
21
-63.3727559999999954
0
LINE
8
BLACK
6
CONTINUOUS
10
143.9440050000000042
20
-63.3727559999999954
11
143.9362279999999998
21
-63.3729999999999976
0
LINE
8
BLACK
6
CONTINUOUS
10
143.9362279999999998
20
-63.3729999999999976
11
135.6063269999999932
21
-63.3729999999999976
0
LINE
8
BLACK
6
CONTINUOUS
10
135.6063269999999932
20
-63.3729999999999976
11
135.5881339999999966
21
-63.3716579999999965
0
LINE
8
BLACK
6
CONTINUOUS
10
135.5881339999999966
20
-63.3716579999999965
11
135.3527339999999981
21
-63.3367399999999989
0
LINE
8
BLACK
6
CONTINUOUS
10
135.3527339999999981
20
-63.3367399999999989
11
135.2665989999999852
21
-63.3239629999999991
0
LINE
8
BLACK
6
CONTINUOUS
10
135.2665989999999852
20
-63.3239629999999991
11
135.2665969999999902
21
-63.3239619999999945
0
LINE
8
BLACK
6
CONTINUOUS
10
135.2665969999999902
20
-63.3239619999999945
11
135.2665910000000054
21
-63.3239619999999945
0
LINE
8
BLACK
6
CONTINUOUS
10
135.2665910000000054
20
-63.3239619999999945
11
134.8739999999999952
21
-63.304674999999996
0
LINE
8
BLACK
6
CONTINUOUS
10
134.8739999999999952
20
-63.304674999999996
11
134.4814089999999851
21
-63.3239619999999945
0
LINE
8
BLACK
6
CONTINUOUS
10
134.4814089999999851
20
-63.3239619999999945
11
134.4814030000000002
21
-63.3239619999999945
0
LINE
8
BLACK
6
CONTINUOUS
10
134.4814030000000002
20
-63.3239619999999945
11
134.4814000000000078
21
-63.3239629999999991
0
LINE
8
BLACK
6
CONTINUOUS
10
134.4814000000000078
20
-63.3239629999999991
11
134.3132559999999955
21
-63.3489049999999949
0
LINE
8
BLACK
6
CONTINUOUS
10
134.3132559999999955
20
-63.3489049999999949
11
134.1598649999999964
21
-63.3716579999999965
0
LINE
8
BLACK
6
CONTINUOUS
10
134.1598649999999964
20
-63.3716579999999965
11
134.1416729999999973
21
-63.3729999999999976
0
LINE
8
BLACK
6
CONTINUOUS
10
134.1416729999999973
20
-63.3729999999999976
11
129.2772649999999999
21
-63.3729999999999976
0
LINE
8
BLACK
6
CONTINUOUS
10
129.2772649999999999
20
-63.3729999999999976
11
129.2102260000000058
21
-63.3533149999999949
0
LINE
8
BLACK
6
CONTINUOUS
10
129.2102260000000058
20
-63.3533149999999949
11
129.1644709999999918
21
-63.3005110000000002
0
LINE
8
BLACK
6
CONTINUOUS
10
129.1644709999999918
20
-63.3005110000000002
11
129.1545270000000016
21
-63.2313529999999986
0
LINE
8
BLACK
6
CONTINUOUS
10
129.1545270000000016
20
-63.2313529999999986
11
129.1610540000000071
21
-63.2057450000000003
0
LINE
8
BLACK
6
CONTINUOUS
10
129.1610540000000071
20
-63.2057450000000003
11
129.1885249999999985
21
-63.1319400000000002
0
LINE
8
BLACK
6
CONTINUOUS
10
129.1885249999999985
20
-63.1319400000000002
11
129.1976599999999848
21
-63.1073939999999993
0
LINE
8
BLACK
6
CONTINUOUS
10
129.1976599999999848
20
-63.1073939999999993
11
129.1993429999999989
21
-63.1031189999999995
0
LINE
8
BLACK
6
CONTINUOUS
10
129.1993429999999989
20
-63.1031189999999995
11
129.3150019999999927
21
-62.8244819999999962
0
LINE
8
BLACK
6
CONTINUOUS
10
129.3150019999999927
20
-62.8244819999999962
11
129.4854809999999929
21
-62.4137759999999986
0
LINE
8
BLACK
6
CONTINUOUS
10
129.4854809999999929
20
-62.4137759999999986
11
129.4936339999999859
21
-62.39893
0
LINE
8
BLACK
6
CONTINUOUS
10
129.4936339999999859
20
-62.39893
11
129.4936179999999979
21
-62.3989219999999989
0
LINE
8
BLACK
6
CONTINUOUS
10
129.4936179999999979
20
-62.3989219999999989
11
129.497368999999992
21
-62.3917129999999958
0
LINE
8
BLACK
6
CONTINUOUS
10
129.497368999999992
20
-62.3917129999999958
11
129.497368999999992
21
-62.3917109999999937
0
LINE
8
BLACK
6
CONTINUOUS
10
129.497368999999992
20
-62.3917109999999937
11
129.4973719999999844
21
-62.3917079999999942
0
LINE
8
BLACK
6
CONTINUOUS
10
129.4973719999999844
20
-62.3917079999999942
11
129.5131820000000005
21
-62.3482509999999976
0
LINE
8
BLACK
6
CONTINUOUS
10
129.5131820000000005
20
-62.3482509999999976
11
129.5160559999999919
21
-62.3410650000000004
0
LINE
8
BLACK
6
CONTINUOUS
10
129.5160559999999919
20
-62.3410650000000004
11
129.5345669999999814
21
-62.2987119999999948
0
LINE
8
BLACK
6
CONTINUOUS
10
129.5345669999999814
20
-62.2987119999999948
11
129.5351090000000056
21
-62.2951249999999987
0
LINE
8
BLACK
6
CONTINUOUS
10
129.5351090000000056
20
-62.2951249999999987
11
129.5411919999999952
21
-62.2712649999999996
0
LINE
8
BLACK
6
CONTINUOUS
10
129.5411919999999952
20
-62.2712649999999996
11
129.542428000000001
21
-62.267868
0
LINE
8
BLACK
6
CONTINUOUS
10
129.542428000000001
20
-62.267868
11
129.5424270000000035
21
-62.267868
0
LINE
8
BLACK
6
CONTINUOUS
10
129.5424270000000035
20
-62.267868
11
129.5424289999999985
21
-62.2678659999999979
0
LINE
8
BLACK
6
CONTINUOUS
10
129.5424289999999985
20
-62.2678659999999979
11
129.5464509999999905
21
-62.2218199999999939
0
LINE
8
BLACK
6
CONTINUOUS
10
129.5464509999999905
20
-62.2218199999999939
11
129.5473719999999958
21
-62.2140979999999999
0
LINE
8
BLACK
6
CONTINUOUS
10
129.5473719999999958
20
-62.2140979999999999
11
129.5542879999999855
21
-62.1684119999999965
0
LINE
8
BLACK
6
CONTINUOUS
10
129.5542879999999855
20
-62.1684119999999965
11
129.5538829999999848
21
-62.1648069999999962
0
LINE
8
BLACK
6
CONTINUOUS
10
129.5538829999999848
20
-62.1648069999999962
11
129.5535830000000033
21
-62.1401909999999944
0
LINE
8
BLACK
6
CONTINUOUS
10
129.5535830000000033
20
-62.1401909999999944
11
129.5538990000000013
21
-62.1365819999999971
0
LINE
8
BLACK
6
CONTINUOUS
10
129.5538990000000013
20
-62.1365819999999971
11
129.5458720000000028
21
-62.0910949999999957
0
LINE
8
BLACK
6
CONTINUOUS
10
129.5458720000000028
20
-62.0910949999999957
11
129.5447570000000042
21
-62.0833579999999969
0
LINE
8
BLACK
6
CONTINUOUS
10
129.5447570000000042
20
-62.0833579999999969
11
129.5402519999999811
21
-62.0431539999999941
0
LINE
8
BLACK
6
CONTINUOUS
10
129.5402519999999811
20
-62.0431539999999941
11
129.5396130000000028
21
-62.0374470000000002
0
LINE
8
BLACK
6
CONTINUOUS
10
129.5396130000000028
20
-62.0374470000000002
11
129.5382869999999969
21
-62.0340629999999962
0
LINE
8
BLACK
6
CONTINUOUS
10
129.5382869999999969
20
-62.0340629999999962
11
129.531628999999981
21
-62.0103739999999988
0
LINE
8
BLACK
6
CONTINUOUS
10
129.531628999999981
20
-62.0103739999999988
11
129.53099899999998
21
-62.0068029999999979
0
LINE
8
BLACK
6
CONTINUOUS
10
129.53099899999998
20
-62.0068029999999979
11
129.5114580000000046
21
-61.9649119999999982
0
LINE
8
BLACK
6
CONTINUOUS
10
129.5114580000000046
20
-61.9649119999999982
11
129.508388999999994
21
-61.9577499999999972
0
LINE
8
BLACK
6
CONTINUOUS
10
129.508388999999994
20
-61.9577499999999972
11
129.4915450000000021
21
-61.9147549999999995
0
LINE
8
BLACK
6
CONTINUOUS
10
129.4915450000000021
20
-61.9147549999999995
11
129.4915409999999838
21
-61.9147439999999989
0
LINE
8
BLACK
6
CONTINUOUS
10
129.4915409999999838
20
-61.9147439999999989
11
129.4915399999999863
21
-61.9147429999999943
0
LINE
8
BLACK
6
CONTINUOUS
10
129.4915399999999863
20
-61.9147429999999943
11
129.4915409999999838
21
-61.9147429999999943
0
LINE
8
BLACK
6
CONTINUOUS
10
129.4915409999999838
20
-61.9147429999999943
11
129.4893909999999835
21
-61.9118269999999953
0
LINE
8
BLACK
6
CONTINUOUS
10
129.4893909999999835
20
-61.9118269999999953
11
129.476822999999996
21
-61.890661999999999
0
LINE
8
BLACK
6
CONTINUOUS
10
129.476822999999996
20
-61.890661999999999
11
129.4752890000000036
21
-61.8873719999999992
0
LINE
8
BLACK
6
CONTINUOUS
10
129.4752890000000036
20
-61.8873719999999992
11
129.4752869999999803
21
-61.8873699999999971
0
LINE
8
BLACK
6
CONTINUOUS
10
129.4752869999999803
20
-61.8873699999999971
11
129.4752869999999803
21
-61.8873689999999996
0
LINE
8
BLACK
6
CONTINUOUS
10
129.4752869999999803
20
-61.8873689999999996
11
129.4455859999999916
21
-61.851980999999995
0
LINE
8
BLACK
6
CONTINUOUS
10
129.4455859999999916
20
-61.851980999999995
11
129.4407510000000059
21
-61.8458380000000005
0
LINE
8
BLACK
6
CONTINUOUS
10
129.4407510000000059
20
-61.8458380000000005
11
129.4133500000000083
21
-61.8086629999999957
0
LINE
8
BLACK
6
CONTINUOUS
10
129.4133500000000083
20
-61.8086629999999957
11
129.4105089999999905
21
-61.8063949999999949
0
LINE
8
BLACK
6
CONTINUOUS
10
129.4105089999999905
20
-61.8063949999999949
11
129.3928960000000075
21
-61.7892060000000001
0
LINE
8
BLACK
6
CONTINUOUS
10
129.3928960000000075
20
-61.7892060000000001
11
129.3905680000000018
21
-61.7864319999999978
0
LINE
8
BLACK
6
CONTINUOUS
10
129.3905680000000018
20
-61.7864319999999978
11
129.3889309999999853
21
-61.7852859999999993
0
LINE
8
BLACK
6
CONTINUOUS
10
129.3889309999999853
20
-61.7852859999999993
11
129.352706999999981
21
-61.7599269999999976
0
LINE
8
BLACK
6
CONTINUOUS
10
129.352706999999981
20
-61.7599269999999976
11
129.3464809999999829
21
-61.7552699999999959
0
LINE
8
BLACK
6
CONTINUOUS
10
129.3464809999999829
20
-61.7552699999999959
11
129.3103669999999852
21
-61.7264339999999976
0
LINE
8
BLACK
6
CONTINUOUS
10
129.3103669999999852
20
-61.7264339999999976
11
129.3070260000000076
21
-61.724973999999996
0
LINE
8
BLACK
6
CONTINUOUS
10
129.3070260000000076
20
-61.724973999999996
11
129.2855869999999925
21
-61.7129419999999982
0
LINE
8
BLACK
6
CONTINUOUS
10
129.2855869999999925
20
-61.7129419999999982
11
129.282605999999987
21
-61.7108559999999997
0
LINE
8
BLACK
6
CONTINUOUS
10
129.282605999999987
20
-61.7108559999999997
11
129.2826049999999896
21
-61.7108549999999951
0
LINE
8
BLACK
6
CONTINUOUS
10
129.2826049999999896
20
-61.7108549999999951
11
129.2826029999999946
21
-61.7108539999999977
0
LINE
8
BLACK
6
CONTINUOUS
10
129.2826029999999946
20
-61.7108539999999977
11
129.2391959999999926
21
-61.6950620000000001
0
LINE
8
BLACK
6
CONTINUOUS
10
129.2391959999999926
20
-61.6950620000000001
11
129.2319459999999935
21
-61.6921630000000007
0
LINE
8
BLACK
6
CONTINUOUS
10
129.2319459999999935
20
-61.6921630000000007
11
129.2126169999999945
21
-61.6837149999999994
0
LINE
8
BLACK
6
CONTINUOUS
10
129.2126169999999945
20
-61.6837149999999994
11
129.1896089999999901
21
-61.6736599999999981
0
LINE
8
BLACK
6
CONTINUOUS
10
129.1896089999999901
20
-61.6736599999999981
11
129.1896059999999977
21
-61.6736590000000007
0
LINE
8
BLACK
6
CONTINUOUS
10
129.1896059999999977
20
-61.6736590000000007
11
129.1860079999999869
21
-61.6731149999999957
0
LINE
8
BLACK
6
CONTINUOUS
10
129.1860079999999869
20
-61.6731149999999957
11
129.1621779999999831
21
-61.6670400000000001
0
LINE
8
BLACK
6
CONTINUOUS
10
129.1621779999999831
20
-61.6670400000000001
11
123.5623119999999915
21
-59.629647999999996
0
LINE
8
BLACK
6
CONTINUOUS
10
123.5623119999999915
20
-59.629647999999996
11
123.5060429999999911
21
-59.5882289999999983
0
LINE
8
BLACK
6
CONTINUOUS
10
123.5060429999999911
20
-59.5882289999999983
11
123.4810990000000004
21
-59.5229629999999972
0
LINE
8
BLACK
6
CONTINUOUS
10
123.4810990000000004
20
-59.5229629999999972
11
123.4912579999999878
21
-59.4630709999999993
0
LINE
8
BLACK
6
CONTINUOUS
10
123.4912579999999878
20
-59.4630709999999993
11
123.6394289999999927
21
-59.1272329999999968
0
LINE
8
BLACK
6
CONTINUOUS
10
123.6394289999999927
20
-59.1272329999999968
11
123.6412879999999888
21
-59.1232199999999963
0
LINE
8
BLACK
6
CONTINUOUS
10
123.6412879999999888
20
-59.1232199999999963
11
124.0412469999999985
21
-58.2987109999999973
0
LINE
8
BLACK
6
CONTINUOUS
10
124.0412469999999985
20
-58.2987109999999973
11
124.087892999999994
21
-58.2025499999999951
0
LINE
8
BLACK
6
CONTINUOUS
10
124.087892999999994
20
-58.2025499999999951
11
124.0898899999999969
21
-58.1986159999999941
0
LINE
8
BLACK
6
CONTINUOUS
10
124.0898899999999969
20
-58.1986159999999941
11
124.569502
21
-57.2946139999999957
0
LINE
8
BLACK
6
CONTINUOUS
10
124.569502
20
-57.2946139999999957
11
124.5716180000000008
21
-57.2907960000000003
0
LINE
8
BLACK
6
CONTINUOUS
10
124.5716180000000008
20
-57.2907960000000003
11
125.0835719999999895
21
-56.4047199999999975
0
LINE
8
BLACK
6
CONTINUOUS
10
125.0835719999999895
20
-56.4047199999999975
11
125.0858249999999998
21
-56.4009769999999975
0
LINE
8
BLACK
6
CONTINUOUS
10
125.0858249999999998
20
-56.4009769999999975
11
125.6294579999999996
21
-55.5339740000000006
0
LINE
8
BLACK
6
CONTINUOUS
10
125.6294579999999996
20
-55.5339740000000006
11
125.6318720000000013
21
-55.5302739999999986
0
LINE
8
BLACK
6
CONTINUOUS
10
125.6318720000000013
20
-55.5302739999999986
11
126.2064510000000013
21
-54.6835120000000003
0
LINE
8
BLACK
6
CONTINUOUS
10
126.2064510000000013
20
-54.6835120000000003
11
126.2090249999999969
21
-54.6798629999999974
0
LINE
8
BLACK
6
CONTINUOUS
10
126.2090249999999969
20
-54.6798629999999974
11
126.2214809999999972
21
-54.6628629999999944
0
LINE
8
BLACK
6
CONTINUOUS
10
126.2214809999999972
20
-54.6628629999999944
11
126.8137969999999939
21
-53.8544440000000009
0
LINE
8
BLACK
6
CONTINUOUS
10
126.8137969999999939
20
-53.8544440000000009
11
126.8164790000000011
21
-53.8509189999999975
0
LINE
8
BLACK
6
CONTINUOUS
10
126.8164790000000011
20
-53.8509189999999975
11
127.4506979999999885
21
-53.047861999999995
0
LINE
8
BLACK
6
CONTINUOUS
10
127.4506979999999885
20
-53.047861999999995
11
127.453528999999989
21
-53.0444089999999946
0
LINE
8
BLACK
6
CONTINUOUS
10
127.453528999999989
20
-53.0444089999999946
11
128.1163379999999847
21
-52.2647989999999965
0
LINE
8
BLACK
6
CONTINUOUS
10
128.1163379999999847
20
-52.2647989999999965
11
128.1192230000000052
21
-52.2615259999999964
0
LINE
8
BLACK
6
CONTINUOUS
10
128.1192230000000052
20
-52.2615259999999964
11
128.809820000000002
21
-51.5063129999999987
0
LINE
8
BLACK
6
CONTINUOUS
10
128.809820000000002
20
-51.5063129999999987
11
128.8128559999999823
21
-51.503110999999997
0
LINE
8
BLACK
6
CONTINUOUS
10
128.8128559999999823
20
-51.503110999999997
11
129.5302529999999877
21
-50.7733749999999944
0
LINE
8
BLACK
6
CONTINUOUS
10
129.5302529999999877
20
-50.7733749999999944
11
129.5334019999999953
21
-50.7702859999999987
0
LINE
8
BLACK
6
CONTINUOUS
10
129.5334019999999953
20
-50.7702859999999987
11
130.2766570000000002
21
-50.0669800000000009
0
LINE
8
BLACK
6
CONTINUOUS
10
130.2766570000000002
20
-50.0669800000000009
11
130.2799379999999871
21
-50.0639849999999953
0
LINE
8
BLACK
6
CONTINUOUS
10
130.2799379999999871
20
-50.0639849999999953
11
131.0481920000000002
21
-49.3879249999999956
0
LINE
8
BLACK
6
CONTINUOUS
10
131.0481920000000002
20
-49.3879249999999956
11
131.0515330000000063
21
-49.3850909999999956
0
LINE
8
BLACK
6
CONTINUOUS
10
131.0515330000000063
20
-49.3850909999999956
11
131.8436609999999973
21
-48.7372689999999977
0
LINE
8
BLACK
6
CONTINUOUS
10
131.8436609999999973
20
-48.7372689999999977
11
131.8471179999999947
21
-48.7345439999999996
0
LINE
8
BLACK
6
CONTINUOUS
10
131.8471179999999947
20
-48.7345439999999996
11
132.6621549999999843
21
-48.1157449999999969
0
LINE
8
BLACK
6
CONTINUOUS
10
132.6621549999999843
20
-48.1157449999999969
11
132.6657449999999869
21
-48.1131219999999971
0
LINE
8
BLACK
6
CONTINUOUS
10
132.6657449999999869
20
-48.1131219999999971
11
133.502568999999994
21
-47.5241989999999959
0
LINE
8
BLACK
6
CONTINUOUS
10
133.502568999999994
20
-47.5241989999999959
11
133.5062289999999905
21
-47.5217209999999994
0
LINE
8
BLACK
6
CONTINUOUS
10
133.5062289999999905
20
-47.5217209999999994
11
134.3637960000000078
21
-46.9634080000000012
0
LINE
8
BLACK
6
CONTINUOUS
10
134.3637960000000078
20
-46.9634080000000012
11
134.3675499999999943
21
-46.9610589999999988
0
LINE
8
BLACK
6
CONTINUOUS
10
134.3675499999999943
20
-46.9610589999999988
11
135.2447520000000054
21
-46.434078999999997
0
LINE
8
BLACK
6
CONTINUOUS
10
135.2447520000000054
20
-46.434078999999997
11
135.248581999999999
21
-46.4318719999999985
0
LINE
8
BLACK
6
CONTINUOUS
10
135.248581999999999
20
-46.4318719999999985
11
136.1442069999999944
21
-45.936949999999996
0
LINE
8
BLACK
6
CONTINUOUS
10
136.1442069999999944
20
-45.936949999999996
11
136.1481330000000014
21
-45.9348719999999986
0
LINE
8
BLACK
6
CONTINUOUS
10
136.1481330000000014
20
-45.9348719999999986
11
137.0610460000000046
21
-45.4726369999999989
0
LINE
8
BLACK
6
CONTINUOUS
10
137.0610460000000046
20
-45.4726369999999989
11
137.0650569999999959
21
-45.4706959999999967
0
LINE
8
BLACK
6
CONTINUOUS
10
137.0650569999999959
20
-45.4706959999999967
11
137.9941389999999899
21
-45.0417130000000014
0
LINE
8
BLACK
6
CONTINUOUS
10
137.9941389999999899
20
-45.0417130000000014
11
137.9981429999999989
21
-45.039950999999995
0
LINE
8
BLACK
6
CONTINUOUS
10
137.9981429999999989
20
-45.039950999999995
11
138.9421299999999917
21
-44.6448099999999997
0
LINE
8
BLACK
6
CONTINUOUS
10
138.9421299999999917
20
-44.6448099999999997
11
138.9461900000000014
21
-44.6431959999999961
0
LINE
8
BLACK
6
CONTINUOUS
10
138.9461900000000014
20
-44.6431959999999961
11
139.9038249999999834
21
-44.2824209999999994
0
LINE
8
BLACK
6
CONTINUOUS
10
139.9038249999999834
20
-44.2824209999999994
11
139.9079459999999813
21
-44.2809519999999992
0
LINE
8
BLACK
6
CONTINUOUS
10
139.9079459999999813
20
-44.2809519999999992
11
140.8779920000000061
21
-43.9550100000000015
0
LINE
8
BLACK
6
CONTINUOUS
10
140.8779920000000061
20
-43.9550100000000015
11
140.8821979999999883
21
-43.953680999999996
0
LINE
8
BLACK
6
CONTINUOUS
10
140.8821979999999883
20
-43.953680999999996
11
141.3503499999999917
21
-43.814986999999995
0
LINE
8
BLACK
6
CONTINUOUS
10
141.3503499999999917
20
-43.814986999999995
11
141.4202169999999796
21
-43.814819
0
LINE
8
BLACK
6
CONTINUOUS
10
141.4202169999999796
20
-43.814819
11
141.4790859999999952
21
-43.852450999999995
0
LINE
8
BLACK
6
CONTINUOUS
10
141.4790859999999952
20
-43.852450999999995
11
141.4987209999999891
21
-43.8831569999999971
0
LINE
8
BLACK
6
CONTINUOUS
10
141.4987209999999891
20
-43.8831569999999971
11
144.5504310000000032
21
-50.6908199999999951
0
LINE
8
BLACK
6
CONTINUOUS
10
144.5504310000000032
20
-50.6908199999999951
11
144.5585039999999992
21
-50.7154529999999966
0
LINE
8
BLACK
6
CONTINUOUS
10
144.5585039999999992
20
-50.7154529999999966
11
144.5585529999999892
21
-50.715683999999996
0
LINE
8
BLACK
6
CONTINUOUS
10
144.5585529999999892
20
-50.715683999999996
11
144.5585549999999841
21
-50.7156880000000001
0
LINE
8
BLACK
6
CONTINUOUS
10
144.5585549999999841
20
-50.7156880000000001
11
144.5811659999999961
21
-50.7597949999999969
0
LINE
8
BLACK
6
CONTINUOUS
10
144.5811659999999961
20
-50.7597949999999969
11
144.5839650000000063
21
-50.765626999999995
0
LINE
8
BLACK
6
CONTINUOUS
10
144.5839650000000063
20
-50.765626999999995
11
144.6042400000000043
21
-50.8108569999999986
0
LINE
8
BLACK
6
CONTINUOUS
10
144.6042400000000043
20
-50.8108569999999986
11
144.6042429999999968
21
-50.8108609999999956
0
LINE
8
BLACK
6
CONTINUOUS
10
144.6042429999999968
20
-50.8108609999999956
11
144.6043980000000033
21
-50.8110519999999966
0
LINE
8
BLACK
6
CONTINUOUS
10
144.6043980000000033
20
-50.8110519999999966
11
144.6185600000000022
21
-50.8327389999999966
0
LINE
8
BLACK
6
CONTINUOUS
10
144.6185600000000022
20
-50.8327389999999966
11
144.6186699999999803
21
-50.8329540000000009
0
LINE
8
BLACK
6
CONTINUOUS
10
144.6186699999999803
20
-50.8329540000000009
11
144.6186749999999961
21
-50.8329609999999974
0
LINE
8
BLACK
6
CONTINUOUS
10
144.6186749999999961
20
-50.8329609999999974
11
144.651931999999988
21
-50.8697139999999948
0
LINE
8
BLACK
6
CONTINUOUS
10
144.651931999999988
20
-50.8697139999999948
11
144.6561439999999834
21
-50.8746200000000002
0
LINE
8
BLACK
6
CONTINUOUS
10
144.6561439999999834
20
-50.8746200000000002
11
144.6874369999999885
21
-50.9130639999999985
0
LINE
8
BLACK
6
CONTINUOUS
10
144.6874369999999885
20
-50.9130639999999985
11
144.687439999999981
21
-50.9130660000000006
0
LINE
8
BLACK
6
CONTINUOUS
10
144.687439999999981
20
-50.9130660000000006
11
144.6874420000000043
21
-50.9130679999999955
0
LINE
8
BLACK
6
CONTINUOUS
10
144.6874420000000043
20
-50.9130679999999955
11
144.6876220000000046
21
-50.9131979999999942
0
LINE
8
BLACK
6
CONTINUOUS
10
144.6876220000000046
20
-50.9131979999999942
11
144.7069349999999872
21
-50.930499999999995
0
LINE
8
BLACK
6
CONTINUOUS
10
144.7069349999999872
20
-50.930499999999995
11
144.7070919999999887
21
-50.9306739999999962
0
LINE
8
BLACK
6
CONTINUOUS
10
144.7070919999999887
20
-50.9306739999999962
11
144.7070939999999837
21
-50.9306759999999983
0
LINE
8
BLACK
6
CONTINUOUS
10
144.7070939999999837
20
-50.9306759999999983
11
144.7487449999999853
21
-50.957577999999998
0
LINE
8
BLACK
6
CONTINUOUS
10
144.7487449999999853
20
-50.957577999999998
11
144.754097999999999
21
-50.9612379999999945
0
LINE
8
BLACK
6
CONTINUOUS
10
144.754097999999999
20
-50.9612379999999945
11
144.7708549999999832
21
-50.9733469999999969
0
LINE
8
BLACK
6
CONTINUOUS
10
144.7708549999999832
20
-50.9733469999999969
11
144.7942489999999793
21
-50.9902540000000002
0
LINE
8
BLACK
6
CONTINUOUS
10
144.7942489999999793
20
-50.9902540000000002
11
144.7944619999999816
21
-50.9903349999999946
0
LINE
8
BLACK
6
CONTINUOUS
10
144.7944619999999816
20
-50.9903349999999946
11
144.8176009999999962
21
-51.0020509999999945
0
LINE
8
BLACK
6
CONTINUOUS
10
144.8176009999999962
20
-51.0020509999999945
11
144.8177969999999846
21
-51.0021780000000007
0
LINE
8
BLACK
6
CONTINUOUS
10
144.8177969999999846
20
-51.0021780000000007
11
144.8650250000000028
21
-51.0173939999999959
0
LINE
8
BLACK
6
CONTINUOUS
10
144.8650250000000028
20
-51.0173939999999959
11
144.8710679999999797
21
-51.0195179999999979
0
LINE
8
BLACK
6
CONTINUOUS
10
144.8710679999999797
20
-51.0195179999999979
11
144.9173999999999864
21
-51.0371680000000012
0
LINE
8
BLACK
6
CONTINUOUS
10
144.9173999999999864
20
-51.0371680000000012
11
144.9176259999999843
21
-51.037191
0
LINE
8
BLACK
6
CONTINUOUS
10
144.9176259999999843
20
-51.037191
11
144.9430089999999893
21
-51.0425199999999961
0
LINE
8
BLACK
6
CONTINUOUS
10
144.9430089999999893
20
-51.0425199999999961
11
144.9432319999999947
21
-51.0425919999999991
0
LINE
8
BLACK
6
CONTINUOUS
10
144.9432319999999947
20
-51.0425919999999991
11
144.9927419999999927
21
-51.0450619999999944
0
LINE
8
BLACK
6
CONTINUOUS
10
144.9927419999999927
20
-51.0450619999999944
11
144.9991870000000063
21
-51.0455529999999982
0
LINE
8
BLACK
6
CONTINUOUS
10
144.9991870000000063
20
-51.0455529999999982
11
145.0484960000000001
21
-51.0506109999999964
0
LINE
8
BLACK
6
CONTINUOUS
10
145.0484960000000001
20
-51.0506109999999964
11
145.048720000000003
21
-51.0505749999999949
0
LINE
8
BLACK
6
CONTINUOUS
10
145.048720000000003
20
-51.0505749999999949
11
145.0746169999999893
21
-51.0491509999999948
0
LINE
8
BLACK
6
CONTINUOUS
10
145.0746169999999893
20
-51.0491509999999948
11
145.0748519999999928
21
-51.0491630000000001
0
LINE
8
BLACK
6
CONTINUOUS
10
145.0748519999999928
20
-51.0491630000000001
11
145.1233110000000011
21
-51.0387360000000001
0
LINE
8
BLACK
6
CONTINUOUS
10
145.1233110000000011
20
-51.0387360000000001
11
145.1296639999999911
21
-51.0375419999999949
0
LINE
8
BLACK
6
CONTINUOUS
10
145.1296639999999911
20
-51.0375419999999949
11
145.1786050000000046
21
-51.0296639999999968
0
LINE
8
BLACK
6
CONTINUOUS
10
145.1786050000000046
20
-51.0296639999999968
11
145.1786089999999945
21
-51.0296619999999947
0
LINE
8
BLACK
6
CONTINUOUS
10
145.1786089999999945
20
-51.0296619999999947
11
145.1863940000000071
21
-51.0273350000000008
0
LINE
8
BLACK
6
CONTINUOUS
10
145.1863940000000071
20
-51.0273350000000008
11
145.1865499999999827
21
-51.0278589999999994
0
LINE
8
BLACK
6
CONTINUOUS
10
145.1865499999999827
20
-51.0278589999999994
11
145.2004230000000007
21
-51.0234680000000012
0
LINE
8
BLACK
6
CONTINUOUS
10
145.2004230000000007
20
-51.0234680000000012
11
145.9711369999999988
21
-50.8743009999999956
0
LINE
8
BLACK
6
CONTINUOUS
10
145.9711369999999988
20
-50.8743009999999956
11
145.9761210000000062
21
-50.8734429999999946
0
LINE
8
BLACK
6
CONTINUOUS
10
145.9761210000000062
20
-50.8734429999999946
11
146.8114280000000065
21
-50.7474409999999949
0
LINE
8
BLACK
6
CONTINUOUS
10
146.8114280000000065
20
-50.7474409999999949
11
146.8165039999999806
21
-50.7467830000000006
0
LINE
8
BLACK
6
CONTINUOUS
10
146.8165039999999806
20
-50.7467830000000006
11
147.6562649999999906
21
-50.6555189999999982
0
LINE
8
BLACK
6
CONTINUOUS
10
147.6562649999999906
20
-50.6555189999999982
11
147.6613370000000032
21
-50.655073999999999
0
LINE
8
BLACK
6
CONTINUOUS
10
147.6613370000000032
20
-50.655073999999999
11
148.504226999999986
21
-50.5986929999999973
0
LINE
8
BLACK
6
CONTINUOUS
10
148.504226999999986
20
-50.5986929999999973
11
148.5093169999999816
21
-50.5984599999999958
0
LINE
8
BLACK
6
CONTINUOUS
10
148.5093169999999816
20
-50.5984599999999958
11
149.3537529999999833
21
-50.5770669999999996
0
LINE
8
BLACK
6
CONTINUOUS
10
149.3537529999999833
20
-50.5770669999999996
11
149.3588609999999903
21
-50.5770440000000008
0
LINE
8
BLACK
6
CONTINUOUS
10
149.3588609999999903
20
-50.5770440000000008
11
150.2035129999999867
21
-50.5906749999999974
0
LINE
8
BLACK
6
CONTINUOUS
10
150.2035129999999867
20
-50.5906749999999974
11
150.2085869999999943
21
-50.5908619999999942
0
LINE
8
BLACK
6
CONTINUOUS
10
150.2085869999999943
20
-50.5908619999999942
11
151.0519199999999955
21
-50.6394929999999945
0
LINE
8
BLACK
6
CONTINUOUS
10
151.0519199999999955
20
-50.6394929999999945
11
151.0569919999999797
21
-50.6398900000000012
0
LINE
8
BLACK
6
CONTINUOUS
10
151.0569919999999797
20
-50.6398900000000012
11
151.8976040000000012
21
-50.7234379999999945
0
LINE
8
BLACK
6
CONTINUOUS
10
151.8976040000000012
20
-50.7234379999999945
11
151.9026369999999986
21
-50.7240429999999947
0
LINE
8
BLACK
6
CONTINUOUS
10
151.9026369999999986
20
-50.7240429999999947
11
152.7390999999999792
21
-50.8423689999999979
0
LINE
8
BLACK
6
CONTINUOUS
10
152.7390999999999792
20
-50.8423689999999979
11
152.7440979999999797
21
-50.8431819999999988
0
LINE
8
BLACK
6
CONTINUOUS
10
152.7440979999999797
20
-50.8431819999999988
11
153.514064999999988
21
-50.9848759999999999
0
LINE
8
BLACK
6
CONTINUOUS
10
153.514064999999988
20
-50.9848759999999999
11
153.5271439999999927
21
-50.9880259999999979
0
LINE
8
BLACK
6
CONTINUOUS
10
153.5271439999999927
20
-50.9880259999999979
11
153.5335560000000044
21
-50.9899419999999992
0
LINE
8
BLACK
6
CONTINUOUS
10
153.5335560000000044
20
-50.9899419999999992
11
153.5335589999999968
21
-50.9899439999999942
0
LINE
8
BLACK
6
CONTINUOUS
10
153.5335589999999968
20
-50.9899439999999942
11
153.5589339999999936
21
-50.9940289999999976
0
LINE
8
BLACK
6
CONTINUOUS
10
153.5589339999999936
20
-50.9940289999999976
11
153.5853139999999826
21
-50.9982769999999945
0
LINE
8
BLACK
6
CONTINUOUS
10
153.5853139999999826
20
-50.9982769999999945
11
153.5905679999999904
21
-50.9992389999999958
0
LINE
8
BLACK
6
CONTINUOUS
10
153.5905679999999904
20
-50.9992389999999958
11
153.6033589999999833
21
-51.0018679999999947
0
LINE
8
BLACK
6
CONTINUOUS
10
153.6033589999999833
20
-51.0018679999999947
11
153.6419379999999819
21
-51.0097979999999964
0
LINE
8
BLACK
6
CONTINUOUS
10
153.6419379999999819
20
-51.0097979999999964
11
153.6419410000000028
21
-51.0097969999999989
0
LINE
8
BLACK
6
CONTINUOUS
10
153.6419410000000028
20
-51.0097969999999989
11
153.6419420000000002
21
-51.0097979999999964
0
LINE
8
BLACK
6
CONTINUOUS
10
153.6419420000000002
20
-51.0097979999999964
11
153.6500519999999881
21
-51.0103819999999999
0
LINE
8
BLACK
6
CONTINUOUS
10
153.6500519999999881
20
-51.0103819999999999
11
153.6500429999999824
21
-51.0104989999999958
0
LINE
8
BLACK
6
CONTINUOUS
10
153.6500429999999824
20
-51.0104989999999958
11
153.6555349999999862
21
-51.0107749999999953
0
LINE
8
BLACK
6
CONTINUOUS
10
153.6555349999999862
20
-51.0107749999999953
11
153.6555390000000045
21
-51.0106569999999948
0
LINE
8
BLACK
6
CONTINUOUS
10
153.6555390000000045
20
-51.0106569999999948
11
153.663659999999993
21
-51.0108889999999988
0
LINE
8
BLACK
6
CONTINUOUS
10
153.663659999999993
20
-51.0108889999999988
11
153.6636680000000013
21
-51.0108910000000009
0
LINE
8
BLACK
6
CONTINUOUS
10
153.6636680000000013
20
-51.0108910000000009
11
153.7158389999999883
21
-51.0055399999999963
0
LINE
8
BLACK
6
CONTINUOUS
10
153.7158389999999883
20
-51.0055399999999963
11
153.7211179999999899
21
-51.0051129999999944
0
LINE
8
BLACK
6
CONTINUOUS
10
153.7211179999999899
20
-51.0051129999999944
11
153.7734920000000045
21
-51.0020169999999951
0
LINE
8
BLACK
6
CONTINUOUS
10
153.7734920000000045
20
-51.0020169999999951
11
153.7734939999999995
21
-51.0020159999999976
0
LINE
8
BLACK
6
CONTINUOUS
10
153.7734939999999995
20
-51.0020159999999976
11
153.7734969999999919
21
-51.0020159999999976
0
LINE
8
BLACK
6
CONTINUOUS
10
153.7734969999999919
20
-51.0020159999999976
11
153.7814779999999928
21
-51.0004819999999981
0
LINE
8
BLACK
6
CONTINUOUS
10
153.7814779999999928
20
-51.0004819999999981
11
153.7814999999999941
21
-51.0005969999999991
0
LINE
8
BLACK
6
CONTINUOUS
10
153.7814999999999941
20
-51.0005969999999991
11
153.7868839999999864
21
-50.9994399999999999
0
LINE
8
BLACK
6
CONTINUOUS
10
153.7868839999999864
20
-50.9994399999999999
11
153.7868569999999977
21
-50.9993259999999964
0
LINE
8
BLACK
6
CONTINUOUS
10
153.7868569999999977
20
-50.9993259999999964
11
153.7947560000000067
21
-50.997448999999996
0
LINE
8
BLACK
6
CONTINUOUS
10
153.7947560000000067
20
-50.997448999999996
11
153.7947639999999865
21
-50.997448999999996
0
LINE
8
BLACK
6
CONTINUOUS
10
153.7947639999999865
20
-50.997448999999996
11
153.8437779999999862
21
-50.9787749999999988
0
LINE
8
BLACK
6
CONTINUOUS
10
153.8437779999999862
20
-50.9787749999999988
11
153.8487739999999917
21
-50.9769939999999977
0
LINE
8
BLACK
6
CONTINUOUS
10
153.8487739999999917
20
-50.9769939999999977
11
153.8985500000000002
21
-50.9604519999999965
0
LINE
8
BLACK
6
CONTINUOUS
10
153.8985500000000002
20
-50.9604519999999965
11
153.89855799999998
21
-50.9604459999999975
0
LINE
8
BLACK
6
CONTINUOUS
10
153.89855799999998
20
-50.9604459999999975
11
153.9058599999999899
21
-50.9569039999999944
0
LINE
8
BLACK
6
CONTINUOUS
10
153.9058599999999899
20
-50.9569039999999944
11
153.9059110000000032
21
-50.9570099999999968
0
LINE
8
BLACK
6
CONTINUOUS
10
153.9059110000000032
20
-50.9570099999999968
11
153.9108180000000061
21
-50.9544969999999964
0
LINE
8
BLACK
6
CONTINUOUS
10
153.9108180000000061
20
-50.9544969999999964
11
153.9107630000000029
21
-50.9543940000000006
0
LINE
8
BLACK
6
CONTINUOUS
10
153.9107630000000029
20
-50.9543940000000006
11
153.9179079999999828
21
-50.9505359999999996
0
LINE
8
BLACK
6
CONTINUOUS
10
153.9179079999999828
20
-50.9505359999999996
11
153.9179149999999936
21
-50.9505339999999975
0
LINE
8
BLACK
6
CONTINUOUS
10
153.9179149999999936
20
-50.9505339999999975
11
153.9604309999999998
21
-50.9198069999999987
0
LINE
8
BLACK
6
CONTINUOUS
10
153.9604309999999998
20
-50.9198069999999987
11
153.9647879999999986
21
-50.9167989999999975
0
LINE
8
BLACK
6
CONTINUOUS
10
153.9647879999999986
20
-50.9167989999999975
11
153.9958189999999831
21
-50.8963499999999982
0
LINE
8
BLACK
6
CONTINUOUS
10
153.9958189999999831
20
-50.8963499999999982
11
154.0085849999999823
21
-50.8879389999999958
0
LINE
8
BLACK
6
CONTINUOUS
10
154.0085849999999823
20
-50.8879389999999958
11
154.0085859999999798
21
-50.8879370000000009
0
LINE
8
BLACK
6
CONTINUOUS
10
154.0085859999999798
20
-50.8879370000000009
11
154.0085890000000006
21
-50.8879359999999963
0
LINE
8
BLACK
6
CONTINUOUS
10
154.0085890000000006
20
-50.8879359999999963
11
154.0085899999999981
21
-50.8879329999999968
0
LINE
8
BLACK
6
CONTINUOUS
10
154.0085899999999981
20
-50.8879329999999968
11
154.0147289999999884
21
-50.8826189999999983
0
LINE
8
BLACK
6
CONTINUOUS
10
154.0147289999999884
20
-50.8826189999999983
11
154.014805999999993
21
-50.8827080000000009
0
LINE
8
BLACK
6
CONTINUOUS
10
154.014805999999993
20
-50.8827080000000009
11
154.0188990000000047
21
-50.8790069999999943
0
LINE
8
BLACK
6
CONTINUOUS
10
154.0188990000000047
20
-50.8790069999999943
11
154.0188179999999818
21
-50.8789219999999958
0
LINE
8
BLACK
6
CONTINUOUS
10
154.0188179999999818
20
-50.8789219999999958
11
154.024721999999997
21
-50.8733469999999954
0
LINE
8
BLACK
6
CONTINUOUS
10
154.024721999999997
20
-50.8733469999999954
11
154.0247269999999844
21
-50.8733439999999959
0
LINE
8
BLACK
6
CONTINUOUS
10
154.0247269999999844
20
-50.8733439999999959
11
154.0578439999999887
21
-50.832657999999995
0
LINE
8
BLACK
6
CONTINUOUS
10
154.0578439999999887
20
-50.832657999999995
11
154.0612629999999967
21
-50.8286389999999955
0
LINE
8
BLACK
6
CONTINUOUS
10
154.0612629999999967
20
-50.8286389999999955
11
154.0961099999999817
21
-50.7894119999999987
0
LINE
8
BLACK
6
CONTINUOUS
10
154.0961099999999817
20
-50.7894119999999987
11
154.0961120000000051
21
-50.7894059999999996
0
LINE
8
BLACK
6
CONTINUOUS
10
154.0961120000000051
20
-50.7894059999999996
11
154.1006689999999821
21
-50.7826820000000012
0
LINE
8
BLACK
6
CONTINUOUS
10
154.1006689999999821
20
-50.7826820000000012
11
154.100765999999993
21
-50.782747999999998
0
LINE
8
BLACK
6
CONTINUOUS
10
154.100765999999993
20
-50.782747999999998
11
154.1037550000000067
21
-50.7781249999999957
0
LINE
8
BLACK
6
CONTINUOUS
10
154.1037550000000067
20
-50.7781249999999957
11
154.1036540000000059
21
-50.778062999999996
0
LINE
8
BLACK
6
CONTINUOUS
10
154.1036540000000059
20
-50.778062999999996
11
154.1079139999999938
21
-50.7711469999999991
0
LINE
8
BLACK
6
CONTINUOUS
10
154.1079139999999938
20
-50.7711469999999991
11
154.1079210000000046
21
-50.7711399999999955
0
LINE
8
BLACK
6
CONTINUOUS
10
154.1079210000000046
20
-50.7711399999999955
11
154.1293929999999932
21
-50.7232369999999975
0
LINE
8
BLACK
6
CONTINUOUS
10
154.1293929999999932
20
-50.7232369999999975
11
154.1316259999999829
21
-50.7185309999999987
0
LINE
8
BLACK
6
CONTINUOUS
10
154.1316259999999829
20
-50.7185309999999987
11
154.1551489999999944
21
-50.6715919999999969
0
LINE
8
BLACK
6
CONTINUOUS
10
154.1551489999999944
20
-50.6715919999999969
11
154.1551499999999919
21
-50.6715889999999973
0
LINE
8
BLACK
6
CONTINUOUS
10
154.1551499999999919
20
-50.6715889999999973
11
154.1578120000000069
21
-50.6639089999999968
0
LINE
8
BLACK
6
CONTINUOUS
10
154.1578120000000069
20
-50.6639089999999968
11
154.1579209999999875
21
-50.6639459999999957
0
LINE
8
BLACK
6
CONTINUOUS
10
154.1579209999999875
20
-50.6639459999999957
11
154.162918999999988
21
-50.6484489999999994
0
LINE
8
BLACK
6
CONTINUOUS
10
154.162918999999988
20
-50.6484489999999994
11
157.2149090000000058
21
-43.8401649999999989
0
LINE
8
BLACK
6
CONTINUOUS
10
157.2149090000000058
20
-43.8401649999999989
11
157.2602919999999926
21
-43.7870459999999966
0
LINE
8
BLACK
6
CONTINUOUS
10
157.2602919999999926
20
-43.7870459999999966
11
157.3271929999999941
21
-43.7668940000000006
0
LINE
8
BLACK
6
CONTINUOUS
10
157.3271929999999941
20
-43.7668940000000006
11
157.3625030000000038
21
-43.7717710000000011
0
LINE
8
BLACK
6
CONTINUOUS
10
171.0882139999999936
20
-56.6011609999999976
11
170.8538949999999943
21
-56.6639470000000003
0
LINE
8
BLACK
6
CONTINUOUS
10
170.8538949999999943
20
-56.6639470000000003
11
170.629794000000004
21
-56.7567729999999955
0
LINE
8
BLACK
6
CONTINUOUS
10
170.629794000000004
20
-56.7567729999999955
11
170.6297849999999983
21
-56.7567769999999996
0
LINE
8
BLACK
6
CONTINUOUS
10
170.6297849999999983
20
-56.7567769999999996
11
170.4197059999999908
21
-56.8780669999999944
0
LINE
8
BLACK
6
CONTINUOUS
10
170.4197059999999908
20
-56.8780669999999944
11
170.2272629999999936
21
-57.0257329999999953
0
LINE
8
BLACK
6
CONTINUOUS
10
170.2272629999999936
20
-57.0257329999999953
11
170.2272559999999828
21
-57.0257389999999944
0
LINE
8
BLACK
6
CONTINUOUS
10
170.2272559999999828
20
-57.0257389999999944
11
170.0557389999999884
21
-57.1972559999999959
0
LINE
8
BLACK
6
CONTINUOUS
10
170.0557389999999884
20
-57.1972559999999959
11
170.0557330000000036
21
-57.1972629999999995
0
LINE
8
BLACK
6
CONTINUOUS
10
170.0557330000000036
20
-57.1972629999999995
11
169.9080669999999884
21
-57.3897059999999968
0
LINE
8
BLACK
6
CONTINUOUS
10
169.9080669999999884
20
-57.3897059999999968
11
169.7867770000000007
21
-57.5997849999999971
0
LINE
8
BLACK
6
CONTINUOUS
10
169.7867770000000007
20
-57.5997849999999971
11
169.7867729999999824
21
-57.5997939999999957
0
LINE
8
BLACK
6
CONTINUOUS
10
169.7867729999999824
20
-57.5997939999999957
11
169.6939469999999801
21
-57.8238950000000003
0
LINE
8
BLACK
6
CONTINUOUS
10
169.6939469999999801
20
-57.8238950000000003
11
169.6311609999999916
21
-58.0582139999999995
0
LINE
8
BLACK
6
CONTINUOUS
10
169.6311609999999916
20
-58.0582139999999995
11
169.5995000000000061
21
-58.2987109999999973
0
LINE
8
BLACK
6
CONTINUOUS
10
169.5995000000000061
20
-58.2987109999999973
11
169.5995000000000061
21
-58.5412879999999944
0
LINE
8
BLACK
6
CONTINUOUS
10
169.5995000000000061
20
-58.5412879999999944
11
169.6311609999999916
21
-58.7817849999999993
0
LINE
8
BLACK
6
CONTINUOUS
10
169.6311609999999916
20
-58.7817849999999993
11
169.6939469999999801
21
-59.0161039999999986
0
LINE
8
BLACK
6
CONTINUOUS
10
169.6939469999999801
20
-59.0161039999999986
11
169.7470099999999888
21
-59.1442089999999965
0
LINE
8
BLACK
6
CONTINUOUS
10
169.7470099999999888
20
-59.1442089999999965
11
169.7867760000000033
21
-59.2402119999999996
0
LINE
8
BLACK
6
CONTINUOUS
10
169.7867760000000033
20
-59.2402119999999996
11
169.908063999999996
21
-59.4502889999999979
0
LINE
8
BLACK
6
CONTINUOUS
10
169.908063999999996
20
-59.4502889999999979
11
169.9080659999999909
21
-59.4502919999999975
0
LINE
8
BLACK
6
CONTINUOUS
10
169.9080659999999909
20
-59.4502919999999975
11
169.9080669999999884
21
-59.4502929999999949
0
LINE
8
BLACK
6
CONTINUOUS
10
169.9080669999999884
20
-59.4502929999999949
11
170.0557330000000036
21
-59.6427359999999993
0
LINE
8
BLACK
6
CONTINUOUS
10
170.0557330000000036
20
-59.6427359999999993
11
170.0557389999999884
21
-59.6427429999999958
0
LINE
8
BLACK
6
CONTINUOUS
10
170.0557389999999884
20
-59.6427429999999958
11
170.2272559999999828
21
-59.8142599999999973
0
LINE
8
BLACK
6
CONTINUOUS
10
170.2272559999999828
20
-59.8142599999999973
11
170.2272619999999961
21
-59.8142649999999989
0
LINE
8
BLACK
6
CONTINUOUS
10
170.2272619999999961
20
-59.8142649999999989
11
170.4197109999999782
21
-59.9619359999999944
0
LINE
8
BLACK
6
CONTINUOUS
10
170.4197109999999782
20
-59.9619359999999944
11
170.6297879999999907
21
-60.0832239999999942
0
LINE
8
BLACK
6
CONTINUOUS
10
170.6297879999999907
20
-60.0832239999999942
11
170.8538999999999817
21
-60.1760540000000006
0
LINE
8
BLACK
6
CONTINUOUS
10
170.8538999999999817
20
-60.1760540000000006
11
171.0882110000000011
21
-60.2388379999999941
0
LINE
8
BLACK
6
CONTINUOUS
10
171.0882110000000011
20
-60.2388379999999941
11
171.2685859999999991
21
-60.2625839999999968
0
LINE
8
BLACK
6
CONTINUOUS
10
171.2685859999999991
20
-60.2625839999999968
11
171.3287109999999984
21
-60.2704999999999984
0
LINE
8
BLACK
6
CONTINUOUS
10
171.3287109999999984
20
-60.2704999999999984
11
171.3287119999999959
21
-60.2704999999999984
0
LINE
8
BLACK
6
CONTINUOUS
10
171.3287119999999959
20
-60.2704999999999984
11
171.5712889999999788
21
-60.2704999999999984
0
LINE
8
BLACK
6
CONTINUOUS
10
171.5712889999999788
20
-60.2704999999999984
11
171.6193879999999865
21
-60.2641670000000005
0
LINE
8
BLACK
6
CONTINUOUS
10
171.6193879999999865
20
-60.2641670000000005
11
171.8117890000000045
21
-60.2388379999999941
0
LINE
8
BLACK
6
CONTINUOUS
10
171.8117890000000045
20
-60.2388379999999941
11
172.0460999999999956
21
-60.1760540000000006
0
LINE
8
BLACK
6
CONTINUOUS
10
172.0460999999999956
20
-60.1760540000000006
11
172.2702119999999866
21
-60.0832239999999942
0
LINE
8
BLACK
6
CONTINUOUS
10
172.2702119999999866
20
-60.0832239999999942
11
172.4802889999999991
21
-59.9619359999999944
0
LINE
8
BLACK
6
CONTINUOUS
10
172.4802889999999991
20
-59.9619359999999944
11
172.6727379999999812
21
-59.8142649999999989
0
LINE
8
BLACK
6
CONTINUOUS
10
172.6727379999999812
20
-59.8142649999999989
11
172.8442649999999787
21
-59.6427379999999943
0
LINE
8
BLACK
6
CONTINUOUS
10
172.8442649999999787
20
-59.6427379999999943
11
172.9919359999999813
21
-59.4502889999999979
0
LINE
8
BLACK
6
CONTINUOUS
10
172.9919359999999813
20
-59.4502889999999979
11
173.1132240000000024
21
-59.2402119999999996
0
LINE
8
BLACK
6
CONTINUOUS
10
173.1132240000000024
20
-59.2402119999999996
11
173.2060539999999946
21
-59.0160999999999945
0
LINE
8
BLACK
6
CONTINUOUS
10
173.2060539999999946
20
-59.0160999999999945
11
173.2688379999999881
21
-58.7817889999999963
0
LINE
8
BLACK
6
CONTINUOUS
10
173.2688379999999881
20
-58.7817889999999963
11
173.3004999999999995
21
-58.5412879999999944
0
LINE
8
BLACK
6
CONTINUOUS
10
173.3004999999999995
20
-58.5412879999999944
11
173.3004999999999995
21
-58.2987119999999948
0
LINE
8
BLACK
6
CONTINUOUS
10
173.3004999999999995
20
-58.2987119999999948
11
173.2688379999999881
21
-58.058211
0
LINE
8
BLACK
6
CONTINUOUS
10
173.2688379999999881
20
-58.058211
11
173.2060539999999946
21
-57.8238999999999947
0
LINE
8
BLACK
6
CONTINUOUS
10
173.2060539999999946
20
-57.8238999999999947
11
173.1132240000000024
21
-57.5997879999999967
0
LINE
8
BLACK
6
CONTINUOUS
10
173.1132240000000024
20
-57.5997879999999967
11
172.9919359999999813
21
-57.3897109999999984
0
LINE
8
BLACK
6
CONTINUOUS
10
172.9919359999999813
20
-57.3897109999999984
11
172.8442649999999787
21
-57.1972619999999949
0
LINE
8
BLACK
6
CONTINUOUS
10
172.8442649999999787
20
-57.1972619999999949
11
172.8442599999999914
21
-57.1972559999999959
0
LINE
8
BLACK
6
CONTINUOUS
10
172.8442599999999914
20
-57.1972559999999959
11
172.672742999999997
21
-57.0257389999999944
0
LINE
8
BLACK
6
CONTINUOUS
10
172.672742999999997
20
-57.0257389999999944
11
172.6727359999999862
21
-57.0257329999999953
0
LINE
8
BLACK
6
CONTINUOUS
10
172.6727359999999862
20
-57.0257329999999953
11
172.480292999999989
21
-56.8780669999999944
0
LINE
8
BLACK
6
CONTINUOUS
10
172.480292999999989
20
-56.8780669999999944
11
172.4802919999999915
21
-56.8780659999999969
0
LINE
8
BLACK
6
CONTINUOUS
10
172.4802919999999915
20
-56.8780659999999969
11
172.4802889999999991
21
-56.8780639999999948
0
LINE
8
BLACK
6
CONTINUOUS
10
172.4802889999999991
20
-56.8780639999999948
11
172.2702119999999866
21
-56.756775999999995
0
LINE
8
BLACK
6
CONTINUOUS
10
172.2702119999999866
20
-56.756775999999995
11
172.2702050000000042
21
-56.7567729999999955
0
LINE
8
BLACK
6
CONTINUOUS
10
172.2702050000000042
20
-56.7567729999999955
11
172.0461039999999855
21
-56.6639470000000003
0
LINE
8
BLACK
6
CONTINUOUS
10
172.0461039999999855
20
-56.6639470000000003
11
171.8117849999999862
21
-56.6011609999999976
0
LINE
8
BLACK
6
CONTINUOUS
10
171.8117849999999862
20
-56.6011609999999976
11
171.5712889999999788
21
-56.5694999999999979
0
LINE
8
BLACK
6
CONTINUOUS
10
171.5712889999999788
20
-56.5694999999999979
11
171.5712879999999814
21
-56.5694999999999979
0
LINE
8
BLACK
6
CONTINUOUS
10
171.5712879999999814
20
-56.5694999999999979
11
171.3287119999999959
21
-56.5694999999999979
0
LINE
8
BLACK
6
CONTINUOUS
10
171.3287119999999959
20
-56.5694999999999979
11
171.3287109999999984
21
-56.5694999999999979
0
LINE
8
BLACK
6
CONTINUOUS
10
171.3287109999999984
20
-56.5694999999999979
11
171.0882139999999936
21
-56.6011609999999976
0
LINE
8
BLACK
6
CONTINUOUS
10
125.6574999999999989
20
-58.5412879999999944
11
125.6891609999999986
21
-58.7817849999999993
0
LINE
8
BLACK
6
CONTINUOUS
10
125.6891609999999986
20
-58.7817849999999993
11
125.7519470000000013
21
-59.0161039999999986
0
LINE
8
BLACK
6
CONTINUOUS
10
125.7519470000000013
20
-59.0161039999999986
11
125.8050099999999958
21
-59.1442089999999965
0
LINE
8
BLACK
6
CONTINUOUS
10
125.8050099999999958
20
-59.1442089999999965
11
125.844775999999996
21
-59.2402119999999996
0
LINE
8
BLACK
6
CONTINUOUS
10
125.844775999999996
20
-59.2402119999999996
11
125.9660639999999887
21
-59.4502889999999979
0
LINE
8
BLACK
6
CONTINUOUS
10
125.9660639999999887
20
-59.4502889999999979
11
125.9660659999999979
21
-59.4502919999999975
0
LINE
8
BLACK
6
CONTINUOUS
10
125.9660659999999979
20
-59.4502919999999975
11
125.9660669999999953
21
-59.4502929999999949
0
LINE
8
BLACK
6
CONTINUOUS
10
125.9660669999999953
20
-59.4502929999999949
11
126.1137329999999963
21
-59.6427359999999993
0
LINE
8
BLACK
6
CONTINUOUS
10
126.1137329999999963
20
-59.6427359999999993
11
126.1137389999999954
21
-59.6427429999999958
0
LINE
8
BLACK
6
CONTINUOUS
10
126.1137389999999954
20
-59.6427429999999958
11
126.2852559999999897
21
-59.8142599999999973
0
LINE
8
BLACK
6
CONTINUOUS
10
126.2852559999999897
20
-59.8142599999999973
11
126.2852619999999888
21
-59.8142649999999989
0
LINE
8
BLACK
6
CONTINUOUS
10
126.2852619999999888
20
-59.8142649999999989
11
126.4777109999999993
21
-59.9619359999999944
0
LINE
8
BLACK
6
CONTINUOUS
10
126.4777109999999993
20
-59.9619359999999944
11
126.6877879999999976
21
-60.0832239999999942
0
LINE
8
BLACK
6
CONTINUOUS
10
126.6877879999999976
20
-60.0832239999999942
11
126.9118999999999886
21
-60.1760540000000006
0
LINE
8
BLACK
6
CONTINUOUS
10
126.9118999999999886
20
-60.1760540000000006
11
127.1462109999999939
21
-60.2388379999999941
0
LINE
8
BLACK
6
CONTINUOUS
10
127.1462109999999939
20
-60.2388379999999941
11
127.3265859999999918
21
-60.2625839999999968
0
LINE
8
BLACK
6
CONTINUOUS
10
127.3265859999999918
20
-60.2625839999999968
11
127.3867109999999911
21
-60.2704999999999984
0
LINE
8
BLACK
6
CONTINUOUS
10
127.3867109999999911
20
-60.2704999999999984
11
127.3867119999999886
21
-60.2704999999999984
0
LINE
8
BLACK
6
CONTINUOUS
10
127.3867119999999886
20
-60.2704999999999984
11
127.629289
21
-60.2704999999999984
0
LINE
8
BLACK
6
CONTINUOUS
10
127.629289
20
-60.2704999999999984
11
127.6773879999999934
21
-60.2641670000000005
0
LINE
8
BLACK
6
CONTINUOUS
10
127.6773879999999934
20
-60.2641670000000005
11
127.8697889999999973
21
-60.2388379999999941
0
LINE
8
BLACK
6
CONTINUOUS
10
127.8697889999999973
20
-60.2388379999999941
11
128.1040999999999883
21
-60.1760540000000006
0
LINE
8
BLACK
6
CONTINUOUS
10
128.1040999999999883
20
-60.1760540000000006
11
128.3282120000000077
21
-60.0832239999999942
0
LINE
8
BLACK
6
CONTINUOUS
10
128.3282120000000077
20
-60.0832239999999942
11
128.5382889999999918
21
-59.9619359999999944
0
LINE
8
BLACK
6
CONTINUOUS
10
128.5382889999999918
20
-59.9619359999999944
11
128.7307380000000023
21
-59.8142649999999989
0
LINE
8
BLACK
6
CONTINUOUS
10
128.7307380000000023
20
-59.8142649999999989
11
128.9022649999999999
21
-59.6427379999999943
0
LINE
8
BLACK
6
CONTINUOUS
10
128.9022649999999999
20
-59.6427379999999943
11
129.0499360000000024
21
-59.4502889999999979
0
LINE
8
BLACK
6
CONTINUOUS
10
129.0499360000000024
20
-59.4502889999999979
11
129.1712239999999952
21
-59.2402119999999996
0
LINE
8
BLACK
6
CONTINUOUS
10
129.1712239999999952
20
-59.2402119999999996
11
129.2640539999999874
21
-59.0160999999999945
0
LINE
8
BLACK
6
CONTINUOUS
10
129.2640539999999874
20
-59.0160999999999945
11
129.3268379999999809
21
-58.7817889999999963
0
LINE
8
BLACK
6
CONTINUOUS
10
129.3268379999999809
20
-58.7817889999999963
11
129.3584999999999923
21
-58.5412879999999944
0
LINE
8
BLACK
6
CONTINUOUS
10
129.3584999999999923
20
-58.5412879999999944
11
129.3584999999999923
21
-58.2987119999999948
0
LINE
8
BLACK
6
CONTINUOUS
10
129.3584999999999923
20
-58.2987119999999948
11
129.3584999999999923
21
-58.2987109999999973
0
LINE
8
BLACK
6
CONTINUOUS
10
129.3584999999999923
20
-58.2987109999999973
11
129.3268379999999809
21
-58.058211
0
LINE
8
BLACK
6
CONTINUOUS
10
129.3268379999999809
20
-58.058211
11
129.2640539999999874
21
-57.8238999999999947
0
LINE
8
BLACK
6
CONTINUOUS
10
129.2640539999999874
20
-57.8238999999999947
11
129.1712239999999952
21
-57.5997879999999967
0
LINE
8
BLACK
6
CONTINUOUS
10
129.1712239999999952
20
-57.5997879999999967
11
129.0499360000000024
21
-57.3897109999999984
0
LINE
8
BLACK
6
CONTINUOUS
10
129.0499360000000024
20
-57.3897109999999984
11
128.9022649999999999
21
-57.1972619999999949
0
LINE
8
BLACK
6
CONTINUOUS
10
128.9022649999999999
20
-57.1972619999999949
11
128.9022599999999841
21
-57.1972559999999959
0
LINE
8
BLACK
6
CONTINUOUS
10
128.9022599999999841
20
-57.1972559999999959
11
128.7307429999999897
21
-57.0257389999999944
0
LINE
8
BLACK
6
CONTINUOUS
10
128.7307429999999897
20
-57.0257389999999944
11
128.7307360000000074
21
-57.0257329999999953
0
LINE
8
BLACK
6
CONTINUOUS
10
128.7307360000000074
20
-57.0257329999999953
11
128.5382929999999817
21
-56.8780669999999944
0
LINE
8
BLACK
6
CONTINUOUS
10
128.5382929999999817
20
-56.8780669999999944
11
128.5382919999999842
21
-56.8780659999999969
0
LINE
8
BLACK
6
CONTINUOUS
10
128.5382919999999842
20
-56.8780659999999969
11
128.5382889999999918
21
-56.8780639999999948
0
LINE
8
BLACK
6
CONTINUOUS
10
128.5382889999999918
20
-56.8780639999999948
11
128.3282120000000077
21
-56.756775999999995
0
LINE
8
BLACK
6
CONTINUOUS
10
128.3282120000000077
20
-56.756775999999995
11
128.328204999999997
21
-56.7567729999999955
0
LINE
8
BLACK
6
CONTINUOUS
10
128.328204999999997
20
-56.7567729999999955
11
128.1041040000000066
21
-56.6639470000000003
0
LINE
8
BLACK
6
CONTINUOUS
10
128.1041040000000066
20
-56.6639470000000003
11
127.8697849999999931
21
-56.6011609999999976
0
LINE
8
BLACK
6
CONTINUOUS
10
127.8697849999999931
20
-56.6011609999999976
11
127.629289
21
-56.5694999999999979
0
LINE
8
BLACK
6
CONTINUOUS
10
127.629289
20
-56.5694999999999979
11
127.6292879999999883
21
-56.5694999999999979
0
LINE
8
BLACK
6
CONTINUOUS
10
127.6292879999999883
20
-56.5694999999999979
11
127.3867119999999886
21
-56.5694999999999979
0
LINE
8
BLACK
6
CONTINUOUS
10
127.3867119999999886
20
-56.5694999999999979
11
127.3867109999999911
21
-56.5694999999999979
0
LINE
8
BLACK
6
CONTINUOUS
10
127.3867109999999911
20
-56.5694999999999979
11
127.1462140000000005
21
-56.6011609999999976
0
LINE
8
BLACK
6
CONTINUOUS
10
127.1462140000000005
20
-56.6011609999999976
11
126.9118950000000012
21
-56.6639470000000003
0
LINE
8
BLACK
6
CONTINUOUS
10
126.9118950000000012
20
-56.6639470000000003
11
126.6877939999999967
21
-56.7567729999999955
0
LINE
8
BLACK
6
CONTINUOUS
10
126.6877939999999967
20
-56.7567729999999955
11
126.687784999999991
21
-56.7567769999999996
0
LINE
8
BLACK
6
CONTINUOUS
10
126.687784999999991
20
-56.7567769999999996
11
126.4777059999999977
21
-56.8780669999999944
0
LINE
8
BLACK
6
CONTINUOUS
10
126.4777059999999977
20
-56.8780669999999944
11
126.2852630000000005
21
-57.0257329999999953
0
LINE
8
BLACK
6
CONTINUOUS
10
126.2852630000000005
20
-57.0257329999999953
11
126.2852559999999897
21
-57.0257389999999944
0
LINE
8
BLACK
6
CONTINUOUS
10
126.2852559999999897
20
-57.0257389999999944
11
126.1137389999999954
21
-57.1972559999999959
0
LINE
8
BLACK
6
CONTINUOUS
10
126.1137389999999954
20
-57.1972559999999959
11
126.1137329999999963
21
-57.1972629999999995
0
LINE
8
BLACK
6
CONTINUOUS
10
126.1137329999999963
20
-57.1972629999999995
11
125.9660669999999953
21
-57.3897059999999968
0
LINE
8
BLACK
6
CONTINUOUS
10
125.9660669999999953
20
-57.3897059999999968
11
125.8447769999999934
21
-57.5997849999999971
0
LINE
8
BLACK
6
CONTINUOUS
10
125.8447769999999934
20
-57.5997849999999971
11
125.8447729999999893
21
-57.5997939999999957
0
LINE
8
BLACK
6
CONTINUOUS
10
125.8447729999999893
20
-57.5997939999999957
11
125.7519470000000013
21
-57.8238950000000003
0
LINE
8
BLACK
6
CONTINUOUS
10
125.7519470000000013
20
-57.8238950000000003
11
125.6891609999999986
21
-58.0582139999999995
0
LINE
8
BLACK
6
CONTINUOUS
10
125.6891609999999986
20
-58.0582139999999995
11
125.6574999999999989
21
-58.2987109999999973
0
LINE
8
BLACK
6
CONTINUOUS
10
125.6574999999999989
20
-58.2987109999999973
11
125.6574999999999989
21
-58.5412879999999944
0
CIRCLE
8
BLACK
10
149.6059999999999945
20
-83.0579999999999927
40
0.2
0
ARC
8
BLACK
10
149.4505000000000052
20
-71.0742999999999938
40
28.9310431447823326
50
22.72789038
51
74.91436478
0
CIRCLE
8
BLACK
10
155.9559999999999889
20
-93.7259999999999991
40
1.436841
0
LINE
8
BLACK
6
CONTINUOUS
10
145.2908909999999878
20
-81.1345919999999978
11
145.2879999999999825
21
-88.6460000000000008
0
ARC
8
BLACK
10
149.4505020000000002
20
-71.0742959999999897
40
28.8012552578572496
50
-180.41437728
51
0.41355963
0
LINE
8
BLACK
6
CONTINUOUS
10
171.6470039999999813
20
-69.3419999999999987
11
178.2510069999999871
21
-70.8664109999999994
0
ARC
8
BLACK
10
146.052899999999994
20
-81.1345999999999918
40
0.7620090000419942
50
90.00067671
51
179.99939848
0
LINE
8
BLACK
6
CONTINUOUS
10
129.0495630000000062
20
-62.1586649999999992
11
122.7639739999999904
21
-59.8717869999999976
0
ARC
8
BLACK
10
149.4505000000000052
20
-71.0742999999999938
40
22.2639997337989755
50
4.46253627
51
23.60632807
0
LINE
8
BLACK
6
CONTINUOUS
10
143.2560000000000002
20
-88.6460000000000008
11
143.2261790000000019
21
-77.500789999999995
0
ARC
8
BLACK
10
154.9399999999999977
20
-87.8840000000000003
40
1.27
50
-143.13010235
51
-36.86989765
0
LINE
8
BLACK
6
CONTINUOUS
10
145.0339999999999918
20
-50.5459999999999994
11
141.7319999999999993
21
-43.1799999999999997
0
LINE
8
BLACK
6
CONTINUOUS
10
153.1336909999999989
20
-80.3725919999999974
11
146.0528909999999883
21
-80.3725919999999974
0
ARC
8
BLACK
10
149.4505000000000052
20
-71.0742999999999938
40
8.9466164347836532
50
-403.35232634
51
-134.08445043
0
LINE
8
BLACK
6
CONTINUOUS
10
153.6781639999999811
20
-50.5062799999999967
11
156.980164000000002
21
-43.1402799999999971
0
CIRCLE
8
BLACK
10
143.2560000000000002
20
-93.7259999999999991
40
1.436841
0
ARC
8
BLACK
10
149.4505000000000052
20
-71.0742999999999938
40
28.942476871612854
50
105.46704782
51
157.22823136
0
ARC
8
BLACK
10
153.1620000000000061
20
-81.1340999999999894
40
0.762034010753457
50
0.00255650
51
92.12898572
0
LINE
8
BLACK
6
CONTINUOUS
10
153.9240000000000066
20
-81.13406599999999
11
153.9240000000000066
21
-88.6460000000000008
0
LINE
8
BLACK
6
CONTINUOUS
10
155.9559999999999889
20
-88.6460000000000008
11
155.9559999999999889
21
-77.215999999999994
0
ARC
8
BLACK
10
149.4505000000000052
20
-71.0742999999999938
40
20.9980135522386995
50
78.38488254
51
102.14165776
0
LINE
8
BLACK
6
CONTINUOUS
10
169.8514150000000029
20
-62.1586759999999998
11
176.1350510000000043
21
-59.8966449999999995
0
LINE
8
BLACK
6
CONTINUOUS
10
120.6499999999999915
20
-70.8659999999999997
11
127.2540029999999973
21
-69.341588999999999
0
ARC
8
BLACK
10
144.2719999999999914
20
-87.8840000000000003
40
1.27
50
-143.13010235
51
-36.86989765
0
ARC
8
BLACK
10
149.4505000000000052
20
-71.0742999999999938
40
22.2640230436355999
50
156.39366867
51
175.53640784
  0
ENDSEC
  0
EOF
